# ThermoX layout draft, millimetres, Z up
mtllib thermox_duo.mtl
g base_pad
usemtl m_base_pad
v 25.0000 -34.0000 0.0000
v 29.4379 -33.7091 0.0000
v 33.7998 -32.8415 0.0000
v 38.0112 -31.4119 0.0000
v 42.0000 -29.4449 0.0000
v 45.6979 -26.9740 0.0000
v 49.0416 -24.0416 0.0000
v 51.9740 -20.6979 0.0000
v 54.4449 -17.0000 0.0000
v 56.4119 -13.0112 0.0000
v 57.8415 -8.7998 0.0000
v 58.7091 -4.4379 0.0000
v 59.0000 0.0000 0.0000
v 58.7091 4.4379 0.0000
v 57.8415 8.7998 0.0000
v 56.4119 13.0112 0.0000
v 54.4449 17.0000 0.0000
v 51.9740 20.6979 0.0000
v 49.0416 24.0416 0.0000
v 45.6979 26.9740 0.0000
v 42.0000 29.4449 0.0000
v 38.0112 31.4119 0.0000
v 33.7998 32.8415 0.0000
v 29.4379 33.7091 0.0000
v 25.0000 34.0000 0.0000
v -25.0000 34.0000 0.0000
v -29.4379 33.7091 0.0000
v -33.7998 32.8415 0.0000
v -38.0112 31.4119 0.0000
v -42.0000 29.4449 0.0000
v -45.6979 26.9740 0.0000
v -49.0416 24.0416 0.0000
v -51.9740 20.6979 0.0000
v -54.4449 17.0000 0.0000
v -56.4119 13.0112 0.0000
v -57.8415 8.7998 0.0000
v -58.7091 4.4379 0.0000
v -59.0000 0.0000 0.0000
v -58.7091 -4.4379 0.0000
v -57.8415 -8.7998 0.0000
v -56.4119 -13.0112 0.0000
v -54.4449 -17.0000 0.0000
v -51.9740 -20.6979 0.0000
v -49.0416 -24.0416 0.0000
v -45.6979 -26.9740 0.0000
v -42.0000 -29.4449 0.0000
v -38.0112 -31.4119 0.0000
v -33.7998 -32.8415 0.0000
v -29.4379 -33.7091 0.0000
v -25.0000 -34.0000 0.0000
v 25.0000 -34.0000 3.0000
v 29.4379 -33.7091 3.0000
v 33.7998 -32.8415 3.0000
v 38.0112 -31.4119 3.0000
v 42.0000 -29.4449 3.0000
v 45.6979 -26.9740 3.0000
v 49.0416 -24.0416 3.0000
v 51.9740 -20.6979 3.0000
v 54.4449 -17.0000 3.0000
v 56.4119 -13.0112 3.0000
v 57.8415 -8.7998 3.0000
v 58.7091 -4.4379 3.0000
v 59.0000 0.0000 3.0000
v 58.7091 4.4379 3.0000
v 57.8415 8.7998 3.0000
v 56.4119 13.0112 3.0000
v 54.4449 17.0000 3.0000
v 51.9740 20.6979 3.0000
v 49.0416 24.0416 3.0000
v 45.6979 26.9740 3.0000
v 42.0000 29.4449 3.0000
v 38.0112 31.4119 3.0000
v 33.7998 32.8415 3.0000
v 29.4379 33.7091 3.0000
v 25.0000 34.0000 3.0000
v -25.0000 34.0000 3.0000
v -29.4379 33.7091 3.0000
v -33.7998 32.8415 3.0000
v -38.0112 31.4119 3.0000
v -42.0000 29.4449 3.0000
v -45.6979 26.9740 3.0000
v -49.0416 24.0416 3.0000
v -51.9740 20.6979 3.0000
v -54.4449 17.0000 3.0000
v -56.4119 13.0112 3.0000
v -57.8415 8.7998 3.0000
v -58.7091 4.4379 3.0000
v -59.0000 0.0000 3.0000
v -58.7091 -4.4379 3.0000
v -57.8415 -8.7998 3.0000
v -56.4119 -13.0112 3.0000
v -54.4449 -17.0000 3.0000
v -51.9740 -20.6979 3.0000
v -49.0416 -24.0416 3.0000
v -45.6979 -26.9740 3.0000
v -42.0000 -29.4449 3.0000
v -38.0112 -31.4119 3.0000
v -33.7998 -32.8415 3.0000
v -29.4379 -33.7091 3.0000
v -25.0000 -34.0000 3.0000
v 0.0000 0.0000 0.0000
v 0.0000 0.0000 3.0000
f 1 2 52
f 1 52 51
f 2 3 53
f 2 53 52
f 3 4 54
f 3 54 53
f 4 5 55
f 4 55 54
f 5 6 56
f 5 56 55
f 6 7 57
f 6 57 56
f 7 8 58
f 7 58 57
f 8 9 59
f 8 59 58
f 9 10 60
f 9 60 59
f 10 11 61
f 10 61 60
f 11 12 62
f 11 62 61
f 12 13 63
f 12 63 62
f 13 14 64
f 13 64 63
f 14 15 65
f 14 65 64
f 15 16 66
f 15 66 65
f 16 17 67
f 16 67 66
f 17 18 68
f 17 68 67
f 18 19 69
f 18 69 68
f 19 20 70
f 19 70 69
f 20 21 71
f 20 71 70
f 21 22 72
f 21 72 71
f 22 23 73
f 22 73 72
f 23 24 74
f 23 74 73
f 24 25 75
f 24 75 74
f 25 26 76
f 25 76 75
f 26 27 77
f 26 77 76
f 27 28 78
f 27 78 77
f 28 29 79
f 28 79 78
f 29 30 80
f 29 80 79
f 30 31 81
f 30 81 80
f 31 32 82
f 31 82 81
f 32 33 83
f 32 83 82
f 33 34 84
f 33 84 83
f 34 35 85
f 34 85 84
f 35 36 86
f 35 86 85
f 36 37 87
f 36 87 86
f 37 38 88
f 37 88 87
f 38 39 89
f 38 89 88
f 39 40 90
f 39 90 89
f 40 41 91
f 40 91 90
f 41 42 92
f 41 92 91
f 42 43 93
f 42 93 92
f 43 44 94
f 43 94 93
f 44 45 95
f 44 95 94
f 45 46 96
f 45 96 95
f 46 47 97
f 46 97 96
f 47 48 98
f 47 98 97
f 48 49 99
f 48 99 98
f 49 50 100
f 49 100 99
f 50 1 51
f 50 51 100
f 101 2 1
f 102 51 52
f 101 3 2
f 102 52 53
f 101 4 3
f 102 53 54
f 101 5 4
f 102 54 55
f 101 6 5
f 102 55 56
f 101 7 6
f 102 56 57
f 101 8 7
f 102 57 58
f 101 9 8
f 102 58 59
f 101 10 9
f 102 59 60
f 101 11 10
f 102 60 61
f 101 12 11
f 102 61 62
f 101 13 12
f 102 62 63
f 101 14 13
f 102 63 64
f 101 15 14
f 102 64 65
f 101 16 15
f 102 65 66
f 101 17 16
f 102 66 67
f 101 18 17
f 102 67 68
f 101 19 18
f 102 68 69
f 101 20 19
f 102 69 70
f 101 21 20
f 102 70 71
f 101 22 21
f 102 71 72
f 101 23 22
f 102 72 73
f 101 24 23
f 102 73 74
f 101 25 24
f 102 74 75
f 101 26 25
f 102 75 76
f 101 27 26
f 102 76 77
f 101 28 27
f 102 77 78
f 101 29 28
f 102 78 79
f 101 30 29
f 102 79 80
f 101 31 30
f 102 80 81
f 101 32 31
f 102 81 82
f 101 33 32
f 102 82 83
f 101 34 33
f 102 83 84
f 101 35 34
f 102 84 85
f 101 36 35
f 102 85 86
f 101 37 36
f 102 86 87
f 101 38 37
f 102 87 88
f 101 39 38
f 102 88 89
f 101 40 39
f 102 89 90
f 101 41 40
f 102 90 91
f 101 42 41
f 102 91 92
f 101 43 42
f 102 92 93
f 101 44 43
f 102 93 94
f 101 45 44
f 102 94 95
f 101 46 45
f 102 95 96
f 101 47 46
f 102 96 97
f 101 48 47
f 102 97 98
f 101 49 48
f 102 98 99
f 101 50 49
f 102 99 100
f 101 1 50
f 102 100 51
g body_lower
usemtl m_body_lower
v 25.0000 -34.5000 3.0000
v 29.5032 -34.2048 3.0000
v 33.9293 -33.3244 3.0000
v 38.2026 -31.8738 3.0000
v 42.2500 -29.8779 3.0000
v 46.0023 -27.3707 3.0000
v 49.3952 -24.3952 3.0000
v 52.3707 -21.0023 3.0000
v 54.8779 -17.2500 3.0000
v 56.8738 -13.2026 3.0000
v 58.3244 -8.9293 3.0000
v 59.2048 -4.5032 3.0000
v 59.5000 0.0000 3.0000
v 59.2048 4.5032 3.0000
v 58.3244 8.9293 3.0000
v 56.8738 13.2026 3.0000
v 54.8779 17.2500 3.0000
v 52.3707 21.0023 3.0000
v 49.3952 24.3952 3.0000
v 46.0023 27.3707 3.0000
v 42.2500 29.8779 3.0000
v 38.2026 31.8738 3.0000
v 33.9293 33.3244 3.0000
v 29.5032 34.2048 3.0000
v 25.0000 34.5000 3.0000
v -25.0000 34.5000 3.0000
v -29.5032 34.2048 3.0000
v -33.9293 33.3244 3.0000
v -38.2026 31.8738 3.0000
v -42.2500 29.8779 3.0000
v -46.0023 27.3707 3.0000
v -49.3952 24.3952 3.0000
v -52.3707 21.0023 3.0000
v -54.8779 17.2500 3.0000
v -56.8738 13.2026 3.0000
v -58.3244 8.9293 3.0000
v -59.2048 4.5032 3.0000
v -59.5000 0.0000 3.0000
v -59.2048 -4.5032 3.0000
v -58.3244 -8.9293 3.0000
v -56.8738 -13.2026 3.0000
v -54.8779 -17.2500 3.0000
v -52.3707 -21.0023 3.0000
v -49.3952 -24.3952 3.0000
v -46.0023 -27.3707 3.0000
v -42.2500 -29.8779 3.0000
v -38.2026 -31.8738 3.0000
v -33.9293 -33.3244 3.0000
v -29.5032 -34.2048 3.0000
v -25.0000 -34.5000 3.0000
v 25.0000 -34.5000 98.0000
v 29.5032 -34.2048 98.0000
v 33.9293 -33.3244 98.0000
v 38.2026 -31.8738 98.0000
v 42.2500 -29.8779 98.0000
v 46.0023 -27.3707 98.0000
v 49.3952 -24.3952 98.0000
v 52.3707 -21.0023 98.0000
v 54.8779 -17.2500 98.0000
v 56.8738 -13.2026 98.0000
v 58.3244 -8.9293 98.0000
v 59.2048 -4.5032 98.0000
v 59.5000 0.0000 98.0000
v 59.2048 4.5032 98.0000
v 58.3244 8.9293 98.0000
v 56.8738 13.2026 98.0000
v 54.8779 17.2500 98.0000
v 52.3707 21.0023 98.0000
v 49.3952 24.3952 98.0000
v 46.0023 27.3707 98.0000
v 42.2500 29.8779 98.0000
v 38.2026 31.8738 98.0000
v 33.9293 33.3244 98.0000
v 29.5032 34.2048 98.0000
v 25.0000 34.5000 98.0000
v -25.0000 34.5000 98.0000
v -29.5032 34.2048 98.0000
v -33.9293 33.3244 98.0000
v -38.2026 31.8738 98.0000
v -42.2500 29.8779 98.0000
v -46.0023 27.3707 98.0000
v -49.3952 24.3952 98.0000
v -52.3707 21.0023 98.0000
v -54.8779 17.2500 98.0000
v -56.8738 13.2026 98.0000
v -58.3244 8.9293 98.0000
v -59.2048 4.5032 98.0000
v -59.5000 0.0000 98.0000
v -59.2048 -4.5032 98.0000
v -58.3244 -8.9293 98.0000
v -56.8738 -13.2026 98.0000
v -54.8779 -17.2500 98.0000
v -52.3707 -21.0023 98.0000
v -49.3952 -24.3952 98.0000
v -46.0023 -27.3707 98.0000
v -42.2500 -29.8779 98.0000
v -38.2026 -31.8738 98.0000
v -33.9293 -33.3244 98.0000
v -29.5032 -34.2048 98.0000
v -25.0000 -34.5000 98.0000
v 25.0000 -33.0000 3.0000
v 29.3074 -32.7177 3.0000
v 33.5410 -31.8756 3.0000
v 37.6286 -30.4880 3.0000
v 41.5000 -28.5788 3.0000
v 45.0891 -26.1807 3.0000
v 48.3345 -23.3345 3.0000
v 51.1807 -20.0891 3.0000
v 53.5788 -16.5000 3.0000
v 55.4880 -12.6286 3.0000
v 56.8756 -8.5410 3.0000
v 57.7177 -4.3074 3.0000
v 58.0000 0.0000 3.0000
v 57.7177 4.3074 3.0000
v 56.8756 8.5410 3.0000
v 55.4880 12.6286 3.0000
v 53.5788 16.5000 3.0000
v 51.1807 20.0891 3.0000
v 48.3345 23.3345 3.0000
v 45.0891 26.1807 3.0000
v 41.5000 28.5788 3.0000
v 37.6286 30.4880 3.0000
v 33.5410 31.8756 3.0000
v 29.3074 32.7177 3.0000
v 25.0000 33.0000 3.0000
v -25.0000 33.0000 3.0000
v -29.3074 32.7177 3.0000
v -33.5410 31.8756 3.0000
v -37.6286 30.4880 3.0000
v -41.5000 28.5788 3.0000
v -45.0891 26.1807 3.0000
v -48.3345 23.3345 3.0000
v -51.1807 20.0891 3.0000
v -53.5788 16.5000 3.0000
v -55.4880 12.6286 3.0000
v -56.8756 8.5410 3.0000
v -57.7177 4.3074 3.0000
v -58.0000 0.0000 3.0000
v -57.7177 -4.3074 3.0000
v -56.8756 -8.5410 3.0000
v -55.4880 -12.6286 3.0000
v -53.5788 -16.5000 3.0000
v -51.1807 -20.0891 3.0000
v -48.3345 -23.3345 3.0000
v -45.0891 -26.1807 3.0000
v -41.5000 -28.5788 3.0000
v -37.6286 -30.4880 3.0000
v -33.5410 -31.8756 3.0000
v -29.3074 -32.7177 3.0000
v -25.0000 -33.0000 3.0000
v 25.0000 -33.0000 98.0000
v 29.3074 -32.7177 98.0000
v 33.5410 -31.8756 98.0000
v 37.6286 -30.4880 98.0000
v 41.5000 -28.5788 98.0000
v 45.0891 -26.1807 98.0000
v 48.3345 -23.3345 98.0000
v 51.1807 -20.0891 98.0000
v 53.5788 -16.5000 98.0000
v 55.4880 -12.6286 98.0000
v 56.8756 -8.5410 98.0000
v 57.7177 -4.3074 98.0000
v 58.0000 0.0000 98.0000
v 57.7177 4.3074 98.0000
v 56.8756 8.5410 98.0000
v 55.4880 12.6286 98.0000
v 53.5788 16.5000 98.0000
v 51.1807 20.0891 98.0000
v 48.3345 23.3345 98.0000
v 45.0891 26.1807 98.0000
v 41.5000 28.5788 98.0000
v 37.6286 30.4880 98.0000
v 33.5410 31.8756 98.0000
v 29.3074 32.7177 98.0000
v 25.0000 33.0000 98.0000
v -25.0000 33.0000 98.0000
v -29.3074 32.7177 98.0000
v -33.5410 31.8756 98.0000
v -37.6286 30.4880 98.0000
v -41.5000 28.5788 98.0000
v -45.0891 26.1807 98.0000
v -48.3345 23.3345 98.0000
v -51.1807 20.0891 98.0000
v -53.5788 16.5000 98.0000
v -55.4880 12.6286 98.0000
v -56.8756 8.5410 98.0000
v -57.7177 4.3074 98.0000
v -58.0000 0.0000 98.0000
v -57.7177 -4.3074 98.0000
v -56.8756 -8.5410 98.0000
v -55.4880 -12.6286 98.0000
v -53.5788 -16.5000 98.0000
v -51.1807 -20.0891 98.0000
v -48.3345 -23.3345 98.0000
v -45.0891 -26.1807 98.0000
v -41.5000 -28.5788 98.0000
v -37.6286 -30.4880 98.0000
v -33.5410 -31.8756 98.0000
v -29.3074 -32.7177 98.0000
v -25.0000 -33.0000 98.0000
f 103 104 154
f 103 154 153
f 104 105 155
f 104 155 154
f 105 106 156
f 105 156 155
f 106 107 157
f 106 157 156
f 107 108 158
f 107 158 157
f 108 109 159
f 108 159 158
f 109 110 160
f 109 160 159
f 110 111 161
f 110 161 160
f 111 112 162
f 111 162 161
f 112 113 163
f 112 163 162
f 113 114 164
f 113 164 163
f 114 115 165
f 114 165 164
f 115 116 166
f 115 166 165
f 116 117 167
f 116 167 166
f 117 118 168
f 117 168 167
f 118 119 169
f 118 169 168
f 119 120 170
f 119 170 169
f 120 121 171
f 120 171 170
f 121 122 172
f 121 172 171
f 122 123 173
f 122 173 172
f 123 124 174
f 123 174 173
f 124 125 175
f 124 175 174
f 125 126 176
f 125 176 175
f 126 127 177
f 126 177 176
f 127 128 178
f 127 178 177
f 128 129 179
f 128 179 178
f 129 130 180
f 129 180 179
f 130 131 181
f 130 181 180
f 131 132 182
f 131 182 181
f 132 133 183
f 132 183 182
f 133 134 184
f 133 184 183
f 134 135 185
f 134 185 184
f 135 136 186
f 135 186 185
f 136 137 187
f 136 187 186
f 137 138 188
f 137 188 187
f 138 139 189
f 138 189 188
f 139 140 190
f 139 190 189
f 140 141 191
f 140 191 190
f 141 142 192
f 141 192 191
f 142 143 193
f 142 193 192
f 143 144 194
f 143 194 193
f 144 145 195
f 144 195 194
f 145 146 196
f 145 196 195
f 146 147 197
f 146 197 196
f 147 148 198
f 147 198 197
f 148 149 199
f 148 199 198
f 149 150 200
f 149 200 199
f 150 151 201
f 150 201 200
f 151 152 202
f 151 202 201
f 152 103 153
f 152 153 202
f 203 254 204
f 203 253 254
f 103 203 204
f 103 204 104
f 153 154 254
f 153 254 253
f 204 255 205
f 204 254 255
f 104 204 205
f 104 205 105
f 154 155 255
f 154 255 254
f 205 256 206
f 205 255 256
f 105 205 206
f 105 206 106
f 155 156 256
f 155 256 255
f 206 257 207
f 206 256 257
f 106 206 207
f 106 207 107
f 156 157 257
f 156 257 256
f 207 258 208
f 207 257 258
f 107 207 208
f 107 208 108
f 157 158 258
f 157 258 257
f 208 259 209
f 208 258 259
f 108 208 209
f 108 209 109
f 158 159 259
f 158 259 258
f 209 260 210
f 209 259 260
f 109 209 210
f 109 210 110
f 159 160 260
f 159 260 259
f 210 261 211
f 210 260 261
f 110 210 211
f 110 211 111
f 160 161 261
f 160 261 260
f 211 262 212
f 211 261 262
f 111 211 212
f 111 212 112
f 161 162 262
f 161 262 261
f 212 263 213
f 212 262 263
f 112 212 213
f 112 213 113
f 162 163 263
f 162 263 262
f 213 264 214
f 213 263 264
f 113 213 214
f 113 214 114
f 163 164 264
f 163 264 263
f 214 265 215
f 214 264 265
f 114 214 215
f 114 215 115
f 164 165 265
f 164 265 264
f 215 266 216
f 215 265 266
f 115 215 216
f 115 216 116
f 165 166 266
f 165 266 265
f 216 267 217
f 216 266 267
f 116 216 217
f 116 217 117
f 166 167 267
f 166 267 266
f 217 268 218
f 217 267 268
f 117 217 218
f 117 218 118
f 167 168 268
f 167 268 267
f 218 269 219
f 218 268 269
f 118 218 219
f 118 219 119
f 168 169 269
f 168 269 268
f 219 270 220
f 219 269 270
f 119 219 220
f 119 220 120
f 169 170 270
f 169 270 269
f 220 271 221
f 220 270 271
f 120 220 221
f 120 221 121
f 170 171 271
f 170 271 270
f 221 272 222
f 221 271 272
f 121 221 222
f 121 222 122
f 171 172 272
f 171 272 271
f 222 273 223
f 222 272 273
f 122 222 223
f 122 223 123
f 172 173 273
f 172 273 272
f 223 274 224
f 223 273 274
f 123 223 224
f 123 224 124
f 173 174 274
f 173 274 273
f 224 275 225
f 224 274 275
f 124 224 225
f 124 225 125
f 174 175 275
f 174 275 274
f 225 276 226
f 225 275 276
f 125 225 226
f 125 226 126
f 175 176 276
f 175 276 275
f 226 277 227
f 226 276 277
f 126 226 227
f 126 227 127
f 176 177 277
f 176 277 276
f 227 278 228
f 227 277 278
f 127 227 228
f 127 228 128
f 177 178 278
f 177 278 277
f 228 279 229
f 228 278 279
f 128 228 229
f 128 229 129
f 178 179 279
f 178 279 278
f 229 280 230
f 229 279 280
f 129 229 230
f 129 230 130
f 179 180 280
f 179 280 279
f 230 281 231
f 230 280 281
f 130 230 231
f 130 231 131
f 180 181 281
f 180 281 280
f 231 282 232
f 231 281 282
f 131 231 232
f 131 232 132
f 181 182 282
f 181 282 281
f 232 283 233
f 232 282 283
f 132 232 233
f 132 233 133
f 182 183 283
f 182 283 282
f 233 284 234
f 233 283 284
f 133 233 234
f 133 234 134
f 183 184 284
f 183 284 283
f 234 285 235
f 234 284 285
f 134 234 235
f 134 235 135
f 184 185 285
f 184 285 284
f 235 286 236
f 235 285 286
f 135 235 236
f 135 236 136
f 185 186 286
f 185 286 285
f 236 287 237
f 236 286 287
f 136 236 237
f 136 237 137
f 186 187 287
f 186 287 286
f 237 288 238
f 237 287 288
f 137 237 238
f 137 238 138
f 187 188 288
f 187 288 287
f 238 289 239
f 238 288 289
f 138 238 239
f 138 239 139
f 188 189 289
f 188 289 288
f 239 290 240
f 239 289 290
f 139 239 240
f 139 240 140
f 189 190 290
f 189 290 289
f 240 291 241
f 240 290 291
f 140 240 241
f 140 241 141
f 190 191 291
f 190 291 290
f 241 292 242
f 241 291 292
f 141 241 242
f 141 242 142
f 191 192 292
f 191 292 291
f 242 293 243
f 242 292 293
f 142 242 243
f 142 243 143
f 192 193 293
f 192 293 292
f 243 294 244
f 243 293 294
f 143 243 244
f 143 244 144
f 193 194 294
f 193 294 293
f 244 295 245
f 244 294 295
f 144 244 245
f 144 245 145
f 194 195 295
f 194 295 294
f 245 296 246
f 245 295 296
f 145 245 246
f 145 246 146
f 195 196 296
f 195 296 295
f 246 297 247
f 246 296 297
f 146 246 247
f 146 247 147
f 196 197 297
f 196 297 296
f 247 298 248
f 247 297 298
f 147 247 248
f 147 248 148
f 197 198 298
f 197 298 297
f 248 299 249
f 248 298 299
f 148 248 249
f 148 249 149
f 198 199 299
f 198 299 298
f 249 300 250
f 249 299 300
f 149 249 250
f 149 250 150
f 199 200 300
f 199 300 299
f 250 301 251
f 250 300 301
f 150 250 251
f 150 251 151
f 200 201 301
f 200 301 300
f 251 302 252
f 251 301 302
f 151 251 252
f 151 252 152
f 201 202 302
f 201 302 301
f 252 253 203
f 252 302 253
f 152 252 203
f 152 203 103
f 202 153 253
f 202 253 302
g body_mid
usemtl m_body_mid
v 25.0000 -34.5000 98.0000
v 29.5032 -34.2048 98.0000
v 33.9293 -33.3244 98.0000
v 38.2026 -31.8738 98.0000
v 42.2500 -29.8779 98.0000
v 46.0023 -27.3707 98.0000
v 49.3952 -24.3952 98.0000
v 52.3707 -21.0023 98.0000
v 54.8779 -17.2500 98.0000
v 56.8738 -13.2026 98.0000
v 58.3244 -8.9293 98.0000
v 59.2048 -4.5032 98.0000
v 59.5000 0.0000 98.0000
v 59.2048 4.5032 98.0000
v 58.3244 8.9293 98.0000
v 56.8738 13.2026 98.0000
v 54.8779 17.2500 98.0000
v 52.3707 21.0023 98.0000
v 49.3952 24.3952 98.0000
v 46.0023 27.3707 98.0000
v 42.2500 29.8779 98.0000
v 38.2026 31.8738 98.0000
v 33.9293 33.3244 98.0000
v 29.5032 34.2048 98.0000
v 25.0000 34.5000 98.0000
v -25.0000 34.5000 98.0000
v -29.5032 34.2048 98.0000
v -33.9293 33.3244 98.0000
v -38.2026 31.8738 98.0000
v -42.2500 29.8779 98.0000
v -46.0023 27.3707 98.0000
v -49.3952 24.3952 98.0000
v -52.3707 21.0023 98.0000
v -54.8779 17.2500 98.0000
v -56.8738 13.2026 98.0000
v -58.3244 8.9293 98.0000
v -59.2048 4.5032 98.0000
v -59.5000 0.0000 98.0000
v -59.2048 -4.5032 98.0000
v -58.3244 -8.9293 98.0000
v -56.8738 -13.2026 98.0000
v -54.8779 -17.2500 98.0000
v -52.3707 -21.0023 98.0000
v -49.3952 -24.3952 98.0000
v -46.0023 -27.3707 98.0000
v -42.2500 -29.8779 98.0000
v -38.2026 -31.8738 98.0000
v -33.9293 -33.3244 98.0000
v -29.5032 -34.2048 98.0000
v -25.0000 -34.5000 98.0000
v 25.0000 -34.5000 176.0000
v 29.5032 -34.2048 176.0000
v 33.9293 -33.3244 176.0000
v 38.2026 -31.8738 176.0000
v 42.2500 -29.8779 176.0000
v 46.0023 -27.3707 176.0000
v 49.3952 -24.3952 176.0000
v 52.3707 -21.0023 176.0000
v 54.8779 -17.2500 176.0000
v 56.8738 -13.2026 176.0000
v 58.3244 -8.9293 176.0000
v 59.2048 -4.5032 176.0000
v 59.5000 0.0000 176.0000
v 59.2048 4.5032 176.0000
v 58.3244 8.9293 176.0000
v 56.8738 13.2026 176.0000
v 54.8779 17.2500 176.0000
v 52.3707 21.0023 176.0000
v 49.3952 24.3952 176.0000
v 46.0023 27.3707 176.0000
v 42.2500 29.8779 176.0000
v 38.2026 31.8738 176.0000
v 33.9293 33.3244 176.0000
v 29.5032 34.2048 176.0000
v 25.0000 34.5000 176.0000
v -25.0000 34.5000 176.0000
v -29.5032 34.2048 176.0000
v -33.9293 33.3244 176.0000
v -38.2026 31.8738 176.0000
v -42.2500 29.8779 176.0000
v -46.0023 27.3707 176.0000
v -49.3952 24.3952 176.0000
v -52.3707 21.0023 176.0000
v -54.8779 17.2500 176.0000
v -56.8738 13.2026 176.0000
v -58.3244 8.9293 176.0000
v -59.2048 4.5032 176.0000
v -59.5000 0.0000 176.0000
v -59.2048 -4.5032 176.0000
v -58.3244 -8.9293 176.0000
v -56.8738 -13.2026 176.0000
v -54.8779 -17.2500 176.0000
v -52.3707 -21.0023 176.0000
v -49.3952 -24.3952 176.0000
v -46.0023 -27.3707 176.0000
v -42.2500 -29.8779 176.0000
v -38.2026 -31.8738 176.0000
v -33.9293 -33.3244 176.0000
v -29.5032 -34.2048 176.0000
v -25.0000 -34.5000 176.0000
v 25.0000 -33.0000 98.0000
v 29.3074 -32.7177 98.0000
v 33.5410 -31.8756 98.0000
v 37.6286 -30.4880 98.0000
v 41.5000 -28.5788 98.0000
v 45.0891 -26.1807 98.0000
v 48.3345 -23.3345 98.0000
v 51.1807 -20.0891 98.0000
v 53.5788 -16.5000 98.0000
v 55.4880 -12.6286 98.0000
v 56.8756 -8.5410 98.0000
v 57.7177 -4.3074 98.0000
v 58.0000 0.0000 98.0000
v 57.7177 4.3074 98.0000
v 56.8756 8.5410 98.0000
v 55.4880 12.6286 98.0000
v 53.5788 16.5000 98.0000
v 51.1807 20.0891 98.0000
v 48.3345 23.3345 98.0000
v 45.0891 26.1807 98.0000
v 41.5000 28.5788 98.0000
v 37.6286 30.4880 98.0000
v 33.5410 31.8756 98.0000
v 29.3074 32.7177 98.0000
v 25.0000 33.0000 98.0000
v -25.0000 33.0000 98.0000
v -29.3074 32.7177 98.0000
v -33.5410 31.8756 98.0000
v -37.6286 30.4880 98.0000
v -41.5000 28.5788 98.0000
v -45.0891 26.1807 98.0000
v -48.3345 23.3345 98.0000
v -51.1807 20.0891 98.0000
v -53.5788 16.5000 98.0000
v -55.4880 12.6286 98.0000
v -56.8756 8.5410 98.0000
v -57.7177 4.3074 98.0000
v -58.0000 0.0000 98.0000
v -57.7177 -4.3074 98.0000
v -56.8756 -8.5410 98.0000
v -55.4880 -12.6286 98.0000
v -53.5788 -16.5000 98.0000
v -51.1807 -20.0891 98.0000
v -48.3345 -23.3345 98.0000
v -45.0891 -26.1807 98.0000
v -41.5000 -28.5788 98.0000
v -37.6286 -30.4880 98.0000
v -33.5410 -31.8756 98.0000
v -29.3074 -32.7177 98.0000
v -25.0000 -33.0000 98.0000
v 25.0000 -33.0000 176.0000
v 29.3074 -32.7177 176.0000
v 33.5410 -31.8756 176.0000
v 37.6286 -30.4880 176.0000
v 41.5000 -28.5788 176.0000
v 45.0891 -26.1807 176.0000
v 48.3345 -23.3345 176.0000
v 51.1807 -20.0891 176.0000
v 53.5788 -16.5000 176.0000
v 55.4880 -12.6286 176.0000
v 56.8756 -8.5410 176.0000
v 57.7177 -4.3074 176.0000
v 58.0000 0.0000 176.0000
v 57.7177 4.3074 176.0000
v 56.8756 8.5410 176.0000
v 55.4880 12.6286 176.0000
v 53.5788 16.5000 176.0000
v 51.1807 20.0891 176.0000
v 48.3345 23.3345 176.0000
v 45.0891 26.1807 176.0000
v 41.5000 28.5788 176.0000
v 37.6286 30.4880 176.0000
v 33.5410 31.8756 176.0000
v 29.3074 32.7177 176.0000
v 25.0000 33.0000 176.0000
v -25.0000 33.0000 176.0000
v -29.3074 32.7177 176.0000
v -33.5410 31.8756 176.0000
v -37.6286 30.4880 176.0000
v -41.5000 28.5788 176.0000
v -45.0891 26.1807 176.0000
v -48.3345 23.3345 176.0000
v -51.1807 20.0891 176.0000
v -53.5788 16.5000 176.0000
v -55.4880 12.6286 176.0000
v -56.8756 8.5410 176.0000
v -57.7177 4.3074 176.0000
v -58.0000 0.0000 176.0000
v -57.7177 -4.3074 176.0000
v -56.8756 -8.5410 176.0000
v -55.4880 -12.6286 176.0000
v -53.5788 -16.5000 176.0000
v -51.1807 -20.0891 176.0000
v -48.3345 -23.3345 176.0000
v -45.0891 -26.1807 176.0000
v -41.5000 -28.5788 176.0000
v -37.6286 -30.4880 176.0000
v -33.5410 -31.8756 176.0000
v -29.3074 -32.7177 176.0000
v -25.0000 -33.0000 176.0000
f 303 304 354
f 303 354 353
f 304 305 355
f 304 355 354
f 305 306 356
f 305 356 355
f 306 307 357
f 306 357 356
f 307 308 358
f 307 358 357
f 308 309 359
f 308 359 358
f 309 310 360
f 309 360 359
f 310 311 361
f 310 361 360
f 311 312 362
f 311 362 361
f 312 313 363
f 312 363 362
f 313 314 364
f 313 364 363
f 314 315 365
f 314 365 364
f 315 316 366
f 315 366 365
f 316 317 367
f 316 367 366
f 317 318 368
f 317 368 367
f 318 319 369
f 318 369 368
f 319 320 370
f 319 370 369
f 320 321 371
f 320 371 370
f 321 322 372
f 321 372 371
f 322 323 373
f 322 373 372
f 323 324 374
f 323 374 373
f 324 325 375
f 324 375 374
f 325 326 376
f 325 376 375
f 326 327 377
f 326 377 376
f 327 328 378
f 327 378 377
f 328 329 379
f 328 379 378
f 329 330 380
f 329 380 379
f 330 331 381
f 330 381 380
f 331 332 382
f 331 382 381
f 332 333 383
f 332 383 382
f 333 334 384
f 333 384 383
f 334 335 385
f 334 385 384
f 335 336 386
f 335 386 385
f 336 337 387
f 336 387 386
f 337 338 388
f 337 388 387
f 338 339 389
f 338 389 388
f 339 340 390
f 339 390 389
f 340 341 391
f 340 391 390
f 341 342 392
f 341 392 391
f 342 343 393
f 342 393 392
f 343 344 394
f 343 394 393
f 344 345 395
f 344 395 394
f 345 346 396
f 345 396 395
f 346 347 397
f 346 397 396
f 347 348 398
f 347 398 397
f 348 349 399
f 348 399 398
f 349 350 400
f 349 400 399
f 350 351 401
f 350 401 400
f 351 352 402
f 351 402 401
f 352 303 353
f 352 353 402
f 403 454 404
f 403 453 454
f 303 403 404
f 303 404 304
f 353 354 454
f 353 454 453
f 404 455 405
f 404 454 455
f 304 404 405
f 304 405 305
f 354 355 455
f 354 455 454
f 405 456 406
f 405 455 456
f 305 405 406
f 305 406 306
f 355 356 456
f 355 456 455
f 406 457 407
f 406 456 457
f 306 406 407
f 306 407 307
f 356 357 457
f 356 457 456
f 407 458 408
f 407 457 458
f 307 407 408
f 307 408 308
f 357 358 458
f 357 458 457
f 408 459 409
f 408 458 459
f 308 408 409
f 308 409 309
f 358 359 459
f 358 459 458
f 409 460 410
f 409 459 460
f 309 409 410
f 309 410 310
f 359 360 460
f 359 460 459
f 410 461 411
f 410 460 461
f 310 410 411
f 310 411 311
f 360 361 461
f 360 461 460
f 411 462 412
f 411 461 462
f 311 411 412
f 311 412 312
f 361 362 462
f 361 462 461
f 412 463 413
f 412 462 463
f 312 412 413
f 312 413 313
f 362 363 463
f 362 463 462
f 413 464 414
f 413 463 464
f 313 413 414
f 313 414 314
f 363 364 464
f 363 464 463
f 414 465 415
f 414 464 465
f 314 414 415
f 314 415 315
f 364 365 465
f 364 465 464
f 415 466 416
f 415 465 466
f 315 415 416
f 315 416 316
f 365 366 466
f 365 466 465
f 416 467 417
f 416 466 467
f 316 416 417
f 316 417 317
f 366 367 467
f 366 467 466
f 417 468 418
f 417 467 468
f 317 417 418
f 317 418 318
f 367 368 468
f 367 468 467
f 418 469 419
f 418 468 469
f 318 418 419
f 318 419 319
f 368 369 469
f 368 469 468
f 419 470 420
f 419 469 470
f 319 419 420
f 319 420 320
f 369 370 470
f 369 470 469
f 420 471 421
f 420 470 471
f 320 420 421
f 320 421 321
f 370 371 471
f 370 471 470
f 421 472 422
f 421 471 472
f 321 421 422
f 321 422 322
f 371 372 472
f 371 472 471
f 422 473 423
f 422 472 473
f 322 422 423
f 322 423 323
f 372 373 473
f 372 473 472
f 423 474 424
f 423 473 474
f 323 423 424
f 323 424 324
f 373 374 474
f 373 474 473
f 424 475 425
f 424 474 475
f 324 424 425
f 324 425 325
f 374 375 475
f 374 475 474
f 425 476 426
f 425 475 476
f 325 425 426
f 325 426 326
f 375 376 476
f 375 476 475
f 426 477 427
f 426 476 477
f 326 426 427
f 326 427 327
f 376 377 477
f 376 477 476
f 427 478 428
f 427 477 478
f 327 427 428
f 327 428 328
f 377 378 478
f 377 478 477
f 428 479 429
f 428 478 479
f 328 428 429
f 328 429 329
f 378 379 479
f 378 479 478
f 429 480 430
f 429 479 480
f 329 429 430
f 329 430 330
f 379 380 480
f 379 480 479
f 430 481 431
f 430 480 481
f 330 430 431
f 330 431 331
f 380 381 481
f 380 481 480
f 431 482 432
f 431 481 482
f 331 431 432
f 331 432 332
f 381 382 482
f 381 482 481
f 432 483 433
f 432 482 483
f 332 432 433
f 332 433 333
f 382 383 483
f 382 483 482
f 433 484 434
f 433 483 484
f 333 433 434
f 333 434 334
f 383 384 484
f 383 484 483
f 434 485 435
f 434 484 485
f 334 434 435
f 334 435 335
f 384 385 485
f 384 485 484
f 435 486 436
f 435 485 486
f 335 435 436
f 335 436 336
f 385 386 486
f 385 486 485
f 436 487 437
f 436 486 487
f 336 436 437
f 336 437 337
f 386 387 487
f 386 487 486
f 437 488 438
f 437 487 488
f 337 437 438
f 337 438 338
f 387 388 488
f 387 488 487
f 438 489 439
f 438 488 489
f 338 438 439
f 338 439 339
f 388 389 489
f 388 489 488
f 439 490 440
f 439 489 490
f 339 439 440
f 339 440 340
f 389 390 490
f 389 490 489
f 440 491 441
f 440 490 491
f 340 440 441
f 340 441 341
f 390 391 491
f 390 491 490
f 441 492 442
f 441 491 492
f 341 441 442
f 341 442 342
f 391 392 492
f 391 492 491
f 442 493 443
f 442 492 493
f 342 442 443
f 342 443 343
f 392 393 493
f 392 493 492
f 443 494 444
f 443 493 494
f 343 443 444
f 343 444 344
f 393 394 494
f 393 494 493
f 444 495 445
f 444 494 495
f 344 444 445
f 344 445 345
f 394 395 495
f 394 495 494
f 445 496 446
f 445 495 496
f 345 445 446
f 345 446 346
f 395 396 496
f 395 496 495
f 446 497 447
f 446 496 497
f 346 446 447
f 346 447 347
f 396 397 497
f 396 497 496
f 447 498 448
f 447 497 498
f 347 447 448
f 347 448 348
f 397 398 498
f 397 498 497
f 448 499 449
f 448 498 499
f 348 448 449
f 348 449 349
f 398 399 499
f 398 499 498
f 449 500 450
f 449 499 500
f 349 449 450
f 349 450 350
f 399 400 500
f 399 500 499
f 450 501 451
f 450 500 501
f 350 450 451
f 350 451 351
f 400 401 501
f 400 501 500
f 451 502 452
f 451 501 502
f 351 451 452
f 351 452 352
f 401 402 502
f 401 502 501
f 452 453 403
f 452 502 453
f 352 452 403
f 352 403 303
f 402 353 453
f 402 453 502
g body_upper
usemtl m_body_upper
v 25.0000 -34.5000 176.0000
v 29.5032 -34.2048 176.0000
v 33.9293 -33.3244 176.0000
v 38.2026 -31.8738 176.0000
v 42.2500 -29.8779 176.0000
v 46.0023 -27.3707 176.0000
v 49.3952 -24.3952 176.0000
v 52.3707 -21.0023 176.0000
v 54.8779 -17.2500 176.0000
v 56.8738 -13.2026 176.0000
v 58.3244 -8.9293 176.0000
v 59.2048 -4.5032 176.0000
v 59.5000 0.0000 176.0000
v 59.2048 4.5032 176.0000
v 58.3244 8.9293 176.0000
v 56.8738 13.2026 176.0000
v 54.8779 17.2500 176.0000
v 52.3707 21.0023 176.0000
v 49.3952 24.3952 176.0000
v 46.0023 27.3707 176.0000
v 42.2500 29.8779 176.0000
v 38.2026 31.8738 176.0000
v 33.9293 33.3244 176.0000
v 29.5032 34.2048 176.0000
v 25.0000 34.5000 176.0000
v -25.0000 34.5000 176.0000
v -29.5032 34.2048 176.0000
v -33.9293 33.3244 176.0000
v -38.2026 31.8738 176.0000
v -42.2500 29.8779 176.0000
v -46.0023 27.3707 176.0000
v -49.3952 24.3952 176.0000
v -52.3707 21.0023 176.0000
v -54.8779 17.2500 176.0000
v -56.8738 13.2026 176.0000
v -58.3244 8.9293 176.0000
v -59.2048 4.5032 176.0000
v -59.5000 0.0000 176.0000
v -59.2048 -4.5032 176.0000
v -58.3244 -8.9293 176.0000
v -56.8738 -13.2026 176.0000
v -54.8779 -17.2500 176.0000
v -52.3707 -21.0023 176.0000
v -49.3952 -24.3952 176.0000
v -46.0023 -27.3707 176.0000
v -42.2500 -29.8779 176.0000
v -38.2026 -31.8738 176.0000
v -33.9293 -33.3244 176.0000
v -29.5032 -34.2048 176.0000
v -25.0000 -34.5000 176.0000
v 25.0000 -34.5000 238.0000
v 29.5032 -34.2048 238.0000
v 33.9293 -33.3244 238.0000
v 38.2026 -31.8738 238.0000
v 42.2500 -29.8779 238.0000
v 46.0023 -27.3707 238.0000
v 49.3952 -24.3952 238.0000
v 52.3707 -21.0023 238.0000
v 54.8779 -17.2500 238.0000
v 56.8738 -13.2026 238.0000
v 58.3244 -8.9293 238.0000
v 59.2048 -4.5032 238.0000
v 59.5000 0.0000 238.0000
v 59.2048 4.5032 238.0000
v 58.3244 8.9293 238.0000
v 56.8738 13.2026 238.0000
v 54.8779 17.2500 238.0000
v 52.3707 21.0023 238.0000
v 49.3952 24.3952 238.0000
v 46.0023 27.3707 238.0000
v 42.2500 29.8779 238.0000
v 38.2026 31.8738 238.0000
v 33.9293 33.3244 238.0000
v 29.5032 34.2048 238.0000
v 25.0000 34.5000 238.0000
v -25.0000 34.5000 238.0000
v -29.5032 34.2048 238.0000
v -33.9293 33.3244 238.0000
v -38.2026 31.8738 238.0000
v -42.2500 29.8779 238.0000
v -46.0023 27.3707 238.0000
v -49.3952 24.3952 238.0000
v -52.3707 21.0023 238.0000
v -54.8779 17.2500 238.0000
v -56.8738 13.2026 238.0000
v -58.3244 8.9293 238.0000
v -59.2048 4.5032 238.0000
v -59.5000 0.0000 238.0000
v -59.2048 -4.5032 238.0000
v -58.3244 -8.9293 238.0000
v -56.8738 -13.2026 238.0000
v -54.8779 -17.2500 238.0000
v -52.3707 -21.0023 238.0000
v -49.3952 -24.3952 238.0000
v -46.0023 -27.3707 238.0000
v -42.2500 -29.8779 238.0000
v -38.2026 -31.8738 238.0000
v -33.9293 -33.3244 238.0000
v -29.5032 -34.2048 238.0000
v -25.0000 -34.5000 238.0000
v 25.0000 -33.0000 176.0000
v 29.3074 -32.7177 176.0000
v 33.5410 -31.8756 176.0000
v 37.6286 -30.4880 176.0000
v 41.5000 -28.5788 176.0000
v 45.0891 -26.1807 176.0000
v 48.3345 -23.3345 176.0000
v 51.1807 -20.0891 176.0000
v 53.5788 -16.5000 176.0000
v 55.4880 -12.6286 176.0000
v 56.8756 -8.5410 176.0000
v 57.7177 -4.3074 176.0000
v 58.0000 0.0000 176.0000
v 57.7177 4.3074 176.0000
v 56.8756 8.5410 176.0000
v 55.4880 12.6286 176.0000
v 53.5788 16.5000 176.0000
v 51.1807 20.0891 176.0000
v 48.3345 23.3345 176.0000
v 45.0891 26.1807 176.0000
v 41.5000 28.5788 176.0000
v 37.6286 30.4880 176.0000
v 33.5410 31.8756 176.0000
v 29.3074 32.7177 176.0000
v 25.0000 33.0000 176.0000
v -25.0000 33.0000 176.0000
v -29.3074 32.7177 176.0000
v -33.5410 31.8756 176.0000
v -37.6286 30.4880 176.0000
v -41.5000 28.5788 176.0000
v -45.0891 26.1807 176.0000
v -48.3345 23.3345 176.0000
v -51.1807 20.0891 176.0000
v -53.5788 16.5000 176.0000
v -55.4880 12.6286 176.0000
v -56.8756 8.5410 176.0000
v -57.7177 4.3074 176.0000
v -58.0000 0.0000 176.0000
v -57.7177 -4.3074 176.0000
v -56.8756 -8.5410 176.0000
v -55.4880 -12.6286 176.0000
v -53.5788 -16.5000 176.0000
v -51.1807 -20.0891 176.0000
v -48.3345 -23.3345 176.0000
v -45.0891 -26.1807 176.0000
v -41.5000 -28.5788 176.0000
v -37.6286 -30.4880 176.0000
v -33.5410 -31.8756 176.0000
v -29.3074 -32.7177 176.0000
v -25.0000 -33.0000 176.0000
v 25.0000 -33.0000 238.0000
v 29.3074 -32.7177 238.0000
v 33.5410 -31.8756 238.0000
v 37.6286 -30.4880 238.0000
v 41.5000 -28.5788 238.0000
v 45.0891 -26.1807 238.0000
v 48.3345 -23.3345 238.0000
v 51.1807 -20.0891 238.0000
v 53.5788 -16.5000 238.0000
v 55.4880 -12.6286 238.0000
v 56.8756 -8.5410 238.0000
v 57.7177 -4.3074 238.0000
v 58.0000 0.0000 238.0000
v 57.7177 4.3074 238.0000
v 56.8756 8.5410 238.0000
v 55.4880 12.6286 238.0000
v 53.5788 16.5000 238.0000
v 51.1807 20.0891 238.0000
v 48.3345 23.3345 238.0000
v 45.0891 26.1807 238.0000
v 41.5000 28.5788 238.0000
v 37.6286 30.4880 238.0000
v 33.5410 31.8756 238.0000
v 29.3074 32.7177 238.0000
v 25.0000 33.0000 238.0000
v -25.0000 33.0000 238.0000
v -29.3074 32.7177 238.0000
v -33.5410 31.8756 238.0000
v -37.6286 30.4880 238.0000
v -41.5000 28.5788 238.0000
v -45.0891 26.1807 238.0000
v -48.3345 23.3345 238.0000
v -51.1807 20.0891 238.0000
v -53.5788 16.5000 238.0000
v -55.4880 12.6286 238.0000
v -56.8756 8.5410 238.0000
v -57.7177 4.3074 238.0000
v -58.0000 0.0000 238.0000
v -57.7177 -4.3074 238.0000
v -56.8756 -8.5410 238.0000
v -55.4880 -12.6286 238.0000
v -53.5788 -16.5000 238.0000
v -51.1807 -20.0891 238.0000
v -48.3345 -23.3345 238.0000
v -45.0891 -26.1807 238.0000
v -41.5000 -28.5788 238.0000
v -37.6286 -30.4880 238.0000
v -33.5410 -31.8756 238.0000
v -29.3074 -32.7177 238.0000
v -25.0000 -33.0000 238.0000
f 503 504 554
f 503 554 553
f 504 505 555
f 504 555 554
f 505 506 556
f 505 556 555
f 506 507 557
f 506 557 556
f 507 508 558
f 507 558 557
f 508 509 559
f 508 559 558
f 509 510 560
f 509 560 559
f 510 511 561
f 510 561 560
f 511 512 562
f 511 562 561
f 512 513 563
f 512 563 562
f 513 514 564
f 513 564 563
f 514 515 565
f 514 565 564
f 515 516 566
f 515 566 565
f 516 517 567
f 516 567 566
f 517 518 568
f 517 568 567
f 518 519 569
f 518 569 568
f 519 520 570
f 519 570 569
f 520 521 571
f 520 571 570
f 521 522 572
f 521 572 571
f 522 523 573
f 522 573 572
f 523 524 574
f 523 574 573
f 524 525 575
f 524 575 574
f 525 526 576
f 525 576 575
f 526 527 577
f 526 577 576
f 527 528 578
f 527 578 577
f 528 529 579
f 528 579 578
f 529 530 580
f 529 580 579
f 530 531 581
f 530 581 580
f 531 532 582
f 531 582 581
f 532 533 583
f 532 583 582
f 533 534 584
f 533 584 583
f 534 535 585
f 534 585 584
f 535 536 586
f 535 586 585
f 536 537 587
f 536 587 586
f 537 538 588
f 537 588 587
f 538 539 589
f 538 589 588
f 539 540 590
f 539 590 589
f 540 541 591
f 540 591 590
f 541 542 592
f 541 592 591
f 542 543 593
f 542 593 592
f 543 544 594
f 543 594 593
f 544 545 595
f 544 595 594
f 545 546 596
f 545 596 595
f 546 547 597
f 546 597 596
f 547 548 598
f 547 598 597
f 548 549 599
f 548 599 598
f 549 550 600
f 549 600 599
f 550 551 601
f 550 601 600
f 551 552 602
f 551 602 601
f 552 503 553
f 552 553 602
f 603 654 604
f 603 653 654
f 503 603 604
f 503 604 504
f 553 554 654
f 553 654 653
f 604 655 605
f 604 654 655
f 504 604 605
f 504 605 505
f 554 555 655
f 554 655 654
f 605 656 606
f 605 655 656
f 505 605 606
f 505 606 506
f 555 556 656
f 555 656 655
f 606 657 607
f 606 656 657
f 506 606 607
f 506 607 507
f 556 557 657
f 556 657 656
f 607 658 608
f 607 657 658
f 507 607 608
f 507 608 508
f 557 558 658
f 557 658 657
f 608 659 609
f 608 658 659
f 508 608 609
f 508 609 509
f 558 559 659
f 558 659 658
f 609 660 610
f 609 659 660
f 509 609 610
f 509 610 510
f 559 560 660
f 559 660 659
f 610 661 611
f 610 660 661
f 510 610 611
f 510 611 511
f 560 561 661
f 560 661 660
f 611 662 612
f 611 661 662
f 511 611 612
f 511 612 512
f 561 562 662
f 561 662 661
f 612 663 613
f 612 662 663
f 512 612 613
f 512 613 513
f 562 563 663
f 562 663 662
f 613 664 614
f 613 663 664
f 513 613 614
f 513 614 514
f 563 564 664
f 563 664 663
f 614 665 615
f 614 664 665
f 514 614 615
f 514 615 515
f 564 565 665
f 564 665 664
f 615 666 616
f 615 665 666
f 515 615 616
f 515 616 516
f 565 566 666
f 565 666 665
f 616 667 617
f 616 666 667
f 516 616 617
f 516 617 517
f 566 567 667
f 566 667 666
f 617 668 618
f 617 667 668
f 517 617 618
f 517 618 518
f 567 568 668
f 567 668 667
f 618 669 619
f 618 668 669
f 518 618 619
f 518 619 519
f 568 569 669
f 568 669 668
f 619 670 620
f 619 669 670
f 519 619 620
f 519 620 520
f 569 570 670
f 569 670 669
f 620 671 621
f 620 670 671
f 520 620 621
f 520 621 521
f 570 571 671
f 570 671 670
f 621 672 622
f 621 671 672
f 521 621 622
f 521 622 522
f 571 572 672
f 571 672 671
f 622 673 623
f 622 672 673
f 522 622 623
f 522 623 523
f 572 573 673
f 572 673 672
f 623 674 624
f 623 673 674
f 523 623 624
f 523 624 524
f 573 574 674
f 573 674 673
f 624 675 625
f 624 674 675
f 524 624 625
f 524 625 525
f 574 575 675
f 574 675 674
f 625 676 626
f 625 675 676
f 525 625 626
f 525 626 526
f 575 576 676
f 575 676 675
f 626 677 627
f 626 676 677
f 526 626 627
f 526 627 527
f 576 577 677
f 576 677 676
f 627 678 628
f 627 677 678
f 527 627 628
f 527 628 528
f 577 578 678
f 577 678 677
f 628 679 629
f 628 678 679
f 528 628 629
f 528 629 529
f 578 579 679
f 578 679 678
f 629 680 630
f 629 679 680
f 529 629 630
f 529 630 530
f 579 580 680
f 579 680 679
f 630 681 631
f 630 680 681
f 530 630 631
f 530 631 531
f 580 581 681
f 580 681 680
f 631 682 632
f 631 681 682
f 531 631 632
f 531 632 532
f 581 582 682
f 581 682 681
f 632 683 633
f 632 682 683
f 532 632 633
f 532 633 533
f 582 583 683
f 582 683 682
f 633 684 634
f 633 683 684
f 533 633 634
f 533 634 534
f 583 584 684
f 583 684 683
f 634 685 635
f 634 684 685
f 534 634 635
f 534 635 535
f 584 585 685
f 584 685 684
f 635 686 636
f 635 685 686
f 535 635 636
f 535 636 536
f 585 586 686
f 585 686 685
f 636 687 637
f 636 686 687
f 536 636 637
f 536 637 537
f 586 587 687
f 586 687 686
f 637 688 638
f 637 687 688
f 537 637 638
f 537 638 538
f 587 588 688
f 587 688 687
f 638 689 639
f 638 688 689
f 538 638 639
f 538 639 539
f 588 589 689
f 588 689 688
f 639 690 640
f 639 689 690
f 539 639 640
f 539 640 540
f 589 590 690
f 589 690 689
f 640 691 641
f 640 690 691
f 540 640 641
f 540 641 541
f 590 591 691
f 590 691 690
f 641 692 642
f 641 691 692
f 541 641 642
f 541 642 542
f 591 592 692
f 591 692 691
f 642 693 643
f 642 692 693
f 542 642 643
f 542 643 543
f 592 593 693
f 592 693 692
f 643 694 644
f 643 693 694
f 543 643 644
f 543 644 544
f 593 594 694
f 593 694 693
f 644 695 645
f 644 694 695
f 544 644 645
f 544 645 545
f 594 595 695
f 594 695 694
f 645 696 646
f 645 695 696
f 545 645 646
f 545 646 546
f 595 596 696
f 595 696 695
f 646 697 647
f 646 696 697
f 546 646 647
f 546 647 547
f 596 597 697
f 596 697 696
f 647 698 648
f 647 697 698
f 547 647 648
f 547 648 548
f 597 598 698
f 597 698 697
f 648 699 649
f 648 698 699
f 548 648 649
f 548 649 549
f 598 599 699
f 598 699 698
f 649 700 650
f 649 699 700
f 549 649 650
f 549 650 550
f 599 600 700
f 599 700 699
f 650 701 651
f 650 700 701
f 550 650 651
f 550 651 551
f 600 601 701
f 600 701 700
f 651 702 652
f 651 701 702
f 551 651 652
f 551 652 552
f 601 602 702
f 601 702 701
f 652 653 603
f 652 702 653
f 552 652 603
f 552 603 503
f 602 553 653
f 602 653 702
g trim_band_1
usemtl m_trim_band_1
v 25.0000 -35.3000 96.5000
v 29.6076 -34.9980 96.5000
v 34.1363 -34.0972 96.5000
v 38.5087 -32.6129 96.5000
v 42.6500 -30.5707 96.5000
v 46.4893 -28.0054 96.5000
v 49.9609 -24.9609 96.5000
v 53.0054 -21.4893 96.5000
v 55.5707 -17.6500 96.5000
v 57.6129 -13.5087 96.5000
v 59.0972 -9.1363 96.5000
v 59.9980 -4.6076 96.5000
v 60.3000 0.0000 96.5000
v 59.9980 4.6076 96.5000
v 59.0972 9.1363 96.5000
v 57.6129 13.5087 96.5000
v 55.5707 17.6500 96.5000
v 53.0054 21.4893 96.5000
v 49.9609 24.9609 96.5000
v 46.4893 28.0054 96.5000
v 42.6500 30.5707 96.5000
v 38.5087 32.6129 96.5000
v 34.1363 34.0972 96.5000
v 29.6076 34.9980 96.5000
v 25.0000 35.3000 96.5000
v -25.0000 35.3000 96.5000
v -29.6076 34.9980 96.5000
v -34.1363 34.0972 96.5000
v -38.5087 32.6129 96.5000
v -42.6500 30.5707 96.5000
v -46.4893 28.0054 96.5000
v -49.9609 24.9609 96.5000
v -53.0054 21.4893 96.5000
v -55.5707 17.6500 96.5000
v -57.6129 13.5087 96.5000
v -59.0972 9.1363 96.5000
v -59.9980 4.6076 96.5000
v -60.3000 0.0000 96.5000
v -59.9980 -4.6076 96.5000
v -59.0972 -9.1363 96.5000
v -57.6129 -13.5087 96.5000
v -55.5707 -17.6500 96.5000
v -53.0054 -21.4893 96.5000
v -49.9609 -24.9609 96.5000
v -46.4893 -28.0054 96.5000
v -42.6500 -30.5707 96.5000
v -38.5087 -32.6129 96.5000
v -34.1363 -34.0972 96.5000
v -29.6076 -34.9980 96.5000
v -25.0000 -35.3000 96.5000
v 25.0000 -35.3000 99.5000
v 29.6076 -34.9980 99.5000
v 34.1363 -34.0972 99.5000
v 38.5087 -32.6129 99.5000
v 42.6500 -30.5707 99.5000
v 46.4893 -28.0054 99.5000
v 49.9609 -24.9609 99.5000
v 53.0054 -21.4893 99.5000
v 55.5707 -17.6500 99.5000
v 57.6129 -13.5087 99.5000
v 59.0972 -9.1363 99.5000
v 59.9980 -4.6076 99.5000
v 60.3000 0.0000 99.5000
v 59.9980 4.6076 99.5000
v 59.0972 9.1363 99.5000
v 57.6129 13.5087 99.5000
v 55.5707 17.6500 99.5000
v 53.0054 21.4893 99.5000
v 49.9609 24.9609 99.5000
v 46.4893 28.0054 99.5000
v 42.6500 30.5707 99.5000
v 38.5087 32.6129 99.5000
v 34.1363 34.0972 99.5000
v 29.6076 34.9980 99.5000
v 25.0000 35.3000 99.5000
v -25.0000 35.3000 99.5000
v -29.6076 34.9980 99.5000
v -34.1363 34.0972 99.5000
v -38.5087 32.6129 99.5000
v -42.6500 30.5707 99.5000
v -46.4893 28.0054 99.5000
v -49.9609 24.9609 99.5000
v -53.0054 21.4893 99.5000
v -55.5707 17.6500 99.5000
v -57.6129 13.5087 99.5000
v -59.0972 9.1363 99.5000
v -59.9980 4.6076 99.5000
v -60.3000 0.0000 99.5000
v -59.9980 -4.6076 99.5000
v -59.0972 -9.1363 99.5000
v -57.6129 -13.5087 99.5000
v -55.5707 -17.6500 99.5000
v -53.0054 -21.4893 99.5000
v -49.9609 -24.9609 99.5000
v -46.4893 -28.0054 99.5000
v -42.6500 -30.5707 99.5000
v -38.5087 -32.6129 99.5000
v -34.1363 -34.0972 99.5000
v -29.6076 -34.9980 99.5000
v -25.0000 -35.3000 99.5000
v 25.0000 -34.1000 96.5000
v 29.4509 -33.8083 96.5000
v 33.8257 -32.9381 96.5000
v 38.0495 -31.5043 96.5000
v 42.0500 -29.5315 96.5000
v 45.7588 -27.0533 96.5000
v 49.1123 -24.1123 96.5000
v 52.0533 -20.7588 96.5000
v 54.5315 -17.0500 96.5000
v 56.5043 -13.0495 96.5000
v 57.9381 -8.8257 96.5000
v 58.8083 -4.4509 96.5000
v 59.1000 0.0000 96.5000
v 58.8083 4.4509 96.5000
v 57.9381 8.8257 96.5000
v 56.5043 13.0495 96.5000
v 54.5315 17.0500 96.5000
v 52.0533 20.7588 96.5000
v 49.1123 24.1123 96.5000
v 45.7588 27.0533 96.5000
v 42.0500 29.5315 96.5000
v 38.0495 31.5043 96.5000
v 33.8257 32.9381 96.5000
v 29.4509 33.8083 96.5000
v 25.0000 34.1000 96.5000
v -25.0000 34.1000 96.5000
v -29.4509 33.8083 96.5000
v -33.8257 32.9381 96.5000
v -38.0495 31.5043 96.5000
v -42.0500 29.5315 96.5000
v -45.7588 27.0533 96.5000
v -49.1123 24.1123 96.5000
v -52.0533 20.7588 96.5000
v -54.5315 17.0500 96.5000
v -56.5043 13.0495 96.5000
v -57.9381 8.8257 96.5000
v -58.8083 4.4509 96.5000
v -59.1000 0.0000 96.5000
v -58.8083 -4.4509 96.5000
v -57.9381 -8.8257 96.5000
v -56.5043 -13.0495 96.5000
v -54.5315 -17.0500 96.5000
v -52.0533 -20.7588 96.5000
v -49.1123 -24.1123 96.5000
v -45.7588 -27.0533 96.5000
v -42.0500 -29.5315 96.5000
v -38.0495 -31.5043 96.5000
v -33.8257 -32.9381 96.5000
v -29.4509 -33.8083 96.5000
v -25.0000 -34.1000 96.5000
v 25.0000 -34.1000 99.5000
v 29.4509 -33.8083 99.5000
v 33.8257 -32.9381 99.5000
v 38.0495 -31.5043 99.5000
v 42.0500 -29.5315 99.5000
v 45.7588 -27.0533 99.5000
v 49.1123 -24.1123 99.5000
v 52.0533 -20.7588 99.5000
v 54.5315 -17.0500 99.5000
v 56.5043 -13.0495 99.5000
v 57.9381 -8.8257 99.5000
v 58.8083 -4.4509 99.5000
v 59.1000 0.0000 99.5000
v 58.8083 4.4509 99.5000
v 57.9381 8.8257 99.5000
v 56.5043 13.0495 99.5000
v 54.5315 17.0500 99.5000
v 52.0533 20.7588 99.5000
v 49.1123 24.1123 99.5000
v 45.7588 27.0533 99.5000
v 42.0500 29.5315 99.5000
v 38.0495 31.5043 99.5000
v 33.8257 32.9381 99.5000
v 29.4509 33.8083 99.5000
v 25.0000 34.1000 99.5000
v -25.0000 34.1000 99.5000
v -29.4509 33.8083 99.5000
v -33.8257 32.9381 99.5000
v -38.0495 31.5043 99.5000
v -42.0500 29.5315 99.5000
v -45.7588 27.0533 99.5000
v -49.1123 24.1123 99.5000
v -52.0533 20.7588 99.5000
v -54.5315 17.0500 99.5000
v -56.5043 13.0495 99.5000
v -57.9381 8.8257 99.5000
v -58.8083 4.4509 99.5000
v -59.1000 0.0000 99.5000
v -58.8083 -4.4509 99.5000
v -57.9381 -8.8257 99.5000
v -56.5043 -13.0495 99.5000
v -54.5315 -17.0500 99.5000
v -52.0533 -20.7588 99.5000
v -49.1123 -24.1123 99.5000
v -45.7588 -27.0533 99.5000
v -42.0500 -29.5315 99.5000
v -38.0495 -31.5043 99.5000
v -33.8257 -32.9381 99.5000
v -29.4509 -33.8083 99.5000
v -25.0000 -34.1000 99.5000
f 703 704 754
f 703 754 753
f 704 705 755
f 704 755 754
f 705 706 756
f 705 756 755
f 706 707 757
f 706 757 756
f 707 708 758
f 707 758 757
f 708 709 759
f 708 759 758
f 709 710 760
f 709 760 759
f 710 711 761
f 710 761 760
f 711 712 762
f 711 762 761
f 712 713 763
f 712 763 762
f 713 714 764
f 713 764 763
f 714 715 765
f 714 765 764
f 715 716 766
f 715 766 765
f 716 717 767
f 716 767 766
f 717 718 768
f 717 768 767
f 718 719 769
f 718 769 768
f 719 720 770
f 719 770 769
f 720 721 771
f 720 771 770
f 721 722 772
f 721 772 771
f 722 723 773
f 722 773 772
f 723 724 774
f 723 774 773
f 724 725 775
f 724 775 774
f 725 726 776
f 725 776 775
f 726 727 777
f 726 777 776
f 727 728 778
f 727 778 777
f 728 729 779
f 728 779 778
f 729 730 780
f 729 780 779
f 730 731 781
f 730 781 780
f 731 732 782
f 731 782 781
f 732 733 783
f 732 783 782
f 733 734 784
f 733 784 783
f 734 735 785
f 734 785 784
f 735 736 786
f 735 786 785
f 736 737 787
f 736 787 786
f 737 738 788
f 737 788 787
f 738 739 789
f 738 789 788
f 739 740 790
f 739 790 789
f 740 741 791
f 740 791 790
f 741 742 792
f 741 792 791
f 742 743 793
f 742 793 792
f 743 744 794
f 743 794 793
f 744 745 795
f 744 795 794
f 745 746 796
f 745 796 795
f 746 747 797
f 746 797 796
f 747 748 798
f 747 798 797
f 748 749 799
f 748 799 798
f 749 750 800
f 749 800 799
f 750 751 801
f 750 801 800
f 751 752 802
f 751 802 801
f 752 703 753
f 752 753 802
f 803 854 804
f 803 853 854
f 703 803 804
f 703 804 704
f 753 754 854
f 753 854 853
f 804 855 805
f 804 854 855
f 704 804 805
f 704 805 705
f 754 755 855
f 754 855 854
f 805 856 806
f 805 855 856
f 705 805 806
f 705 806 706
f 755 756 856
f 755 856 855
f 806 857 807
f 806 856 857
f 706 806 807
f 706 807 707
f 756 757 857
f 756 857 856
f 807 858 808
f 807 857 858
f 707 807 808
f 707 808 708
f 757 758 858
f 757 858 857
f 808 859 809
f 808 858 859
f 708 808 809
f 708 809 709
f 758 759 859
f 758 859 858
f 809 860 810
f 809 859 860
f 709 809 810
f 709 810 710
f 759 760 860
f 759 860 859
f 810 861 811
f 810 860 861
f 710 810 811
f 710 811 711
f 760 761 861
f 760 861 860
f 811 862 812
f 811 861 862
f 711 811 812
f 711 812 712
f 761 762 862
f 761 862 861
f 812 863 813
f 812 862 863
f 712 812 813
f 712 813 713
f 762 763 863
f 762 863 862
f 813 864 814
f 813 863 864
f 713 813 814
f 713 814 714
f 763 764 864
f 763 864 863
f 814 865 815
f 814 864 865
f 714 814 815
f 714 815 715
f 764 765 865
f 764 865 864
f 815 866 816
f 815 865 866
f 715 815 816
f 715 816 716
f 765 766 866
f 765 866 865
f 816 867 817
f 816 866 867
f 716 816 817
f 716 817 717
f 766 767 867
f 766 867 866
f 817 868 818
f 817 867 868
f 717 817 818
f 717 818 718
f 767 768 868
f 767 868 867
f 818 869 819
f 818 868 869
f 718 818 819
f 718 819 719
f 768 769 869
f 768 869 868
f 819 870 820
f 819 869 870
f 719 819 820
f 719 820 720
f 769 770 870
f 769 870 869
f 820 871 821
f 820 870 871
f 720 820 821
f 720 821 721
f 770 771 871
f 770 871 870
f 821 872 822
f 821 871 872
f 721 821 822
f 721 822 722
f 771 772 872
f 771 872 871
f 822 873 823
f 822 872 873
f 722 822 823
f 722 823 723
f 772 773 873
f 772 873 872
f 823 874 824
f 823 873 874
f 723 823 824
f 723 824 724
f 773 774 874
f 773 874 873
f 824 875 825
f 824 874 875
f 724 824 825
f 724 825 725
f 774 775 875
f 774 875 874
f 825 876 826
f 825 875 876
f 725 825 826
f 725 826 726
f 775 776 876
f 775 876 875
f 826 877 827
f 826 876 877
f 726 826 827
f 726 827 727
f 776 777 877
f 776 877 876
f 827 878 828
f 827 877 878
f 727 827 828
f 727 828 728
f 777 778 878
f 777 878 877
f 828 879 829
f 828 878 879
f 728 828 829
f 728 829 729
f 778 779 879
f 778 879 878
f 829 880 830
f 829 879 880
f 729 829 830
f 729 830 730
f 779 780 880
f 779 880 879
f 830 881 831
f 830 880 881
f 730 830 831
f 730 831 731
f 780 781 881
f 780 881 880
f 831 882 832
f 831 881 882
f 731 831 832
f 731 832 732
f 781 782 882
f 781 882 881
f 832 883 833
f 832 882 883
f 732 832 833
f 732 833 733
f 782 783 883
f 782 883 882
f 833 884 834
f 833 883 884
f 733 833 834
f 733 834 734
f 783 784 884
f 783 884 883
f 834 885 835
f 834 884 885
f 734 834 835
f 734 835 735
f 784 785 885
f 784 885 884
f 835 886 836
f 835 885 886
f 735 835 836
f 735 836 736
f 785 786 886
f 785 886 885
f 836 887 837
f 836 886 887
f 736 836 837
f 736 837 737
f 786 787 887
f 786 887 886
f 837 888 838
f 837 887 888
f 737 837 838
f 737 838 738
f 787 788 888
f 787 888 887
f 838 889 839
f 838 888 889
f 738 838 839
f 738 839 739
f 788 789 889
f 788 889 888
f 839 890 840
f 839 889 890
f 739 839 840
f 739 840 740
f 789 790 890
f 789 890 889
f 840 891 841
f 840 890 891
f 740 840 841
f 740 841 741
f 790 791 891
f 790 891 890
f 841 892 842
f 841 891 892
f 741 841 842
f 741 842 742
f 791 792 892
f 791 892 891
f 842 893 843
f 842 892 893
f 742 842 843
f 742 843 743
f 792 793 893
f 792 893 892
f 843 894 844
f 843 893 894
f 743 843 844
f 743 844 744
f 793 794 894
f 793 894 893
f 844 895 845
f 844 894 895
f 744 844 845
f 744 845 745
f 794 795 895
f 794 895 894
f 845 896 846
f 845 895 896
f 745 845 846
f 745 846 746
f 795 796 896
f 795 896 895
f 846 897 847
f 846 896 897
f 746 846 847
f 746 847 747
f 796 797 897
f 796 897 896
f 847 898 848
f 847 897 898
f 747 847 848
f 747 848 748
f 797 798 898
f 797 898 897
f 848 899 849
f 848 898 899
f 748 848 849
f 748 849 749
f 798 799 899
f 798 899 898
f 849 900 850
f 849 899 900
f 749 849 850
f 749 850 750
f 799 800 900
f 799 900 899
f 850 901 851
f 850 900 901
f 750 850 851
f 750 851 751
f 800 801 901
f 800 901 900
f 851 902 852
f 851 901 902
f 751 851 852
f 751 852 752
f 801 802 902
f 801 902 901
f 852 853 803
f 852 902 853
f 752 852 803
f 752 803 703
f 802 753 853
f 802 853 902
g trim_band_2
usemtl m_trim_band_2
v 25.0000 -35.3000 174.5000
v 29.6076 -34.9980 174.5000
v 34.1363 -34.0972 174.5000
v 38.5087 -32.6129 174.5000
v 42.6500 -30.5707 174.5000
v 46.4893 -28.0054 174.5000
v 49.9609 -24.9609 174.5000
v 53.0054 -21.4893 174.5000
v 55.5707 -17.6500 174.5000
v 57.6129 -13.5087 174.5000
v 59.0972 -9.1363 174.5000
v 59.9980 -4.6076 174.5000
v 60.3000 0.0000 174.5000
v 59.9980 4.6076 174.5000
v 59.0972 9.1363 174.5000
v 57.6129 13.5087 174.5000
v 55.5707 17.6500 174.5000
v 53.0054 21.4893 174.5000
v 49.9609 24.9609 174.5000
v 46.4893 28.0054 174.5000
v 42.6500 30.5707 174.5000
v 38.5087 32.6129 174.5000
v 34.1363 34.0972 174.5000
v 29.6076 34.9980 174.5000
v 25.0000 35.3000 174.5000
v -25.0000 35.3000 174.5000
v -29.6076 34.9980 174.5000
v -34.1363 34.0972 174.5000
v -38.5087 32.6129 174.5000
v -42.6500 30.5707 174.5000
v -46.4893 28.0054 174.5000
v -49.9609 24.9609 174.5000
v -53.0054 21.4893 174.5000
v -55.5707 17.6500 174.5000
v -57.6129 13.5087 174.5000
v -59.0972 9.1363 174.5000
v -59.9980 4.6076 174.5000
v -60.3000 0.0000 174.5000
v -59.9980 -4.6076 174.5000
v -59.0972 -9.1363 174.5000
v -57.6129 -13.5087 174.5000
v -55.5707 -17.6500 174.5000
v -53.0054 -21.4893 174.5000
v -49.9609 -24.9609 174.5000
v -46.4893 -28.0054 174.5000
v -42.6500 -30.5707 174.5000
v -38.5087 -32.6129 174.5000
v -34.1363 -34.0972 174.5000
v -29.6076 -34.9980 174.5000
v -25.0000 -35.3000 174.5000
v 25.0000 -35.3000 177.5000
v 29.6076 -34.9980 177.5000
v 34.1363 -34.0972 177.5000
v 38.5087 -32.6129 177.5000
v 42.6500 -30.5707 177.5000
v 46.4893 -28.0054 177.5000
v 49.9609 -24.9609 177.5000
v 53.0054 -21.4893 177.5000
v 55.5707 -17.6500 177.5000
v 57.6129 -13.5087 177.5000
v 59.0972 -9.1363 177.5000
v 59.9980 -4.6076 177.5000
v 60.3000 0.0000 177.5000
v 59.9980 4.6076 177.5000
v 59.0972 9.1363 177.5000
v 57.6129 13.5087 177.5000
v 55.5707 17.6500 177.5000
v 53.0054 21.4893 177.5000
v 49.9609 24.9609 177.5000
v 46.4893 28.0054 177.5000
v 42.6500 30.5707 177.5000
v 38.5087 32.6129 177.5000
v 34.1363 34.0972 177.5000
v 29.6076 34.9980 177.5000
v 25.0000 35.3000 177.5000
v -25.0000 35.3000 177.5000
v -29.6076 34.9980 177.5000
v -34.1363 34.0972 177.5000
v -38.5087 32.6129 177.5000
v -42.6500 30.5707 177.5000
v -46.4893 28.0054 177.5000
v -49.9609 24.9609 177.5000
v -53.0054 21.4893 177.5000
v -55.5707 17.6500 177.5000
v -57.6129 13.5087 177.5000
v -59.0972 9.1363 177.5000
v -59.9980 4.6076 177.5000
v -60.3000 0.0000 177.5000
v -59.9980 -4.6076 177.5000
v -59.0972 -9.1363 177.5000
v -57.6129 -13.5087 177.5000
v -55.5707 -17.6500 177.5000
v -53.0054 -21.4893 177.5000
v -49.9609 -24.9609 177.5000
v -46.4893 -28.0054 177.5000
v -42.6500 -30.5707 177.5000
v -38.5087 -32.6129 177.5000
v -34.1363 -34.0972 177.5000
v -29.6076 -34.9980 177.5000
v -25.0000 -35.3000 177.5000
v 25.0000 -34.1000 174.5000
v 29.4509 -33.8083 174.5000
v 33.8257 -32.9381 174.5000
v 38.0495 -31.5043 174.5000
v 42.0500 -29.5315 174.5000
v 45.7588 -27.0533 174.5000
v 49.1123 -24.1123 174.5000
v 52.0533 -20.7588 174.5000
v 54.5315 -17.0500 174.5000
v 56.5043 -13.0495 174.5000
v 57.9381 -8.8257 174.5000
v 58.8083 -4.4509 174.5000
v 59.1000 0.0000 174.5000
v 58.8083 4.4509 174.5000
v 57.9381 8.8257 174.5000
v 56.5043 13.0495 174.5000
v 54.5315 17.0500 174.5000
v 52.0533 20.7588 174.5000
v 49.1123 24.1123 174.5000
v 45.7588 27.0533 174.5000
v 42.0500 29.5315 174.5000
v 38.0495 31.5043 174.5000
v 33.8257 32.9381 174.5000
v 29.4509 33.8083 174.5000
v 25.0000 34.1000 174.5000
v -25.0000 34.1000 174.5000
v -29.4509 33.8083 174.5000
v -33.8257 32.9381 174.5000
v -38.0495 31.5043 174.5000
v -42.0500 29.5315 174.5000
v -45.7588 27.0533 174.5000
v -49.1123 24.1123 174.5000
v -52.0533 20.7588 174.5000
v -54.5315 17.0500 174.5000
v -56.5043 13.0495 174.5000
v -57.9381 8.8257 174.5000
v -58.8083 4.4509 174.5000
v -59.1000 0.0000 174.5000
v -58.8083 -4.4509 174.5000
v -57.9381 -8.8257 174.5000
v -56.5043 -13.0495 174.5000
v -54.5315 -17.0500 174.5000
v -52.0533 -20.7588 174.5000
v -49.1123 -24.1123 174.5000
v -45.7588 -27.0533 174.5000
v -42.0500 -29.5315 174.5000
v -38.0495 -31.5043 174.5000
v -33.8257 -32.9381 174.5000
v -29.4509 -33.8083 174.5000
v -25.0000 -34.1000 174.5000
v 25.0000 -34.1000 177.5000
v 29.4509 -33.8083 177.5000
v 33.8257 -32.9381 177.5000
v 38.0495 -31.5043 177.5000
v 42.0500 -29.5315 177.5000
v 45.7588 -27.0533 177.5000
v 49.1123 -24.1123 177.5000
v 52.0533 -20.7588 177.5000
v 54.5315 -17.0500 177.5000
v 56.5043 -13.0495 177.5000
v 57.9381 -8.8257 177.5000
v 58.8083 -4.4509 177.5000
v 59.1000 0.0000 177.5000
v 58.8083 4.4509 177.5000
v 57.9381 8.8257 177.5000
v 56.5043 13.0495 177.5000
v 54.5315 17.0500 177.5000
v 52.0533 20.7588 177.5000
v 49.1123 24.1123 177.5000
v 45.7588 27.0533 177.5000
v 42.0500 29.5315 177.5000
v 38.0495 31.5043 177.5000
v 33.8257 32.9381 177.5000
v 29.4509 33.8083 177.5000
v 25.0000 34.1000 177.5000
v -25.0000 34.1000 177.5000
v -29.4509 33.8083 177.5000
v -33.8257 32.9381 177.5000
v -38.0495 31.5043 177.5000
v -42.0500 29.5315 177.5000
v -45.7588 27.0533 177.5000
v -49.1123 24.1123 177.5000
v -52.0533 20.7588 177.5000
v -54.5315 17.0500 177.5000
v -56.5043 13.0495 177.5000
v -57.9381 8.8257 177.5000
v -58.8083 4.4509 177.5000
v -59.1000 0.0000 177.5000
v -58.8083 -4.4509 177.5000
v -57.9381 -8.8257 177.5000
v -56.5043 -13.0495 177.5000
v -54.5315 -17.0500 177.5000
v -52.0533 -20.7588 177.5000
v -49.1123 -24.1123 177.5000
v -45.7588 -27.0533 177.5000
v -42.0500 -29.5315 177.5000
v -38.0495 -31.5043 177.5000
v -33.8257 -32.9381 177.5000
v -29.4509 -33.8083 177.5000
v -25.0000 -34.1000 177.5000
f 903 904 954
f 903 954 953
f 904 905 955
f 904 955 954
f 905 906 956
f 905 956 955
f 906 907 957
f 906 957 956
f 907 908 958
f 907 958 957
f 908 909 959
f 908 959 958
f 909 910 960
f 909 960 959
f 910 911 961
f 910 961 960
f 911 912 962
f 911 962 961
f 912 913 963
f 912 963 962
f 913 914 964
f 913 964 963
f 914 915 965
f 914 965 964
f 915 916 966
f 915 966 965
f 916 917 967
f 916 967 966
f 917 918 968
f 917 968 967
f 918 919 969
f 918 969 968
f 919 920 970
f 919 970 969
f 920 921 971
f 920 971 970
f 921 922 972
f 921 972 971
f 922 923 973
f 922 973 972
f 923 924 974
f 923 974 973
f 924 925 975
f 924 975 974
f 925 926 976
f 925 976 975
f 926 927 977
f 926 977 976
f 927 928 978
f 927 978 977
f 928 929 979
f 928 979 978
f 929 930 980
f 929 980 979
f 930 931 981
f 930 981 980
f 931 932 982
f 931 982 981
f 932 933 983
f 932 983 982
f 933 934 984
f 933 984 983
f 934 935 985
f 934 985 984
f 935 936 986
f 935 986 985
f 936 937 987
f 936 987 986
f 937 938 988
f 937 988 987
f 938 939 989
f 938 989 988
f 939 940 990
f 939 990 989
f 940 941 991
f 940 991 990
f 941 942 992
f 941 992 991
f 942 943 993
f 942 993 992
f 943 944 994
f 943 994 993
f 944 945 995
f 944 995 994
f 945 946 996
f 945 996 995
f 946 947 997
f 946 997 996
f 947 948 998
f 947 998 997
f 948 949 999
f 948 999 998
f 949 950 1000
f 949 1000 999
f 950 951 1001
f 950 1001 1000
f 951 952 1002
f 951 1002 1001
f 952 903 953
f 952 953 1002
f 1003 1054 1004
f 1003 1053 1054
f 903 1003 1004
f 903 1004 904
f 953 954 1054
f 953 1054 1053
f 1004 1055 1005
f 1004 1054 1055
f 904 1004 1005
f 904 1005 905
f 954 955 1055
f 954 1055 1054
f 1005 1056 1006
f 1005 1055 1056
f 905 1005 1006
f 905 1006 906
f 955 956 1056
f 955 1056 1055
f 1006 1057 1007
f 1006 1056 1057
f 906 1006 1007
f 906 1007 907
f 956 957 1057
f 956 1057 1056
f 1007 1058 1008
f 1007 1057 1058
f 907 1007 1008
f 907 1008 908
f 957 958 1058
f 957 1058 1057
f 1008 1059 1009
f 1008 1058 1059
f 908 1008 1009
f 908 1009 909
f 958 959 1059
f 958 1059 1058
f 1009 1060 1010
f 1009 1059 1060
f 909 1009 1010
f 909 1010 910
f 959 960 1060
f 959 1060 1059
f 1010 1061 1011
f 1010 1060 1061
f 910 1010 1011
f 910 1011 911
f 960 961 1061
f 960 1061 1060
f 1011 1062 1012
f 1011 1061 1062
f 911 1011 1012
f 911 1012 912
f 961 962 1062
f 961 1062 1061
f 1012 1063 1013
f 1012 1062 1063
f 912 1012 1013
f 912 1013 913
f 962 963 1063
f 962 1063 1062
f 1013 1064 1014
f 1013 1063 1064
f 913 1013 1014
f 913 1014 914
f 963 964 1064
f 963 1064 1063
f 1014 1065 1015
f 1014 1064 1065
f 914 1014 1015
f 914 1015 915
f 964 965 1065
f 964 1065 1064
f 1015 1066 1016
f 1015 1065 1066
f 915 1015 1016
f 915 1016 916
f 965 966 1066
f 965 1066 1065
f 1016 1067 1017
f 1016 1066 1067
f 916 1016 1017
f 916 1017 917
f 966 967 1067
f 966 1067 1066
f 1017 1068 1018
f 1017 1067 1068
f 917 1017 1018
f 917 1018 918
f 967 968 1068
f 967 1068 1067
f 1018 1069 1019
f 1018 1068 1069
f 918 1018 1019
f 918 1019 919
f 968 969 1069
f 968 1069 1068
f 1019 1070 1020
f 1019 1069 1070
f 919 1019 1020
f 919 1020 920
f 969 970 1070
f 969 1070 1069
f 1020 1071 1021
f 1020 1070 1071
f 920 1020 1021
f 920 1021 921
f 970 971 1071
f 970 1071 1070
f 1021 1072 1022
f 1021 1071 1072
f 921 1021 1022
f 921 1022 922
f 971 972 1072
f 971 1072 1071
f 1022 1073 1023
f 1022 1072 1073
f 922 1022 1023
f 922 1023 923
f 972 973 1073
f 972 1073 1072
f 1023 1074 1024
f 1023 1073 1074
f 923 1023 1024
f 923 1024 924
f 973 974 1074
f 973 1074 1073
f 1024 1075 1025
f 1024 1074 1075
f 924 1024 1025
f 924 1025 925
f 974 975 1075
f 974 1075 1074
f 1025 1076 1026
f 1025 1075 1076
f 925 1025 1026
f 925 1026 926
f 975 976 1076
f 975 1076 1075
f 1026 1077 1027
f 1026 1076 1077
f 926 1026 1027
f 926 1027 927
f 976 977 1077
f 976 1077 1076
f 1027 1078 1028
f 1027 1077 1078
f 927 1027 1028
f 927 1028 928
f 977 978 1078
f 977 1078 1077
f 1028 1079 1029
f 1028 1078 1079
f 928 1028 1029
f 928 1029 929
f 978 979 1079
f 978 1079 1078
f 1029 1080 1030
f 1029 1079 1080
f 929 1029 1030
f 929 1030 930
f 979 980 1080
f 979 1080 1079
f 1030 1081 1031
f 1030 1080 1081
f 930 1030 1031
f 930 1031 931
f 980 981 1081
f 980 1081 1080
f 1031 1082 1032
f 1031 1081 1082
f 931 1031 1032
f 931 1032 932
f 981 982 1082
f 981 1082 1081
f 1032 1083 1033
f 1032 1082 1083
f 932 1032 1033
f 932 1033 933
f 982 983 1083
f 982 1083 1082
f 1033 1084 1034
f 1033 1083 1084
f 933 1033 1034
f 933 1034 934
f 983 984 1084
f 983 1084 1083
f 1034 1085 1035
f 1034 1084 1085
f 934 1034 1035
f 934 1035 935
f 984 985 1085
f 984 1085 1084
f 1035 1086 1036
f 1035 1085 1086
f 935 1035 1036
f 935 1036 936
f 985 986 1086
f 985 1086 1085
f 1036 1087 1037
f 1036 1086 1087
f 936 1036 1037
f 936 1037 937
f 986 987 1087
f 986 1087 1086
f 1037 1088 1038
f 1037 1087 1088
f 937 1037 1038
f 937 1038 938
f 987 988 1088
f 987 1088 1087
f 1038 1089 1039
f 1038 1088 1089
f 938 1038 1039
f 938 1039 939
f 988 989 1089
f 988 1089 1088
f 1039 1090 1040
f 1039 1089 1090
f 939 1039 1040
f 939 1040 940
f 989 990 1090
f 989 1090 1089
f 1040 1091 1041
f 1040 1090 1091
f 940 1040 1041
f 940 1041 941
f 990 991 1091
f 990 1091 1090
f 1041 1092 1042
f 1041 1091 1092
f 941 1041 1042
f 941 1042 942
f 991 992 1092
f 991 1092 1091
f 1042 1093 1043
f 1042 1092 1093
f 942 1042 1043
f 942 1043 943
f 992 993 1093
f 992 1093 1092
f 1043 1094 1044
f 1043 1093 1094
f 943 1043 1044
f 943 1044 944
f 993 994 1094
f 993 1094 1093
f 1044 1095 1045
f 1044 1094 1095
f 944 1044 1045
f 944 1045 945
f 994 995 1095
f 994 1095 1094
f 1045 1096 1046
f 1045 1095 1096
f 945 1045 1046
f 945 1046 946
f 995 996 1096
f 995 1096 1095
f 1046 1097 1047
f 1046 1096 1097
f 946 1046 1047
f 946 1047 947
f 996 997 1097
f 996 1097 1096
f 1047 1098 1048
f 1047 1097 1098
f 947 1047 1048
f 947 1048 948
f 997 998 1098
f 997 1098 1097
f 1048 1099 1049
f 1048 1098 1099
f 948 1048 1049
f 948 1049 949
f 998 999 1099
f 998 1099 1098
f 1049 1100 1050
f 1049 1099 1100
f 949 1049 1050
f 949 1050 950
f 999 1000 1100
f 999 1100 1099
f 1050 1101 1051
f 1050 1100 1101
f 950 1050 1051
f 950 1051 951
f 1000 1001 1101
f 1000 1101 1100
f 1051 1102 1052
f 1051 1101 1102
f 951 1051 1052
f 951 1052 952
f 1001 1002 1102
f 1001 1102 1101
f 1052 1053 1003
f 1052 1102 1053
f 952 1052 1003
f 952 1003 903
f 1002 953 1053
f 1002 1053 1102
g trim_band_3
usemtl m_trim_band_3
v 25.0000 -35.3000 236.5000
v 29.6076 -34.9980 236.5000
v 34.1363 -34.0972 236.5000
v 38.5087 -32.6129 236.5000
v 42.6500 -30.5707 236.5000
v 46.4893 -28.0054 236.5000
v 49.9609 -24.9609 236.5000
v 53.0054 -21.4893 236.5000
v 55.5707 -17.6500 236.5000
v 57.6129 -13.5087 236.5000
v 59.0972 -9.1363 236.5000
v 59.9980 -4.6076 236.5000
v 60.3000 0.0000 236.5000
v 59.9980 4.6076 236.5000
v 59.0972 9.1363 236.5000
v 57.6129 13.5087 236.5000
v 55.5707 17.6500 236.5000
v 53.0054 21.4893 236.5000
v 49.9609 24.9609 236.5000
v 46.4893 28.0054 236.5000
v 42.6500 30.5707 236.5000
v 38.5087 32.6129 236.5000
v 34.1363 34.0972 236.5000
v 29.6076 34.9980 236.5000
v 25.0000 35.3000 236.5000
v -25.0000 35.3000 236.5000
v -29.6076 34.9980 236.5000
v -34.1363 34.0972 236.5000
v -38.5087 32.6129 236.5000
v -42.6500 30.5707 236.5000
v -46.4893 28.0054 236.5000
v -49.9609 24.9609 236.5000
v -53.0054 21.4893 236.5000
v -55.5707 17.6500 236.5000
v -57.6129 13.5087 236.5000
v -59.0972 9.1363 236.5000
v -59.9980 4.6076 236.5000
v -60.3000 0.0000 236.5000
v -59.9980 -4.6076 236.5000
v -59.0972 -9.1363 236.5000
v -57.6129 -13.5087 236.5000
v -55.5707 -17.6500 236.5000
v -53.0054 -21.4893 236.5000
v -49.9609 -24.9609 236.5000
v -46.4893 -28.0054 236.5000
v -42.6500 -30.5707 236.5000
v -38.5087 -32.6129 236.5000
v -34.1363 -34.0972 236.5000
v -29.6076 -34.9980 236.5000
v -25.0000 -35.3000 236.5000
v 25.0000 -35.3000 239.5000
v 29.6076 -34.9980 239.5000
v 34.1363 -34.0972 239.5000
v 38.5087 -32.6129 239.5000
v 42.6500 -30.5707 239.5000
v 46.4893 -28.0054 239.5000
v 49.9609 -24.9609 239.5000
v 53.0054 -21.4893 239.5000
v 55.5707 -17.6500 239.5000
v 57.6129 -13.5087 239.5000
v 59.0972 -9.1363 239.5000
v 59.9980 -4.6076 239.5000
v 60.3000 0.0000 239.5000
v 59.9980 4.6076 239.5000
v 59.0972 9.1363 239.5000
v 57.6129 13.5087 239.5000
v 55.5707 17.6500 239.5000
v 53.0054 21.4893 239.5000
v 49.9609 24.9609 239.5000
v 46.4893 28.0054 239.5000
v 42.6500 30.5707 239.5000
v 38.5087 32.6129 239.5000
v 34.1363 34.0972 239.5000
v 29.6076 34.9980 239.5000
v 25.0000 35.3000 239.5000
v -25.0000 35.3000 239.5000
v -29.6076 34.9980 239.5000
v -34.1363 34.0972 239.5000
v -38.5087 32.6129 239.5000
v -42.6500 30.5707 239.5000
v -46.4893 28.0054 239.5000
v -49.9609 24.9609 239.5000
v -53.0054 21.4893 239.5000
v -55.5707 17.6500 239.5000
v -57.6129 13.5087 239.5000
v -59.0972 9.1363 239.5000
v -59.9980 4.6076 239.5000
v -60.3000 0.0000 239.5000
v -59.9980 -4.6076 239.5000
v -59.0972 -9.1363 239.5000
v -57.6129 -13.5087 239.5000
v -55.5707 -17.6500 239.5000
v -53.0054 -21.4893 239.5000
v -49.9609 -24.9609 239.5000
v -46.4893 -28.0054 239.5000
v -42.6500 -30.5707 239.5000
v -38.5087 -32.6129 239.5000
v -34.1363 -34.0972 239.5000
v -29.6076 -34.9980 239.5000
v -25.0000 -35.3000 239.5000
v 25.0000 -34.1000 236.5000
v 29.4509 -33.8083 236.5000
v 33.8257 -32.9381 236.5000
v 38.0495 -31.5043 236.5000
v 42.0500 -29.5315 236.5000
v 45.7588 -27.0533 236.5000
v 49.1123 -24.1123 236.5000
v 52.0533 -20.7588 236.5000
v 54.5315 -17.0500 236.5000
v 56.5043 -13.0495 236.5000
v 57.9381 -8.8257 236.5000
v 58.8083 -4.4509 236.5000
v 59.1000 0.0000 236.5000
v 58.8083 4.4509 236.5000
v 57.9381 8.8257 236.5000
v 56.5043 13.0495 236.5000
v 54.5315 17.0500 236.5000
v 52.0533 20.7588 236.5000
v 49.1123 24.1123 236.5000
v 45.7588 27.0533 236.5000
v 42.0500 29.5315 236.5000
v 38.0495 31.5043 236.5000
v 33.8257 32.9381 236.5000
v 29.4509 33.8083 236.5000
v 25.0000 34.1000 236.5000
v -25.0000 34.1000 236.5000
v -29.4509 33.8083 236.5000
v -33.8257 32.9381 236.5000
v -38.0495 31.5043 236.5000
v -42.0500 29.5315 236.5000
v -45.7588 27.0533 236.5000
v -49.1123 24.1123 236.5000
v -52.0533 20.7588 236.5000
v -54.5315 17.0500 236.5000
v -56.5043 13.0495 236.5000
v -57.9381 8.8257 236.5000
v -58.8083 4.4509 236.5000
v -59.1000 0.0000 236.5000
v -58.8083 -4.4509 236.5000
v -57.9381 -8.8257 236.5000
v -56.5043 -13.0495 236.5000
v -54.5315 -17.0500 236.5000
v -52.0533 -20.7588 236.5000
v -49.1123 -24.1123 236.5000
v -45.7588 -27.0533 236.5000
v -42.0500 -29.5315 236.5000
v -38.0495 -31.5043 236.5000
v -33.8257 -32.9381 236.5000
v -29.4509 -33.8083 236.5000
v -25.0000 -34.1000 236.5000
v 25.0000 -34.1000 239.5000
v 29.4509 -33.8083 239.5000
v 33.8257 -32.9381 239.5000
v 38.0495 -31.5043 239.5000
v 42.0500 -29.5315 239.5000
v 45.7588 -27.0533 239.5000
v 49.1123 -24.1123 239.5000
v 52.0533 -20.7588 239.5000
v 54.5315 -17.0500 239.5000
v 56.5043 -13.0495 239.5000
v 57.9381 -8.8257 239.5000
v 58.8083 -4.4509 239.5000
v 59.1000 0.0000 239.5000
v 58.8083 4.4509 239.5000
v 57.9381 8.8257 239.5000
v 56.5043 13.0495 239.5000
v 54.5315 17.0500 239.5000
v 52.0533 20.7588 239.5000
v 49.1123 24.1123 239.5000
v 45.7588 27.0533 239.5000
v 42.0500 29.5315 239.5000
v 38.0495 31.5043 239.5000
v 33.8257 32.9381 239.5000
v 29.4509 33.8083 239.5000
v 25.0000 34.1000 239.5000
v -25.0000 34.1000 239.5000
v -29.4509 33.8083 239.5000
v -33.8257 32.9381 239.5000
v -38.0495 31.5043 239.5000
v -42.0500 29.5315 239.5000
v -45.7588 27.0533 239.5000
v -49.1123 24.1123 239.5000
v -52.0533 20.7588 239.5000
v -54.5315 17.0500 239.5000
v -56.5043 13.0495 239.5000
v -57.9381 8.8257 239.5000
v -58.8083 4.4509 239.5000
v -59.1000 0.0000 239.5000
v -58.8083 -4.4509 239.5000
v -57.9381 -8.8257 239.5000
v -56.5043 -13.0495 239.5000
v -54.5315 -17.0500 239.5000
v -52.0533 -20.7588 239.5000
v -49.1123 -24.1123 239.5000
v -45.7588 -27.0533 239.5000
v -42.0500 -29.5315 239.5000
v -38.0495 -31.5043 239.5000
v -33.8257 -32.9381 239.5000
v -29.4509 -33.8083 239.5000
v -25.0000 -34.1000 239.5000
f 1103 1104 1154
f 1103 1154 1153
f 1104 1105 1155
f 1104 1155 1154
f 1105 1106 1156
f 1105 1156 1155
f 1106 1107 1157
f 1106 1157 1156
f 1107 1108 1158
f 1107 1158 1157
f 1108 1109 1159
f 1108 1159 1158
f 1109 1110 1160
f 1109 1160 1159
f 1110 1111 1161
f 1110 1161 1160
f 1111 1112 1162
f 1111 1162 1161
f 1112 1113 1163
f 1112 1163 1162
f 1113 1114 1164
f 1113 1164 1163
f 1114 1115 1165
f 1114 1165 1164
f 1115 1116 1166
f 1115 1166 1165
f 1116 1117 1167
f 1116 1167 1166
f 1117 1118 1168
f 1117 1168 1167
f 1118 1119 1169
f 1118 1169 1168
f 1119 1120 1170
f 1119 1170 1169
f 1120 1121 1171
f 1120 1171 1170
f 1121 1122 1172
f 1121 1172 1171
f 1122 1123 1173
f 1122 1173 1172
f 1123 1124 1174
f 1123 1174 1173
f 1124 1125 1175
f 1124 1175 1174
f 1125 1126 1176
f 1125 1176 1175
f 1126 1127 1177
f 1126 1177 1176
f 1127 1128 1178
f 1127 1178 1177
f 1128 1129 1179
f 1128 1179 1178
f 1129 1130 1180
f 1129 1180 1179
f 1130 1131 1181
f 1130 1181 1180
f 1131 1132 1182
f 1131 1182 1181
f 1132 1133 1183
f 1132 1183 1182
f 1133 1134 1184
f 1133 1184 1183
f 1134 1135 1185
f 1134 1185 1184
f 1135 1136 1186
f 1135 1186 1185
f 1136 1137 1187
f 1136 1187 1186
f 1137 1138 1188
f 1137 1188 1187
f 1138 1139 1189
f 1138 1189 1188
f 1139 1140 1190
f 1139 1190 1189
f 1140 1141 1191
f 1140 1191 1190
f 1141 1142 1192
f 1141 1192 1191
f 1142 1143 1193
f 1142 1193 1192
f 1143 1144 1194
f 1143 1194 1193
f 1144 1145 1195
f 1144 1195 1194
f 1145 1146 1196
f 1145 1196 1195
f 1146 1147 1197
f 1146 1197 1196
f 1147 1148 1198
f 1147 1198 1197
f 1148 1149 1199
f 1148 1199 1198
f 1149 1150 1200
f 1149 1200 1199
f 1150 1151 1201
f 1150 1201 1200
f 1151 1152 1202
f 1151 1202 1201
f 1152 1103 1153
f 1152 1153 1202
f 1203 1254 1204
f 1203 1253 1254
f 1103 1203 1204
f 1103 1204 1104
f 1153 1154 1254
f 1153 1254 1253
f 1204 1255 1205
f 1204 1254 1255
f 1104 1204 1205
f 1104 1205 1105
f 1154 1155 1255
f 1154 1255 1254
f 1205 1256 1206
f 1205 1255 1256
f 1105 1205 1206
f 1105 1206 1106
f 1155 1156 1256
f 1155 1256 1255
f 1206 1257 1207
f 1206 1256 1257
f 1106 1206 1207
f 1106 1207 1107
f 1156 1157 1257
f 1156 1257 1256
f 1207 1258 1208
f 1207 1257 1258
f 1107 1207 1208
f 1107 1208 1108
f 1157 1158 1258
f 1157 1258 1257
f 1208 1259 1209
f 1208 1258 1259
f 1108 1208 1209
f 1108 1209 1109
f 1158 1159 1259
f 1158 1259 1258
f 1209 1260 1210
f 1209 1259 1260
f 1109 1209 1210
f 1109 1210 1110
f 1159 1160 1260
f 1159 1260 1259
f 1210 1261 1211
f 1210 1260 1261
f 1110 1210 1211
f 1110 1211 1111
f 1160 1161 1261
f 1160 1261 1260
f 1211 1262 1212
f 1211 1261 1262
f 1111 1211 1212
f 1111 1212 1112
f 1161 1162 1262
f 1161 1262 1261
f 1212 1263 1213
f 1212 1262 1263
f 1112 1212 1213
f 1112 1213 1113
f 1162 1163 1263
f 1162 1263 1262
f 1213 1264 1214
f 1213 1263 1264
f 1113 1213 1214
f 1113 1214 1114
f 1163 1164 1264
f 1163 1264 1263
f 1214 1265 1215
f 1214 1264 1265
f 1114 1214 1215
f 1114 1215 1115
f 1164 1165 1265
f 1164 1265 1264
f 1215 1266 1216
f 1215 1265 1266
f 1115 1215 1216
f 1115 1216 1116
f 1165 1166 1266
f 1165 1266 1265
f 1216 1267 1217
f 1216 1266 1267
f 1116 1216 1217
f 1116 1217 1117
f 1166 1167 1267
f 1166 1267 1266
f 1217 1268 1218
f 1217 1267 1268
f 1117 1217 1218
f 1117 1218 1118
f 1167 1168 1268
f 1167 1268 1267
f 1218 1269 1219
f 1218 1268 1269
f 1118 1218 1219
f 1118 1219 1119
f 1168 1169 1269
f 1168 1269 1268
f 1219 1270 1220
f 1219 1269 1270
f 1119 1219 1220
f 1119 1220 1120
f 1169 1170 1270
f 1169 1270 1269
f 1220 1271 1221
f 1220 1270 1271
f 1120 1220 1221
f 1120 1221 1121
f 1170 1171 1271
f 1170 1271 1270
f 1221 1272 1222
f 1221 1271 1272
f 1121 1221 1222
f 1121 1222 1122
f 1171 1172 1272
f 1171 1272 1271
f 1222 1273 1223
f 1222 1272 1273
f 1122 1222 1223
f 1122 1223 1123
f 1172 1173 1273
f 1172 1273 1272
f 1223 1274 1224
f 1223 1273 1274
f 1123 1223 1224
f 1123 1224 1124
f 1173 1174 1274
f 1173 1274 1273
f 1224 1275 1225
f 1224 1274 1275
f 1124 1224 1225
f 1124 1225 1125
f 1174 1175 1275
f 1174 1275 1274
f 1225 1276 1226
f 1225 1275 1276
f 1125 1225 1226
f 1125 1226 1126
f 1175 1176 1276
f 1175 1276 1275
f 1226 1277 1227
f 1226 1276 1277
f 1126 1226 1227
f 1126 1227 1127
f 1176 1177 1277
f 1176 1277 1276
f 1227 1278 1228
f 1227 1277 1278
f 1127 1227 1228
f 1127 1228 1128
f 1177 1178 1278
f 1177 1278 1277
f 1228 1279 1229
f 1228 1278 1279
f 1128 1228 1229
f 1128 1229 1129
f 1178 1179 1279
f 1178 1279 1278
f 1229 1280 1230
f 1229 1279 1280
f 1129 1229 1230
f 1129 1230 1130
f 1179 1180 1280
f 1179 1280 1279
f 1230 1281 1231
f 1230 1280 1281
f 1130 1230 1231
f 1130 1231 1131
f 1180 1181 1281
f 1180 1281 1280
f 1231 1282 1232
f 1231 1281 1282
f 1131 1231 1232
f 1131 1232 1132
f 1181 1182 1282
f 1181 1282 1281
f 1232 1283 1233
f 1232 1282 1283
f 1132 1232 1233
f 1132 1233 1133
f 1182 1183 1283
f 1182 1283 1282
f 1233 1284 1234
f 1233 1283 1284
f 1133 1233 1234
f 1133 1234 1134
f 1183 1184 1284
f 1183 1284 1283
f 1234 1285 1235
f 1234 1284 1285
f 1134 1234 1235
f 1134 1235 1135
f 1184 1185 1285
f 1184 1285 1284
f 1235 1286 1236
f 1235 1285 1286
f 1135 1235 1236
f 1135 1236 1136
f 1185 1186 1286
f 1185 1286 1285
f 1236 1287 1237
f 1236 1286 1287
f 1136 1236 1237
f 1136 1237 1137
f 1186 1187 1287
f 1186 1287 1286
f 1237 1288 1238
f 1237 1287 1288
f 1137 1237 1238
f 1137 1238 1138
f 1187 1188 1288
f 1187 1288 1287
f 1238 1289 1239
f 1238 1288 1289
f 1138 1238 1239
f 1138 1239 1139
f 1188 1189 1289
f 1188 1289 1288
f 1239 1290 1240
f 1239 1289 1290
f 1139 1239 1240
f 1139 1240 1140
f 1189 1190 1290
f 1189 1290 1289
f 1240 1291 1241
f 1240 1290 1291
f 1140 1240 1241
f 1140 1241 1141
f 1190 1191 1291
f 1190 1291 1290
f 1241 1292 1242
f 1241 1291 1292
f 1141 1241 1242
f 1141 1242 1142
f 1191 1192 1292
f 1191 1292 1291
f 1242 1293 1243
f 1242 1292 1293
f 1142 1242 1243
f 1142 1243 1143
f 1192 1193 1293
f 1192 1293 1292
f 1243 1294 1244
f 1243 1293 1294
f 1143 1243 1244
f 1143 1244 1144
f 1193 1194 1294
f 1193 1294 1293
f 1244 1295 1245
f 1244 1294 1295
f 1144 1244 1245
f 1144 1245 1145
f 1194 1195 1295
f 1194 1295 1294
f 1245 1296 1246
f 1245 1295 1296
f 1145 1245 1246
f 1145 1246 1146
f 1195 1196 1296
f 1195 1296 1295
f 1246 1297 1247
f 1246 1296 1297
f 1146 1246 1247
f 1146 1247 1147
f 1196 1197 1297
f 1196 1297 1296
f 1247 1298 1248
f 1247 1297 1298
f 1147 1247 1248
f 1147 1248 1148
f 1197 1198 1298
f 1197 1298 1297
f 1248 1299 1249
f 1248 1298 1299
f 1148 1248 1249
f 1148 1249 1149
f 1198 1199 1299
f 1198 1299 1298
f 1249 1300 1250
f 1249 1299 1300
f 1149 1249 1250
f 1149 1250 1150
f 1199 1200 1300
f 1199 1300 1299
f 1250 1301 1251
f 1250 1300 1301
f 1150 1250 1251
f 1150 1251 1151
f 1200 1201 1301
f 1200 1301 1300
f 1251 1302 1252
f 1251 1301 1302
f 1151 1251 1252
f 1151 1252 1152
f 1201 1202 1302
f 1201 1302 1301
f 1252 1253 1203
f 1252 1302 1253
f 1152 1252 1203
f 1152 1203 1103
f 1202 1153 1253
f 1202 1253 1302
g lid
usemtl m_lid
v 25.0000 -34.5000 238.0000
v 29.5032 -34.2048 238.0000
v 33.9293 -33.3244 238.0000
v 38.2026 -31.8738 238.0000
v 42.2500 -29.8779 238.0000
v 46.0023 -27.3707 238.0000
v 49.3952 -24.3952 238.0000
v 52.3707 -21.0023 238.0000
v 54.8779 -17.2500 238.0000
v 56.8738 -13.2026 238.0000
v 58.3244 -8.9293 238.0000
v 59.2048 -4.5032 238.0000
v 59.5000 0.0000 238.0000
v 59.2048 4.5032 238.0000
v 58.3244 8.9293 238.0000
v 56.8738 13.2026 238.0000
v 54.8779 17.2500 238.0000
v 52.3707 21.0023 238.0000
v 49.3952 24.3952 238.0000
v 46.0023 27.3707 238.0000
v 42.2500 29.8779 238.0000
v 38.2026 31.8738 238.0000
v 33.9293 33.3244 238.0000
v 29.5032 34.2048 238.0000
v 25.0000 34.5000 238.0000
v -25.0000 34.5000 238.0000
v -29.5032 34.2048 238.0000
v -33.9293 33.3244 238.0000
v -38.2026 31.8738 238.0000
v -42.2500 29.8779 238.0000
v -46.0023 27.3707 238.0000
v -49.3952 24.3952 238.0000
v -52.3707 21.0023 238.0000
v -54.8779 17.2500 238.0000
v -56.8738 13.2026 238.0000
v -58.3244 8.9293 238.0000
v -59.2048 4.5032 238.0000
v -59.5000 0.0000 238.0000
v -59.2048 -4.5032 238.0000
v -58.3244 -8.9293 238.0000
v -56.8738 -13.2026 238.0000
v -54.8779 -17.2500 238.0000
v -52.3707 -21.0023 238.0000
v -49.3952 -24.3952 238.0000
v -46.0023 -27.3707 238.0000
v -42.2500 -29.8779 238.0000
v -38.2026 -31.8738 238.0000
v -33.9293 -33.3244 238.0000
v -29.5032 -34.2048 238.0000
v -25.0000 -34.5000 238.0000
v 25.0000 -34.5000 246.0000
v 29.5032 -34.2048 246.0000
v 33.9293 -33.3244 246.0000
v 38.2026 -31.8738 246.0000
v 42.2500 -29.8779 246.0000
v 46.0023 -27.3707 246.0000
v 49.3952 -24.3952 246.0000
v 52.3707 -21.0023 246.0000
v 54.8779 -17.2500 246.0000
v 56.8738 -13.2026 246.0000
v 58.3244 -8.9293 246.0000
v 59.2048 -4.5032 246.0000
v 59.5000 0.0000 246.0000
v 59.2048 4.5032 246.0000
v 58.3244 8.9293 246.0000
v 56.8738 13.2026 246.0000
v 54.8779 17.2500 246.0000
v 52.3707 21.0023 246.0000
v 49.3952 24.3952 246.0000
v 46.0023 27.3707 246.0000
v 42.2500 29.8779 246.0000
v 38.2026 31.8738 246.0000
v 33.9293 33.3244 246.0000
v 29.5032 34.2048 246.0000
v 25.0000 34.5000 246.0000
v -25.0000 34.5000 246.0000
v -29.5032 34.2048 246.0000
v -33.9293 33.3244 246.0000
v -38.2026 31.8738 246.0000
v -42.2500 29.8779 246.0000
v -46.0023 27.3707 246.0000
v -49.3952 24.3952 246.0000
v -52.3707 21.0023 246.0000
v -54.8779 17.2500 246.0000
v -56.8738 13.2026 246.0000
v -58.3244 8.9293 246.0000
v -59.2048 4.5032 246.0000
v -59.5000 0.0000 246.0000
v -59.2048 -4.5032 246.0000
v -58.3244 -8.9293 246.0000
v -56.8738 -13.2026 246.0000
v -54.8779 -17.2500 246.0000
v -52.3707 -21.0023 246.0000
v -49.3952 -24.3952 246.0000
v -46.0023 -27.3707 246.0000
v -42.2500 -29.8779 246.0000
v -38.2026 -31.8738 246.0000
v -33.9293 -33.3244 246.0000
v -29.5032 -34.2048 246.0000
v -25.0000 -34.5000 246.0000
v 0.0000 0.0000 238.0000
v 0.0000 0.0000 246.0000
f 1303 1304 1354
f 1303 1354 1353
f 1304 1305 1355
f 1304 1355 1354
f 1305 1306 1356
f 1305 1356 1355
f 1306 1307 1357
f 1306 1357 1356
f 1307 1308 1358
f 1307 1358 1357
f 1308 1309 1359
f 1308 1359 1358
f 1309 1310 1360
f 1309 1360 1359
f 1310 1311 1361
f 1310 1361 1360
f 1311 1312 1362
f 1311 1362 1361
f 1312 1313 1363
f 1312 1363 1362
f 1313 1314 1364
f 1313 1364 1363
f 1314 1315 1365
f 1314 1365 1364
f 1315 1316 1366
f 1315 1366 1365
f 1316 1317 1367
f 1316 1367 1366
f 1317 1318 1368
f 1317 1368 1367
f 1318 1319 1369
f 1318 1369 1368
f 1319 1320 1370
f 1319 1370 1369
f 1320 1321 1371
f 1320 1371 1370
f 1321 1322 1372
f 1321 1372 1371
f 1322 1323 1373
f 1322 1373 1372
f 1323 1324 1374
f 1323 1374 1373
f 1324 1325 1375
f 1324 1375 1374
f 1325 1326 1376
f 1325 1376 1375
f 1326 1327 1377
f 1326 1377 1376
f 1327 1328 1378
f 1327 1378 1377
f 1328 1329 1379
f 1328 1379 1378
f 1329 1330 1380
f 1329 1380 1379
f 1330 1331 1381
f 1330 1381 1380
f 1331 1332 1382
f 1331 1382 1381
f 1332 1333 1383
f 1332 1383 1382
f 1333 1334 1384
f 1333 1384 1383
f 1334 1335 1385
f 1334 1385 1384
f 1335 1336 1386
f 1335 1386 1385
f 1336 1337 1387
f 1336 1387 1386
f 1337 1338 1388
f 1337 1388 1387
f 1338 1339 1389
f 1338 1389 1388
f 1339 1340 1390
f 1339 1390 1389
f 1340 1341 1391
f 1340 1391 1390
f 1341 1342 1392
f 1341 1392 1391
f 1342 1343 1393
f 1342 1393 1392
f 1343 1344 1394
f 1343 1394 1393
f 1344 1345 1395
f 1344 1395 1394
f 1345 1346 1396
f 1345 1396 1395
f 1346 1347 1397
f 1346 1397 1396
f 1347 1348 1398
f 1347 1398 1397
f 1348 1349 1399
f 1348 1399 1398
f 1349 1350 1400
f 1349 1400 1399
f 1350 1351 1401
f 1350 1401 1400
f 1351 1352 1402
f 1351 1402 1401
f 1352 1303 1353
f 1352 1353 1402
f 1403 1304 1303
f 1404 1353 1354
f 1403 1305 1304
f 1404 1354 1355
f 1403 1306 1305
f 1404 1355 1356
f 1403 1307 1306
f 1404 1356 1357
f 1403 1308 1307
f 1404 1357 1358
f 1403 1309 1308
f 1404 1358 1359
f 1403 1310 1309
f 1404 1359 1360
f 1403 1311 1310
f 1404 1360 1361
f 1403 1312 1311
f 1404 1361 1362
f 1403 1313 1312
f 1404 1362 1363
f 1403 1314 1313
f 1404 1363 1364
f 1403 1315 1314
f 1404 1364 1365
f 1403 1316 1315
f 1404 1365 1366
f 1403 1317 1316
f 1404 1366 1367
f 1403 1318 1317
f 1404 1367 1368
f 1403 1319 1318
f 1404 1368 1369
f 1403 1320 1319
f 1404 1369 1370
f 1403 1321 1320
f 1404 1370 1371
f 1403 1322 1321
f 1404 1371 1372
f 1403 1323 1322
f 1404 1372 1373
f 1403 1324 1323
f 1404 1373 1374
f 1403 1325 1324
f 1404 1374 1375
f 1403 1326 1325
f 1404 1375 1376
f 1403 1327 1326
f 1404 1376 1377
f 1403 1328 1327
f 1404 1377 1378
f 1403 1329 1328
f 1404 1378 1379
f 1403 1330 1329
f 1404 1379 1380
f 1403 1331 1330
f 1404 1380 1381
f 1403 1332 1331
f 1404 1381 1382
f 1403 1333 1332
f 1404 1382 1383
f 1403 1334 1333
f 1404 1383 1384
f 1403 1335 1334
f 1404 1384 1385
f 1403 1336 1335
f 1404 1385 1386
f 1403 1337 1336
f 1404 1386 1387
f 1403 1338 1337
f 1404 1387 1388
f 1403 1339 1338
f 1404 1388 1389
f 1403 1340 1339
f 1404 1389 1390
f 1403 1341 1340
f 1404 1390 1391
f 1403 1342 1341
f 1404 1391 1392
f 1403 1343 1342
f 1404 1392 1393
f 1403 1344 1343
f 1404 1393 1394
f 1403 1345 1344
f 1404 1394 1395
f 1403 1346 1345
f 1404 1395 1396
f 1403 1347 1346
f 1404 1396 1397
f 1403 1348 1347
f 1404 1397 1398
f 1403 1349 1348
f 1404 1398 1399
f 1403 1350 1349
f 1404 1399 1400
f 1403 1351 1350
f 1404 1400 1401
f 1403 1352 1351
f 1404 1401 1402
f 1403 1303 1352
f 1404 1402 1353
g lid_cap
usemtl m_lid_cap
v 25.0000 -32.0000 246.0000
v 29.1768 -31.7262 246.0000
v 33.2822 -30.9096 246.0000
v 37.2459 -29.5641 246.0000
v 41.0000 -27.7128 246.0000
v 44.4804 -25.3873 246.0000
v 47.6274 -22.6274 246.0000
v 50.3873 -19.4804 246.0000
v 52.7128 -16.0000 246.0000
v 54.5641 -12.2459 246.0000
v 55.9096 -8.2822 246.0000
v 56.7262 -4.1768 246.0000
v 57.0000 0.0000 246.0000
v 56.7262 4.1768 246.0000
v 55.9096 8.2822 246.0000
v 54.5641 12.2459 246.0000
v 52.7128 16.0000 246.0000
v 50.3873 19.4804 246.0000
v 47.6274 22.6274 246.0000
v 44.4804 25.3873 246.0000
v 41.0000 27.7128 246.0000
v 37.2459 29.5641 246.0000
v 33.2822 30.9096 246.0000
v 29.1768 31.7262 246.0000
v 25.0000 32.0000 246.0000
v -25.0000 32.0000 246.0000
v -29.1768 31.7262 246.0000
v -33.2822 30.9096 246.0000
v -37.2459 29.5641 246.0000
v -41.0000 27.7128 246.0000
v -44.4804 25.3873 246.0000
v -47.6274 22.6274 246.0000
v -50.3873 19.4804 246.0000
v -52.7128 16.0000 246.0000
v -54.5641 12.2459 246.0000
v -55.9096 8.2822 246.0000
v -56.7262 4.1768 246.0000
v -57.0000 0.0000 246.0000
v -56.7262 -4.1768 246.0000
v -55.9096 -8.2822 246.0000
v -54.5641 -12.2459 246.0000
v -52.7128 -16.0000 246.0000
v -50.3873 -19.4804 246.0000
v -47.6274 -22.6274 246.0000
v -44.4804 -25.3873 246.0000
v -41.0000 -27.7128 246.0000
v -37.2459 -29.5641 246.0000
v -33.2822 -30.9096 246.0000
v -29.1768 -31.7262 246.0000
v -25.0000 -32.0000 246.0000
v 25.0000 -32.0000 250.0000
v 29.1768 -31.7262 250.0000
v 33.2822 -30.9096 250.0000
v 37.2459 -29.5641 250.0000
v 41.0000 -27.7128 250.0000
v 44.4804 -25.3873 250.0000
v 47.6274 -22.6274 250.0000
v 50.3873 -19.4804 250.0000
v 52.7128 -16.0000 250.0000
v 54.5641 -12.2459 250.0000
v 55.9096 -8.2822 250.0000
v 56.7262 -4.1768 250.0000
v 57.0000 0.0000 250.0000
v 56.7262 4.1768 250.0000
v 55.9096 8.2822 250.0000
v 54.5641 12.2459 250.0000
v 52.7128 16.0000 250.0000
v 50.3873 19.4804 250.0000
v 47.6274 22.6274 250.0000
v 44.4804 25.3873 250.0000
v 41.0000 27.7128 250.0000
v 37.2459 29.5641 250.0000
v 33.2822 30.9096 250.0000
v 29.1768 31.7262 250.0000
v 25.0000 32.0000 250.0000
v -25.0000 32.0000 250.0000
v -29.1768 31.7262 250.0000
v -33.2822 30.9096 250.0000
v -37.2459 29.5641 250.0000
v -41.0000 27.7128 250.0000
v -44.4804 25.3873 250.0000
v -47.6274 22.6274 250.0000
v -50.3873 19.4804 250.0000
v -52.7128 16.0000 250.0000
v -54.5641 12.2459 250.0000
v -55.9096 8.2822 250.0000
v -56.7262 4.1768 250.0000
v -57.0000 0.0000 250.0000
v -56.7262 -4.1768 250.0000
v -55.9096 -8.2822 250.0000
v -54.5641 -12.2459 250.0000
v -52.7128 -16.0000 250.0000
v -50.3873 -19.4804 250.0000
v -47.6274 -22.6274 250.0000
v -44.4804 -25.3873 250.0000
v -41.0000 -27.7128 250.0000
v -37.2459 -29.5641 250.0000
v -33.2822 -30.9096 250.0000
v -29.1768 -31.7262 250.0000
v -25.0000 -32.0000 250.0000
v 0.0000 0.0000 246.0000
v 0.0000 0.0000 250.0000
f 1405 1406 1456
f 1405 1456 1455
f 1406 1407 1457
f 1406 1457 1456
f 1407 1408 1458
f 1407 1458 1457
f 1408 1409 1459
f 1408 1459 1458
f 1409 1410 1460
f 1409 1460 1459
f 1410 1411 1461
f 1410 1461 1460
f 1411 1412 1462
f 1411 1462 1461
f 1412 1413 1463
f 1412 1463 1462
f 1413 1414 1464
f 1413 1464 1463
f 1414 1415 1465
f 1414 1465 1464
f 1415 1416 1466
f 1415 1466 1465
f 1416 1417 1467
f 1416 1467 1466
f 1417 1418 1468
f 1417 1468 1467
f 1418 1419 1469
f 1418 1469 1468
f 1419 1420 1470
f 1419 1470 1469
f 1420 1421 1471
f 1420 1471 1470
f 1421 1422 1472
f 1421 1472 1471
f 1422 1423 1473
f 1422 1473 1472
f 1423 1424 1474
f 1423 1474 1473
f 1424 1425 1475
f 1424 1475 1474
f 1425 1426 1476
f 1425 1476 1475
f 1426 1427 1477
f 1426 1477 1476
f 1427 1428 1478
f 1427 1478 1477
f 1428 1429 1479
f 1428 1479 1478
f 1429 1430 1480
f 1429 1480 1479
f 1430 1431 1481
f 1430 1481 1480
f 1431 1432 1482
f 1431 1482 1481
f 1432 1433 1483
f 1432 1483 1482
f 1433 1434 1484
f 1433 1484 1483
f 1434 1435 1485
f 1434 1485 1484
f 1435 1436 1486
f 1435 1486 1485
f 1436 1437 1487
f 1436 1487 1486
f 1437 1438 1488
f 1437 1488 1487
f 1438 1439 1489
f 1438 1489 1488
f 1439 1440 1490
f 1439 1490 1489
f 1440 1441 1491
f 1440 1491 1490
f 1441 1442 1492
f 1441 1492 1491
f 1442 1443 1493
f 1442 1493 1492
f 1443 1444 1494
f 1443 1494 1493
f 1444 1445 1495
f 1444 1495 1494
f 1445 1446 1496
f 1445 1496 1495
f 1446 1447 1497
f 1446 1497 1496
f 1447 1448 1498
f 1447 1498 1497
f 1448 1449 1499
f 1448 1499 1498
f 1449 1450 1500
f 1449 1500 1499
f 1450 1451 1501
f 1450 1501 1500
f 1451 1452 1502
f 1451 1502 1501
f 1452 1453 1503
f 1452 1503 1502
f 1453 1454 1504
f 1453 1504 1503
f 1454 1405 1455
f 1454 1455 1504
f 1505 1406 1405
f 1506 1455 1456
f 1505 1407 1406
f 1506 1456 1457
f 1505 1408 1407
f 1506 1457 1458
f 1505 1409 1408
f 1506 1458 1459
f 1505 1410 1409
f 1506 1459 1460
f 1505 1411 1410
f 1506 1460 1461
f 1505 1412 1411
f 1506 1461 1462
f 1505 1413 1412
f 1506 1462 1463
f 1505 1414 1413
f 1506 1463 1464
f 1505 1415 1414
f 1506 1464 1465
f 1505 1416 1415
f 1506 1465 1466
f 1505 1417 1416
f 1506 1466 1467
f 1505 1418 1417
f 1506 1467 1468
f 1505 1419 1418
f 1506 1468 1469
f 1505 1420 1419
f 1506 1469 1470
f 1505 1421 1420
f 1506 1470 1471
f 1505 1422 1421
f 1506 1471 1472
f 1505 1423 1422
f 1506 1472 1473
f 1505 1424 1423
f 1506 1473 1474
f 1505 1425 1424
f 1506 1474 1475
f 1505 1426 1425
f 1506 1475 1476
f 1505 1427 1426
f 1506 1476 1477
f 1505 1428 1427
f 1506 1477 1478
f 1505 1429 1428
f 1506 1478 1479
f 1505 1430 1429
f 1506 1479 1480
f 1505 1431 1430
f 1506 1480 1481
f 1505 1432 1431
f 1506 1481 1482
f 1505 1433 1432
f 1506 1482 1483
f 1505 1434 1433
f 1506 1483 1484
f 1505 1435 1434
f 1506 1484 1485
f 1505 1436 1435
f 1506 1485 1486
f 1505 1437 1436
f 1506 1486 1487
f 1505 1438 1437
f 1506 1487 1488
f 1505 1439 1438
f 1506 1488 1489
f 1505 1440 1439
f 1506 1489 1490
f 1505 1441 1440
f 1506 1490 1491
f 1505 1442 1441
f 1506 1491 1492
f 1505 1443 1442
f 1506 1492 1493
f 1505 1444 1443
f 1506 1493 1494
f 1505 1445 1444
f 1506 1494 1495
f 1505 1446 1445
f 1506 1495 1496
f 1505 1447 1446
f 1506 1496 1497
f 1505 1448 1447
f 1506 1497 1498
f 1505 1449 1448
f 1506 1498 1499
f 1505 1450 1449
f 1506 1499 1500
f 1505 1451 1450
f 1506 1500 1501
f 1505 1452 1451
f 1506 1501 1502
f 1505 1453 1452
f 1506 1502 1503
f 1505 1454 1453
f 1506 1503 1504
f 1505 1405 1454
f 1506 1504 1455
g lid_ring
usemtl m_lid_ring
v 25.0000 -32.5000 245.5000
v 29.2421 -32.2220 245.5000
v 33.4116 -31.3926 245.5000
v 37.4372 -30.0261 245.5000
v 41.2500 -28.1458 245.5000
v 44.7847 -25.7840 245.5000
v 47.9810 -22.9810 245.5000
v 50.7840 -19.7847 245.5000
v 53.1458 -16.2500 245.5000
v 55.0261 -12.4372 245.5000
v 56.3926 -8.4116 245.5000
v 57.2220 -4.2421 245.5000
v 57.5000 0.0000 245.5000
v 57.2220 4.2421 245.5000
v 56.3926 8.4116 245.5000
v 55.0261 12.4372 245.5000
v 53.1458 16.2500 245.5000
v 50.7840 19.7847 245.5000
v 47.9810 22.9810 245.5000
v 44.7847 25.7840 245.5000
v 41.2500 28.1458 245.5000
v 37.4372 30.0261 245.5000
v 33.4116 31.3926 245.5000
v 29.2421 32.2220 245.5000
v 25.0000 32.5000 245.5000
v -25.0000 32.5000 245.5000
v -29.2421 32.2220 245.5000
v -33.4116 31.3926 245.5000
v -37.4372 30.0261 245.5000
v -41.2500 28.1458 245.5000
v -44.7847 25.7840 245.5000
v -47.9810 22.9810 245.5000
v -50.7840 19.7847 245.5000
v -53.1458 16.2500 245.5000
v -55.0261 12.4372 245.5000
v -56.3926 8.4116 245.5000
v -57.2220 4.2421 245.5000
v -57.5000 0.0000 245.5000
v -57.2220 -4.2421 245.5000
v -56.3926 -8.4116 245.5000
v -55.0261 -12.4372 245.5000
v -53.1458 -16.2500 245.5000
v -50.7840 -19.7847 245.5000
v -47.9810 -22.9810 245.5000
v -44.7847 -25.7840 245.5000
v -41.2500 -28.1458 245.5000
v -37.4372 -30.0261 245.5000
v -33.4116 -31.3926 245.5000
v -29.2421 -32.2220 245.5000
v -25.0000 -32.5000 245.5000
v 25.0000 -32.5000 246.5000
v 29.2421 -32.2220 246.5000
v 33.4116 -31.3926 246.5000
v 37.4372 -30.0261 246.5000
v 41.2500 -28.1458 246.5000
v 44.7847 -25.7840 246.5000
v 47.9810 -22.9810 246.5000
v 50.7840 -19.7847 246.5000
v 53.1458 -16.2500 246.5000
v 55.0261 -12.4372 246.5000
v 56.3926 -8.4116 246.5000
v 57.2220 -4.2421 246.5000
v 57.5000 0.0000 246.5000
v 57.2220 4.2421 246.5000
v 56.3926 8.4116 246.5000
v 55.0261 12.4372 246.5000
v 53.1458 16.2500 246.5000
v 50.7840 19.7847 246.5000
v 47.9810 22.9810 246.5000
v 44.7847 25.7840 246.5000
v 41.2500 28.1458 246.5000
v 37.4372 30.0261 246.5000
v 33.4116 31.3926 246.5000
v 29.2421 32.2220 246.5000
v 25.0000 32.5000 246.5000
v -25.0000 32.5000 246.5000
v -29.2421 32.2220 246.5000
v -33.4116 31.3926 246.5000
v -37.4372 30.0261 246.5000
v -41.2500 28.1458 246.5000
v -44.7847 25.7840 246.5000
v -47.9810 22.9810 246.5000
v -50.7840 19.7847 246.5000
v -53.1458 16.2500 246.5000
v -55.0261 12.4372 246.5000
v -56.3926 8.4116 246.5000
v -57.2220 4.2421 246.5000
v -57.5000 0.0000 246.5000
v -57.2220 -4.2421 246.5000
v -56.3926 -8.4116 246.5000
v -55.0261 -12.4372 246.5000
v -53.1458 -16.2500 246.5000
v -50.7840 -19.7847 246.5000
v -47.9810 -22.9810 246.5000
v -44.7847 -25.7840 246.5000
v -41.2500 -28.1458 246.5000
v -37.4372 -30.0261 246.5000
v -33.4116 -31.3926 246.5000
v -29.2421 -32.2220 246.5000
v -25.0000 -32.5000 246.5000
v 25.0000 -31.7000 245.5000
v 29.1377 -31.4288 245.5000
v 33.2046 -30.6198 245.5000
v 37.1311 -29.2870 245.5000
v 40.8500 -27.4530 245.5000
v 44.2977 -25.1493 245.5000
v 47.4153 -22.4153 245.5000
v 50.1493 -19.2977 245.5000
v 52.4530 -15.8500 245.5000
v 54.2870 -12.1311 245.5000
v 55.6198 -8.2046 245.5000
v 56.4288 -4.1377 245.5000
v 56.7000 0.0000 245.5000
v 56.4288 4.1377 245.5000
v 55.6198 8.2046 245.5000
v 54.2870 12.1311 245.5000
v 52.4530 15.8500 245.5000
v 50.1493 19.2977 245.5000
v 47.4153 22.4153 245.5000
v 44.2977 25.1493 245.5000
v 40.8500 27.4530 245.5000
v 37.1311 29.2870 245.5000
v 33.2046 30.6198 245.5000
v 29.1377 31.4288 245.5000
v 25.0000 31.7000 245.5000
v -25.0000 31.7000 245.5000
v -29.1377 31.4288 245.5000
v -33.2046 30.6198 245.5000
v -37.1311 29.2870 245.5000
v -40.8500 27.4530 245.5000
v -44.2977 25.1493 245.5000
v -47.4153 22.4153 245.5000
v -50.1493 19.2977 245.5000
v -52.4530 15.8500 245.5000
v -54.2870 12.1311 245.5000
v -55.6198 8.2046 245.5000
v -56.4288 4.1377 245.5000
v -56.7000 0.0000 245.5000
v -56.4288 -4.1377 245.5000
v -55.6198 -8.2046 245.5000
v -54.2870 -12.1311 245.5000
v -52.4530 -15.8500 245.5000
v -50.1493 -19.2977 245.5000
v -47.4153 -22.4153 245.5000
v -44.2977 -25.1493 245.5000
v -40.8500 -27.4530 245.5000
v -37.1311 -29.2870 245.5000
v -33.2046 -30.6198 245.5000
v -29.1377 -31.4288 245.5000
v -25.0000 -31.7000 245.5000
v 25.0000 -31.7000 246.5000
v 29.1377 -31.4288 246.5000
v 33.2046 -30.6198 246.5000
v 37.1311 -29.2870 246.5000
v 40.8500 -27.4530 246.5000
v 44.2977 -25.1493 246.5000
v 47.4153 -22.4153 246.5000
v 50.1493 -19.2977 246.5000
v 52.4530 -15.8500 246.5000
v 54.2870 -12.1311 246.5000
v 55.6198 -8.2046 246.5000
v 56.4288 -4.1377 246.5000
v 56.7000 0.0000 246.5000
v 56.4288 4.1377 246.5000
v 55.6198 8.2046 246.5000
v 54.2870 12.1311 246.5000
v 52.4530 15.8500 246.5000
v 50.1493 19.2977 246.5000
v 47.4153 22.4153 246.5000
v 44.2977 25.1493 246.5000
v 40.8500 27.4530 246.5000
v 37.1311 29.2870 246.5000
v 33.2046 30.6198 246.5000
v 29.1377 31.4288 246.5000
v 25.0000 31.7000 246.5000
v -25.0000 31.7000 246.5000
v -29.1377 31.4288 246.5000
v -33.2046 30.6198 246.5000
v -37.1311 29.2870 246.5000
v -40.8500 27.4530 246.5000
v -44.2977 25.1493 246.5000
v -47.4153 22.4153 246.5000
v -50.1493 19.2977 246.5000
v -52.4530 15.8500 246.5000
v -54.2870 12.1311 246.5000
v -55.6198 8.2046 246.5000
v -56.4288 4.1377 246.5000
v -56.7000 0.0000 246.5000
v -56.4288 -4.1377 246.5000
v -55.6198 -8.2046 246.5000
v -54.2870 -12.1311 246.5000
v -52.4530 -15.8500 246.5000
v -50.1493 -19.2977 246.5000
v -47.4153 -22.4153 246.5000
v -44.2977 -25.1493 246.5000
v -40.8500 -27.4530 246.5000
v -37.1311 -29.2870 246.5000
v -33.2046 -30.6198 246.5000
v -29.1377 -31.4288 246.5000
v -25.0000 -31.7000 246.5000
f 1507 1508 1558
f 1507 1558 1557
f 1508 1509 1559
f 1508 1559 1558
f 1509 1510 1560
f 1509 1560 1559
f 1510 1511 1561
f 1510 1561 1560
f 1511 1512 1562
f 1511 1562 1561
f 1512 1513 1563
f 1512 1563 1562
f 1513 1514 1564
f 1513 1564 1563
f 1514 1515 1565
f 1514 1565 1564
f 1515 1516 1566
f 1515 1566 1565
f 1516 1517 1567
f 1516 1567 1566
f 1517 1518 1568
f 1517 1568 1567
f 1518 1519 1569
f 1518 1569 1568
f 1519 1520 1570
f 1519 1570 1569
f 1520 1521 1571
f 1520 1571 1570
f 1521 1522 1572
f 1521 1572 1571
f 1522 1523 1573
f 1522 1573 1572
f 1523 1524 1574
f 1523 1574 1573
f 1524 1525 1575
f 1524 1575 1574
f 1525 1526 1576
f 1525 1576 1575
f 1526 1527 1577
f 1526 1577 1576
f 1527 1528 1578
f 1527 1578 1577
f 1528 1529 1579
f 1528 1579 1578
f 1529 1530 1580
f 1529 1580 1579
f 1530 1531 1581
f 1530 1581 1580
f 1531 1532 1582
f 1531 1582 1581
f 1532 1533 1583
f 1532 1583 1582
f 1533 1534 1584
f 1533 1584 1583
f 1534 1535 1585
f 1534 1585 1584
f 1535 1536 1586
f 1535 1586 1585
f 1536 1537 1587
f 1536 1587 1586
f 1537 1538 1588
f 1537 1588 1587
f 1538 1539 1589
f 1538 1589 1588
f 1539 1540 1590
f 1539 1590 1589
f 1540 1541 1591
f 1540 1591 1590
f 1541 1542 1592
f 1541 1592 1591
f 1542 1543 1593
f 1542 1593 1592
f 1543 1544 1594
f 1543 1594 1593
f 1544 1545 1595
f 1544 1595 1594
f 1545 1546 1596
f 1545 1596 1595
f 1546 1547 1597
f 1546 1597 1596
f 1547 1548 1598
f 1547 1598 1597
f 1548 1549 1599
f 1548 1599 1598
f 1549 1550 1600
f 1549 1600 1599
f 1550 1551 1601
f 1550 1601 1600
f 1551 1552 1602
f 1551 1602 1601
f 1552 1553 1603
f 1552 1603 1602
f 1553 1554 1604
f 1553 1604 1603
f 1554 1555 1605
f 1554 1605 1604
f 1555 1556 1606
f 1555 1606 1605
f 1556 1507 1557
f 1556 1557 1606
f 1607 1658 1608
f 1607 1657 1658
f 1507 1607 1608
f 1507 1608 1508
f 1557 1558 1658
f 1557 1658 1657
f 1608 1659 1609
f 1608 1658 1659
f 1508 1608 1609
f 1508 1609 1509
f 1558 1559 1659
f 1558 1659 1658
f 1609 1660 1610
f 1609 1659 1660
f 1509 1609 1610
f 1509 1610 1510
f 1559 1560 1660
f 1559 1660 1659
f 1610 1661 1611
f 1610 1660 1661
f 1510 1610 1611
f 1510 1611 1511
f 1560 1561 1661
f 1560 1661 1660
f 1611 1662 1612
f 1611 1661 1662
f 1511 1611 1612
f 1511 1612 1512
f 1561 1562 1662
f 1561 1662 1661
f 1612 1663 1613
f 1612 1662 1663
f 1512 1612 1613
f 1512 1613 1513
f 1562 1563 1663
f 1562 1663 1662
f 1613 1664 1614
f 1613 1663 1664
f 1513 1613 1614
f 1513 1614 1514
f 1563 1564 1664
f 1563 1664 1663
f 1614 1665 1615
f 1614 1664 1665
f 1514 1614 1615
f 1514 1615 1515
f 1564 1565 1665
f 1564 1665 1664
f 1615 1666 1616
f 1615 1665 1666
f 1515 1615 1616
f 1515 1616 1516
f 1565 1566 1666
f 1565 1666 1665
f 1616 1667 1617
f 1616 1666 1667
f 1516 1616 1617
f 1516 1617 1517
f 1566 1567 1667
f 1566 1667 1666
f 1617 1668 1618
f 1617 1667 1668
f 1517 1617 1618
f 1517 1618 1518
f 1567 1568 1668
f 1567 1668 1667
f 1618 1669 1619
f 1618 1668 1669
f 1518 1618 1619
f 1518 1619 1519
f 1568 1569 1669
f 1568 1669 1668
f 1619 1670 1620
f 1619 1669 1670
f 1519 1619 1620
f 1519 1620 1520
f 1569 1570 1670
f 1569 1670 1669
f 1620 1671 1621
f 1620 1670 1671
f 1520 1620 1621
f 1520 1621 1521
f 1570 1571 1671
f 1570 1671 1670
f 1621 1672 1622
f 1621 1671 1672
f 1521 1621 1622
f 1521 1622 1522
f 1571 1572 1672
f 1571 1672 1671
f 1622 1673 1623
f 1622 1672 1673
f 1522 1622 1623
f 1522 1623 1523
f 1572 1573 1673
f 1572 1673 1672
f 1623 1674 1624
f 1623 1673 1674
f 1523 1623 1624
f 1523 1624 1524
f 1573 1574 1674
f 1573 1674 1673
f 1624 1675 1625
f 1624 1674 1675
f 1524 1624 1625
f 1524 1625 1525
f 1574 1575 1675
f 1574 1675 1674
f 1625 1676 1626
f 1625 1675 1676
f 1525 1625 1626
f 1525 1626 1526
f 1575 1576 1676
f 1575 1676 1675
f 1626 1677 1627
f 1626 1676 1677
f 1526 1626 1627
f 1526 1627 1527
f 1576 1577 1677
f 1576 1677 1676
f 1627 1678 1628
f 1627 1677 1678
f 1527 1627 1628
f 1527 1628 1528
f 1577 1578 1678
f 1577 1678 1677
f 1628 1679 1629
f 1628 1678 1679
f 1528 1628 1629
f 1528 1629 1529
f 1578 1579 1679
f 1578 1679 1678
f 1629 1680 1630
f 1629 1679 1680
f 1529 1629 1630
f 1529 1630 1530
f 1579 1580 1680
f 1579 1680 1679
f 1630 1681 1631
f 1630 1680 1681
f 1530 1630 1631
f 1530 1631 1531
f 1580 1581 1681
f 1580 1681 1680
f 1631 1682 1632
f 1631 1681 1682
f 1531 1631 1632
f 1531 1632 1532
f 1581 1582 1682
f 1581 1682 1681
f 1632 1683 1633
f 1632 1682 1683
f 1532 1632 1633
f 1532 1633 1533
f 1582 1583 1683
f 1582 1683 1682
f 1633 1684 1634
f 1633 1683 1684
f 1533 1633 1634
f 1533 1634 1534
f 1583 1584 1684
f 1583 1684 1683
f 1634 1685 1635
f 1634 1684 1685
f 1534 1634 1635
f 1534 1635 1535
f 1584 1585 1685
f 1584 1685 1684
f 1635 1686 1636
f 1635 1685 1686
f 1535 1635 1636
f 1535 1636 1536
f 1585 1586 1686
f 1585 1686 1685
f 1636 1687 1637
f 1636 1686 1687
f 1536 1636 1637
f 1536 1637 1537
f 1586 1587 1687
f 1586 1687 1686
f 1637 1688 1638
f 1637 1687 1688
f 1537 1637 1638
f 1537 1638 1538
f 1587 1588 1688
f 1587 1688 1687
f 1638 1689 1639
f 1638 1688 1689
f 1538 1638 1639
f 1538 1639 1539
f 1588 1589 1689
f 1588 1689 1688
f 1639 1690 1640
f 1639 1689 1690
f 1539 1639 1640
f 1539 1640 1540
f 1589 1590 1690
f 1589 1690 1689
f 1640 1691 1641
f 1640 1690 1691
f 1540 1640 1641
f 1540 1641 1541
f 1590 1591 1691
f 1590 1691 1690
f 1641 1692 1642
f 1641 1691 1692
f 1541 1641 1642
f 1541 1642 1542
f 1591 1592 1692
f 1591 1692 1691
f 1642 1693 1643
f 1642 1692 1693
f 1542 1642 1643
f 1542 1643 1543
f 1592 1593 1693
f 1592 1693 1692
f 1643 1694 1644
f 1643 1693 1694
f 1543 1643 1644
f 1543 1644 1544
f 1593 1594 1694
f 1593 1694 1693
f 1644 1695 1645
f 1644 1694 1695
f 1544 1644 1645
f 1544 1645 1545
f 1594 1595 1695
f 1594 1695 1694
f 1645 1696 1646
f 1645 1695 1696
f 1545 1645 1646
f 1545 1646 1546
f 1595 1596 1696
f 1595 1696 1695
f 1646 1697 1647
f 1646 1696 1697
f 1546 1646 1647
f 1546 1647 1547
f 1596 1597 1697
f 1596 1697 1696
f 1647 1698 1648
f 1647 1697 1698
f 1547 1647 1648
f 1547 1648 1548
f 1597 1598 1698
f 1597 1698 1697
f 1648 1699 1649
f 1648 1698 1699
f 1548 1648 1649
f 1548 1649 1549
f 1598 1599 1699
f 1598 1699 1698
f 1649 1700 1650
f 1649 1699 1700
f 1549 1649 1650
f 1549 1650 1550
f 1599 1600 1700
f 1599 1700 1699
f 1650 1701 1651
f 1650 1700 1701
f 1550 1650 1651
f 1550 1651 1551
f 1600 1601 1701
f 1600 1701 1700
f 1651 1702 1652
f 1651 1701 1702
f 1551 1651 1652
f 1551 1652 1552
f 1601 1602 1702
f 1601 1702 1701
f 1652 1703 1653
f 1652 1702 1703
f 1552 1652 1653
f 1552 1653 1553
f 1602 1603 1703
f 1602 1703 1702
f 1653 1704 1654
f 1653 1703 1704
f 1553 1653 1654
f 1553 1654 1554
f 1603 1604 1704
f 1603 1704 1703
f 1654 1705 1655
f 1654 1704 1705
f 1554 1654 1655
f 1554 1655 1555
f 1604 1605 1705
f 1604 1705 1704
f 1655 1706 1656
f 1655 1705 1706
f 1555 1655 1656
f 1555 1656 1556
f 1605 1606 1706
f 1605 1706 1705
f 1656 1657 1607
f 1656 1706 1657
f 1556 1656 1607
f 1556 1607 1507
f 1606 1557 1657
f 1606 1657 1706
g grille_front
usemtl m_grille_front
v -40.0000 -35.1000 131.0000
v 40.0000 -35.1000 131.0000
v 40.0000 -34.1000 131.0000
v -40.0000 -34.1000 131.0000
v -40.0000 -35.1000 162.0000
v 40.0000 -35.1000 162.0000
v 40.0000 -34.1000 162.0000
v -40.0000 -34.1000 162.0000
f 1707 1709 1708
f 1707 1710 1709
f 1711 1712 1713
f 1711 1713 1714
f 1707 1708 1712
f 1707 1712 1711
f 1708 1709 1713
f 1708 1713 1712
f 1709 1710 1714
f 1709 1714 1713
f 1710 1707 1711
f 1710 1711 1714
g exhaust_slot_front_1
usemtl m_exhaust_slot_front_1
v -36.0000 -35.3000 133.5000
v 36.0000 -35.3000 133.5000
v 36.0000 -35.0000 133.5000
v -36.0000 -35.0000 133.5000
v -36.0000 -35.3000 135.9000
v 36.0000 -35.3000 135.9000
v 36.0000 -35.0000 135.9000
v -36.0000 -35.0000 135.9000
f 1715 1717 1716
f 1715 1718 1717
f 1719 1720 1721
f 1719 1721 1722
f 1715 1716 1720
f 1715 1720 1719
f 1716 1717 1721
f 1716 1721 1720
f 1717 1718 1722
f 1717 1722 1721
f 1718 1715 1719
f 1718 1719 1722
g exhaust_slot_front_2
usemtl m_exhaust_slot_front_2
v -36.0000 -35.3000 137.9000
v 36.0000 -35.3000 137.9000
v 36.0000 -35.0000 137.9000
v -36.0000 -35.0000 137.9000
v -36.0000 -35.3000 140.3000
v 36.0000 -35.3000 140.3000
v 36.0000 -35.0000 140.3000
v -36.0000 -35.0000 140.3000
f 1723 1725 1724
f 1723 1726 1725
f 1727 1728 1729
f 1727 1729 1730
f 1723 1724 1728
f 1723 1728 1727
f 1724 1725 1729
f 1724 1729 1728
f 1725 1726 1730
f 1725 1730 1729
f 1726 1723 1727
f 1726 1727 1730
g exhaust_slot_front_3
usemtl m_exhaust_slot_front_3
v -36.0000 -35.3000 142.3000
v 36.0000 -35.3000 142.3000
v 36.0000 -35.0000 142.3000
v -36.0000 -35.0000 142.3000
v -36.0000 -35.3000 144.7000
v 36.0000 -35.3000 144.7000
v 36.0000 -35.0000 144.7000
v -36.0000 -35.0000 144.7000
f 1731 1733 1732
f 1731 1734 1733
f 1735 1736 1737
f 1735 1737 1738
f 1731 1732 1736
f 1731 1736 1735
f 1732 1733 1737
f 1732 1737 1736
f 1733 1734 1738
f 1733 1738 1737
f 1734 1731 1735
f 1734 1735 1738
g exhaust_slot_front_4
usemtl m_exhaust_slot_front_4
v -36.0000 -35.3000 146.7000
v 36.0000 -35.3000 146.7000
v 36.0000 -35.0000 146.7000
v -36.0000 -35.0000 146.7000
v -36.0000 -35.3000 149.1000
v 36.0000 -35.3000 149.1000
v 36.0000 -35.0000 149.1000
v -36.0000 -35.0000 149.1000
f 1739 1741 1740
f 1739 1742 1741
f 1743 1744 1745
f 1743 1745 1746
f 1739 1740 1744
f 1739 1744 1743
f 1740 1741 1745
f 1740 1745 1744
f 1741 1742 1746
f 1741 1746 1745
f 1742 1739 1743
f 1742 1743 1746
g exhaust_slot_front_5
usemtl m_exhaust_slot_front_5
v -36.0000 -35.3000 151.1000
v 36.0000 -35.3000 151.1000
v 36.0000 -35.0000 151.1000
v -36.0000 -35.0000 151.1000
v -36.0000 -35.3000 153.5000
v 36.0000 -35.3000 153.5000
v 36.0000 -35.0000 153.5000
v -36.0000 -35.0000 153.5000
f 1747 1749 1748
f 1747 1750 1749
f 1751 1752 1753
f 1751 1753 1754
f 1747 1748 1752
f 1747 1752 1751
f 1748 1749 1753
f 1748 1753 1752
f 1749 1750 1754
f 1749 1754 1753
f 1750 1747 1751
f 1750 1751 1754
g exhaust_slot_front_6
usemtl m_exhaust_slot_front_6
v -36.0000 -35.3000 155.5000
v 36.0000 -35.3000 155.5000
v 36.0000 -35.0000 155.5000
v -36.0000 -35.0000 155.5000
v -36.0000 -35.3000 157.9000
v 36.0000 -35.3000 157.9000
v 36.0000 -35.0000 157.9000
v -36.0000 -35.0000 157.9000
f 1755 1757 1756
f 1755 1758 1757
f 1759 1760 1761
f 1759 1761 1762
f 1755 1756 1760
f 1755 1760 1759
f 1756 1757 1761
f 1756 1761 1760
f 1757 1758 1762
f 1757 1762 1761
f 1758 1755 1759
f 1758 1759 1762
g grille_rear
usemtl m_grille_rear
v -40.0000 34.1000 131.0000
v 40.0000 34.1000 131.0000
v 40.0000 35.1000 131.0000
v -40.0000 35.1000 131.0000
v -40.0000 34.1000 162.0000
v 40.0000 34.1000 162.0000
v 40.0000 35.1000 162.0000
v -40.0000 35.1000 162.0000
f 1763 1765 1764
f 1763 1766 1765
f 1767 1768 1769
f 1767 1769 1770
f 1763 1764 1768
f 1763 1768 1767
f 1764 1765 1769
f 1764 1769 1768
f 1765 1766 1770
f 1765 1770 1769
f 1766 1763 1767
f 1766 1767 1770
g exhaust_slot_rear_1
usemtl m_exhaust_slot_rear_1
v -36.0000 35.0000 133.5000
v 36.0000 35.0000 133.5000
v 36.0000 35.3000 133.5000
v -36.0000 35.3000 133.5000
v -36.0000 35.0000 135.9000
v 36.0000 35.0000 135.9000
v 36.0000 35.3000 135.9000
v -36.0000 35.3000 135.9000
f 1771 1773 1772
f 1771 1774 1773
f 1775 1776 1777
f 1775 1777 1778
f 1771 1772 1776
f 1771 1776 1775
f 1772 1773 1777
f 1772 1777 1776
f 1773 1774 1778
f 1773 1778 1777
f 1774 1771 1775
f 1774 1775 1778
g exhaust_slot_rear_2
usemtl m_exhaust_slot_rear_2
v -36.0000 35.0000 137.9000
v 36.0000 35.0000 137.9000
v 36.0000 35.3000 137.9000
v -36.0000 35.3000 137.9000
v -36.0000 35.0000 140.3000
v 36.0000 35.0000 140.3000
v 36.0000 35.3000 140.3000
v -36.0000 35.3000 140.3000
f 1779 1781 1780
f 1779 1782 1781
f 1783 1784 1785
f 1783 1785 1786
f 1779 1780 1784
f 1779 1784 1783
f 1780 1781 1785
f 1780 1785 1784
f 1781 1782 1786
f 1781 1786 1785
f 1782 1779 1783
f 1782 1783 1786
g exhaust_slot_rear_3
usemtl m_exhaust_slot_rear_3
v -36.0000 35.0000 142.3000
v 36.0000 35.0000 142.3000
v 36.0000 35.3000 142.3000
v -36.0000 35.3000 142.3000
v -36.0000 35.0000 144.7000
v 36.0000 35.0000 144.7000
v 36.0000 35.3000 144.7000
v -36.0000 35.3000 144.7000
f 1787 1789 1788
f 1787 1790 1789
f 1791 1792 1793
f 1791 1793 1794
f 1787 1788 1792
f 1787 1792 1791
f 1788 1789 1793
f 1788 1793 1792
f 1789 1790 1794
f 1789 1794 1793
f 1790 1787 1791
f 1790 1791 1794
g exhaust_slot_rear_4
usemtl m_exhaust_slot_rear_4
v -36.0000 35.0000 146.7000
v 36.0000 35.0000 146.7000
v 36.0000 35.3000 146.7000
v -36.0000 35.3000 146.7000
v -36.0000 35.0000 149.1000
v 36.0000 35.0000 149.1000
v 36.0000 35.3000 149.1000
v -36.0000 35.3000 149.1000
f 1795 1797 1796
f 1795 1798 1797
f 1799 1800 1801
f 1799 1801 1802
f 1795 1796 1800
f 1795 1800 1799
f 1796 1797 1801
f 1796 1801 1800
f 1797 1798 1802
f 1797 1802 1801
f 1798 1795 1799
f 1798 1799 1802
g exhaust_slot_rear_5
usemtl m_exhaust_slot_rear_5
v -36.0000 35.0000 151.1000
v 36.0000 35.0000 151.1000
v 36.0000 35.3000 151.1000
v -36.0000 35.3000 151.1000
v -36.0000 35.0000 153.5000
v 36.0000 35.0000 153.5000
v 36.0000 35.3000 153.5000
v -36.0000 35.3000 153.5000
f 1803 1805 1804
f 1803 1806 1805
f 1807 1808 1809
f 1807 1809 1810
f 1803 1804 1808
f 1803 1808 1807
f 1804 1805 1809
f 1804 1809 1808
f 1805 1806 1810
f 1805 1810 1809
f 1806 1803 1807
f 1806 1807 1810
g exhaust_slot_rear_6
usemtl m_exhaust_slot_rear_6
v -36.0000 35.0000 155.5000
v 36.0000 35.0000 155.5000
v 36.0000 35.3000 155.5000
v -36.0000 35.3000 155.5000
v -36.0000 35.0000 157.9000
v 36.0000 35.0000 157.9000
v 36.0000 35.3000 157.9000
v -36.0000 35.3000 157.9000
f 1811 1813 1812
f 1811 1814 1813
f 1815 1816 1817
f 1815 1817 1818
f 1811 1812 1816
f 1811 1816 1815
f 1812 1813 1817
f 1812 1817 1816
f 1813 1814 1818
f 1813 1818 1817
f 1814 1811 1815
f 1814 1815 1818
g intake_slot_1
usemtl m_intake_slot_1
v -36.5038 31.9252 99.5000
v -37.4038 33.4841 99.5000
v -47.7962 27.4841 99.5000
v -46.8962 25.9252 99.5000
v -36.5038 31.9252 104.5000
v -37.4038 33.4841 104.5000
v -47.7962 27.4841 104.5000
v -46.8962 25.9252 104.5000
f 1819 1821 1820
f 1819 1822 1821
f 1823 1824 1825
f 1823 1825 1826
f 1819 1820 1824
f 1819 1824 1823
f 1820 1821 1825
f 1820 1825 1824
f 1821 1822 1826
f 1821 1826 1825
f 1822 1819 1823
f 1822 1823 1826
g intake_slot_2
usemtl m_intake_slot_2
v -50.9252 21.8962 99.5000
v -52.4841 22.7962 99.5000
v -58.4841 12.4038 99.5000
v -56.9252 11.5038 99.5000
v -50.9252 21.8962 104.5000
v -52.4841 22.7962 104.5000
v -58.4841 12.4038 104.5000
v -56.9252 11.5038 104.5000
f 1827 1829 1828
f 1827 1830 1829
f 1831 1832 1833
f 1831 1833 1834
f 1827 1828 1832
f 1827 1832 1831
f 1828 1829 1833
f 1828 1833 1832
f 1829 1830 1834
f 1829 1834 1833
f 1830 1827 1831
f 1830 1831 1834
g intake_slot_3
usemtl m_intake_slot_3
v -58.4000 6.0000 99.5000
v -60.2000 6.0000 99.5000
v -60.2000 -6.0000 99.5000
v -58.4000 -6.0000 99.5000
v -58.4000 6.0000 104.5000
v -60.2000 6.0000 104.5000
v -60.2000 -6.0000 104.5000
v -58.4000 -6.0000 104.5000
f 1835 1837 1836
f 1835 1838 1837
f 1839 1840 1841
f 1839 1841 1842
f 1835 1836 1840
f 1835 1840 1839
f 1836 1837 1841
f 1836 1841 1840
f 1837 1838 1842
f 1837 1842 1841
f 1838 1835 1839
f 1838 1839 1842
g intake_slot_4
usemtl m_intake_slot_4
v -56.9252 -11.5038 99.5000
v -58.4841 -12.4038 99.5000
v -52.4841 -22.7962 99.5000
v -50.9252 -21.8962 99.5000
v -56.9252 -11.5038 104.5000
v -58.4841 -12.4038 104.5000
v -52.4841 -22.7962 104.5000
v -50.9252 -21.8962 104.5000
f 1843 1845 1844
f 1843 1846 1845
f 1847 1848 1849
f 1847 1849 1850
f 1843 1844 1848
f 1843 1848 1847
f 1844 1845 1849
f 1844 1849 1848
f 1845 1846 1850
f 1845 1850 1849
f 1846 1843 1847
f 1846 1847 1850
g intake_slot_5
usemtl m_intake_slot_5
v -46.8962 -25.9252 99.5000
v -47.7962 -27.4841 99.5000
v -37.4038 -33.4841 99.5000
v -36.5038 -31.9252 99.5000
v -46.8962 -25.9252 104.5000
v -47.7962 -27.4841 104.5000
v -37.4038 -33.4841 104.5000
v -36.5038 -31.9252 104.5000
f 1851 1853 1852
f 1851 1854 1853
f 1855 1856 1857
f 1855 1857 1858
f 1851 1852 1856
f 1851 1856 1855
f 1852 1853 1857
f 1852 1857 1856
f 1853 1854 1858
f 1853 1858 1857
f 1854 1851 1855
f 1854 1855 1858
g intake_slot_6
usemtl m_intake_slot_6
v 36.5038 -31.9252 99.5000
v 37.4038 -33.4841 99.5000
v 47.7962 -27.4841 99.5000
v 46.8962 -25.9252 99.5000
v 36.5038 -31.9252 104.5000
v 37.4038 -33.4841 104.5000
v 47.7962 -27.4841 104.5000
v 46.8962 -25.9252 104.5000
f 1859 1861 1860
f 1859 1862 1861
f 1863 1864 1865
f 1863 1865 1866
f 1859 1860 1864
f 1859 1864 1863
f 1860 1861 1865
f 1860 1865 1864
f 1861 1862 1866
f 1861 1866 1865
f 1862 1859 1863
f 1862 1863 1866
g intake_slot_7
usemtl m_intake_slot_7
v 50.9252 -21.8962 99.5000
v 52.4841 -22.7962 99.5000
v 58.4841 -12.4038 99.5000
v 56.9252 -11.5038 99.5000
v 50.9252 -21.8962 104.5000
v 52.4841 -22.7962 104.5000
v 58.4841 -12.4038 104.5000
v 56.9252 -11.5038 104.5000
f 1867 1869 1868
f 1867 1870 1869
f 1871 1872 1873
f 1871 1873 1874
f 1867 1868 1872
f 1867 1872 1871
f 1868 1869 1873
f 1868 1873 1872
f 1869 1870 1874
f 1869 1874 1873
f 1870 1867 1871
f 1870 1871 1874
g intake_slot_8
usemtl m_intake_slot_8
v 58.4000 -6.0000 99.5000
v 60.2000 -6.0000 99.5000
v 60.2000 6.0000 99.5000
v 58.4000 6.0000 99.5000
v 58.4000 -6.0000 104.5000
v 60.2000 -6.0000 104.5000
v 60.2000 6.0000 104.5000
v 58.4000 6.0000 104.5000
f 1875 1877 1876
f 1875 1878 1877
f 1879 1880 1881
f 1879 1881 1882
f 1875 1876 1880
f 1875 1880 1879
f 1876 1877 1881
f 1876 1881 1880
f 1877 1878 1882
f 1877 1882 1881
f 1878 1875 1879
f 1878 1879 1882
g intake_slot_9
usemtl m_intake_slot_9
v 56.9252 11.5038 99.5000
v 58.4841 12.4038 99.5000
v 52.4841 22.7962 99.5000
v 50.9252 21.8962 99.5000
v 56.9252 11.5038 104.5000
v 58.4841 12.4038 104.5000
v 52.4841 22.7962 104.5000
v 50.9252 21.8962 104.5000
f 1883 1885 1884
f 1883 1886 1885
f 1887 1888 1889
f 1887 1889 1890
f 1883 1884 1888
f 1883 1888 1887
f 1884 1885 1889
f 1884 1889 1888
f 1885 1886 1890
f 1885 1890 1889
f 1886 1883 1887
f 1886 1887 1890
g intake_slot_10
usemtl m_intake_slot_10
v 46.8962 25.9252 99.5000
v 47.7962 27.4841 99.5000
v 37.4038 33.4841 99.5000
v 36.5038 31.9252 99.5000
v 46.8962 25.9252 104.5000
v 47.7962 27.4841 104.5000
v 37.4038 33.4841 104.5000
v 36.5038 31.9252 104.5000
f 1891 1893 1892
f 1891 1894 1893
f 1895 1896 1897
f 1895 1897 1898
f 1891 1892 1896
f 1891 1896 1895
f 1892 1893 1897
f 1892 1897 1896
f 1893 1894 1898
f 1893 1898 1897
f 1894 1891 1895
f 1894 1895 1898
g strap_lug_L
usemtl m_strap_lug_L
v -63.0000 -3.0000 206.0000
v -58.5000 -3.0000 206.0000
v -58.5000 3.0000 206.0000
v -63.0000 3.0000 206.0000
v -63.0000 -3.0000 216.0000
v -58.5000 -3.0000 216.0000
v -58.5000 3.0000 216.0000
v -63.0000 3.0000 216.0000
f 1899 1901 1900
f 1899 1902 1901
f 1903 1904 1905
f 1903 1905 1906
f 1899 1900 1904
f 1899 1904 1903
f 1900 1901 1905
f 1900 1905 1904
f 1901 1902 1906
f 1901 1906 1905
f 1902 1899 1903
f 1902 1903 1906
g strap_lug_R
usemtl m_strap_lug_R
v 58.5000 -3.0000 206.0000
v 63.0000 -3.0000 206.0000
v 63.0000 3.0000 206.0000
v 58.5000 3.0000 206.0000
v 58.5000 -3.0000 216.0000
v 63.0000 -3.0000 216.0000
v 63.0000 3.0000 216.0000
v 58.5000 3.0000 216.0000
f 1907 1909 1908
f 1907 1910 1909
f 1911 1912 1913
f 1911 1913 1914
f 1907 1908 1912
f 1907 1912 1911
f 1908 1909 1913
f 1908 1913 1912
f 1909 1910 1914
f 1909 1914 1913
f 1910 1907 1911
f 1910 1911 1914
g nameplate
usemtl m_nameplate
v -14.0000 -35.4000 205.0000
v 14.0000 -35.4000 205.0000
v 14.0000 -33.9000 205.0000
v -14.0000 -33.9000 205.0000
v -14.0000 -35.4000 213.0000
v 14.0000 -35.4000 213.0000
v 14.0000 -33.9000 213.0000
v -14.0000 -33.9000 213.0000
f 1915 1917 1916
f 1915 1918 1917
f 1919 1920 1921
f 1919 1921 1922
f 1915 1916 1920
f 1915 1920 1919
f 1916 1917 1921
f 1916 1921 1920
f 1917 1918 1922
f 1917 1922 1921
f 1918 1915 1919
f 1918 1919 1922
g lm2596_pcb
usemtl m_lm2596_pcb
v -21.5000 -10.5000 4.0000
v 21.5000 -10.5000 4.0000
v 21.5000 10.5000 4.0000
v -21.5000 10.5000 4.0000
v -21.5000 -10.5000 5.6000
v 21.5000 -10.5000 5.6000
v 21.5000 10.5000 5.6000
v -21.5000 10.5000 5.6000
f 1923 1925 1924
f 1923 1926 1925
f 1927 1928 1929
f 1927 1929 1930
f 1923 1924 1928
f 1923 1928 1927
f 1924 1925 1929
f 1924 1929 1928
f 1925 1926 1930
f 1925 1930 1929
f 1926 1923 1927
f 1926 1927 1930
g lm2596_ic
usemtl m_lm2596_ic
v -19.0000 -3.5000 5.6000
v -11.0000 -3.5000 5.6000
v -11.0000 3.5000 5.6000
v -19.0000 3.5000 5.6000
v -19.0000 -3.5000 9.6000
v -11.0000 -3.5000 9.6000
v -11.0000 3.5000 9.6000
v -19.0000 3.5000 9.6000
f 1931 1933 1932
f 1931 1934 1933
f 1935 1936 1937
f 1935 1937 1938
f 1931 1932 1936
f 1931 1936 1935
f 1932 1933 1937
f 1932 1937 1936
f 1933 1934 1938
f 1933 1938 1937
f 1934 1931 1935
f 1934 1935 1938
g lm2596_trimmer
usemtl m_lm2596_trimmer
v 14.0000 -3.5000 5.6000
v 20.0000 -3.5000 5.6000
v 20.0000 3.5000 5.6000
v 14.0000 3.5000 5.6000
v 14.0000 -3.5000 11.6000
v 20.0000 -3.5000 11.6000
v 20.0000 3.5000 11.6000
v 14.0000 3.5000 11.6000
f 1939 1941 1940
f 1939 1942 1941
f 1943 1944 1945
f 1943 1945 1946
f 1939 1940 1944
f 1939 1944 1943
f 1940 1941 1945
f 1940 1945 1944
f 1941 1942 1946
f 1941 1946 1945
f 1942 1939 1943
f 1942 1943 1946
g lm2596_inductor
usemtl m_lm2596_inductor
v 4.0000 0.0000 5.6000
v 3.9444 0.8484 5.6000
v 3.7785 1.6823 5.6000
v 3.5052 2.4874 5.6000
v 3.1292 3.2500 5.6000
v 2.6568 3.9569 5.6000
v 2.0962 4.5962 5.6000
v 1.4569 5.1568 5.6000
v 0.7500 5.6292 5.6000
v -0.0126 6.0052 5.6000
v -0.8177 6.2785 5.6000
v -1.6516 6.4444 5.6000
v -2.5000 6.5000 5.6000
v -3.3484 6.4444 5.6000
v -4.1823 6.2785 5.6000
v -4.9874 6.0052 5.6000
v -5.7500 5.6292 5.6000
v -6.4569 5.1568 5.6000
v -7.0962 4.5962 5.6000
v -7.6568 3.9569 5.6000
v -8.1292 3.2500 5.6000
v -8.5052 2.4874 5.6000
v -8.7785 1.6823 5.6000
v -8.9444 0.8484 5.6000
v -9.0000 0.0000 5.6000
v -8.9444 -0.8484 5.6000
v -8.7785 -1.6823 5.6000
v -8.5052 -2.4874 5.6000
v -8.1292 -3.2500 5.6000
v -7.6568 -3.9569 5.6000
v -7.0962 -4.5962 5.6000
v -6.4569 -5.1568 5.6000
v -5.7500 -5.6292 5.6000
v -4.9874 -6.0052 5.6000
v -4.1823 -6.2785 5.6000
v -3.3484 -6.4444 5.6000
v -2.5000 -6.5000 5.6000
v -1.6516 -6.4444 5.6000
v -0.8177 -6.2785 5.6000
v -0.0126 -6.0052 5.6000
v 0.7500 -5.6292 5.6000
v 1.4569 -5.1568 5.6000
v 2.0962 -4.5962 5.6000
v 2.6568 -3.9569 5.6000
v 3.1292 -3.2500 5.6000
v 3.5052 -2.4874 5.6000
v 3.7785 -1.6823 5.6000
v 3.9444 -0.8484 5.6000
v 4.0000 0.0000 18.0000
v 3.9444 0.8484 18.0000
v 3.7785 1.6823 18.0000
v 3.5052 2.4874 18.0000
v 3.1292 3.2500 18.0000
v 2.6568 3.9569 18.0000
v 2.0962 4.5962 18.0000
v 1.4569 5.1568 18.0000
v 0.7500 5.6292 18.0000
v -0.0126 6.0052 18.0000
v -0.8177 6.2785 18.0000
v -1.6516 6.4444 18.0000
v -2.5000 6.5000 18.0000
v -3.3484 6.4444 18.0000
v -4.1823 6.2785 18.0000
v -4.9874 6.0052 18.0000
v -5.7500 5.6292 18.0000
v -6.4569 5.1568 18.0000
v -7.0962 4.5962 18.0000
v -7.6568 3.9569 18.0000
v -8.1292 3.2500 18.0000
v -8.5052 2.4874 18.0000
v -8.7785 1.6823 18.0000
v -8.9444 0.8484 18.0000
v -9.0000 0.0000 18.0000
v -8.9444 -0.8484 18.0000
v -8.7785 -1.6823 18.0000
v -8.5052 -2.4874 18.0000
v -8.1292 -3.2500 18.0000
v -7.6568 -3.9569 18.0000
v -7.0962 -4.5962 18.0000
v -6.4569 -5.1568 18.0000
v -5.7500 -5.6292 18.0000
v -4.9874 -6.0052 18.0000
v -4.1823 -6.2785 18.0000
v -3.3484 -6.4444 18.0000
v -2.5000 -6.5000 18.0000
v -1.6516 -6.4444 18.0000
v -0.8177 -6.2785 18.0000
v -0.0126 -6.0052 18.0000
v 0.7500 -5.6292 18.0000
v 1.4569 -5.1568 18.0000
v 2.0962 -4.5962 18.0000
v 2.6568 -3.9569 18.0000
v 3.1292 -3.2500 18.0000
v 3.5052 -2.4874 18.0000
v 3.7785 -1.6823 18.0000
v 3.9444 -0.8484 18.0000
v -2.5000 0.0000 5.6000
v -2.5000 0.0000 18.0000
f 1947 1948 1996
f 1947 1996 1995
f 1948 1949 1997
f 1948 1997 1996
f 1949 1950 1998
f 1949 1998 1997
f 1950 1951 1999
f 1950 1999 1998
f 1951 1952 2000
f 1951 2000 1999
f 1952 1953 2001
f 1952 2001 2000
f 1953 1954 2002
f 1953 2002 2001
f 1954 1955 2003
f 1954 2003 2002
f 1955 1956 2004
f 1955 2004 2003
f 1956 1957 2005
f 1956 2005 2004
f 1957 1958 2006
f 1957 2006 2005
f 1958 1959 2007
f 1958 2007 2006
f 1959 1960 2008
f 1959 2008 2007
f 1960 1961 2009
f 1960 2009 2008
f 1961 1962 2010
f 1961 2010 2009
f 1962 1963 2011
f 1962 2011 2010
f 1963 1964 2012
f 1963 2012 2011
f 1964 1965 2013
f 1964 2013 2012
f 1965 1966 2014
f 1965 2014 2013
f 1966 1967 2015
f 1966 2015 2014
f 1967 1968 2016
f 1967 2016 2015
f 1968 1969 2017
f 1968 2017 2016
f 1969 1970 2018
f 1969 2018 2017
f 1970 1971 2019
f 1970 2019 2018
f 1971 1972 2020
f 1971 2020 2019
f 1972 1973 2021
f 1972 2021 2020
f 1973 1974 2022
f 1973 2022 2021
f 1974 1975 2023
f 1974 2023 2022
f 1975 1976 2024
f 1975 2024 2023
f 1976 1977 2025
f 1976 2025 2024
f 1977 1978 2026
f 1977 2026 2025
f 1978 1979 2027
f 1978 2027 2026
f 1979 1980 2028
f 1979 2028 2027
f 1980 1981 2029
f 1980 2029 2028
f 1981 1982 2030
f 1981 2030 2029
f 1982 1983 2031
f 1982 2031 2030
f 1983 1984 2032
f 1983 2032 2031
f 1984 1985 2033
f 1984 2033 2032
f 1985 1986 2034
f 1985 2034 2033
f 1986 1987 2035
f 1986 2035 2034
f 1987 1988 2036
f 1987 2036 2035
f 1988 1989 2037
f 1988 2037 2036
f 1989 1990 2038
f 1989 2038 2037
f 1990 1991 2039
f 1990 2039 2038
f 1991 1992 2040
f 1991 2040 2039
f 1992 1993 2041
f 1992 2041 2040
f 1993 1994 2042
f 1993 2042 2041
f 1994 1947 1995
f 1994 1995 2042
f 2043 1948 1947
f 2044 1995 1996
f 2043 1949 1948
f 2044 1996 1997
f 2043 1950 1949
f 2044 1997 1998
f 2043 1951 1950
f 2044 1998 1999
f 2043 1952 1951
f 2044 1999 2000
f 2043 1953 1952
f 2044 2000 2001
f 2043 1954 1953
f 2044 2001 2002
f 2043 1955 1954
f 2044 2002 2003
f 2043 1956 1955
f 2044 2003 2004
f 2043 1957 1956
f 2044 2004 2005
f 2043 1958 1957
f 2044 2005 2006
f 2043 1959 1958
f 2044 2006 2007
f 2043 1960 1959
f 2044 2007 2008
f 2043 1961 1960
f 2044 2008 2009
f 2043 1962 1961
f 2044 2009 2010
f 2043 1963 1962
f 2044 2010 2011
f 2043 1964 1963
f 2044 2011 2012
f 2043 1965 1964
f 2044 2012 2013
f 2043 1966 1965
f 2044 2013 2014
f 2043 1967 1966
f 2044 2014 2015
f 2043 1968 1967
f 2044 2015 2016
f 2043 1969 1968
f 2044 2016 2017
f 2043 1970 1969
f 2044 2017 2018
f 2043 1971 1970
f 2044 2018 2019
f 2043 1972 1971
f 2044 2019 2020
f 2043 1973 1972
f 2044 2020 2021
f 2043 1974 1973
f 2044 2021 2022
f 2043 1975 1974
f 2044 2022 2023
f 2043 1976 1975
f 2044 2023 2024
f 2043 1977 1976
f 2044 2024 2025
f 2043 1978 1977
f 2044 2025 2026
f 2043 1979 1978
f 2044 2026 2027
f 2043 1980 1979
f 2044 2027 2028
f 2043 1981 1980
f 2044 2028 2029
f 2043 1982 1981
f 2044 2029 2030
f 2043 1983 1982
f 2044 2030 2031
f 2043 1984 1983
f 2044 2031 2032
f 2043 1985 1984
f 2044 2032 2033
f 2043 1986 1985
f 2044 2033 2034
f 2043 1987 1986
f 2044 2034 2035
f 2043 1988 1987
f 2044 2035 2036
f 2043 1989 1988
f 2044 2036 2037
f 2043 1990 1989
f 2044 2037 2038
f 2043 1991 1990
f 2044 2038 2039
f 2043 1992 1991
f 2044 2039 2040
f 2043 1993 1992
f 2044 2040 2041
f 2043 1994 1993
f 2044 2041 2042
f 2043 1947 1994
f 2044 2042 1995
g lm2596_cap_1
usemtl m_lm2596_cap_1
v 14.8000 -5.2000 5.6000
v 14.7675 -4.7040 5.6000
v 14.6705 -4.2165 5.6000
v 14.5107 -3.7458 5.6000
v 14.2909 -3.3000 5.6000
v 14.0147 -2.8867 5.6000
v 13.6870 -2.5130 5.6000
v 13.3133 -2.1853 5.6000
v 12.9000 -1.9091 5.6000
v 12.4542 -1.6893 5.6000
v 11.9835 -1.5295 5.6000
v 11.4960 -1.4325 5.6000
v 11.0000 -1.4000 5.6000
v 10.5040 -1.4325 5.6000
v 10.0165 -1.5295 5.6000
v 9.5458 -1.6893 5.6000
v 9.1000 -1.9091 5.6000
v 8.6867 -2.1853 5.6000
v 8.3130 -2.5130 5.6000
v 7.9853 -2.8867 5.6000
v 7.7091 -3.3000 5.6000
v 7.4893 -3.7458 5.6000
v 7.3295 -4.2165 5.6000
v 7.2325 -4.7040 5.6000
v 7.2000 -5.2000 5.6000
v 7.2325 -5.6960 5.6000
v 7.3295 -6.1835 5.6000
v 7.4893 -6.6542 5.6000
v 7.7091 -7.1000 5.6000
v 7.9853 -7.5133 5.6000
v 8.3130 -7.8870 5.6000
v 8.6867 -8.2147 5.6000
v 9.1000 -8.4909 5.6000
v 9.5458 -8.7107 5.6000
v 10.0165 -8.8705 5.6000
v 10.5040 -8.9675 5.6000
v 11.0000 -9.0000 5.6000
v 11.4960 -8.9675 5.6000
v 11.9835 -8.8705 5.6000
v 12.4542 -8.7107 5.6000
v 12.9000 -8.4909 5.6000
v 13.3133 -8.2147 5.6000
v 13.6870 -7.8870 5.6000
v 14.0147 -7.5133 5.6000
v 14.2909 -7.1000 5.6000
v 14.5107 -6.6542 5.6000
v 14.6705 -6.1835 5.6000
v 14.7675 -5.6960 5.6000
v 14.8000 -5.2000 14.6000
v 14.7675 -4.7040 14.6000
v 14.6705 -4.2165 14.6000
v 14.5107 -3.7458 14.6000
v 14.2909 -3.3000 14.6000
v 14.0147 -2.8867 14.6000
v 13.6870 -2.5130 14.6000
v 13.3133 -2.1853 14.6000
v 12.9000 -1.9091 14.6000
v 12.4542 -1.6893 14.6000
v 11.9835 -1.5295 14.6000
v 11.4960 -1.4325 14.6000
v 11.0000 -1.4000 14.6000
v 10.5040 -1.4325 14.6000
v 10.0165 -1.5295 14.6000
v 9.5458 -1.6893 14.6000
v 9.1000 -1.9091 14.6000
v 8.6867 -2.1853 14.6000
v 8.3130 -2.5130 14.6000
v 7.9853 -2.8867 14.6000
v 7.7091 -3.3000 14.6000
v 7.4893 -3.7458 14.6000
v 7.3295 -4.2165 14.6000
v 7.2325 -4.7040 14.6000
v 7.2000 -5.2000 14.6000
v 7.2325 -5.6960 14.6000
v 7.3295 -6.1835 14.6000
v 7.4893 -6.6542 14.6000
v 7.7091 -7.1000 14.6000
v 7.9853 -7.5133 14.6000
v 8.3130 -7.8870 14.6000
v 8.6867 -8.2147 14.6000
v 9.1000 -8.4909 14.6000
v 9.5458 -8.7107 14.6000
v 10.0165 -8.8705 14.6000
v 10.5040 -8.9675 14.6000
v 11.0000 -9.0000 14.6000
v 11.4960 -8.9675 14.6000
v 11.9835 -8.8705 14.6000
v 12.4542 -8.7107 14.6000
v 12.9000 -8.4909 14.6000
v 13.3133 -8.2147 14.6000
v 13.6870 -7.8870 14.6000
v 14.0147 -7.5133 14.6000
v 14.2909 -7.1000 14.6000
v 14.5107 -6.6542 14.6000
v 14.6705 -6.1835 14.6000
v 14.7675 -5.6960 14.6000
v 11.0000 -5.2000 5.6000
v 11.0000 -5.2000 14.6000
f 2045 2046 2094
f 2045 2094 2093
f 2046 2047 2095
f 2046 2095 2094
f 2047 2048 2096
f 2047 2096 2095
f 2048 2049 2097
f 2048 2097 2096
f 2049 2050 2098
f 2049 2098 2097
f 2050 2051 2099
f 2050 2099 2098
f 2051 2052 2100
f 2051 2100 2099
f 2052 2053 2101
f 2052 2101 2100
f 2053 2054 2102
f 2053 2102 2101
f 2054 2055 2103
f 2054 2103 2102
f 2055 2056 2104
f 2055 2104 2103
f 2056 2057 2105
f 2056 2105 2104
f 2057 2058 2106
f 2057 2106 2105
f 2058 2059 2107
f 2058 2107 2106
f 2059 2060 2108
f 2059 2108 2107
f 2060 2061 2109
f 2060 2109 2108
f 2061 2062 2110
f 2061 2110 2109
f 2062 2063 2111
f 2062 2111 2110
f 2063 2064 2112
f 2063 2112 2111
f 2064 2065 2113
f 2064 2113 2112
f 2065 2066 2114
f 2065 2114 2113
f 2066 2067 2115
f 2066 2115 2114
f 2067 2068 2116
f 2067 2116 2115
f 2068 2069 2117
f 2068 2117 2116
f 2069 2070 2118
f 2069 2118 2117
f 2070 2071 2119
f 2070 2119 2118
f 2071 2072 2120
f 2071 2120 2119
f 2072 2073 2121
f 2072 2121 2120
f 2073 2074 2122
f 2073 2122 2121
f 2074 2075 2123
f 2074 2123 2122
f 2075 2076 2124
f 2075 2124 2123
f 2076 2077 2125
f 2076 2125 2124
f 2077 2078 2126
f 2077 2126 2125
f 2078 2079 2127
f 2078 2127 2126
f 2079 2080 2128
f 2079 2128 2127
f 2080 2081 2129
f 2080 2129 2128
f 2081 2082 2130
f 2081 2130 2129
f 2082 2083 2131
f 2082 2131 2130
f 2083 2084 2132
f 2083 2132 2131
f 2084 2085 2133
f 2084 2133 2132
f 2085 2086 2134
f 2085 2134 2133
f 2086 2087 2135
f 2086 2135 2134
f 2087 2088 2136
f 2087 2136 2135
f 2088 2089 2137
f 2088 2137 2136
f 2089 2090 2138
f 2089 2138 2137
f 2090 2091 2139
f 2090 2139 2138
f 2091 2092 2140
f 2091 2140 2139
f 2092 2045 2093
f 2092 2093 2140
f 2141 2046 2045
f 2142 2093 2094
f 2141 2047 2046
f 2142 2094 2095
f 2141 2048 2047
f 2142 2095 2096
f 2141 2049 2048
f 2142 2096 2097
f 2141 2050 2049
f 2142 2097 2098
f 2141 2051 2050
f 2142 2098 2099
f 2141 2052 2051
f 2142 2099 2100
f 2141 2053 2052
f 2142 2100 2101
f 2141 2054 2053
f 2142 2101 2102
f 2141 2055 2054
f 2142 2102 2103
f 2141 2056 2055
f 2142 2103 2104
f 2141 2057 2056
f 2142 2104 2105
f 2141 2058 2057
f 2142 2105 2106
f 2141 2059 2058
f 2142 2106 2107
f 2141 2060 2059
f 2142 2107 2108
f 2141 2061 2060
f 2142 2108 2109
f 2141 2062 2061
f 2142 2109 2110
f 2141 2063 2062
f 2142 2110 2111
f 2141 2064 2063
f 2142 2111 2112
f 2141 2065 2064
f 2142 2112 2113
f 2141 2066 2065
f 2142 2113 2114
f 2141 2067 2066
f 2142 2114 2115
f 2141 2068 2067
f 2142 2115 2116
f 2141 2069 2068
f 2142 2116 2117
f 2141 2070 2069
f 2142 2117 2118
f 2141 2071 2070
f 2142 2118 2119
f 2141 2072 2071
f 2142 2119 2120
f 2141 2073 2072
f 2142 2120 2121
f 2141 2074 2073
f 2142 2121 2122
f 2141 2075 2074
f 2142 2122 2123
f 2141 2076 2075
f 2142 2123 2124
f 2141 2077 2076
f 2142 2124 2125
f 2141 2078 2077
f 2142 2125 2126
f 2141 2079 2078
f 2142 2126 2127
f 2141 2080 2079
f 2142 2127 2128
f 2141 2081 2080
f 2142 2128 2129
f 2141 2082 2081
f 2142 2129 2130
f 2141 2083 2082
f 2142 2130 2131
f 2141 2084 2083
f 2142 2131 2132
f 2141 2085 2084
f 2142 2132 2133
f 2141 2086 2085
f 2142 2133 2134
f 2141 2087 2086
f 2142 2134 2135
f 2141 2088 2087
f 2142 2135 2136
f 2141 2089 2088
f 2142 2136 2137
f 2141 2090 2089
f 2142 2137 2138
f 2141 2091 2090
f 2142 2138 2139
f 2141 2092 2091
f 2142 2139 2140
f 2141 2045 2092
f 2142 2140 2093
g lm2596_cap_2
usemtl m_lm2596_cap_2
v 14.8000 5.2000 5.6000
v 14.7675 5.6960 5.6000
v 14.6705 6.1835 5.6000
v 14.5107 6.6542 5.6000
v 14.2909 7.1000 5.6000
v 14.0147 7.5133 5.6000
v 13.6870 7.8870 5.6000
v 13.3133 8.2147 5.6000
v 12.9000 8.4909 5.6000
v 12.4542 8.7107 5.6000
v 11.9835 8.8705 5.6000
v 11.4960 8.9675 5.6000
v 11.0000 9.0000 5.6000
v 10.5040 8.9675 5.6000
v 10.0165 8.8705 5.6000
v 9.5458 8.7107 5.6000
v 9.1000 8.4909 5.6000
v 8.6867 8.2147 5.6000
v 8.3130 7.8870 5.6000
v 7.9853 7.5133 5.6000
v 7.7091 7.1000 5.6000
v 7.4893 6.6542 5.6000
v 7.3295 6.1835 5.6000
v 7.2325 5.6960 5.6000
v 7.2000 5.2000 5.6000
v 7.2325 4.7040 5.6000
v 7.3295 4.2165 5.6000
v 7.4893 3.7458 5.6000
v 7.7091 3.3000 5.6000
v 7.9853 2.8867 5.6000
v 8.3130 2.5130 5.6000
v 8.6867 2.1853 5.6000
v 9.1000 1.9091 5.6000
v 9.5458 1.6893 5.6000
v 10.0165 1.5295 5.6000
v 10.5040 1.4325 5.6000
v 11.0000 1.4000 5.6000
v 11.4960 1.4325 5.6000
v 11.9835 1.5295 5.6000
v 12.4542 1.6893 5.6000
v 12.9000 1.9091 5.6000
v 13.3133 2.1853 5.6000
v 13.6870 2.5130 5.6000
v 14.0147 2.8867 5.6000
v 14.2909 3.3000 5.6000
v 14.5107 3.7458 5.6000
v 14.6705 4.2165 5.6000
v 14.7675 4.7040 5.6000
v 14.8000 5.2000 14.6000
v 14.7675 5.6960 14.6000
v 14.6705 6.1835 14.6000
v 14.5107 6.6542 14.6000
v 14.2909 7.1000 14.6000
v 14.0147 7.5133 14.6000
v 13.6870 7.8870 14.6000
v 13.3133 8.2147 14.6000
v 12.9000 8.4909 14.6000
v 12.4542 8.7107 14.6000
v 11.9835 8.8705 14.6000
v 11.4960 8.9675 14.6000
v 11.0000 9.0000 14.6000
v 10.5040 8.9675 14.6000
v 10.0165 8.8705 14.6000
v 9.5458 8.7107 14.6000
v 9.1000 8.4909 14.6000
v 8.6867 8.2147 14.6000
v 8.3130 7.8870 14.6000
v 7.9853 7.5133 14.6000
v 7.7091 7.1000 14.6000
v 7.4893 6.6542 14.6000
v 7.3295 6.1835 14.6000
v 7.2325 5.6960 14.6000
v 7.2000 5.2000 14.6000
v 7.2325 4.7040 14.6000
v 7.3295 4.2165 14.6000
v 7.4893 3.7458 14.6000
v 7.7091 3.3000 14.6000
v 7.9853 2.8867 14.6000
v 8.3130 2.5130 14.6000
v 8.6867 2.1853 14.6000
v 9.1000 1.9091 14.6000
v 9.5458 1.6893 14.6000
v 10.0165 1.5295 14.6000
v 10.5040 1.4325 14.6000
v 11.0000 1.4000 14.6000
v 11.4960 1.4325 14.6000
v 11.9835 1.5295 14.6000
v 12.4542 1.6893 14.6000
v 12.9000 1.9091 14.6000
v 13.3133 2.1853 14.6000
v 13.6870 2.5130 14.6000
v 14.0147 2.8867 14.6000
v 14.2909 3.3000 14.6000
v 14.5107 3.7458 14.6000
v 14.6705 4.2165 14.6000
v 14.7675 4.7040 14.6000
v 11.0000 5.2000 5.6000
v 11.0000 5.2000 14.6000
f 2143 2144 2192
f 2143 2192 2191
f 2144 2145 2193
f 2144 2193 2192
f 2145 2146 2194
f 2145 2194 2193
f 2146 2147 2195
f 2146 2195 2194
f 2147 2148 2196
f 2147 2196 2195
f 2148 2149 2197
f 2148 2197 2196
f 2149 2150 2198
f 2149 2198 2197
f 2150 2151 2199
f 2150 2199 2198
f 2151 2152 2200
f 2151 2200 2199
f 2152 2153 2201
f 2152 2201 2200
f 2153 2154 2202
f 2153 2202 2201
f 2154 2155 2203
f 2154 2203 2202
f 2155 2156 2204
f 2155 2204 2203
f 2156 2157 2205
f 2156 2205 2204
f 2157 2158 2206
f 2157 2206 2205
f 2158 2159 2207
f 2158 2207 2206
f 2159 2160 2208
f 2159 2208 2207
f 2160 2161 2209
f 2160 2209 2208
f 2161 2162 2210
f 2161 2210 2209
f 2162 2163 2211
f 2162 2211 2210
f 2163 2164 2212
f 2163 2212 2211
f 2164 2165 2213
f 2164 2213 2212
f 2165 2166 2214
f 2165 2214 2213
f 2166 2167 2215
f 2166 2215 2214
f 2167 2168 2216
f 2167 2216 2215
f 2168 2169 2217
f 2168 2217 2216
f 2169 2170 2218
f 2169 2218 2217
f 2170 2171 2219
f 2170 2219 2218
f 2171 2172 2220
f 2171 2220 2219
f 2172 2173 2221
f 2172 2221 2220
f 2173 2174 2222
f 2173 2222 2221
f 2174 2175 2223
f 2174 2223 2222
f 2175 2176 2224
f 2175 2224 2223
f 2176 2177 2225
f 2176 2225 2224
f 2177 2178 2226
f 2177 2226 2225
f 2178 2179 2227
f 2178 2227 2226
f 2179 2180 2228
f 2179 2228 2227
f 2180 2181 2229
f 2180 2229 2228
f 2181 2182 2230
f 2181 2230 2229
f 2182 2183 2231
f 2182 2231 2230
f 2183 2184 2232
f 2183 2232 2231
f 2184 2185 2233
f 2184 2233 2232
f 2185 2186 2234
f 2185 2234 2233
f 2186 2187 2235
f 2186 2235 2234
f 2187 2188 2236
f 2187 2236 2235
f 2188 2189 2237
f 2188 2237 2236
f 2189 2190 2238
f 2189 2238 2237
f 2190 2143 2191
f 2190 2191 2238
f 2239 2144 2143
f 2240 2191 2192
f 2239 2145 2144
f 2240 2192 2193
f 2239 2146 2145
f 2240 2193 2194
f 2239 2147 2146
f 2240 2194 2195
f 2239 2148 2147
f 2240 2195 2196
f 2239 2149 2148
f 2240 2196 2197
f 2239 2150 2149
f 2240 2197 2198
f 2239 2151 2150
f 2240 2198 2199
f 2239 2152 2151
f 2240 2199 2200
f 2239 2153 2152
f 2240 2200 2201
f 2239 2154 2153
f 2240 2201 2202
f 2239 2155 2154
f 2240 2202 2203
f 2239 2156 2155
f 2240 2203 2204
f 2239 2157 2156
f 2240 2204 2205
f 2239 2158 2157
f 2240 2205 2206
f 2239 2159 2158
f 2240 2206 2207
f 2239 2160 2159
f 2240 2207 2208
f 2239 2161 2160
f 2240 2208 2209
f 2239 2162 2161
f 2240 2209 2210
f 2239 2163 2162
f 2240 2210 2211
f 2239 2164 2163
f 2240 2211 2212
f 2239 2165 2164
f 2240 2212 2213
f 2239 2166 2165
f 2240 2213 2214
f 2239 2167 2166
f 2240 2214 2215
f 2239 2168 2167
f 2240 2215 2216
f 2239 2169 2168
f 2240 2216 2217
f 2239 2170 2169
f 2240 2217 2218
f 2239 2171 2170
f 2240 2218 2219
f 2239 2172 2171
f 2240 2219 2220
f 2239 2173 2172
f 2240 2220 2221
f 2239 2174 2173
f 2240 2221 2222
f 2239 2175 2174
f 2240 2222 2223
f 2239 2176 2175
f 2240 2223 2224
f 2239 2177 2176
f 2240 2224 2225
f 2239 2178 2177
f 2240 2225 2226
f 2239 2179 2178
f 2240 2226 2227
f 2239 2180 2179
f 2240 2227 2228
f 2239 2181 2180
f 2240 2228 2229
f 2239 2182 2181
f 2240 2229 2230
f 2239 2183 2182
f 2240 2230 2231
f 2239 2184 2183
f 2240 2231 2232
f 2239 2185 2184
f 2240 2232 2233
f 2239 2186 2185
f 2240 2233 2234
f 2239 2187 2186
f 2240 2234 2235
f 2239 2188 2187
f 2240 2235 2236
f 2239 2189 2188
f 2240 2236 2237
f 2239 2190 2189
f 2240 2237 2238
f 2239 2143 2190
f 2240 2238 2191
g pack_carrier
usemtl m_pack_carrier
v -31.5000 -21.0000 18.0000
v 31.5000 -21.0000 18.0000
v 31.5000 21.0000 18.0000
v -31.5000 21.0000 18.0000
v -31.5000 -21.0000 19.0000
v 31.5000 -21.0000 19.0000
v 31.5000 21.0000 19.0000
v -31.5000 21.0000 19.0000
f 2241 2243 2242
f 2241 2244 2243
f 2245 2246 2247
f 2245 2247 2248
f 2241 2242 2246
f 2241 2246 2245
f 2242 2243 2247
f 2242 2247 2246
f 2243 2244 2248
f 2243 2248 2247
f 2244 2241 2245
f 2244 2245 2248
g cell_11
usemtl m_cell_11
v -10.5000 -10.5000 19.0000
v -10.5898 -9.1295 19.0000
v -10.8578 -7.7824 19.0000
v -11.2993 -6.4818 19.0000
v -11.9067 -5.2500 19.0000
v -12.6698 -4.1080 19.0000
v -13.5754 -3.0754 19.0000
v -14.6080 -2.1698 19.0000
v -15.7500 -1.4067 19.0000
v -16.9818 -0.7993 19.0000
v -18.2824 -0.3578 19.0000
v -19.6295 -0.0898 19.0000
v -21.0000 0.0000 19.0000
v -22.3705 -0.0898 19.0000
v -23.7176 -0.3578 19.0000
v -25.0182 -0.7993 19.0000
v -26.2500 -1.4067 19.0000
v -27.3920 -2.1698 19.0000
v -28.4246 -3.0754 19.0000
v -29.3302 -4.1080 19.0000
v -30.0933 -5.2500 19.0000
v -30.7007 -6.4818 19.0000
v -31.1422 -7.7824 19.0000
v -31.4102 -9.1295 19.0000
v -31.5000 -10.5000 19.0000
v -31.4102 -11.8705 19.0000
v -31.1422 -13.2176 19.0000
v -30.7007 -14.5182 19.0000
v -30.0933 -15.7500 19.0000
v -29.3302 -16.8920 19.0000
v -28.4246 -17.9246 19.0000
v -27.3920 -18.8302 19.0000
v -26.2500 -19.5933 19.0000
v -25.0182 -20.2007 19.0000
v -23.7176 -20.6422 19.0000
v -22.3705 -20.9102 19.0000
v -21.0000 -21.0000 19.0000
v -19.6295 -20.9102 19.0000
v -18.2824 -20.6422 19.0000
v -16.9818 -20.2007 19.0000
v -15.7500 -19.5933 19.0000
v -14.6080 -18.8302 19.0000
v -13.5754 -17.9246 19.0000
v -12.6698 -16.8920 19.0000
v -11.9067 -15.7500 19.0000
v -11.2993 -14.5182 19.0000
v -10.8578 -13.2176 19.0000
v -10.5898 -11.8705 19.0000
v -10.5000 -10.5000 89.0000
v -10.5898 -9.1295 89.0000
v -10.8578 -7.7824 89.0000
v -11.2993 -6.4818 89.0000
v -11.9067 -5.2500 89.0000
v -12.6698 -4.1080 89.0000
v -13.5754 -3.0754 89.0000
v -14.6080 -2.1698 89.0000
v -15.7500 -1.4067 89.0000
v -16.9818 -0.7993 89.0000
v -18.2824 -0.3578 89.0000
v -19.6295 -0.0898 89.0000
v -21.0000 0.0000 89.0000
v -22.3705 -0.0898 89.0000
v -23.7176 -0.3578 89.0000
v -25.0182 -0.7993 89.0000
v -26.2500 -1.4067 89.0000
v -27.3920 -2.1698 89.0000
v -28.4246 -3.0754 89.0000
v -29.3302 -4.1080 89.0000
v -30.0933 -5.2500 89.0000
v -30.7007 -6.4818 89.0000
v -31.1422 -7.7824 89.0000
v -31.4102 -9.1295 89.0000
v -31.5000 -10.5000 89.0000
v -31.4102 -11.8705 89.0000
v -31.1422 -13.2176 89.0000
v -30.7007 -14.5182 89.0000
v -30.0933 -15.7500 89.0000
v -29.3302 -16.8920 89.0000
v -28.4246 -17.9246 89.0000
v -27.3920 -18.8302 89.0000
v -26.2500 -19.5933 89.0000
v -25.0182 -20.2007 89.0000
v -23.7176 -20.6422 89.0000
v -22.3705 -20.9102 89.0000
v -21.0000 -21.0000 89.0000
v -19.6295 -20.9102 89.0000
v -18.2824 -20.6422 89.0000
v -16.9818 -20.2007 89.0000
v -15.7500 -19.5933 89.0000
v -14.6080 -18.8302 89.0000
v -13.5754 -17.9246 89.0000
v -12.6698 -16.8920 89.0000
v -11.9067 -15.7500 89.0000
v -11.2993 -14.5182 89.0000
v -10.8578 -13.2176 89.0000
v -10.5898 -11.8705 89.0000
v -21.0000 -10.5000 19.0000
v -21.0000 -10.5000 89.0000
f 2249 2250 2298
f 2249 2298 2297
f 2250 2251 2299
f 2250 2299 2298
f 2251 2252 2300
f 2251 2300 2299
f 2252 2253 2301
f 2252 2301 2300
f 2253 2254 2302
f 2253 2302 2301
f 2254 2255 2303
f 2254 2303 2302
f 2255 2256 2304
f 2255 2304 2303
f 2256 2257 2305
f 2256 2305 2304
f 2257 2258 2306
f 2257 2306 2305
f 2258 2259 2307
f 2258 2307 2306
f 2259 2260 2308
f 2259 2308 2307
f 2260 2261 2309
f 2260 2309 2308
f 2261 2262 2310
f 2261 2310 2309
f 2262 2263 2311
f 2262 2311 2310
f 2263 2264 2312
f 2263 2312 2311
f 2264 2265 2313
f 2264 2313 2312
f 2265 2266 2314
f 2265 2314 2313
f 2266 2267 2315
f 2266 2315 2314
f 2267 2268 2316
f 2267 2316 2315
f 2268 2269 2317
f 2268 2317 2316
f 2269 2270 2318
f 2269 2318 2317
f 2270 2271 2319
f 2270 2319 2318
f 2271 2272 2320
f 2271 2320 2319
f 2272 2273 2321
f 2272 2321 2320
f 2273 2274 2322
f 2273 2322 2321
f 2274 2275 2323
f 2274 2323 2322
f 2275 2276 2324
f 2275 2324 2323
f 2276 2277 2325
f 2276 2325 2324
f 2277 2278 2326
f 2277 2326 2325
f 2278 2279 2327
f 2278 2327 2326
f 2279 2280 2328
f 2279 2328 2327
f 2280 2281 2329
f 2280 2329 2328
f 2281 2282 2330
f 2281 2330 2329
f 2282 2283 2331
f 2282 2331 2330
f 2283 2284 2332
f 2283 2332 2331
f 2284 2285 2333
f 2284 2333 2332
f 2285 2286 2334
f 2285 2334 2333
f 2286 2287 2335
f 2286 2335 2334
f 2287 2288 2336
f 2287 2336 2335
f 2288 2289 2337
f 2288 2337 2336
f 2289 2290 2338
f 2289 2338 2337
f 2290 2291 2339
f 2290 2339 2338
f 2291 2292 2340
f 2291 2340 2339
f 2292 2293 2341
f 2292 2341 2340
f 2293 2294 2342
f 2293 2342 2341
f 2294 2295 2343
f 2294 2343 2342
f 2295 2296 2344
f 2295 2344 2343
f 2296 2249 2297
f 2296 2297 2344
f 2345 2250 2249
f 2346 2297 2298
f 2345 2251 2250
f 2346 2298 2299
f 2345 2252 2251
f 2346 2299 2300
f 2345 2253 2252
f 2346 2300 2301
f 2345 2254 2253
f 2346 2301 2302
f 2345 2255 2254
f 2346 2302 2303
f 2345 2256 2255
f 2346 2303 2304
f 2345 2257 2256
f 2346 2304 2305
f 2345 2258 2257
f 2346 2305 2306
f 2345 2259 2258
f 2346 2306 2307
f 2345 2260 2259
f 2346 2307 2308
f 2345 2261 2260
f 2346 2308 2309
f 2345 2262 2261
f 2346 2309 2310
f 2345 2263 2262
f 2346 2310 2311
f 2345 2264 2263
f 2346 2311 2312
f 2345 2265 2264
f 2346 2312 2313
f 2345 2266 2265
f 2346 2313 2314
f 2345 2267 2266
f 2346 2314 2315
f 2345 2268 2267
f 2346 2315 2316
f 2345 2269 2268
f 2346 2316 2317
f 2345 2270 2269
f 2346 2317 2318
f 2345 2271 2270
f 2346 2318 2319
f 2345 2272 2271
f 2346 2319 2320
f 2345 2273 2272
f 2346 2320 2321
f 2345 2274 2273
f 2346 2321 2322
f 2345 2275 2274
f 2346 2322 2323
f 2345 2276 2275
f 2346 2323 2324
f 2345 2277 2276
f 2346 2324 2325
f 2345 2278 2277
f 2346 2325 2326
f 2345 2279 2278
f 2346 2326 2327
f 2345 2280 2279
f 2346 2327 2328
f 2345 2281 2280
f 2346 2328 2329
f 2345 2282 2281
f 2346 2329 2330
f 2345 2283 2282
f 2346 2330 2331
f 2345 2284 2283
f 2346 2331 2332
f 2345 2285 2284
f 2346 2332 2333
f 2345 2286 2285
f 2346 2333 2334
f 2345 2287 2286
f 2346 2334 2335
f 2345 2288 2287
f 2346 2335 2336
f 2345 2289 2288
f 2346 2336 2337
f 2345 2290 2289
f 2346 2337 2338
f 2345 2291 2290
f 2346 2338 2339
f 2345 2292 2291
f 2346 2339 2340
f 2345 2293 2292
f 2346 2340 2341
f 2345 2294 2293
f 2346 2341 2342
f 2345 2295 2294
f 2346 2342 2343
f 2345 2296 2295
f 2346 2343 2344
f 2345 2249 2296
f 2346 2344 2297
g cell_12
usemtl m_cell_12
v -10.5000 10.5000 19.0000
v -10.5898 11.8705 19.0000
v -10.8578 13.2176 19.0000
v -11.2993 14.5182 19.0000
v -11.9067 15.7500 19.0000
v -12.6698 16.8920 19.0000
v -13.5754 17.9246 19.0000
v -14.6080 18.8302 19.0000
v -15.7500 19.5933 19.0000
v -16.9818 20.2007 19.0000
v -18.2824 20.6422 19.0000
v -19.6295 20.9102 19.0000
v -21.0000 21.0000 19.0000
v -22.3705 20.9102 19.0000
v -23.7176 20.6422 19.0000
v -25.0182 20.2007 19.0000
v -26.2500 19.5933 19.0000
v -27.3920 18.8302 19.0000
v -28.4246 17.9246 19.0000
v -29.3302 16.8920 19.0000
v -30.0933 15.7500 19.0000
v -30.7007 14.5182 19.0000
v -31.1422 13.2176 19.0000
v -31.4102 11.8705 19.0000
v -31.5000 10.5000 19.0000
v -31.4102 9.1295 19.0000
v -31.1422 7.7824 19.0000
v -30.7007 6.4818 19.0000
v -30.0933 5.2500 19.0000
v -29.3302 4.1080 19.0000
v -28.4246 3.0754 19.0000
v -27.3920 2.1698 19.0000
v -26.2500 1.4067 19.0000
v -25.0182 0.7993 19.0000
v -23.7176 0.3578 19.0000
v -22.3705 0.0898 19.0000
v -21.0000 0.0000 19.0000
v -19.6295 0.0898 19.0000
v -18.2824 0.3578 19.0000
v -16.9818 0.7993 19.0000
v -15.7500 1.4067 19.0000
v -14.6080 2.1698 19.0000
v -13.5754 3.0754 19.0000
v -12.6698 4.1080 19.0000
v -11.9067 5.2500 19.0000
v -11.2993 6.4818 19.0000
v -10.8578 7.7824 19.0000
v -10.5898 9.1295 19.0000
v -10.5000 10.5000 89.0000
v -10.5898 11.8705 89.0000
v -10.8578 13.2176 89.0000
v -11.2993 14.5182 89.0000
v -11.9067 15.7500 89.0000
v -12.6698 16.8920 89.0000
v -13.5754 17.9246 89.0000
v -14.6080 18.8302 89.0000
v -15.7500 19.5933 89.0000
v -16.9818 20.2007 89.0000
v -18.2824 20.6422 89.0000
v -19.6295 20.9102 89.0000
v -21.0000 21.0000 89.0000
v -22.3705 20.9102 89.0000
v -23.7176 20.6422 89.0000
v -25.0182 20.2007 89.0000
v -26.2500 19.5933 89.0000
v -27.3920 18.8302 89.0000
v -28.4246 17.9246 89.0000
v -29.3302 16.8920 89.0000
v -30.0933 15.7500 89.0000
v -30.7007 14.5182 89.0000
v -31.1422 13.2176 89.0000
v -31.4102 11.8705 89.0000
v -31.5000 10.5000 89.0000
v -31.4102 9.1295 89.0000
v -31.1422 7.7824 89.0000
v -30.7007 6.4818 89.0000
v -30.0933 5.2500 89.0000
v -29.3302 4.1080 89.0000
v -28.4246 3.0754 89.0000
v -27.3920 2.1698 89.0000
v -26.2500 1.4067 89.0000
v -25.0182 0.7993 89.0000
v -23.7176 0.3578 89.0000
v -22.3705 0.0898 89.0000
v -21.0000 0.0000 89.0000
v -19.6295 0.0898 89.0000
v -18.2824 0.3578 89.0000
v -16.9818 0.7993 89.0000
v -15.7500 1.4067 89.0000
v -14.6080 2.1698 89.0000
v -13.5754 3.0754 89.0000
v -12.6698 4.1080 89.0000
v -11.9067 5.2500 89.0000
v -11.2993 6.4818 89.0000
v -10.8578 7.7824 89.0000
v -10.5898 9.1295 89.0000
v -21.0000 10.5000 19.0000
v -21.0000 10.5000 89.0000
f 2347 2348 2396
f 2347 2396 2395
f 2348 2349 2397
f 2348 2397 2396
f 2349 2350 2398
f 2349 2398 2397
f 2350 2351 2399
f 2350 2399 2398
f 2351 2352 2400
f 2351 2400 2399
f 2352 2353 2401
f 2352 2401 2400
f 2353 2354 2402
f 2353 2402 2401
f 2354 2355 2403
f 2354 2403 2402
f 2355 2356 2404
f 2355 2404 2403
f 2356 2357 2405
f 2356 2405 2404
f 2357 2358 2406
f 2357 2406 2405
f 2358 2359 2407
f 2358 2407 2406
f 2359 2360 2408
f 2359 2408 2407
f 2360 2361 2409
f 2360 2409 2408
f 2361 2362 2410
f 2361 2410 2409
f 2362 2363 2411
f 2362 2411 2410
f 2363 2364 2412
f 2363 2412 2411
f 2364 2365 2413
f 2364 2413 2412
f 2365 2366 2414
f 2365 2414 2413
f 2366 2367 2415
f 2366 2415 2414
f 2367 2368 2416
f 2367 2416 2415
f 2368 2369 2417
f 2368 2417 2416
f 2369 2370 2418
f 2369 2418 2417
f 2370 2371 2419
f 2370 2419 2418
f 2371 2372 2420
f 2371 2420 2419
f 2372 2373 2421
f 2372 2421 2420
f 2373 2374 2422
f 2373 2422 2421
f 2374 2375 2423
f 2374 2423 2422
f 2375 2376 2424
f 2375 2424 2423
f 2376 2377 2425
f 2376 2425 2424
f 2377 2378 2426
f 2377 2426 2425
f 2378 2379 2427
f 2378 2427 2426
f 2379 2380 2428
f 2379 2428 2427
f 2380 2381 2429
f 2380 2429 2428
f 2381 2382 2430
f 2381 2430 2429
f 2382 2383 2431
f 2382 2431 2430
f 2383 2384 2432
f 2383 2432 2431
f 2384 2385 2433
f 2384 2433 2432
f 2385 2386 2434
f 2385 2434 2433
f 2386 2387 2435
f 2386 2435 2434
f 2387 2388 2436
f 2387 2436 2435
f 2388 2389 2437
f 2388 2437 2436
f 2389 2390 2438
f 2389 2438 2437
f 2390 2391 2439
f 2390 2439 2438
f 2391 2392 2440
f 2391 2440 2439
f 2392 2393 2441
f 2392 2441 2440
f 2393 2394 2442
f 2393 2442 2441
f 2394 2347 2395
f 2394 2395 2442
f 2443 2348 2347
f 2444 2395 2396
f 2443 2349 2348
f 2444 2396 2397
f 2443 2350 2349
f 2444 2397 2398
f 2443 2351 2350
f 2444 2398 2399
f 2443 2352 2351
f 2444 2399 2400
f 2443 2353 2352
f 2444 2400 2401
f 2443 2354 2353
f 2444 2401 2402
f 2443 2355 2354
f 2444 2402 2403
f 2443 2356 2355
f 2444 2403 2404
f 2443 2357 2356
f 2444 2404 2405
f 2443 2358 2357
f 2444 2405 2406
f 2443 2359 2358
f 2444 2406 2407
f 2443 2360 2359
f 2444 2407 2408
f 2443 2361 2360
f 2444 2408 2409
f 2443 2362 2361
f 2444 2409 2410
f 2443 2363 2362
f 2444 2410 2411
f 2443 2364 2363
f 2444 2411 2412
f 2443 2365 2364
f 2444 2412 2413
f 2443 2366 2365
f 2444 2413 2414
f 2443 2367 2366
f 2444 2414 2415
f 2443 2368 2367
f 2444 2415 2416
f 2443 2369 2368
f 2444 2416 2417
f 2443 2370 2369
f 2444 2417 2418
f 2443 2371 2370
f 2444 2418 2419
f 2443 2372 2371
f 2444 2419 2420
f 2443 2373 2372
f 2444 2420 2421
f 2443 2374 2373
f 2444 2421 2422
f 2443 2375 2374
f 2444 2422 2423
f 2443 2376 2375
f 2444 2423 2424
f 2443 2377 2376
f 2444 2424 2425
f 2443 2378 2377
f 2444 2425 2426
f 2443 2379 2378
f 2444 2426 2427
f 2443 2380 2379
f 2444 2427 2428
f 2443 2381 2380
f 2444 2428 2429
f 2443 2382 2381
f 2444 2429 2430
f 2443 2383 2382
f 2444 2430 2431
f 2443 2384 2383
f 2444 2431 2432
f 2443 2385 2384
f 2444 2432 2433
f 2443 2386 2385
f 2444 2433 2434
f 2443 2387 2386
f 2444 2434 2435
f 2443 2388 2387
f 2444 2435 2436
f 2443 2389 2388
f 2444 2436 2437
f 2443 2390 2389
f 2444 2437 2438
f 2443 2391 2390
f 2444 2438 2439
f 2443 2392 2391
f 2444 2439 2440
f 2443 2393 2392
f 2444 2440 2441
f 2443 2394 2393
f 2444 2441 2442
f 2443 2347 2394
f 2444 2442 2395
g cell_21
usemtl m_cell_21
v 10.5000 -10.5000 19.0000
v 10.4102 -9.1295 19.0000
v 10.1422 -7.7824 19.0000
v 9.7007 -6.4818 19.0000
v 9.0933 -5.2500 19.0000
v 8.3302 -4.1080 19.0000
v 7.4246 -3.0754 19.0000
v 6.3920 -2.1698 19.0000
v 5.2500 -1.4067 19.0000
v 4.0182 -0.7993 19.0000
v 2.7176 -0.3578 19.0000
v 1.3705 -0.0898 19.0000
v 0.0000 0.0000 19.0000
v -1.3705 -0.0898 19.0000
v -2.7176 -0.3578 19.0000
v -4.0182 -0.7993 19.0000
v -5.2500 -1.4067 19.0000
v -6.3920 -2.1698 19.0000
v -7.4246 -3.0754 19.0000
v -8.3302 -4.1080 19.0000
v -9.0933 -5.2500 19.0000
v -9.7007 -6.4818 19.0000
v -10.1422 -7.7824 19.0000
v -10.4102 -9.1295 19.0000
v -10.5000 -10.5000 19.0000
v -10.4102 -11.8705 19.0000
v -10.1422 -13.2176 19.0000
v -9.7007 -14.5182 19.0000
v -9.0933 -15.7500 19.0000
v -8.3302 -16.8920 19.0000
v -7.4246 -17.9246 19.0000
v -6.3920 -18.8302 19.0000
v -5.2500 -19.5933 19.0000
v -4.0182 -20.2007 19.0000
v -2.7176 -20.6422 19.0000
v -1.3705 -20.9102 19.0000
v -0.0000 -21.0000 19.0000
v 1.3705 -20.9102 19.0000
v 2.7176 -20.6422 19.0000
v 4.0182 -20.2007 19.0000
v 5.2500 -19.5933 19.0000
v 6.3920 -18.8302 19.0000
v 7.4246 -17.9246 19.0000
v 8.3302 -16.8920 19.0000
v 9.0933 -15.7500 19.0000
v 9.7007 -14.5182 19.0000
v 10.1422 -13.2176 19.0000
v 10.4102 -11.8705 19.0000
v 10.5000 -10.5000 89.0000
v 10.4102 -9.1295 89.0000
v 10.1422 -7.7824 89.0000
v 9.7007 -6.4818 89.0000
v 9.0933 -5.2500 89.0000
v 8.3302 -4.1080 89.0000
v 7.4246 -3.0754 89.0000
v 6.3920 -2.1698 89.0000
v 5.2500 -1.4067 89.0000
v 4.0182 -0.7993 89.0000
v 2.7176 -0.3578 89.0000
v 1.3705 -0.0898 89.0000
v 0.0000 0.0000 89.0000
v -1.3705 -0.0898 89.0000
v -2.7176 -0.3578 89.0000
v -4.0182 -0.7993 89.0000
v -5.2500 -1.4067 89.0000
v -6.3920 -2.1698 89.0000
v -7.4246 -3.0754 89.0000
v -8.3302 -4.1080 89.0000
v -9.0933 -5.2500 89.0000
v -9.7007 -6.4818 89.0000
v -10.1422 -7.7824 89.0000
v -10.4102 -9.1295 89.0000
v -10.5000 -10.5000 89.0000
v -10.4102 -11.8705 89.0000
v -10.1422 -13.2176 89.0000
v -9.7007 -14.5182 89.0000
v -9.0933 -15.7500 89.0000
v -8.3302 -16.8920 89.0000
v -7.4246 -17.9246 89.0000
v -6.3920 -18.8302 89.0000
v -5.2500 -19.5933 89.0000
v -4.0182 -20.2007 89.0000
v -2.7176 -20.6422 89.0000
v -1.3705 -20.9102 89.0000
v -0.0000 -21.0000 89.0000
v 1.3705 -20.9102 89.0000
v 2.7176 -20.6422 89.0000
v 4.0182 -20.2007 89.0000
v 5.2500 -19.5933 89.0000
v 6.3920 -18.8302 89.0000
v 7.4246 -17.9246 89.0000
v 8.3302 -16.8920 89.0000
v 9.0933 -15.7500 89.0000
v 9.7007 -14.5182 89.0000
v 10.1422 -13.2176 89.0000
v 10.4102 -11.8705 89.0000
v 0.0000 -10.5000 19.0000
v 0.0000 -10.5000 89.0000
f 2445 2446 2494
f 2445 2494 2493
f 2446 2447 2495
f 2446 2495 2494
f 2447 2448 2496
f 2447 2496 2495
f 2448 2449 2497
f 2448 2497 2496
f 2449 2450 2498
f 2449 2498 2497
f 2450 2451 2499
f 2450 2499 2498
f 2451 2452 2500
f 2451 2500 2499
f 2452 2453 2501
f 2452 2501 2500
f 2453 2454 2502
f 2453 2502 2501
f 2454 2455 2503
f 2454 2503 2502
f 2455 2456 2504
f 2455 2504 2503
f 2456 2457 2505
f 2456 2505 2504
f 2457 2458 2506
f 2457 2506 2505
f 2458 2459 2507
f 2458 2507 2506
f 2459 2460 2508
f 2459 2508 2507
f 2460 2461 2509
f 2460 2509 2508
f 2461 2462 2510
f 2461 2510 2509
f 2462 2463 2511
f 2462 2511 2510
f 2463 2464 2512
f 2463 2512 2511
f 2464 2465 2513
f 2464 2513 2512
f 2465 2466 2514
f 2465 2514 2513
f 2466 2467 2515
f 2466 2515 2514
f 2467 2468 2516
f 2467 2516 2515
f 2468 2469 2517
f 2468 2517 2516
f 2469 2470 2518
f 2469 2518 2517
f 2470 2471 2519
f 2470 2519 2518
f 2471 2472 2520
f 2471 2520 2519
f 2472 2473 2521
f 2472 2521 2520
f 2473 2474 2522
f 2473 2522 2521
f 2474 2475 2523
f 2474 2523 2522
f 2475 2476 2524
f 2475 2524 2523
f 2476 2477 2525
f 2476 2525 2524
f 2477 2478 2526
f 2477 2526 2525
f 2478 2479 2527
f 2478 2527 2526
f 2479 2480 2528
f 2479 2528 2527
f 2480 2481 2529
f 2480 2529 2528
f 2481 2482 2530
f 2481 2530 2529
f 2482 2483 2531
f 2482 2531 2530
f 2483 2484 2532
f 2483 2532 2531
f 2484 2485 2533
f 2484 2533 2532
f 2485 2486 2534
f 2485 2534 2533
f 2486 2487 2535
f 2486 2535 2534
f 2487 2488 2536
f 2487 2536 2535
f 2488 2489 2537
f 2488 2537 2536
f 2489 2490 2538
f 2489 2538 2537
f 2490 2491 2539
f 2490 2539 2538
f 2491 2492 2540
f 2491 2540 2539
f 2492 2445 2493
f 2492 2493 2540
f 2541 2446 2445
f 2542 2493 2494
f 2541 2447 2446
f 2542 2494 2495
f 2541 2448 2447
f 2542 2495 2496
f 2541 2449 2448
f 2542 2496 2497
f 2541 2450 2449
f 2542 2497 2498
f 2541 2451 2450
f 2542 2498 2499
f 2541 2452 2451
f 2542 2499 2500
f 2541 2453 2452
f 2542 2500 2501
f 2541 2454 2453
f 2542 2501 2502
f 2541 2455 2454
f 2542 2502 2503
f 2541 2456 2455
f 2542 2503 2504
f 2541 2457 2456
f 2542 2504 2505
f 2541 2458 2457
f 2542 2505 2506
f 2541 2459 2458
f 2542 2506 2507
f 2541 2460 2459
f 2542 2507 2508
f 2541 2461 2460
f 2542 2508 2509
f 2541 2462 2461
f 2542 2509 2510
f 2541 2463 2462
f 2542 2510 2511
f 2541 2464 2463
f 2542 2511 2512
f 2541 2465 2464
f 2542 2512 2513
f 2541 2466 2465
f 2542 2513 2514
f 2541 2467 2466
f 2542 2514 2515
f 2541 2468 2467
f 2542 2515 2516
f 2541 2469 2468
f 2542 2516 2517
f 2541 2470 2469
f 2542 2517 2518
f 2541 2471 2470
f 2542 2518 2519
f 2541 2472 2471
f 2542 2519 2520
f 2541 2473 2472
f 2542 2520 2521
f 2541 2474 2473
f 2542 2521 2522
f 2541 2475 2474
f 2542 2522 2523
f 2541 2476 2475
f 2542 2523 2524
f 2541 2477 2476
f 2542 2524 2525
f 2541 2478 2477
f 2542 2525 2526
f 2541 2479 2478
f 2542 2526 2527
f 2541 2480 2479
f 2542 2527 2528
f 2541 2481 2480
f 2542 2528 2529
f 2541 2482 2481
f 2542 2529 2530
f 2541 2483 2482
f 2542 2530 2531
f 2541 2484 2483
f 2542 2531 2532
f 2541 2485 2484
f 2542 2532 2533
f 2541 2486 2485
f 2542 2533 2534
f 2541 2487 2486
f 2542 2534 2535
f 2541 2488 2487
f 2542 2535 2536
f 2541 2489 2488
f 2542 2536 2537
f 2541 2490 2489
f 2542 2537 2538
f 2541 2491 2490
f 2542 2538 2539
f 2541 2492 2491
f 2542 2539 2540
f 2541 2445 2492
f 2542 2540 2493
g cell_22
usemtl m_cell_22
v 10.5000 10.5000 19.0000
v 10.4102 11.8705 19.0000
v 10.1422 13.2176 19.0000
v 9.7007 14.5182 19.0000
v 9.0933 15.7500 19.0000
v 8.3302 16.8920 19.0000
v 7.4246 17.9246 19.0000
v 6.3920 18.8302 19.0000
v 5.2500 19.5933 19.0000
v 4.0182 20.2007 19.0000
v 2.7176 20.6422 19.0000
v 1.3705 20.9102 19.0000
v 0.0000 21.0000 19.0000
v -1.3705 20.9102 19.0000
v -2.7176 20.6422 19.0000
v -4.0182 20.2007 19.0000
v -5.2500 19.5933 19.0000
v -6.3920 18.8302 19.0000
v -7.4246 17.9246 19.0000
v -8.3302 16.8920 19.0000
v -9.0933 15.7500 19.0000
v -9.7007 14.5182 19.0000
v -10.1422 13.2176 19.0000
v -10.4102 11.8705 19.0000
v -10.5000 10.5000 19.0000
v -10.4102 9.1295 19.0000
v -10.1422 7.7824 19.0000
v -9.7007 6.4818 19.0000
v -9.0933 5.2500 19.0000
v -8.3302 4.1080 19.0000
v -7.4246 3.0754 19.0000
v -6.3920 2.1698 19.0000
v -5.2500 1.4067 19.0000
v -4.0182 0.7993 19.0000
v -2.7176 0.3578 19.0000
v -1.3705 0.0898 19.0000
v -0.0000 0.0000 19.0000
v 1.3705 0.0898 19.0000
v 2.7176 0.3578 19.0000
v 4.0182 0.7993 19.0000
v 5.2500 1.4067 19.0000
v 6.3920 2.1698 19.0000
v 7.4246 3.0754 19.0000
v 8.3302 4.1080 19.0000
v 9.0933 5.2500 19.0000
v 9.7007 6.4818 19.0000
v 10.1422 7.7824 19.0000
v 10.4102 9.1295 19.0000
v 10.5000 10.5000 89.0000
v 10.4102 11.8705 89.0000
v 10.1422 13.2176 89.0000
v 9.7007 14.5182 89.0000
v 9.0933 15.7500 89.0000
v 8.3302 16.8920 89.0000
v 7.4246 17.9246 89.0000
v 6.3920 18.8302 89.0000
v 5.2500 19.5933 89.0000
v 4.0182 20.2007 89.0000
v 2.7176 20.6422 89.0000
v 1.3705 20.9102 89.0000
v 0.0000 21.0000 89.0000
v -1.3705 20.9102 89.0000
v -2.7176 20.6422 89.0000
v -4.0182 20.2007 89.0000
v -5.2500 19.5933 89.0000
v -6.3920 18.8302 89.0000
v -7.4246 17.9246 89.0000
v -8.3302 16.8920 89.0000
v -9.0933 15.7500 89.0000
v -9.7007 14.5182 89.0000
v -10.1422 13.2176 89.0000
v -10.4102 11.8705 89.0000
v -10.5000 10.5000 89.0000
v -10.4102 9.1295 89.0000
v -10.1422 7.7824 89.0000
v -9.7007 6.4818 89.0000
v -9.0933 5.2500 89.0000
v -8.3302 4.1080 89.0000
v -7.4246 3.0754 89.0000
v -6.3920 2.1698 89.0000
v -5.2500 1.4067 89.0000
v -4.0182 0.7993 89.0000
v -2.7176 0.3578 89.0000
v -1.3705 0.0898 89.0000
v -0.0000 0.0000 89.0000
v 1.3705 0.0898 89.0000
v 2.7176 0.3578 89.0000
v 4.0182 0.7993 89.0000
v 5.2500 1.4067 89.0000
v 6.3920 2.1698 89.0000
v 7.4246 3.0754 89.0000
v 8.3302 4.1080 89.0000
v 9.0933 5.2500 89.0000
v 9.7007 6.4818 89.0000
v 10.1422 7.7824 89.0000
v 10.4102 9.1295 89.0000
v 0.0000 10.5000 19.0000
v 0.0000 10.5000 89.0000
f 2543 2544 2592
f 2543 2592 2591
f 2544 2545 2593
f 2544 2593 2592
f 2545 2546 2594
f 2545 2594 2593
f 2546 2547 2595
f 2546 2595 2594
f 2547 2548 2596
f 2547 2596 2595
f 2548 2549 2597
f 2548 2597 2596
f 2549 2550 2598
f 2549 2598 2597
f 2550 2551 2599
f 2550 2599 2598
f 2551 2552 2600
f 2551 2600 2599
f 2552 2553 2601
f 2552 2601 2600
f 2553 2554 2602
f 2553 2602 2601
f 2554 2555 2603
f 2554 2603 2602
f 2555 2556 2604
f 2555 2604 2603
f 2556 2557 2605
f 2556 2605 2604
f 2557 2558 2606
f 2557 2606 2605
f 2558 2559 2607
f 2558 2607 2606
f 2559 2560 2608
f 2559 2608 2607
f 2560 2561 2609
f 2560 2609 2608
f 2561 2562 2610
f 2561 2610 2609
f 2562 2563 2611
f 2562 2611 2610
f 2563 2564 2612
f 2563 2612 2611
f 2564 2565 2613
f 2564 2613 2612
f 2565 2566 2614
f 2565 2614 2613
f 2566 2567 2615
f 2566 2615 2614
f 2567 2568 2616
f 2567 2616 2615
f 2568 2569 2617
f 2568 2617 2616
f 2569 2570 2618
f 2569 2618 2617
f 2570 2571 2619
f 2570 2619 2618
f 2571 2572 2620
f 2571 2620 2619
f 2572 2573 2621
f 2572 2621 2620
f 2573 2574 2622
f 2573 2622 2621
f 2574 2575 2623
f 2574 2623 2622
f 2575 2576 2624
f 2575 2624 2623
f 2576 2577 2625
f 2576 2625 2624
f 2577 2578 2626
f 2577 2626 2625
f 2578 2579 2627
f 2578 2627 2626
f 2579 2580 2628
f 2579 2628 2627
f 2580 2581 2629
f 2580 2629 2628
f 2581 2582 2630
f 2581 2630 2629
f 2582 2583 2631
f 2582 2631 2630
f 2583 2584 2632
f 2583 2632 2631
f 2584 2585 2633
f 2584 2633 2632
f 2585 2586 2634
f 2585 2634 2633
f 2586 2587 2635
f 2586 2635 2634
f 2587 2588 2636
f 2587 2636 2635
f 2588 2589 2637
f 2588 2637 2636
f 2589 2590 2638
f 2589 2638 2637
f 2590 2543 2591
f 2590 2591 2638
f 2639 2544 2543
f 2640 2591 2592
f 2639 2545 2544
f 2640 2592 2593
f 2639 2546 2545
f 2640 2593 2594
f 2639 2547 2546
f 2640 2594 2595
f 2639 2548 2547
f 2640 2595 2596
f 2639 2549 2548
f 2640 2596 2597
f 2639 2550 2549
f 2640 2597 2598
f 2639 2551 2550
f 2640 2598 2599
f 2639 2552 2551
f 2640 2599 2600
f 2639 2553 2552
f 2640 2600 2601
f 2639 2554 2553
f 2640 2601 2602
f 2639 2555 2554
f 2640 2602 2603
f 2639 2556 2555
f 2640 2603 2604
f 2639 2557 2556
f 2640 2604 2605
f 2639 2558 2557
f 2640 2605 2606
f 2639 2559 2558
f 2640 2606 2607
f 2639 2560 2559
f 2640 2607 2608
f 2639 2561 2560
f 2640 2608 2609
f 2639 2562 2561
f 2640 2609 2610
f 2639 2563 2562
f 2640 2610 2611
f 2639 2564 2563
f 2640 2611 2612
f 2639 2565 2564
f 2640 2612 2613
f 2639 2566 2565
f 2640 2613 2614
f 2639 2567 2566
f 2640 2614 2615
f 2639 2568 2567
f 2640 2615 2616
f 2639 2569 2568
f 2640 2616 2617
f 2639 2570 2569
f 2640 2617 2618
f 2639 2571 2570
f 2640 2618 2619
f 2639 2572 2571
f 2640 2619 2620
f 2639 2573 2572
f 2640 2620 2621
f 2639 2574 2573
f 2640 2621 2622
f 2639 2575 2574
f 2640 2622 2623
f 2639 2576 2575
f 2640 2623 2624
f 2639 2577 2576
f 2640 2624 2625
f 2639 2578 2577
f 2640 2625 2626
f 2639 2579 2578
f 2640 2626 2627
f 2639 2580 2579
f 2640 2627 2628
f 2639 2581 2580
f 2640 2628 2629
f 2639 2582 2581
f 2640 2629 2630
f 2639 2583 2582
f 2640 2630 2631
f 2639 2584 2583
f 2640 2631 2632
f 2639 2585 2584
f 2640 2632 2633
f 2639 2586 2585
f 2640 2633 2634
f 2639 2587 2586
f 2640 2634 2635
f 2639 2588 2587
f 2640 2635 2636
f 2639 2589 2588
f 2640 2636 2637
f 2639 2590 2589
f 2640 2637 2638
f 2639 2543 2590
f 2640 2638 2591
g cell_31
usemtl m_cell_31
v 31.5000 -10.5000 19.0000
v 31.4102 -9.1295 19.0000
v 31.1422 -7.7824 19.0000
v 30.7007 -6.4818 19.0000
v 30.0933 -5.2500 19.0000
v 29.3302 -4.1080 19.0000
v 28.4246 -3.0754 19.0000
v 27.3920 -2.1698 19.0000
v 26.2500 -1.4067 19.0000
v 25.0182 -0.7993 19.0000
v 23.7176 -0.3578 19.0000
v 22.3705 -0.0898 19.0000
v 21.0000 0.0000 19.0000
v 19.6295 -0.0898 19.0000
v 18.2824 -0.3578 19.0000
v 16.9818 -0.7993 19.0000
v 15.7500 -1.4067 19.0000
v 14.6080 -2.1698 19.0000
v 13.5754 -3.0754 19.0000
v 12.6698 -4.1080 19.0000
v 11.9067 -5.2500 19.0000
v 11.2993 -6.4818 19.0000
v 10.8578 -7.7824 19.0000
v 10.5898 -9.1295 19.0000
v 10.5000 -10.5000 19.0000
v 10.5898 -11.8705 19.0000
v 10.8578 -13.2176 19.0000
v 11.2993 -14.5182 19.0000
v 11.9067 -15.7500 19.0000
v 12.6698 -16.8920 19.0000
v 13.5754 -17.9246 19.0000
v 14.6080 -18.8302 19.0000
v 15.7500 -19.5933 19.0000
v 16.9818 -20.2007 19.0000
v 18.2824 -20.6422 19.0000
v 19.6295 -20.9102 19.0000
v 21.0000 -21.0000 19.0000
v 22.3705 -20.9102 19.0000
v 23.7176 -20.6422 19.0000
v 25.0182 -20.2007 19.0000
v 26.2500 -19.5933 19.0000
v 27.3920 -18.8302 19.0000
v 28.4246 -17.9246 19.0000
v 29.3302 -16.8920 19.0000
v 30.0933 -15.7500 19.0000
v 30.7007 -14.5182 19.0000
v 31.1422 -13.2176 19.0000
v 31.4102 -11.8705 19.0000
v 31.5000 -10.5000 89.0000
v 31.4102 -9.1295 89.0000
v 31.1422 -7.7824 89.0000
v 30.7007 -6.4818 89.0000
v 30.0933 -5.2500 89.0000
v 29.3302 -4.1080 89.0000
v 28.4246 -3.0754 89.0000
v 27.3920 -2.1698 89.0000
v 26.2500 -1.4067 89.0000
v 25.0182 -0.7993 89.0000
v 23.7176 -0.3578 89.0000
v 22.3705 -0.0898 89.0000
v 21.0000 0.0000 89.0000
v 19.6295 -0.0898 89.0000
v 18.2824 -0.3578 89.0000
v 16.9818 -0.7993 89.0000
v 15.7500 -1.4067 89.0000
v 14.6080 -2.1698 89.0000
v 13.5754 -3.0754 89.0000
v 12.6698 -4.1080 89.0000
v 11.9067 -5.2500 89.0000
v 11.2993 -6.4818 89.0000
v 10.8578 -7.7824 89.0000
v 10.5898 -9.1295 89.0000
v 10.5000 -10.5000 89.0000
v 10.5898 -11.8705 89.0000
v 10.8578 -13.2176 89.0000
v 11.2993 -14.5182 89.0000
v 11.9067 -15.7500 89.0000
v 12.6698 -16.8920 89.0000
v 13.5754 -17.9246 89.0000
v 14.6080 -18.8302 89.0000
v 15.7500 -19.5933 89.0000
v 16.9818 -20.2007 89.0000
v 18.2824 -20.6422 89.0000
v 19.6295 -20.9102 89.0000
v 21.0000 -21.0000 89.0000
v 22.3705 -20.9102 89.0000
v 23.7176 -20.6422 89.0000
v 25.0182 -20.2007 89.0000
v 26.2500 -19.5933 89.0000
v 27.3920 -18.8302 89.0000
v 28.4246 -17.9246 89.0000
v 29.3302 -16.8920 89.0000
v 30.0933 -15.7500 89.0000
v 30.7007 -14.5182 89.0000
v 31.1422 -13.2176 89.0000
v 31.4102 -11.8705 89.0000
v 21.0000 -10.5000 19.0000
v 21.0000 -10.5000 89.0000
f 2641 2642 2690
f 2641 2690 2689
f 2642 2643 2691
f 2642 2691 2690
f 2643 2644 2692
f 2643 2692 2691
f 2644 2645 2693
f 2644 2693 2692
f 2645 2646 2694
f 2645 2694 2693
f 2646 2647 2695
f 2646 2695 2694
f 2647 2648 2696
f 2647 2696 2695
f 2648 2649 2697
f 2648 2697 2696
f 2649 2650 2698
f 2649 2698 2697
f 2650 2651 2699
f 2650 2699 2698
f 2651 2652 2700
f 2651 2700 2699
f 2652 2653 2701
f 2652 2701 2700
f 2653 2654 2702
f 2653 2702 2701
f 2654 2655 2703
f 2654 2703 2702
f 2655 2656 2704
f 2655 2704 2703
f 2656 2657 2705
f 2656 2705 2704
f 2657 2658 2706
f 2657 2706 2705
f 2658 2659 2707
f 2658 2707 2706
f 2659 2660 2708
f 2659 2708 2707
f 2660 2661 2709
f 2660 2709 2708
f 2661 2662 2710
f 2661 2710 2709
f 2662 2663 2711
f 2662 2711 2710
f 2663 2664 2712
f 2663 2712 2711
f 2664 2665 2713
f 2664 2713 2712
f 2665 2666 2714
f 2665 2714 2713
f 2666 2667 2715
f 2666 2715 2714
f 2667 2668 2716
f 2667 2716 2715
f 2668 2669 2717
f 2668 2717 2716
f 2669 2670 2718
f 2669 2718 2717
f 2670 2671 2719
f 2670 2719 2718
f 2671 2672 2720
f 2671 2720 2719
f 2672 2673 2721
f 2672 2721 2720
f 2673 2674 2722
f 2673 2722 2721
f 2674 2675 2723
f 2674 2723 2722
f 2675 2676 2724
f 2675 2724 2723
f 2676 2677 2725
f 2676 2725 2724
f 2677 2678 2726
f 2677 2726 2725
f 2678 2679 2727
f 2678 2727 2726
f 2679 2680 2728
f 2679 2728 2727
f 2680 2681 2729
f 2680 2729 2728
f 2681 2682 2730
f 2681 2730 2729
f 2682 2683 2731
f 2682 2731 2730
f 2683 2684 2732
f 2683 2732 2731
f 2684 2685 2733
f 2684 2733 2732
f 2685 2686 2734
f 2685 2734 2733
f 2686 2687 2735
f 2686 2735 2734
f 2687 2688 2736
f 2687 2736 2735
f 2688 2641 2689
f 2688 2689 2736
f 2737 2642 2641
f 2738 2689 2690
f 2737 2643 2642
f 2738 2690 2691
f 2737 2644 2643
f 2738 2691 2692
f 2737 2645 2644
f 2738 2692 2693
f 2737 2646 2645
f 2738 2693 2694
f 2737 2647 2646
f 2738 2694 2695
f 2737 2648 2647
f 2738 2695 2696
f 2737 2649 2648
f 2738 2696 2697
f 2737 2650 2649
f 2738 2697 2698
f 2737 2651 2650
f 2738 2698 2699
f 2737 2652 2651
f 2738 2699 2700
f 2737 2653 2652
f 2738 2700 2701
f 2737 2654 2653
f 2738 2701 2702
f 2737 2655 2654
f 2738 2702 2703
f 2737 2656 2655
f 2738 2703 2704
f 2737 2657 2656
f 2738 2704 2705
f 2737 2658 2657
f 2738 2705 2706
f 2737 2659 2658
f 2738 2706 2707
f 2737 2660 2659
f 2738 2707 2708
f 2737 2661 2660
f 2738 2708 2709
f 2737 2662 2661
f 2738 2709 2710
f 2737 2663 2662
f 2738 2710 2711
f 2737 2664 2663
f 2738 2711 2712
f 2737 2665 2664
f 2738 2712 2713
f 2737 2666 2665
f 2738 2713 2714
f 2737 2667 2666
f 2738 2714 2715
f 2737 2668 2667
f 2738 2715 2716
f 2737 2669 2668
f 2738 2716 2717
f 2737 2670 2669
f 2738 2717 2718
f 2737 2671 2670
f 2738 2718 2719
f 2737 2672 2671
f 2738 2719 2720
f 2737 2673 2672
f 2738 2720 2721
f 2737 2674 2673
f 2738 2721 2722
f 2737 2675 2674
f 2738 2722 2723
f 2737 2676 2675
f 2738 2723 2724
f 2737 2677 2676
f 2738 2724 2725
f 2737 2678 2677
f 2738 2725 2726
f 2737 2679 2678
f 2738 2726 2727
f 2737 2680 2679
f 2738 2727 2728
f 2737 2681 2680
f 2738 2728 2729
f 2737 2682 2681
f 2738 2729 2730
f 2737 2683 2682
f 2738 2730 2731
f 2737 2684 2683
f 2738 2731 2732
f 2737 2685 2684
f 2738 2732 2733
f 2737 2686 2685
f 2738 2733 2734
f 2737 2687 2686
f 2738 2734 2735
f 2737 2688 2687
f 2738 2735 2736
f 2737 2641 2688
f 2738 2736 2689
g cell_32
usemtl m_cell_32
v 31.5000 10.5000 19.0000
v 31.4102 11.8705 19.0000
v 31.1422 13.2176 19.0000
v 30.7007 14.5182 19.0000
v 30.0933 15.7500 19.0000
v 29.3302 16.8920 19.0000
v 28.4246 17.9246 19.0000
v 27.3920 18.8302 19.0000
v 26.2500 19.5933 19.0000
v 25.0182 20.2007 19.0000
v 23.7176 20.6422 19.0000
v 22.3705 20.9102 19.0000
v 21.0000 21.0000 19.0000
v 19.6295 20.9102 19.0000
v 18.2824 20.6422 19.0000
v 16.9818 20.2007 19.0000
v 15.7500 19.5933 19.0000
v 14.6080 18.8302 19.0000
v 13.5754 17.9246 19.0000
v 12.6698 16.8920 19.0000
v 11.9067 15.7500 19.0000
v 11.2993 14.5182 19.0000
v 10.8578 13.2176 19.0000
v 10.5898 11.8705 19.0000
v 10.5000 10.5000 19.0000
v 10.5898 9.1295 19.0000
v 10.8578 7.7824 19.0000
v 11.2993 6.4818 19.0000
v 11.9067 5.2500 19.0000
v 12.6698 4.1080 19.0000
v 13.5754 3.0754 19.0000
v 14.6080 2.1698 19.0000
v 15.7500 1.4067 19.0000
v 16.9818 0.7993 19.0000
v 18.2824 0.3578 19.0000
v 19.6295 0.0898 19.0000
v 21.0000 0.0000 19.0000
v 22.3705 0.0898 19.0000
v 23.7176 0.3578 19.0000
v 25.0182 0.7993 19.0000
v 26.2500 1.4067 19.0000
v 27.3920 2.1698 19.0000
v 28.4246 3.0754 19.0000
v 29.3302 4.1080 19.0000
v 30.0933 5.2500 19.0000
v 30.7007 6.4818 19.0000
v 31.1422 7.7824 19.0000
v 31.4102 9.1295 19.0000
v 31.5000 10.5000 89.0000
v 31.4102 11.8705 89.0000
v 31.1422 13.2176 89.0000
v 30.7007 14.5182 89.0000
v 30.0933 15.7500 89.0000
v 29.3302 16.8920 89.0000
v 28.4246 17.9246 89.0000
v 27.3920 18.8302 89.0000
v 26.2500 19.5933 89.0000
v 25.0182 20.2007 89.0000
v 23.7176 20.6422 89.0000
v 22.3705 20.9102 89.0000
v 21.0000 21.0000 89.0000
v 19.6295 20.9102 89.0000
v 18.2824 20.6422 89.0000
v 16.9818 20.2007 89.0000
v 15.7500 19.5933 89.0000
v 14.6080 18.8302 89.0000
v 13.5754 17.9246 89.0000
v 12.6698 16.8920 89.0000
v 11.9067 15.7500 89.0000
v 11.2993 14.5182 89.0000
v 10.8578 13.2176 89.0000
v 10.5898 11.8705 89.0000
v 10.5000 10.5000 89.0000
v 10.5898 9.1295 89.0000
v 10.8578 7.7824 89.0000
v 11.2993 6.4818 89.0000
v 11.9067 5.2500 89.0000
v 12.6698 4.1080 89.0000
v 13.5754 3.0754 89.0000
v 14.6080 2.1698 89.0000
v 15.7500 1.4067 89.0000
v 16.9818 0.7993 89.0000
v 18.2824 0.3578 89.0000
v 19.6295 0.0898 89.0000
v 21.0000 0.0000 89.0000
v 22.3705 0.0898 89.0000
v 23.7176 0.3578 89.0000
v 25.0182 0.7993 89.0000
v 26.2500 1.4067 89.0000
v 27.3920 2.1698 89.0000
v 28.4246 3.0754 89.0000
v 29.3302 4.1080 89.0000
v 30.0933 5.2500 89.0000
v 30.7007 6.4818 89.0000
v 31.1422 7.7824 89.0000
v 31.4102 9.1295 89.0000
v 21.0000 10.5000 19.0000
v 21.0000 10.5000 89.0000
f 2739 2740 2788
f 2739 2788 2787
f 2740 2741 2789
f 2740 2789 2788
f 2741 2742 2790
f 2741 2790 2789
f 2742 2743 2791
f 2742 2791 2790
f 2743 2744 2792
f 2743 2792 2791
f 2744 2745 2793
f 2744 2793 2792
f 2745 2746 2794
f 2745 2794 2793
f 2746 2747 2795
f 2746 2795 2794
f 2747 2748 2796
f 2747 2796 2795
f 2748 2749 2797
f 2748 2797 2796
f 2749 2750 2798
f 2749 2798 2797
f 2750 2751 2799
f 2750 2799 2798
f 2751 2752 2800
f 2751 2800 2799
f 2752 2753 2801
f 2752 2801 2800
f 2753 2754 2802
f 2753 2802 2801
f 2754 2755 2803
f 2754 2803 2802
f 2755 2756 2804
f 2755 2804 2803
f 2756 2757 2805
f 2756 2805 2804
f 2757 2758 2806
f 2757 2806 2805
f 2758 2759 2807
f 2758 2807 2806
f 2759 2760 2808
f 2759 2808 2807
f 2760 2761 2809
f 2760 2809 2808
f 2761 2762 2810
f 2761 2810 2809
f 2762 2763 2811
f 2762 2811 2810
f 2763 2764 2812
f 2763 2812 2811
f 2764 2765 2813
f 2764 2813 2812
f 2765 2766 2814
f 2765 2814 2813
f 2766 2767 2815
f 2766 2815 2814
f 2767 2768 2816
f 2767 2816 2815
f 2768 2769 2817
f 2768 2817 2816
f 2769 2770 2818
f 2769 2818 2817
f 2770 2771 2819
f 2770 2819 2818
f 2771 2772 2820
f 2771 2820 2819
f 2772 2773 2821
f 2772 2821 2820
f 2773 2774 2822
f 2773 2822 2821
f 2774 2775 2823
f 2774 2823 2822
f 2775 2776 2824
f 2775 2824 2823
f 2776 2777 2825
f 2776 2825 2824
f 2777 2778 2826
f 2777 2826 2825
f 2778 2779 2827
f 2778 2827 2826
f 2779 2780 2828
f 2779 2828 2827
f 2780 2781 2829
f 2780 2829 2828
f 2781 2782 2830
f 2781 2830 2829
f 2782 2783 2831
f 2782 2831 2830
f 2783 2784 2832
f 2783 2832 2831
f 2784 2785 2833
f 2784 2833 2832
f 2785 2786 2834
f 2785 2834 2833
f 2786 2739 2787
f 2786 2787 2834
f 2835 2740 2739
f 2836 2787 2788
f 2835 2741 2740
f 2836 2788 2789
f 2835 2742 2741
f 2836 2789 2790
f 2835 2743 2742
f 2836 2790 2791
f 2835 2744 2743
f 2836 2791 2792
f 2835 2745 2744
f 2836 2792 2793
f 2835 2746 2745
f 2836 2793 2794
f 2835 2747 2746
f 2836 2794 2795
f 2835 2748 2747
f 2836 2795 2796
f 2835 2749 2748
f 2836 2796 2797
f 2835 2750 2749
f 2836 2797 2798
f 2835 2751 2750
f 2836 2798 2799
f 2835 2752 2751
f 2836 2799 2800
f 2835 2753 2752
f 2836 2800 2801
f 2835 2754 2753
f 2836 2801 2802
f 2835 2755 2754
f 2836 2802 2803
f 2835 2756 2755
f 2836 2803 2804
f 2835 2757 2756
f 2836 2804 2805
f 2835 2758 2757
f 2836 2805 2806
f 2835 2759 2758
f 2836 2806 2807
f 2835 2760 2759
f 2836 2807 2808
f 2835 2761 2760
f 2836 2808 2809
f 2835 2762 2761
f 2836 2809 2810
f 2835 2763 2762
f 2836 2810 2811
f 2835 2764 2763
f 2836 2811 2812
f 2835 2765 2764
f 2836 2812 2813
f 2835 2766 2765
f 2836 2813 2814
f 2835 2767 2766
f 2836 2814 2815
f 2835 2768 2767
f 2836 2815 2816
f 2835 2769 2768
f 2836 2816 2817
f 2835 2770 2769
f 2836 2817 2818
f 2835 2771 2770
f 2836 2818 2819
f 2835 2772 2771
f 2836 2819 2820
f 2835 2773 2772
f 2836 2820 2821
f 2835 2774 2773
f 2836 2821 2822
f 2835 2775 2774
f 2836 2822 2823
f 2835 2776 2775
f 2836 2823 2824
f 2835 2777 2776
f 2836 2824 2825
f 2835 2778 2777
f 2836 2825 2826
f 2835 2779 2778
f 2836 2826 2827
f 2835 2780 2779
f 2836 2827 2828
f 2835 2781 2780
f 2836 2828 2829
f 2835 2782 2781
f 2836 2829 2830
f 2835 2783 2782
f 2836 2830 2831
f 2835 2784 2783
f 2836 2831 2832
f 2835 2785 2784
f 2836 2832 2833
f 2835 2786 2785
f 2836 2833 2834
f 2835 2739 2786
f 2836 2834 2787
g bms_3s
usemtl m_bms_3s
v -30.0000 -20.0000 90.0000
v 30.0000 -20.0000 90.0000
v 30.0000 20.0000 90.0000
v -30.0000 20.0000 90.0000
v -30.0000 -20.0000 93.0000
v 30.0000 -20.0000 93.0000
v 30.0000 20.0000 93.0000
v -30.0000 20.0000 93.0000
f 2837 2839 2838
f 2837 2840 2839
f 2841 2842 2843
f 2841 2843 2844
f 2837 2838 2842
f 2837 2842 2841
f 2838 2839 2843
f 2838 2843 2842
f 2839 2840 2844
f 2839 2844 2843
f 2840 2837 2841
f 2840 2841 2844
g bts7960
usemtl m_bts7960
v 32.5000 -25.0000 4.0000
v 44.5000 -25.0000 4.0000
v 44.5000 25.0000 4.0000
v 32.5000 25.0000 4.0000
v 32.5000 -25.0000 54.0000
v 44.5000 -25.0000 54.0000
v 44.5000 25.0000 54.0000
v 32.5000 25.0000 54.0000
f 2845 2847 2846
f 2845 2848 2847
f 2849 2850 2851
f 2849 2851 2852
f 2845 2846 2850
f 2845 2850 2849
f 2846 2847 2851
f 2846 2851 2850
f 2847 2848 2852
f 2847 2852 2851
f 2848 2845 2849
f 2848 2849 2852
g esp32_30pin
usemtl m_esp32_30pin
v -45.5000 -14.0000 5.0000
v -32.5000 -14.0000 5.0000
v -32.5000 14.0000 5.0000
v -45.5000 14.0000 5.0000
v -45.5000 -14.0000 57.0000
v -32.5000 -14.0000 57.0000
v -32.5000 14.0000 57.0000
v -45.5000 14.0000 57.0000
f 2853 2855 2854
f 2853 2856 2855
f 2857 2858 2859
f 2857 2859 2860
f 2853 2854 2858
f 2853 2858 2857
f 2854 2855 2859
f 2854 2859 2858
f 2855 2856 2860
f 2855 2860 2859
f 2856 2853 2857
f 2856 2857 2860
g bulkhead
usemtl m_bulkhead
v 25.0000 -32.5000 96.0000
v 29.2421 -32.2220 96.0000
v 33.4116 -31.3926 96.0000
v 37.4372 -30.0261 96.0000
v 41.2500 -28.1458 96.0000
v 44.7847 -25.7840 96.0000
v 47.9810 -22.9810 96.0000
v 50.7840 -19.7847 96.0000
v 53.1458 -16.2500 96.0000
v 55.0261 -12.4372 96.0000
v 56.3926 -8.4116 96.0000
v 57.2220 -4.2421 96.0000
v 57.5000 0.0000 96.0000
v 57.2220 4.2421 96.0000
v 56.3926 8.4116 96.0000
v 55.0261 12.4372 96.0000
v 53.1458 16.2500 96.0000
v 50.7840 19.7847 96.0000
v 47.9810 22.9810 96.0000
v 44.7847 25.7840 96.0000
v 41.2500 28.1458 96.0000
v 37.4372 30.0261 96.0000
v 33.4116 31.3926 96.0000
v 29.2421 32.2220 96.0000
v 25.0000 32.5000 96.0000
v -25.0000 32.5000 96.0000
v -29.2421 32.2220 96.0000
v -33.4116 31.3926 96.0000
v -37.4372 30.0261 96.0000
v -41.2500 28.1458 96.0000
v -44.7847 25.7840 96.0000
v -47.9810 22.9810 96.0000
v -50.7840 19.7847 96.0000
v -53.1458 16.2500 96.0000
v -55.0261 12.4372 96.0000
v -56.3926 8.4116 96.0000
v -57.2220 4.2421 96.0000
v -57.5000 0.0000 96.0000
v -57.2220 -4.2421 96.0000
v -56.3926 -8.4116 96.0000
v -55.0261 -12.4372 96.0000
v -53.1458 -16.2500 96.0000
v -50.7840 -19.7847 96.0000
v -47.9810 -22.9810 96.0000
v -44.7847 -25.7840 96.0000
v -41.2500 -28.1458 96.0000
v -37.4372 -30.0261 96.0000
v -33.4116 -31.3926 96.0000
v -29.2421 -32.2220 96.0000
v -25.0000 -32.5000 96.0000
v 25.0000 -32.5000 98.0000
v 29.2421 -32.2220 98.0000
v 33.4116 -31.3926 98.0000
v 37.4372 -30.0261 98.0000
v 41.2500 -28.1458 98.0000
v 44.7847 -25.7840 98.0000
v 47.9810 -22.9810 98.0000
v 50.7840 -19.7847 98.0000
v 53.1458 -16.2500 98.0000
v 55.0261 -12.4372 98.0000
v 56.3926 -8.4116 98.0000
v 57.2220 -4.2421 98.0000
v 57.5000 0.0000 98.0000
v 57.2220 4.2421 98.0000
v 56.3926 8.4116 98.0000
v 55.0261 12.4372 98.0000
v 53.1458 16.2500 98.0000
v 50.7840 19.7847 98.0000
v 47.9810 22.9810 98.0000
v 44.7847 25.7840 98.0000
v 41.2500 28.1458 98.0000
v 37.4372 30.0261 98.0000
v 33.4116 31.3926 98.0000
v 29.2421 32.2220 98.0000
v 25.0000 32.5000 98.0000
v -25.0000 32.5000 98.0000
v -29.2421 32.2220 98.0000
v -33.4116 31.3926 98.0000
v -37.4372 30.0261 98.0000
v -41.2500 28.1458 98.0000
v -44.7847 25.7840 98.0000
v -47.9810 22.9810 98.0000
v -50.7840 19.7847 98.0000
v -53.1458 16.2500 98.0000
v -55.0261 12.4372 98.0000
v -56.3926 8.4116 98.0000
v -57.2220 4.2421 98.0000
v -57.5000 0.0000 98.0000
v -57.2220 -4.2421 98.0000
v -56.3926 -8.4116 98.0000
v -55.0261 -12.4372 98.0000
v -53.1458 -16.2500 98.0000
v -50.7840 -19.7847 98.0000
v -47.9810 -22.9810 98.0000
v -44.7847 -25.7840 98.0000
v -41.2500 -28.1458 98.0000
v -37.4372 -30.0261 98.0000
v -33.4116 -31.3926 98.0000
v -29.2421 -32.2220 98.0000
v -25.0000 -32.5000 98.0000
v 0.0000 0.0000 96.0000
v 0.0000 0.0000 98.0000
f 2861 2862 2912
f 2861 2912 2911
f 2862 2863 2913
f 2862 2913 2912
f 2863 2864 2914
f 2863 2914 2913
f 2864 2865 2915
f 2864 2915 2914
f 2865 2866 2916
f 2865 2916 2915
f 2866 2867 2917
f 2866 2917 2916
f 2867 2868 2918
f 2867 2918 2917
f 2868 2869 2919
f 2868 2919 2918
f 2869 2870 2920
f 2869 2920 2919
f 2870 2871 2921
f 2870 2921 2920
f 2871 2872 2922
f 2871 2922 2921
f 2872 2873 2923
f 2872 2923 2922
f 2873 2874 2924
f 2873 2924 2923
f 2874 2875 2925
f 2874 2925 2924
f 2875 2876 2926
f 2875 2926 2925
f 2876 2877 2927
f 2876 2927 2926
f 2877 2878 2928
f 2877 2928 2927
f 2878 2879 2929
f 2878 2929 2928
f 2879 2880 2930
f 2879 2930 2929
f 2880 2881 2931
f 2880 2931 2930
f 2881 2882 2932
f 2881 2932 2931
f 2882 2883 2933
f 2882 2933 2932
f 2883 2884 2934
f 2883 2934 2933
f 2884 2885 2935
f 2884 2935 2934
f 2885 2886 2936
f 2885 2936 2935
f 2886 2887 2937
f 2886 2937 2936
f 2887 2888 2938
f 2887 2938 2937
f 2888 2889 2939
f 2888 2939 2938
f 2889 2890 2940
f 2889 2940 2939
f 2890 2891 2941
f 2890 2941 2940
f 2891 2892 2942
f 2891 2942 2941
f 2892 2893 2943
f 2892 2943 2942
f 2893 2894 2944
f 2893 2944 2943
f 2894 2895 2945
f 2894 2945 2944
f 2895 2896 2946
f 2895 2946 2945
f 2896 2897 2947
f 2896 2947 2946
f 2897 2898 2948
f 2897 2948 2947
f 2898 2899 2949
f 2898 2949 2948
f 2899 2900 2950
f 2899 2950 2949
f 2900 2901 2951
f 2900 2951 2950
f 2901 2902 2952
f 2901 2952 2951
f 2902 2903 2953
f 2902 2953 2952
f 2903 2904 2954
f 2903 2954 2953
f 2904 2905 2955
f 2904 2955 2954
f 2905 2906 2956
f 2905 2956 2955
f 2906 2907 2957
f 2906 2957 2956
f 2907 2908 2958
f 2907 2958 2957
f 2908 2909 2959
f 2908 2959 2958
f 2909 2910 2960
f 2909 2960 2959
f 2910 2861 2911
f 2910 2911 2960
f 2961 2862 2861
f 2962 2911 2912
f 2961 2863 2862
f 2962 2912 2913
f 2961 2864 2863
f 2962 2913 2914
f 2961 2865 2864
f 2962 2914 2915
f 2961 2866 2865
f 2962 2915 2916
f 2961 2867 2866
f 2962 2916 2917
f 2961 2868 2867
f 2962 2917 2918
f 2961 2869 2868
f 2962 2918 2919
f 2961 2870 2869
f 2962 2919 2920
f 2961 2871 2870
f 2962 2920 2921
f 2961 2872 2871
f 2962 2921 2922
f 2961 2873 2872
f 2962 2922 2923
f 2961 2874 2873
f 2962 2923 2924
f 2961 2875 2874
f 2962 2924 2925
f 2961 2876 2875
f 2962 2925 2926
f 2961 2877 2876
f 2962 2926 2927
f 2961 2878 2877
f 2962 2927 2928
f 2961 2879 2878
f 2962 2928 2929
f 2961 2880 2879
f 2962 2929 2930
f 2961 2881 2880
f 2962 2930 2931
f 2961 2882 2881
f 2962 2931 2932
f 2961 2883 2882
f 2962 2932 2933
f 2961 2884 2883
f 2962 2933 2934
f 2961 2885 2884
f 2962 2934 2935
f 2961 2886 2885
f 2962 2935 2936
f 2961 2887 2886
f 2962 2936 2937
f 2961 2888 2887
f 2962 2937 2938
f 2961 2889 2888
f 2962 2938 2939
f 2961 2890 2889
f 2962 2939 2940
f 2961 2891 2890
f 2962 2940 2941
f 2961 2892 2891
f 2962 2941 2942
f 2961 2893 2892
f 2962 2942 2943
f 2961 2894 2893
f 2962 2943 2944
f 2961 2895 2894
f 2962 2944 2945
f 2961 2896 2895
f 2962 2945 2946
f 2961 2897 2896
f 2962 2946 2947
f 2961 2898 2897
f 2962 2947 2948
f 2961 2899 2898
f 2962 2948 2949
f 2961 2900 2899
f 2962 2949 2950
f 2961 2901 2900
f 2962 2950 2951
f 2961 2902 2901
f 2962 2951 2952
f 2961 2903 2902
f 2962 2952 2953
f 2961 2904 2903
f 2962 2953 2954
f 2961 2905 2904
f 2962 2954 2955
f 2961 2906 2905
f 2962 2955 2956
f 2961 2907 2906
f 2962 2956 2957
f 2961 2908 2907
f 2962 2957 2958
f 2961 2909 2908
f 2962 2958 2959
f 2961 2910 2909
f 2962 2959 2960
f 2961 2861 2910
f 2962 2960 2911
g fanL_frame_a
usemtl m_fanL_frame_a
v -41.0000 -20.0000 106.0000
v -1.0000 -20.0000 106.0000
v -1.0000 -17.0000 106.0000
v -41.0000 -17.0000 106.0000
v -41.0000 -20.0000 134.0000
v -1.0000 -20.0000 134.0000
v -1.0000 -17.0000 134.0000
v -41.0000 -17.0000 134.0000
f 2963 2965 2964
f 2963 2966 2965
f 2967 2968 2969
f 2967 2969 2970
f 2963 2964 2968
f 2963 2968 2967
f 2964 2965 2969
f 2964 2969 2968
f 2965 2966 2970
f 2965 2970 2969
f 2966 2963 2967
f 2966 2967 2970
g fanL_frame_b
usemtl m_fanL_frame_b
v -41.0000 17.0000 106.0000
v -1.0000 17.0000 106.0000
v -1.0000 20.0000 106.0000
v -41.0000 20.0000 106.0000
v -41.0000 17.0000 134.0000
v -1.0000 17.0000 134.0000
v -1.0000 20.0000 134.0000
v -41.0000 20.0000 134.0000
f 2971 2973 2972
f 2971 2974 2973
f 2975 2976 2977
f 2975 2977 2978
f 2971 2972 2976
f 2971 2976 2975
f 2972 2973 2977
f 2972 2977 2976
f 2973 2974 2978
f 2973 2978 2977
f 2974 2971 2975
f 2974 2975 2978
g fanL_frame_c
usemtl m_fanL_frame_c
v -41.0000 -17.0000 106.0000
v -38.0000 -17.0000 106.0000
v -38.0000 17.0000 106.0000
v -41.0000 17.0000 106.0000
v -41.0000 -17.0000 134.0000
v -38.0000 -17.0000 134.0000
v -38.0000 17.0000 134.0000
v -41.0000 17.0000 134.0000
f 2979 2981 2980
f 2979 2982 2981
f 2983 2984 2985
f 2983 2985 2986
f 2979 2980 2984
f 2979 2984 2983
f 2980 2981 2985
f 2980 2985 2984
f 2981 2982 2986
f 2981 2986 2985
f 2982 2979 2983
f 2982 2983 2986
g fanL_frame_d
usemtl m_fanL_frame_d
v -4.0000 -17.0000 106.0000
v -1.0000 -17.0000 106.0000
v -1.0000 17.0000 106.0000
v -4.0000 17.0000 106.0000
v -4.0000 -17.0000 134.0000
v -1.0000 -17.0000 134.0000
v -1.0000 17.0000 134.0000
v -4.0000 17.0000 134.0000
f 2987 2989 2988
f 2987 2990 2989
f 2991 2992 2993
f 2991 2993 2994
f 2987 2988 2992
f 2987 2992 2991
f 2988 2989 2993
f 2988 2993 2992
f 2989 2990 2994
f 2989 2994 2993
f 2990 2987 2991
f 2990 2991 2994
g fanL_hub
usemtl m_fanL_hub
v -13.0000 0.0000 107.0000
v -13.0684 1.0442 107.0000
v -13.2726 2.0706 107.0000
v -13.6090 3.0615 107.0000
v -14.0718 4.0000 107.0000
v -14.6532 4.8701 107.0000
v -15.3431 5.6569 107.0000
v -16.1299 6.3468 107.0000
v -17.0000 6.9282 107.0000
v -17.9385 7.3910 107.0000
v -18.9294 7.7274 107.0000
v -19.9558 7.9316 107.0000
v -21.0000 8.0000 107.0000
v -22.0442 7.9316 107.0000
v -23.0706 7.7274 107.0000
v -24.0615 7.3910 107.0000
v -25.0000 6.9282 107.0000
v -25.8701 6.3468 107.0000
v -26.6569 5.6569 107.0000
v -27.3468 4.8701 107.0000
v -27.9282 4.0000 107.0000
v -28.3910 3.0615 107.0000
v -28.7274 2.0706 107.0000
v -28.9316 1.0442 107.0000
v -29.0000 0.0000 107.0000
v -28.9316 -1.0442 107.0000
v -28.7274 -2.0706 107.0000
v -28.3910 -3.0615 107.0000
v -27.9282 -4.0000 107.0000
v -27.3468 -4.8701 107.0000
v -26.6569 -5.6569 107.0000
v -25.8701 -6.3468 107.0000
v -25.0000 -6.9282 107.0000
v -24.0615 -7.3910 107.0000
v -23.0706 -7.7274 107.0000
v -22.0442 -7.9316 107.0000
v -21.0000 -8.0000 107.0000
v -19.9558 -7.9316 107.0000
v -18.9294 -7.7274 107.0000
v -17.9385 -7.3910 107.0000
v -17.0000 -6.9282 107.0000
v -16.1299 -6.3468 107.0000
v -15.3431 -5.6569 107.0000
v -14.6532 -4.8701 107.0000
v -14.0718 -4.0000 107.0000
v -13.6090 -3.0615 107.0000
v -13.2726 -2.0706 107.0000
v -13.0684 -1.0442 107.0000
v -13.0000 0.0000 133.0000
v -13.0684 1.0442 133.0000
v -13.2726 2.0706 133.0000
v -13.6090 3.0615 133.0000
v -14.0718 4.0000 133.0000
v -14.6532 4.8701 133.0000
v -15.3431 5.6569 133.0000
v -16.1299 6.3468 133.0000
v -17.0000 6.9282 133.0000
v -17.9385 7.3910 133.0000
v -18.9294 7.7274 133.0000
v -19.9558 7.9316 133.0000
v -21.0000 8.0000 133.0000
v -22.0442 7.9316 133.0000
v -23.0706 7.7274 133.0000
v -24.0615 7.3910 133.0000
v -25.0000 6.9282 133.0000
v -25.8701 6.3468 133.0000
v -26.6569 5.6569 133.0000
v -27.3468 4.8701 133.0000
v -27.9282 4.0000 133.0000
v -28.3910 3.0615 133.0000
v -28.7274 2.0706 133.0000
v -28.9316 1.0442 133.0000
v -29.0000 0.0000 133.0000
v -28.9316 -1.0442 133.0000
v -28.7274 -2.0706 133.0000
v -28.3910 -3.0615 133.0000
v -27.9282 -4.0000 133.0000
v -27.3468 -4.8701 133.0000
v -26.6569 -5.6569 133.0000
v -25.8701 -6.3468 133.0000
v -25.0000 -6.9282 133.0000
v -24.0615 -7.3910 133.0000
v -23.0706 -7.7274 133.0000
v -22.0442 -7.9316 133.0000
v -21.0000 -8.0000 133.0000
v -19.9558 -7.9316 133.0000
v -18.9294 -7.7274 133.0000
v -17.9385 -7.3910 133.0000
v -17.0000 -6.9282 133.0000
v -16.1299 -6.3468 133.0000
v -15.3431 -5.6569 133.0000
v -14.6532 -4.8701 133.0000
v -14.0718 -4.0000 133.0000
v -13.6090 -3.0615 133.0000
v -13.2726 -2.0706 133.0000
v -13.0684 -1.0442 133.0000
v -21.0000 0.0000 107.0000
v -21.0000 0.0000 133.0000
f 2995 2996 3044
f 2995 3044 3043
f 2996 2997 3045
f 2996 3045 3044
f 2997 2998 3046
f 2997 3046 3045
f 2998 2999 3047
f 2998 3047 3046
f 2999 3000 3048
f 2999 3048 3047
f 3000 3001 3049
f 3000 3049 3048
f 3001 3002 3050
f 3001 3050 3049
f 3002 3003 3051
f 3002 3051 3050
f 3003 3004 3052
f 3003 3052 3051
f 3004 3005 3053
f 3004 3053 3052
f 3005 3006 3054
f 3005 3054 3053
f 3006 3007 3055
f 3006 3055 3054
f 3007 3008 3056
f 3007 3056 3055
f 3008 3009 3057
f 3008 3057 3056
f 3009 3010 3058
f 3009 3058 3057
f 3010 3011 3059
f 3010 3059 3058
f 3011 3012 3060
f 3011 3060 3059
f 3012 3013 3061
f 3012 3061 3060
f 3013 3014 3062
f 3013 3062 3061
f 3014 3015 3063
f 3014 3063 3062
f 3015 3016 3064
f 3015 3064 3063
f 3016 3017 3065
f 3016 3065 3064
f 3017 3018 3066
f 3017 3066 3065
f 3018 3019 3067
f 3018 3067 3066
f 3019 3020 3068
f 3019 3068 3067
f 3020 3021 3069
f 3020 3069 3068
f 3021 3022 3070
f 3021 3070 3069
f 3022 3023 3071
f 3022 3071 3070
f 3023 3024 3072
f 3023 3072 3071
f 3024 3025 3073
f 3024 3073 3072
f 3025 3026 3074
f 3025 3074 3073
f 3026 3027 3075
f 3026 3075 3074
f 3027 3028 3076
f 3027 3076 3075
f 3028 3029 3077
f 3028 3077 3076
f 3029 3030 3078
f 3029 3078 3077
f 3030 3031 3079
f 3030 3079 3078
f 3031 3032 3080
f 3031 3080 3079
f 3032 3033 3081
f 3032 3081 3080
f 3033 3034 3082
f 3033 3082 3081
f 3034 3035 3083
f 3034 3083 3082
f 3035 3036 3084
f 3035 3084 3083
f 3036 3037 3085
f 3036 3085 3084
f 3037 3038 3086
f 3037 3086 3085
f 3038 3039 3087
f 3038 3087 3086
f 3039 3040 3088
f 3039 3088 3087
f 3040 3041 3089
f 3040 3089 3088
f 3041 3042 3090
f 3041 3090 3089
f 3042 2995 3043
f 3042 3043 3090
f 3091 2996 2995
f 3092 3043 3044
f 3091 2997 2996
f 3092 3044 3045
f 3091 2998 2997
f 3092 3045 3046
f 3091 2999 2998
f 3092 3046 3047
f 3091 3000 2999
f 3092 3047 3048
f 3091 3001 3000
f 3092 3048 3049
f 3091 3002 3001
f 3092 3049 3050
f 3091 3003 3002
f 3092 3050 3051
f 3091 3004 3003
f 3092 3051 3052
f 3091 3005 3004
f 3092 3052 3053
f 3091 3006 3005
f 3092 3053 3054
f 3091 3007 3006
f 3092 3054 3055
f 3091 3008 3007
f 3092 3055 3056
f 3091 3009 3008
f 3092 3056 3057
f 3091 3010 3009
f 3092 3057 3058
f 3091 3011 3010
f 3092 3058 3059
f 3091 3012 3011
f 3092 3059 3060
f 3091 3013 3012
f 3092 3060 3061
f 3091 3014 3013
f 3092 3061 3062
f 3091 3015 3014
f 3092 3062 3063
f 3091 3016 3015
f 3092 3063 3064
f 3091 3017 3016
f 3092 3064 3065
f 3091 3018 3017
f 3092 3065 3066
f 3091 3019 3018
f 3092 3066 3067
f 3091 3020 3019
f 3092 3067 3068
f 3091 3021 3020
f 3092 3068 3069
f 3091 3022 3021
f 3092 3069 3070
f 3091 3023 3022
f 3092 3070 3071
f 3091 3024 3023
f 3092 3071 3072
f 3091 3025 3024
f 3092 3072 3073
f 3091 3026 3025
f 3092 3073 3074
f 3091 3027 3026
f 3092 3074 3075
f 3091 3028 3027
f 3092 3075 3076
f 3091 3029 3028
f 3092 3076 3077
f 3091 3030 3029
f 3092 3077 3078
f 3091 3031 3030
f 3092 3078 3079
f 3091 3032 3031
f 3092 3079 3080
f 3091 3033 3032
f 3092 3080 3081
f 3091 3034 3033
f 3092 3081 3082
f 3091 3035 3034
f 3092 3082 3083
f 3091 3036 3035
f 3092 3083 3084
f 3091 3037 3036
f 3092 3084 3085
f 3091 3038 3037
f 3092 3085 3086
f 3091 3039 3038
f 3092 3086 3087
f 3091 3040 3039
f 3092 3087 3088
f 3091 3041 3040
f 3092 3088 3089
f 3091 3042 3041
f 3092 3089 3090
f 3091 2995 3042
f 3092 3090 3043
g fanL_blade_1
usemtl m_fanL_blade_1
v -13.0000 -0.8000 110.0000
v -4.5000 -0.8000 110.0000
v -4.5000 0.8000 110.0000
v -13.0000 0.8000 110.0000
v -13.0000 -0.8000 130.0000
v -4.5000 -0.8000 130.0000
v -4.5000 0.8000 130.0000
v -13.0000 0.8000 130.0000
f 3093 3095 3094
f 3093 3096 3095
f 3097 3098 3099
f 3097 3099 3100
f 3093 3094 3098
f 3093 3098 3097
f 3094 3095 3099
f 3094 3099 3098
f 3095 3096 3100
f 3095 3100 3099
f 3096 3093 3097
f 3096 3097 3100
g fanL_blade_2
usemtl m_fanL_blade_2
v -15.3866 5.7559 110.0000
v -10.0870 12.4014 110.0000
v -11.3379 13.3990 110.0000
v -16.6375 6.7534 110.0000
v -15.3866 5.7559 130.0000
v -10.0870 12.4014 130.0000
v -11.3379 13.3990 130.0000
v -16.6375 6.7534 130.0000
f 3101 3103 3102
f 3101 3104 3103
f 3105 3106 3107
f 3105 3107 3108
f 3101 3102 3106
f 3101 3106 3105
f 3102 3103 3107
f 3102 3107 3106
f 3103 3104 3108
f 3103 3108 3107
f 3104 3101 3105
f 3104 3105 3108
g fanL_blade_3
usemtl m_fanL_blade_3
v -22.0002 7.9774 110.0000
v -23.8917 16.2643 110.0000
v -25.4515 15.9083 110.0000
v -23.5601 7.6214 110.0000
v -22.0002 7.9774 130.0000
v -23.8917 16.2643 130.0000
v -25.4515 15.9083 130.0000
v -23.5601 7.6214 130.0000
f 3109 3111 3110
f 3109 3112 3111
f 3113 3114 3115
f 3113 3115 3116
f 3109 3110 3114
f 3109 3114 3113
f 3110 3111 3115
f 3110 3115 3114
f 3111 3112 3116
f 3111 3116 3115
f 3112 3109 3113
f 3112 3113 3116
g fanL_blade_4
usemtl m_fanL_blade_4
v -27.8606 4.1918 110.0000
v -35.5189 7.8799 110.0000
v -36.2131 6.4383 110.0000
v -28.5549 2.7503 110.0000
v -27.8606 4.1918 130.0000
v -35.5189 7.8799 130.0000
v -36.2131 6.4383 130.0000
v -28.5549 2.7503 130.0000
f 3117 3119 3118
f 3117 3120 3119
f 3121 3122 3123
f 3121 3123 3124
f 3117 3118 3122
f 3117 3122 3121
f 3118 3119 3123
f 3118 3123 3122
f 3119 3120 3124
f 3119 3124 3123
f 3120 3117 3121
f 3120 3121 3124
g fanL_blade_5
usemtl m_fanL_blade_5
v -28.5549 -2.7503 110.0000
v -36.2131 -6.4383 110.0000
v -35.5189 -7.8799 110.0000
v -27.8606 -4.1918 110.0000
v -28.5549 -2.7503 130.0000
v -36.2131 -6.4383 130.0000
v -35.5189 -7.8799 130.0000
v -27.8606 -4.1918 130.0000
f 3125 3127 3126
f 3125 3128 3127
f 3129 3130 3131
f 3129 3131 3132
f 3125 3126 3130
f 3125 3130 3129
f 3126 3127 3131
f 3126 3131 3130
f 3127 3128 3132
f 3127 3132 3131
f 3128 3125 3129
f 3128 3129 3132
g fanL_blade_6
usemtl m_fanL_blade_6
v -23.5601 -7.6214 110.0000
v -25.4515 -15.9083 110.0000
v -23.8917 -16.2643 110.0000
v -22.0002 -7.9774 110.0000
v -23.5601 -7.6214 130.0000
v -25.4515 -15.9083 130.0000
v -23.8917 -16.2643 130.0000
v -22.0002 -7.9774 130.0000
f 3133 3135 3134
f 3133 3136 3135
f 3137 3138 3139
f 3137 3139 3140
f 3133 3134 3138
f 3133 3138 3137
f 3134 3135 3139
f 3134 3139 3138
f 3135 3136 3140
f 3135 3140 3139
f 3136 3133 3137
f 3136 3137 3140
g fanL_blade_7
usemtl m_fanL_blade_7
v -16.6375 -6.7534 110.0000
v -11.3379 -13.3990 110.0000
v -10.0870 -12.4014 110.0000
v -15.3866 -5.7559 110.0000
v -16.6375 -6.7534 130.0000
v -11.3379 -13.3990 130.0000
v -10.0870 -12.4014 130.0000
v -15.3866 -5.7559 130.0000
f 3141 3143 3142
f 3141 3144 3143
f 3145 3146 3147
f 3145 3147 3148
f 3141 3142 3146
f 3141 3146 3145
f 3142 3143 3147
f 3142 3147 3146
f 3143 3144 3148
f 3143 3148 3147
f 3144 3141 3145
f 3144 3145 3148
g fanR_frame_a
usemtl m_fanR_frame_a
v 1.0000 -20.0000 106.0000
v 41.0000 -20.0000 106.0000
v 41.0000 -17.0000 106.0000
v 1.0000 -17.0000 106.0000
v 1.0000 -20.0000 134.0000
v 41.0000 -20.0000 134.0000
v 41.0000 -17.0000 134.0000
v 1.0000 -17.0000 134.0000
f 3149 3151 3150
f 3149 3152 3151
f 3153 3154 3155
f 3153 3155 3156
f 3149 3150 3154
f 3149 3154 3153
f 3150 3151 3155
f 3150 3155 3154
f 3151 3152 3156
f 3151 3156 3155
f 3152 3149 3153
f 3152 3153 3156
g fanR_frame_b
usemtl m_fanR_frame_b
v 1.0000 17.0000 106.0000
v 41.0000 17.0000 106.0000
v 41.0000 20.0000 106.0000
v 1.0000 20.0000 106.0000
v 1.0000 17.0000 134.0000
v 41.0000 17.0000 134.0000
v 41.0000 20.0000 134.0000
v 1.0000 20.0000 134.0000
f 3157 3159 3158
f 3157 3160 3159
f 3161 3162 3163
f 3161 3163 3164
f 3157 3158 3162
f 3157 3162 3161
f 3158 3159 3163
f 3158 3163 3162
f 3159 3160 3164
f 3159 3164 3163
f 3160 3157 3161
f 3160 3161 3164
g fanR_frame_c
usemtl m_fanR_frame_c
v 1.0000 -17.0000 106.0000
v 4.0000 -17.0000 106.0000
v 4.0000 17.0000 106.0000
v 1.0000 17.0000 106.0000
v 1.0000 -17.0000 134.0000
v 4.0000 -17.0000 134.0000
v 4.0000 17.0000 134.0000
v 1.0000 17.0000 134.0000
f 3165 3167 3166
f 3165 3168 3167
f 3169 3170 3171
f 3169 3171 3172
f 3165 3166 3170
f 3165 3170 3169
f 3166 3167 3171
f 3166 3171 3170
f 3167 3168 3172
f 3167 3172 3171
f 3168 3165 3169
f 3168 3169 3172
g fanR_frame_d
usemtl m_fanR_frame_d
v 38.0000 -17.0000 106.0000
v 41.0000 -17.0000 106.0000
v 41.0000 17.0000 106.0000
v 38.0000 17.0000 106.0000
v 38.0000 -17.0000 134.0000
v 41.0000 -17.0000 134.0000
v 41.0000 17.0000 134.0000
v 38.0000 17.0000 134.0000
f 3173 3175 3174
f 3173 3176 3175
f 3177 3178 3179
f 3177 3179 3180
f 3173 3174 3178
f 3173 3178 3177
f 3174 3175 3179
f 3174 3179 3178
f 3175 3176 3180
f 3175 3180 3179
f 3176 3173 3177
f 3176 3177 3180
g fanR_hub
usemtl m_fanR_hub
v 29.0000 0.0000 107.0000
v 28.9316 1.0442 107.0000
v 28.7274 2.0706 107.0000
v 28.3910 3.0615 107.0000
v 27.9282 4.0000 107.0000
v 27.3468 4.8701 107.0000
v 26.6569 5.6569 107.0000
v 25.8701 6.3468 107.0000
v 25.0000 6.9282 107.0000
v 24.0615 7.3910 107.0000
v 23.0706 7.7274 107.0000
v 22.0442 7.9316 107.0000
v 21.0000 8.0000 107.0000
v 19.9558 7.9316 107.0000
v 18.9294 7.7274 107.0000
v 17.9385 7.3910 107.0000
v 17.0000 6.9282 107.0000
v 16.1299 6.3468 107.0000
v 15.3431 5.6569 107.0000
v 14.6532 4.8701 107.0000
v 14.0718 4.0000 107.0000
v 13.6090 3.0615 107.0000
v 13.2726 2.0706 107.0000
v 13.0684 1.0442 107.0000
v 13.0000 0.0000 107.0000
v 13.0684 -1.0442 107.0000
v 13.2726 -2.0706 107.0000
v 13.6090 -3.0615 107.0000
v 14.0718 -4.0000 107.0000
v 14.6532 -4.8701 107.0000
v 15.3431 -5.6569 107.0000
v 16.1299 -6.3468 107.0000
v 17.0000 -6.9282 107.0000
v 17.9385 -7.3910 107.0000
v 18.9294 -7.7274 107.0000
v 19.9558 -7.9316 107.0000
v 21.0000 -8.0000 107.0000
v 22.0442 -7.9316 107.0000
v 23.0706 -7.7274 107.0000
v 24.0615 -7.3910 107.0000
v 25.0000 -6.9282 107.0000
v 25.8701 -6.3468 107.0000
v 26.6569 -5.6569 107.0000
v 27.3468 -4.8701 107.0000
v 27.9282 -4.0000 107.0000
v 28.3910 -3.0615 107.0000
v 28.7274 -2.0706 107.0000
v 28.9316 -1.0442 107.0000
v 29.0000 0.0000 133.0000
v 28.9316 1.0442 133.0000
v 28.7274 2.0706 133.0000
v 28.3910 3.0615 133.0000
v 27.9282 4.0000 133.0000
v 27.3468 4.8701 133.0000
v 26.6569 5.6569 133.0000
v 25.8701 6.3468 133.0000
v 25.0000 6.9282 133.0000
v 24.0615 7.3910 133.0000
v 23.0706 7.7274 133.0000
v 22.0442 7.9316 133.0000
v 21.0000 8.0000 133.0000
v 19.9558 7.9316 133.0000
v 18.9294 7.7274 133.0000
v 17.9385 7.3910 133.0000
v 17.0000 6.9282 133.0000
v 16.1299 6.3468 133.0000
v 15.3431 5.6569 133.0000
v 14.6532 4.8701 133.0000
v 14.0718 4.0000 133.0000
v 13.6090 3.0615 133.0000
v 13.2726 2.0706 133.0000
v 13.0684 1.0442 133.0000
v 13.0000 0.0000 133.0000
v 13.0684 -1.0442 133.0000
v 13.2726 -2.0706 133.0000
v 13.6090 -3.0615 133.0000
v 14.0718 -4.0000 133.0000
v 14.6532 -4.8701 133.0000
v 15.3431 -5.6569 133.0000
v 16.1299 -6.3468 133.0000
v 17.0000 -6.9282 133.0000
v 17.9385 -7.3910 133.0000
v 18.9294 -7.7274 133.0000
v 19.9558 -7.9316 133.0000
v 21.0000 -8.0000 133.0000
v 22.0442 -7.9316 133.0000
v 23.0706 -7.7274 133.0000
v 24.0615 -7.3910 133.0000
v 25.0000 -6.9282 133.0000
v 25.8701 -6.3468 133.0000
v 26.6569 -5.6569 133.0000
v 27.3468 -4.8701 133.0000
v 27.9282 -4.0000 133.0000
v 28.3910 -3.0615 133.0000
v 28.7274 -2.0706 133.0000
v 28.9316 -1.0442 133.0000
v 21.0000 0.0000 107.0000
v 21.0000 0.0000 133.0000
f 3181 3182 3230
f 3181 3230 3229
f 3182 3183 3231
f 3182 3231 3230
f 3183 3184 3232
f 3183 3232 3231
f 3184 3185 3233
f 3184 3233 3232
f 3185 3186 3234
f 3185 3234 3233
f 3186 3187 3235
f 3186 3235 3234
f 3187 3188 3236
f 3187 3236 3235
f 3188 3189 3237
f 3188 3237 3236
f 3189 3190 3238
f 3189 3238 3237
f 3190 3191 3239
f 3190 3239 3238
f 3191 3192 3240
f 3191 3240 3239
f 3192 3193 3241
f 3192 3241 3240
f 3193 3194 3242
f 3193 3242 3241
f 3194 3195 3243
f 3194 3243 3242
f 3195 3196 3244
f 3195 3244 3243
f 3196 3197 3245
f 3196 3245 3244
f 3197 3198 3246
f 3197 3246 3245
f 3198 3199 3247
f 3198 3247 3246
f 3199 3200 3248
f 3199 3248 3247
f 3200 3201 3249
f 3200 3249 3248
f 3201 3202 3250
f 3201 3250 3249
f 3202 3203 3251
f 3202 3251 3250
f 3203 3204 3252
f 3203 3252 3251
f 3204 3205 3253
f 3204 3253 3252
f 3205 3206 3254
f 3205 3254 3253
f 3206 3207 3255
f 3206 3255 3254
f 3207 3208 3256
f 3207 3256 3255
f 3208 3209 3257
f 3208 3257 3256
f 3209 3210 3258
f 3209 3258 3257
f 3210 3211 3259
f 3210 3259 3258
f 3211 3212 3260
f 3211 3260 3259
f 3212 3213 3261
f 3212 3261 3260
f 3213 3214 3262
f 3213 3262 3261
f 3214 3215 3263
f 3214 3263 3262
f 3215 3216 3264
f 3215 3264 3263
f 3216 3217 3265
f 3216 3265 3264
f 3217 3218 3266
f 3217 3266 3265
f 3218 3219 3267
f 3218 3267 3266
f 3219 3220 3268
f 3219 3268 3267
f 3220 3221 3269
f 3220 3269 3268
f 3221 3222 3270
f 3221 3270 3269
f 3222 3223 3271
f 3222 3271 3270
f 3223 3224 3272
f 3223 3272 3271
f 3224 3225 3273
f 3224 3273 3272
f 3225 3226 3274
f 3225 3274 3273
f 3226 3227 3275
f 3226 3275 3274
f 3227 3228 3276
f 3227 3276 3275
f 3228 3181 3229
f 3228 3229 3276
f 3277 3182 3181
f 3278 3229 3230
f 3277 3183 3182
f 3278 3230 3231
f 3277 3184 3183
f 3278 3231 3232
f 3277 3185 3184
f 3278 3232 3233
f 3277 3186 3185
f 3278 3233 3234
f 3277 3187 3186
f 3278 3234 3235
f 3277 3188 3187
f 3278 3235 3236
f 3277 3189 3188
f 3278 3236 3237
f 3277 3190 3189
f 3278 3237 3238
f 3277 3191 3190
f 3278 3238 3239
f 3277 3192 3191
f 3278 3239 3240
f 3277 3193 3192
f 3278 3240 3241
f 3277 3194 3193
f 3278 3241 3242
f 3277 3195 3194
f 3278 3242 3243
f 3277 3196 3195
f 3278 3243 3244
f 3277 3197 3196
f 3278 3244 3245
f 3277 3198 3197
f 3278 3245 3246
f 3277 3199 3198
f 3278 3246 3247
f 3277 3200 3199
f 3278 3247 3248
f 3277 3201 3200
f 3278 3248 3249
f 3277 3202 3201
f 3278 3249 3250
f 3277 3203 3202
f 3278 3250 3251
f 3277 3204 3203
f 3278 3251 3252
f 3277 3205 3204
f 3278 3252 3253
f 3277 3206 3205
f 3278 3253 3254
f 3277 3207 3206
f 3278 3254 3255
f 3277 3208 3207
f 3278 3255 3256
f 3277 3209 3208
f 3278 3256 3257
f 3277 3210 3209
f 3278 3257 3258
f 3277 3211 3210
f 3278 3258 3259
f 3277 3212 3211
f 3278 3259 3260
f 3277 3213 3212
f 3278 3260 3261
f 3277 3214 3213
f 3278 3261 3262
f 3277 3215 3214
f 3278 3262 3263
f 3277 3216 3215
f 3278 3263 3264
f 3277 3217 3216
f 3278 3264 3265
f 3277 3218 3217
f 3278 3265 3266
f 3277 3219 3218
f 3278 3266 3267
f 3277 3220 3219
f 3278 3267 3268
f 3277 3221 3220
f 3278 3268 3269
f 3277 3222 3221
f 3278 3269 3270
f 3277 3223 3222
f 3278 3270 3271
f 3277 3224 3223
f 3278 3271 3272
f 3277 3225 3224
f 3278 3272 3273
f 3277 3226 3225
f 3278 3273 3274
f 3277 3227 3226
f 3278 3274 3275
f 3277 3228 3227
f 3278 3275 3276
f 3277 3181 3228
f 3278 3276 3229
g fanR_blade_1
usemtl m_fanR_blade_1
v 29.0000 -0.8000 110.0000
v 37.5000 -0.8000 110.0000
v 37.5000 0.8000 110.0000
v 29.0000 0.8000 110.0000
v 29.0000 -0.8000 130.0000
v 37.5000 -0.8000 130.0000
v 37.5000 0.8000 130.0000
v 29.0000 0.8000 130.0000
f 3279 3281 3280
f 3279 3282 3281
f 3283 3284 3285
f 3283 3285 3286
f 3279 3280 3284
f 3279 3284 3283
f 3280 3281 3285
f 3280 3285 3284
f 3281 3282 3286
f 3281 3286 3285
f 3282 3279 3283
f 3282 3283 3286
g fanR_blade_2
usemtl m_fanR_blade_2
v 26.6134 5.7559 110.0000
v 31.9130 12.4014 110.0000
v 30.6621 13.3990 110.0000
v 25.3625 6.7534 110.0000
v 26.6134 5.7559 130.0000
v 31.9130 12.4014 130.0000
v 30.6621 13.3990 130.0000
v 25.3625 6.7534 130.0000
f 3287 3289 3288
f 3287 3290 3289
f 3291 3292 3293
f 3291 3293 3294
f 3287 3288 3292
f 3287 3292 3291
f 3288 3289 3293
f 3288 3293 3292
f 3289 3290 3294
f 3289 3294 3293
f 3290 3287 3291
f 3290 3291 3294
g fanR_blade_3
usemtl m_fanR_blade_3
v 19.9998 7.9774 110.0000
v 18.1083 16.2643 110.0000
v 16.5485 15.9083 110.0000
v 18.4399 7.6214 110.0000
v 19.9998 7.9774 130.0000
v 18.1083 16.2643 130.0000
v 16.5485 15.9083 130.0000
v 18.4399 7.6214 130.0000
f 3295 3297 3296
f 3295 3298 3297
f 3299 3300 3301
f 3299 3301 3302
f 3295 3296 3300
f 3295 3300 3299
f 3296 3297 3301
f 3296 3301 3300
f 3297 3298 3302
f 3297 3302 3301
f 3298 3295 3299
f 3298 3299 3302
g fanR_blade_4
usemtl m_fanR_blade_4
v 14.1394 4.1918 110.0000
v 6.4811 7.8799 110.0000
v 5.7869 6.4383 110.0000
v 13.4451 2.7503 110.0000
v 14.1394 4.1918 130.0000
v 6.4811 7.8799 130.0000
v 5.7869 6.4383 130.0000
v 13.4451 2.7503 130.0000
f 3303 3305 3304
f 3303 3306 3305
f 3307 3308 3309
f 3307 3309 3310
f 3303 3304 3308
f 3303 3308 3307
f 3304 3305 3309
f 3304 3309 3308
f 3305 3306 3310
f 3305 3310 3309
f 3306 3303 3307
f 3306 3307 3310
g fanR_blade_5
usemtl m_fanR_blade_5
v 13.4451 -2.7503 110.0000
v 5.7869 -6.4383 110.0000
v 6.4811 -7.8799 110.0000
v 14.1394 -4.1918 110.0000
v 13.4451 -2.7503 130.0000
v 5.7869 -6.4383 130.0000
v 6.4811 -7.8799 130.0000
v 14.1394 -4.1918 130.0000
f 3311 3313 3312
f 3311 3314 3313
f 3315 3316 3317
f 3315 3317 3318
f 3311 3312 3316
f 3311 3316 3315
f 3312 3313 3317
f 3312 3317 3316
f 3313 3314 3318
f 3313 3318 3317
f 3314 3311 3315
f 3314 3315 3318
g fanR_blade_6
usemtl m_fanR_blade_6
v 18.4399 -7.6214 110.0000
v 16.5485 -15.9083 110.0000
v 18.1083 -16.2643 110.0000
v 19.9998 -7.9774 110.0000
v 18.4399 -7.6214 130.0000
v 16.5485 -15.9083 130.0000
v 18.1083 -16.2643 130.0000
v 19.9998 -7.9774 130.0000
f 3319 3321 3320
f 3319 3322 3321
f 3323 3324 3325
f 3323 3325 3326
f 3319 3320 3324
f 3319 3324 3323
f 3320 3321 3325
f 3320 3325 3324
f 3321 3322 3326
f 3321 3326 3325
f 3322 3319 3323
f 3322 3323 3326
g fanR_blade_7
usemtl m_fanR_blade_7
v 25.3625 -6.7534 110.0000
v 30.6621 -13.3990 110.0000
v 31.9130 -12.4014 110.0000
v 26.6134 -5.7559 110.0000
v 25.3625 -6.7534 130.0000
v 30.6621 -13.3990 130.0000
v 31.9130 -12.4014 130.0000
v 26.6134 -5.7559 130.0000
f 3327 3329 3328
f 3327 3330 3329
f 3331 3332 3333
f 3331 3333 3334
f 3327 3328 3332
f 3327 3332 3331
f 3328 3329 3333
f 3328 3333 3332
f 3329 3330 3334
f 3329 3334 3333
f 3330 3327 3331
f 3330 3331 3334
g fin_01
usemtl m_fin_01
v -42.4500 -25.0000 134.0000
v -41.5500 -25.0000 134.0000
v -41.5500 25.0000 134.0000
v -42.4500 25.0000 134.0000
v -42.4500 -25.0000 159.0000
v -41.5500 -25.0000 159.0000
v -41.5500 25.0000 159.0000
v -42.4500 25.0000 159.0000
f 3335 3337 3336
f 3335 3338 3337
f 3339 3340 3341
f 3339 3341 3342
f 3335 3336 3340
f 3335 3340 3339
f 3336 3337 3341
f 3336 3341 3340
f 3337 3338 3342
f 3337 3342 3341
f 3338 3335 3339
f 3338 3339 3342
g fin_02
usemtl m_fin_02
v -39.4500 -25.0000 134.0000
v -38.5500 -25.0000 134.0000
v -38.5500 25.0000 134.0000
v -39.4500 25.0000 134.0000
v -39.4500 -25.0000 159.0000
v -38.5500 -25.0000 159.0000
v -38.5500 25.0000 159.0000
v -39.4500 25.0000 159.0000
f 3343 3345 3344
f 3343 3346 3345
f 3347 3348 3349
f 3347 3349 3350
f 3343 3344 3348
f 3343 3348 3347
f 3344 3345 3349
f 3344 3349 3348
f 3345 3346 3350
f 3345 3350 3349
f 3346 3343 3347
f 3346 3347 3350
g fin_03
usemtl m_fin_03
v -36.4500 -25.0000 134.0000
v -35.5500 -25.0000 134.0000
v -35.5500 25.0000 134.0000
v -36.4500 25.0000 134.0000
v -36.4500 -25.0000 159.0000
v -35.5500 -25.0000 159.0000
v -35.5500 25.0000 159.0000
v -36.4500 25.0000 159.0000
f 3351 3353 3352
f 3351 3354 3353
f 3355 3356 3357
f 3355 3357 3358
f 3351 3352 3356
f 3351 3356 3355
f 3352 3353 3357
f 3352 3357 3356
f 3353 3354 3358
f 3353 3358 3357
f 3354 3351 3355
f 3354 3355 3358
g fin_04
usemtl m_fin_04
v -33.4500 -25.0000 134.0000
v -32.5500 -25.0000 134.0000
v -32.5500 25.0000 134.0000
v -33.4500 25.0000 134.0000
v -33.4500 -25.0000 159.0000
v -32.5500 -25.0000 159.0000
v -32.5500 25.0000 159.0000
v -33.4500 25.0000 159.0000
f 3359 3361 3360
f 3359 3362 3361
f 3363 3364 3365
f 3363 3365 3366
f 3359 3360 3364
f 3359 3364 3363
f 3360 3361 3365
f 3360 3365 3364
f 3361 3362 3366
f 3361 3366 3365
f 3362 3359 3363
f 3362 3363 3366
g fin_05
usemtl m_fin_05
v -30.4500 -25.0000 134.0000
v -29.5500 -25.0000 134.0000
v -29.5500 25.0000 134.0000
v -30.4500 25.0000 134.0000
v -30.4500 -25.0000 159.0000
v -29.5500 -25.0000 159.0000
v -29.5500 25.0000 159.0000
v -30.4500 25.0000 159.0000
f 3367 3369 3368
f 3367 3370 3369
f 3371 3372 3373
f 3371 3373 3374
f 3367 3368 3372
f 3367 3372 3371
f 3368 3369 3373
f 3368 3373 3372
f 3369 3370 3374
f 3369 3374 3373
f 3370 3367 3371
f 3370 3371 3374
g fin_06
usemtl m_fin_06
v -27.4500 -25.0000 134.0000
v -26.5500 -25.0000 134.0000
v -26.5500 25.0000 134.0000
v -27.4500 25.0000 134.0000
v -27.4500 -25.0000 159.0000
v -26.5500 -25.0000 159.0000
v -26.5500 25.0000 159.0000
v -27.4500 25.0000 159.0000
f 3375 3377 3376
f 3375 3378 3377
f 3379 3380 3381
f 3379 3381 3382
f 3375 3376 3380
f 3375 3380 3379
f 3376 3377 3381
f 3376 3381 3380
f 3377 3378 3382
f 3377 3382 3381
f 3378 3375 3379
f 3378 3379 3382
g fin_07
usemtl m_fin_07
v -24.4500 -25.0000 134.0000
v -23.5500 -25.0000 134.0000
v -23.5500 25.0000 134.0000
v -24.4500 25.0000 134.0000
v -24.4500 -25.0000 159.0000
v -23.5500 -25.0000 159.0000
v -23.5500 25.0000 159.0000
v -24.4500 25.0000 159.0000
f 3383 3385 3384
f 3383 3386 3385
f 3387 3388 3389
f 3387 3389 3390
f 3383 3384 3388
f 3383 3388 3387
f 3384 3385 3389
f 3384 3389 3388
f 3385 3386 3390
f 3385 3390 3389
f 3386 3383 3387
f 3386 3387 3390
g fin_08
usemtl m_fin_08
v -21.4500 -25.0000 134.0000
v -20.5500 -25.0000 134.0000
v -20.5500 25.0000 134.0000
v -21.4500 25.0000 134.0000
v -21.4500 -25.0000 159.0000
v -20.5500 -25.0000 159.0000
v -20.5500 25.0000 159.0000
v -21.4500 25.0000 159.0000
f 3391 3393 3392
f 3391 3394 3393
f 3395 3396 3397
f 3395 3397 3398
f 3391 3392 3396
f 3391 3396 3395
f 3392 3393 3397
f 3392 3397 3396
f 3393 3394 3398
f 3393 3398 3397
f 3394 3391 3395
f 3394 3395 3398
g fin_09
usemtl m_fin_09
v -18.4500 -25.0000 134.0000
v -17.5500 -25.0000 134.0000
v -17.5500 25.0000 134.0000
v -18.4500 25.0000 134.0000
v -18.4500 -25.0000 159.0000
v -17.5500 -25.0000 159.0000
v -17.5500 25.0000 159.0000
v -18.4500 25.0000 159.0000
f 3399 3401 3400
f 3399 3402 3401
f 3403 3404 3405
f 3403 3405 3406
f 3399 3400 3404
f 3399 3404 3403
f 3400 3401 3405
f 3400 3405 3404
f 3401 3402 3406
f 3401 3406 3405
f 3402 3399 3403
f 3402 3403 3406
g fin_10
usemtl m_fin_10
v -15.4500 -25.0000 134.0000
v -14.5500 -25.0000 134.0000
v -14.5500 25.0000 134.0000
v -15.4500 25.0000 134.0000
v -15.4500 -25.0000 159.0000
v -14.5500 -25.0000 159.0000
v -14.5500 25.0000 159.0000
v -15.4500 25.0000 159.0000
f 3407 3409 3408
f 3407 3410 3409
f 3411 3412 3413
f 3411 3413 3414
f 3407 3408 3412
f 3407 3412 3411
f 3408 3409 3413
f 3408 3413 3412
f 3409 3410 3414
f 3409 3414 3413
f 3410 3407 3411
f 3410 3411 3414
g fin_11
usemtl m_fin_11
v -12.4500 -25.0000 134.0000
v -11.5500 -25.0000 134.0000
v -11.5500 25.0000 134.0000
v -12.4500 25.0000 134.0000
v -12.4500 -25.0000 159.0000
v -11.5500 -25.0000 159.0000
v -11.5500 25.0000 159.0000
v -12.4500 25.0000 159.0000
f 3415 3417 3416
f 3415 3418 3417
f 3419 3420 3421
f 3419 3421 3422
f 3415 3416 3420
f 3415 3420 3419
f 3416 3417 3421
f 3416 3421 3420
f 3417 3418 3422
f 3417 3422 3421
f 3418 3415 3419
f 3418 3419 3422
g fin_12
usemtl m_fin_12
v -9.4500 -25.0000 134.0000
v -8.5500 -25.0000 134.0000
v -8.5500 25.0000 134.0000
v -9.4500 25.0000 134.0000
v -9.4500 -25.0000 159.0000
v -8.5500 -25.0000 159.0000
v -8.5500 25.0000 159.0000
v -9.4500 25.0000 159.0000
f 3423 3425 3424
f 3423 3426 3425
f 3427 3428 3429
f 3427 3429 3430
f 3423 3424 3428
f 3423 3428 3427
f 3424 3425 3429
f 3424 3429 3428
f 3425 3426 3430
f 3425 3430 3429
f 3426 3423 3427
f 3426 3427 3430
g fin_13
usemtl m_fin_13
v -6.4500 -25.0000 134.0000
v -5.5500 -25.0000 134.0000
v -5.5500 25.0000 134.0000
v -6.4500 25.0000 134.0000
v -6.4500 -25.0000 159.0000
v -5.5500 -25.0000 159.0000
v -5.5500 25.0000 159.0000
v -6.4500 25.0000 159.0000
f 3431 3433 3432
f 3431 3434 3433
f 3435 3436 3437
f 3435 3437 3438
f 3431 3432 3436
f 3431 3436 3435
f 3432 3433 3437
f 3432 3437 3436
f 3433 3434 3438
f 3433 3438 3437
f 3434 3431 3435
f 3434 3435 3438
g fin_14
usemtl m_fin_14
v -3.4500 -25.0000 134.0000
v -2.5500 -25.0000 134.0000
v -2.5500 25.0000 134.0000
v -3.4500 25.0000 134.0000
v -3.4500 -25.0000 159.0000
v -2.5500 -25.0000 159.0000
v -2.5500 25.0000 159.0000
v -3.4500 25.0000 159.0000
f 3439 3441 3440
f 3439 3442 3441
f 3443 3444 3445
f 3443 3445 3446
f 3439 3440 3444
f 3439 3444 3443
f 3440 3441 3445
f 3440 3445 3444
f 3441 3442 3446
f 3441 3446 3445
f 3442 3439 3443
f 3442 3443 3446
g fin_15
usemtl m_fin_15
v -0.4500 -25.0000 134.0000
v 0.4500 -25.0000 134.0000
v 0.4500 25.0000 134.0000
v -0.4500 25.0000 134.0000
v -0.4500 -25.0000 159.0000
v 0.4500 -25.0000 159.0000
v 0.4500 25.0000 159.0000
v -0.4500 25.0000 159.0000
f 3447 3449 3448
f 3447 3450 3449
f 3451 3452 3453
f 3451 3453 3454
f 3447 3448 3452
f 3447 3452 3451
f 3448 3449 3453
f 3448 3453 3452
f 3449 3450 3454
f 3449 3454 3453
f 3450 3447 3451
f 3450 3451 3454
g fin_16
usemtl m_fin_16
v 2.5500 -25.0000 134.0000
v 3.4500 -25.0000 134.0000
v 3.4500 25.0000 134.0000
v 2.5500 25.0000 134.0000
v 2.5500 -25.0000 159.0000
v 3.4500 -25.0000 159.0000
v 3.4500 25.0000 159.0000
v 2.5500 25.0000 159.0000
f 3455 3457 3456
f 3455 3458 3457
f 3459 3460 3461
f 3459 3461 3462
f 3455 3456 3460
f 3455 3460 3459
f 3456 3457 3461
f 3456 3461 3460
f 3457 3458 3462
f 3457 3462 3461
f 3458 3455 3459
f 3458 3459 3462
g fin_17
usemtl m_fin_17
v 5.5500 -25.0000 134.0000
v 6.4500 -25.0000 134.0000
v 6.4500 25.0000 134.0000
v 5.5500 25.0000 134.0000
v 5.5500 -25.0000 159.0000
v 6.4500 -25.0000 159.0000
v 6.4500 25.0000 159.0000
v 5.5500 25.0000 159.0000
f 3463 3465 3464
f 3463 3466 3465
f 3467 3468 3469
f 3467 3469 3470
f 3463 3464 3468
f 3463 3468 3467
f 3464 3465 3469
f 3464 3469 3468
f 3465 3466 3470
f 3465 3470 3469
f 3466 3463 3467
f 3466 3467 3470
g fin_18
usemtl m_fin_18
v 8.5500 -25.0000 134.0000
v 9.4500 -25.0000 134.0000
v 9.4500 25.0000 134.0000
v 8.5500 25.0000 134.0000
v 8.5500 -25.0000 159.0000
v 9.4500 -25.0000 159.0000
v 9.4500 25.0000 159.0000
v 8.5500 25.0000 159.0000
f 3471 3473 3472
f 3471 3474 3473
f 3475 3476 3477
f 3475 3477 3478
f 3471 3472 3476
f 3471 3476 3475
f 3472 3473 3477
f 3472 3477 3476
f 3473 3474 3478
f 3473 3478 3477
f 3474 3471 3475
f 3474 3475 3478
g fin_19
usemtl m_fin_19
v 11.5500 -25.0000 134.0000
v 12.4500 -25.0000 134.0000
v 12.4500 25.0000 134.0000
v 11.5500 25.0000 134.0000
v 11.5500 -25.0000 159.0000
v 12.4500 -25.0000 159.0000
v 12.4500 25.0000 159.0000
v 11.5500 25.0000 159.0000
f 3479 3481 3480
f 3479 3482 3481
f 3483 3484 3485
f 3483 3485 3486
f 3479 3480 3484
f 3479 3484 3483
f 3480 3481 3485
f 3480 3485 3484
f 3481 3482 3486
f 3481 3486 3485
f 3482 3479 3483
f 3482 3483 3486
g fin_20
usemtl m_fin_20
v 14.5500 -25.0000 134.0000
v 15.4500 -25.0000 134.0000
v 15.4500 25.0000 134.0000
v 14.5500 25.0000 134.0000
v 14.5500 -25.0000 159.0000
v 15.4500 -25.0000 159.0000
v 15.4500 25.0000 159.0000
v 14.5500 25.0000 159.0000
f 3487 3489 3488
f 3487 3490 3489
f 3491 3492 3493
f 3491 3493 3494
f 3487 3488 3492
f 3487 3492 3491
f 3488 3489 3493
f 3488 3493 3492
f 3489 3490 3494
f 3489 3494 3493
f 3490 3487 3491
f 3490 3491 3494
g fin_21
usemtl m_fin_21
v 17.5500 -25.0000 134.0000
v 18.4500 -25.0000 134.0000
v 18.4500 25.0000 134.0000
v 17.5500 25.0000 134.0000
v 17.5500 -25.0000 159.0000
v 18.4500 -25.0000 159.0000
v 18.4500 25.0000 159.0000
v 17.5500 25.0000 159.0000
f 3495 3497 3496
f 3495 3498 3497
f 3499 3500 3501
f 3499 3501 3502
f 3495 3496 3500
f 3495 3500 3499
f 3496 3497 3501
f 3496 3501 3500
f 3497 3498 3502
f 3497 3502 3501
f 3498 3495 3499
f 3498 3499 3502
g fin_22
usemtl m_fin_22
v 20.5500 -25.0000 134.0000
v 21.4500 -25.0000 134.0000
v 21.4500 25.0000 134.0000
v 20.5500 25.0000 134.0000
v 20.5500 -25.0000 159.0000
v 21.4500 -25.0000 159.0000
v 21.4500 25.0000 159.0000
v 20.5500 25.0000 159.0000
f 3503 3505 3504
f 3503 3506 3505
f 3507 3508 3509
f 3507 3509 3510
f 3503 3504 3508
f 3503 3508 3507
f 3504 3505 3509
f 3504 3509 3508
f 3505 3506 3510
f 3505 3510 3509
f 3506 3503 3507
f 3506 3507 3510
g fin_23
usemtl m_fin_23
v 23.5500 -25.0000 134.0000
v 24.4500 -25.0000 134.0000
v 24.4500 25.0000 134.0000
v 23.5500 25.0000 134.0000
v 23.5500 -25.0000 159.0000
v 24.4500 -25.0000 159.0000
v 24.4500 25.0000 159.0000
v 23.5500 25.0000 159.0000
f 3511 3513 3512
f 3511 3514 3513
f 3515 3516 3517
f 3515 3517 3518
f 3511 3512 3516
f 3511 3516 3515
f 3512 3513 3517
f 3512 3517 3516
f 3513 3514 3518
f 3513 3518 3517
f 3514 3511 3515
f 3514 3515 3518
g fin_24
usemtl m_fin_24
v 26.5500 -25.0000 134.0000
v 27.4500 -25.0000 134.0000
v 27.4500 25.0000 134.0000
v 26.5500 25.0000 134.0000
v 26.5500 -25.0000 159.0000
v 27.4500 -25.0000 159.0000
v 27.4500 25.0000 159.0000
v 26.5500 25.0000 159.0000
f 3519 3521 3520
f 3519 3522 3521
f 3523 3524 3525
f 3523 3525 3526
f 3519 3520 3524
f 3519 3524 3523
f 3520 3521 3525
f 3520 3525 3524
f 3521 3522 3526
f 3521 3526 3525
f 3522 3519 3523
f 3522 3523 3526
g fin_25
usemtl m_fin_25
v 29.5500 -25.0000 134.0000
v 30.4500 -25.0000 134.0000
v 30.4500 25.0000 134.0000
v 29.5500 25.0000 134.0000
v 29.5500 -25.0000 159.0000
v 30.4500 -25.0000 159.0000
v 30.4500 25.0000 159.0000
v 29.5500 25.0000 159.0000
f 3527 3529 3528
f 3527 3530 3529
f 3531 3532 3533
f 3531 3533 3534
f 3527 3528 3532
f 3527 3532 3531
f 3528 3529 3533
f 3528 3533 3532
f 3529 3530 3534
f 3529 3534 3533
f 3530 3527 3531
f 3530 3531 3534
g fin_26
usemtl m_fin_26
v 32.5500 -25.0000 134.0000
v 33.4500 -25.0000 134.0000
v 33.4500 25.0000 134.0000
v 32.5500 25.0000 134.0000
v 32.5500 -25.0000 159.0000
v 33.4500 -25.0000 159.0000
v 33.4500 25.0000 159.0000
v 32.5500 25.0000 159.0000
f 3535 3537 3536
f 3535 3538 3537
f 3539 3540 3541
f 3539 3541 3542
f 3535 3536 3540
f 3535 3540 3539
f 3536 3537 3541
f 3536 3541 3540
f 3537 3538 3542
f 3537 3542 3541
f 3538 3535 3539
f 3538 3539 3542
g fin_27
usemtl m_fin_27
v 35.5500 -25.0000 134.0000
v 36.4500 -25.0000 134.0000
v 36.4500 25.0000 134.0000
v 35.5500 25.0000 134.0000
v 35.5500 -25.0000 159.0000
v 36.4500 -25.0000 159.0000
v 36.4500 25.0000 159.0000
v 35.5500 25.0000 159.0000
f 3543 3545 3544
f 3543 3546 3545
f 3547 3548 3549
f 3547 3549 3550
f 3543 3544 3548
f 3543 3548 3547
f 3544 3545 3549
f 3544 3549 3548
f 3545 3546 3550
f 3545 3550 3549
f 3546 3543 3547
f 3546 3547 3550
g fin_28
usemtl m_fin_28
v 38.5500 -25.0000 134.0000
v 39.4500 -25.0000 134.0000
v 39.4500 25.0000 134.0000
v 38.5500 25.0000 134.0000
v 38.5500 -25.0000 159.0000
v 39.4500 -25.0000 159.0000
v 39.4500 25.0000 159.0000
v 38.5500 25.0000 159.0000
f 3551 3553 3552
f 3551 3554 3553
f 3555 3556 3557
f 3555 3557 3558
f 3551 3552 3556
f 3551 3556 3555
f 3552 3553 3557
f 3552 3557 3556
f 3553 3554 3558
f 3553 3558 3557
f 3554 3551 3555
f 3554 3555 3558
g fin_29
usemtl m_fin_29
v 41.5500 -25.0000 134.0000
v 42.4500 -25.0000 134.0000
v 42.4500 25.0000 134.0000
v 41.5500 25.0000 134.0000
v 41.5500 -25.0000 159.0000
v 42.4500 -25.0000 159.0000
v 42.4500 25.0000 159.0000
v 41.5500 25.0000 159.0000
f 3559 3561 3560
f 3559 3562 3561
f 3563 3564 3565
f 3563 3565 3566
f 3559 3560 3564
f 3559 3564 3563
f 3560 3561 3565
f 3560 3565 3564
f 3561 3562 3566
f 3561 3566 3565
f 3562 3559 3563
f 3562 3563 3566
g heatsink_base
usemtl m_heatsink_base
v -44.0000 -25.0000 159.0000
v 44.0000 -25.0000 159.0000
v 44.0000 25.0000 159.0000
v -44.0000 25.0000 159.0000
v -44.0000 -25.0000 164.0000
v 44.0000 -25.0000 164.0000
v 44.0000 25.0000 164.0000
v -44.0000 25.0000 164.0000
f 3567 3569 3568
f 3567 3570 3569
f 3571 3572 3573
f 3571 3573 3574
f 3567 3568 3572
f 3567 3572 3571
f 3568 3569 3573
f 3568 3573 3572
f 3569 3570 3574
f 3569 3574 3573
f 3570 3567 3571
f 3570 3571 3574
g foam_ring_a
usemtl m_foam_ring_a
v -44.0000 -25.0000 164.0000
v -41.0000 -25.0000 164.0000
v -41.0000 25.0000 164.0000
v -44.0000 25.0000 164.0000
v -44.0000 -25.0000 168.0000
v -41.0000 -25.0000 168.0000
v -41.0000 25.0000 168.0000
v -44.0000 25.0000 168.0000
f 3575 3577 3576
f 3575 3578 3577
f 3579 3580 3581
f 3579 3581 3582
f 3575 3576 3580
f 3575 3580 3579
f 3576 3577 3581
f 3576 3581 3580
f 3577 3578 3582
f 3577 3582 3581
f 3578 3575 3579
f 3578 3579 3582
g foam_ring_b
usemtl m_foam_ring_b
v 41.0000 -25.0000 164.0000
v 44.0000 -25.0000 164.0000
v 44.0000 25.0000 164.0000
v 41.0000 25.0000 164.0000
v 41.0000 -25.0000 168.0000
v 44.0000 -25.0000 168.0000
v 44.0000 25.0000 168.0000
v 41.0000 25.0000 168.0000
f 3583 3585 3584
f 3583 3586 3585
f 3587 3588 3589
f 3587 3589 3590
f 3583 3584 3588
f 3583 3588 3587
f 3584 3585 3589
f 3584 3589 3588
f 3585 3586 3590
f 3585 3590 3589
f 3586 3583 3587
f 3586 3587 3590
g foam_ring_c
usemtl m_foam_ring_c
v -1.0000 -20.0000 164.0000
v 1.0000 -20.0000 164.0000
v 1.0000 20.0000 164.0000
v -1.0000 20.0000 164.0000
v -1.0000 -20.0000 168.0000
v 1.0000 -20.0000 168.0000
v 1.0000 20.0000 168.0000
v -1.0000 20.0000 168.0000
f 3591 3593 3592
f 3591 3594 3593
f 3595 3596 3597
f 3595 3597 3598
f 3591 3592 3596
f 3591 3596 3595
f 3592 3593 3597
f 3592 3597 3596
f 3593 3594 3598
f 3593 3598 3597
f 3594 3591 3595
f 3594 3595 3598
g foam_ring_d
usemtl m_foam_ring_d
v -41.0000 -25.0000 164.0000
v 41.0000 -25.0000 164.0000
v 41.0000 -20.0000 164.0000
v -41.0000 -20.0000 164.0000
v -41.0000 -25.0000 168.0000
v 41.0000 -25.0000 168.0000
v 41.0000 -20.0000 168.0000
v -41.0000 -20.0000 168.0000
f 3599 3601 3600
f 3599 3602 3601
f 3603 3604 3605
f 3603 3605 3606
f 3599 3600 3604
f 3599 3604 3603
f 3600 3601 3605
f 3600 3605 3604
f 3601 3602 3606
f 3601 3606 3605
f 3602 3599 3603
f 3602 3603 3606
g foam_ring_e
usemtl m_foam_ring_e
v -41.0000 20.0000 164.0000
v 41.0000 20.0000 164.0000
v 41.0000 25.0000 164.0000
v -41.0000 25.0000 164.0000
v -41.0000 20.0000 168.0000
v 41.0000 20.0000 168.0000
v 41.0000 25.0000 168.0000
v -41.0000 25.0000 168.0000
f 3607 3609 3608
f 3607 3610 3609
f 3611 3612 3613
f 3611 3613 3614
f 3607 3608 3612
f 3607 3612 3611
f 3608 3609 3613
f 3608 3613 3612
f 3609 3610 3614
f 3609 3614 3613
f 3610 3607 3611
f 3610 3611 3614
g tecL_hot_face
usemtl m_tecL_hot_face
v -41.0000 -20.0000 164.0000
v -1.0000 -20.0000 164.0000
v -1.0000 20.0000 164.0000
v -41.0000 20.0000 164.0000
v -41.0000 -20.0000 165.0000
v -1.0000 -20.0000 165.0000
v -1.0000 20.0000 165.0000
v -41.0000 20.0000 165.0000
f 3615 3617 3616
f 3615 3618 3617
f 3619 3620 3621
f 3619 3621 3622
f 3615 3616 3620
f 3615 3620 3619
f 3616 3617 3621
f 3616 3621 3620
f 3617 3618 3622
f 3617 3622 3621
f 3618 3615 3619
f 3618 3619 3622
g tecL_body
usemtl m_tecL_body
v -41.0000 -20.0000 165.0000
v -1.0000 -20.0000 165.0000
v -1.0000 20.0000 165.0000
v -41.0000 20.0000 165.0000
v -41.0000 -20.0000 166.8000
v -1.0000 -20.0000 166.8000
v -1.0000 20.0000 166.8000
v -41.0000 20.0000 166.8000
f 3623 3625 3624
f 3623 3626 3625
f 3627 3628 3629
f 3627 3629 3630
f 3623 3624 3628
f 3623 3628 3627
f 3624 3625 3629
f 3624 3629 3628
f 3625 3626 3630
f 3625 3630 3629
f 3626 3623 3627
f 3626 3627 3630
g tecL_cold_face
usemtl m_tecL_cold_face
v -41.0000 -20.0000 166.8000
v -1.0000 -20.0000 166.8000
v -1.0000 20.0000 166.8000
v -41.0000 20.0000 166.8000
v -41.0000 -20.0000 167.8000
v -1.0000 -20.0000 167.8000
v -1.0000 20.0000 167.8000
v -41.0000 20.0000 167.8000
f 3631 3633 3632
f 3631 3634 3633
f 3635 3636 3637
f 3635 3637 3638
f 3631 3632 3636
f 3631 3636 3635
f 3632 3633 3637
f 3632 3637 3636
f 3633 3634 3638
f 3633 3638 3637
f 3634 3631 3635
f 3634 3635 3638
g tecR_hot_face
usemtl m_tecR_hot_face
v 1.0000 -20.0000 164.0000
v 41.0000 -20.0000 164.0000
v 41.0000 20.0000 164.0000
v 1.0000 20.0000 164.0000
v 1.0000 -20.0000 165.0000
v 41.0000 -20.0000 165.0000
v 41.0000 20.0000 165.0000
v 1.0000 20.0000 165.0000
f 3639 3641 3640
f 3639 3642 3641
f 3643 3644 3645
f 3643 3645 3646
f 3639 3640 3644
f 3639 3644 3643
f 3640 3641 3645
f 3640 3645 3644
f 3641 3642 3646
f 3641 3646 3645
f 3642 3639 3643
f 3642 3643 3646
g tecR_body
usemtl m_tecR_body
v 1.0000 -20.0000 165.0000
v 41.0000 -20.0000 165.0000
v 41.0000 20.0000 165.0000
v 1.0000 20.0000 165.0000
v 1.0000 -20.0000 166.8000
v 41.0000 -20.0000 166.8000
v 41.0000 20.0000 166.8000
v 1.0000 20.0000 166.8000
f 3647 3649 3648
f 3647 3650 3649
f 3651 3652 3653
f 3651 3653 3654
f 3647 3648 3652
f 3647 3652 3651
f 3648 3649 3653
f 3648 3653 3652
f 3649 3650 3654
f 3649 3654 3653
f 3650 3647 3651
f 3650 3651 3654
g tecR_cold_face
usemtl m_tecR_cold_face
v 1.0000 -20.0000 166.8000
v 41.0000 -20.0000 166.8000
v 41.0000 20.0000 166.8000
v 1.0000 20.0000 166.8000
v 1.0000 -20.0000 167.8000
v 41.0000 -20.0000 167.8000
v 41.0000 20.0000 167.8000
v 1.0000 20.0000 167.8000
f 3655 3657 3656
f 3655 3658 3657
f 3659 3660 3661
f 3659 3661 3662
f 3655 3656 3660
f 3655 3660 3659
f 3656 3657 3661
f 3656 3661 3660
f 3657 3658 3662
f 3657 3662 3661
f 3658 3655 3659
f 3658 3659 3662
g water_plate
usemtl m_water_plate
v -44.0000 -25.0000 168.0000
v 44.0000 -25.0000 168.0000
v 44.0000 25.0000 168.0000
v -44.0000 25.0000 168.0000
v -44.0000 -25.0000 176.0000
v 44.0000 -25.0000 176.0000
v 44.0000 25.0000 176.0000
v -44.0000 25.0000 176.0000
f 3663 3665 3664
f 3663 3666 3665
f 3667 3668 3669
f 3667 3669 3670
f 3663 3664 3668
f 3663 3668 3667
f 3664 3665 3669
f 3664 3669 3668
f 3665 3666 3670
f 3665 3670 3669
f 3666 3663 3667
f 3666 3667 3670
g cup_floor
usemtl m_cup_floor
v 25.0000 -28.0000 176.0000
v 28.6547 -27.7605 176.0000
v 32.2469 -27.0459 176.0000
v 35.7151 -25.8686 176.0000
v 39.0000 -24.2487 176.0000
v 42.0453 -22.2139 176.0000
v 44.7990 -19.7990 176.0000
v 47.2139 -17.0453 176.0000
v 49.2487 -14.0000 176.0000
v 50.8686 -10.7151 176.0000
v 52.0459 -7.2469 176.0000
v 52.7605 -3.6547 176.0000
v 53.0000 0.0000 176.0000
v 52.7605 3.6547 176.0000
v 52.0459 7.2469 176.0000
v 50.8686 10.7151 176.0000
v 49.2487 14.0000 176.0000
v 47.2139 17.0453 176.0000
v 44.7990 19.7990 176.0000
v 42.0453 22.2139 176.0000
v 39.0000 24.2487 176.0000
v 35.7151 25.8686 176.0000
v 32.2469 27.0459 176.0000
v 28.6547 27.7605 176.0000
v 25.0000 28.0000 176.0000
v -25.0000 28.0000 176.0000
v -28.6547 27.7605 176.0000
v -32.2469 27.0459 176.0000
v -35.7151 25.8686 176.0000
v -39.0000 24.2487 176.0000
v -42.0453 22.2139 176.0000
v -44.7990 19.7990 176.0000
v -47.2139 17.0453 176.0000
v -49.2487 14.0000 176.0000
v -50.8686 10.7151 176.0000
v -52.0459 7.2469 176.0000
v -52.7605 3.6547 176.0000
v -53.0000 0.0000 176.0000
v -52.7605 -3.6547 176.0000
v -52.0459 -7.2469 176.0000
v -50.8686 -10.7151 176.0000
v -49.2487 -14.0000 176.0000
v -47.2139 -17.0453 176.0000
v -44.7990 -19.7990 176.0000
v -42.0453 -22.2139 176.0000
v -39.0000 -24.2487 176.0000
v -35.7151 -25.8686 176.0000
v -32.2469 -27.0459 176.0000
v -28.6547 -27.7605 176.0000
v -25.0000 -28.0000 176.0000
v 25.0000 -28.0000 179.0000
v 28.6547 -27.7605 179.0000
v 32.2469 -27.0459 179.0000
v 35.7151 -25.8686 179.0000
v 39.0000 -24.2487 179.0000
v 42.0453 -22.2139 179.0000
v 44.7990 -19.7990 179.0000
v 47.2139 -17.0453 179.0000
v 49.2487 -14.0000 179.0000
v 50.8686 -10.7151 179.0000
v 52.0459 -7.2469 179.0000
v 52.7605 -3.6547 179.0000
v 53.0000 0.0000 179.0000
v 52.7605 3.6547 179.0000
v 52.0459 7.2469 179.0000
v 50.8686 10.7151 179.0000
v 49.2487 14.0000 179.0000
v 47.2139 17.0453 179.0000
v 44.7990 19.7990 179.0000
v 42.0453 22.2139 179.0000
v 39.0000 24.2487 179.0000
v 35.7151 25.8686 179.0000
v 32.2469 27.0459 179.0000
v 28.6547 27.7605 179.0000
v 25.0000 28.0000 179.0000
v -25.0000 28.0000 179.0000
v -28.6547 27.7605 179.0000
v -32.2469 27.0459 179.0000
v -35.7151 25.8686 179.0000
v -39.0000 24.2487 179.0000
v -42.0453 22.2139 179.0000
v -44.7990 19.7990 179.0000
v -47.2139 17.0453 179.0000
v -49.2487 14.0000 179.0000
v -50.8686 10.7151 179.0000
v -52.0459 7.2469 179.0000
v -52.7605 3.6547 179.0000
v -53.0000 0.0000 179.0000
v -52.7605 -3.6547 179.0000
v -52.0459 -7.2469 179.0000
v -50.8686 -10.7151 179.0000
v -49.2487 -14.0000 179.0000
v -47.2139 -17.0453 179.0000
v -44.7990 -19.7990 179.0000
v -42.0453 -22.2139 179.0000
v -39.0000 -24.2487 179.0000
v -35.7151 -25.8686 179.0000
v -32.2469 -27.0459 179.0000
v -28.6547 -27.7605 179.0000
v -25.0000 -28.0000 179.0000
v 0.0000 0.0000 176.0000
v 0.0000 0.0000 179.0000
f 3671 3672 3722
f 3671 3722 3721
f 3672 3673 3723
f 3672 3723 3722
f 3673 3674 3724
f 3673 3724 3723
f 3674 3675 3725
f 3674 3725 3724
f 3675 3676 3726
f 3675 3726 3725
f 3676 3677 3727
f 3676 3727 3726
f 3677 3678 3728
f 3677 3728 3727
f 3678 3679 3729
f 3678 3729 3728
f 3679 3680 3730
f 3679 3730 3729
f 3680 3681 3731
f 3680 3731 3730
f 3681 3682 3732
f 3681 3732 3731
f 3682 3683 3733
f 3682 3733 3732
f 3683 3684 3734
f 3683 3734 3733
f 3684 3685 3735
f 3684 3735 3734
f 3685 3686 3736
f 3685 3736 3735
f 3686 3687 3737
f 3686 3737 3736
f 3687 3688 3738
f 3687 3738 3737
f 3688 3689 3739
f 3688 3739 3738
f 3689 3690 3740
f 3689 3740 3739
f 3690 3691 3741
f 3690 3741 3740
f 3691 3692 3742
f 3691 3742 3741
f 3692 3693 3743
f 3692 3743 3742
f 3693 3694 3744
f 3693 3744 3743
f 3694 3695 3745
f 3694 3745 3744
f 3695 3696 3746
f 3695 3746 3745
f 3696 3697 3747
f 3696 3747 3746
f 3697 3698 3748
f 3697 3748 3747
f 3698 3699 3749
f 3698 3749 3748
f 3699 3700 3750
f 3699 3750 3749
f 3700 3701 3751
f 3700 3751 3750
f 3701 3702 3752
f 3701 3752 3751
f 3702 3703 3753
f 3702 3753 3752
f 3703 3704 3754
f 3703 3754 3753
f 3704 3705 3755
f 3704 3755 3754
f 3705 3706 3756
f 3705 3756 3755
f 3706 3707 3757
f 3706 3757 3756
f 3707 3708 3758
f 3707 3758 3757
f 3708 3709 3759
f 3708 3759 3758
f 3709 3710 3760
f 3709 3760 3759
f 3710 3711 3761
f 3710 3761 3760
f 3711 3712 3762
f 3711 3762 3761
f 3712 3713 3763
f 3712 3763 3762
f 3713 3714 3764
f 3713 3764 3763
f 3714 3715 3765
f 3714 3765 3764
f 3715 3716 3766
f 3715 3766 3765
f 3716 3717 3767
f 3716 3767 3766
f 3717 3718 3768
f 3717 3768 3767
f 3718 3719 3769
f 3718 3769 3768
f 3719 3720 3770
f 3719 3770 3769
f 3720 3671 3721
f 3720 3721 3770
f 3771 3672 3671
f 3772 3721 3722
f 3771 3673 3672
f 3772 3722 3723
f 3771 3674 3673
f 3772 3723 3724
f 3771 3675 3674
f 3772 3724 3725
f 3771 3676 3675
f 3772 3725 3726
f 3771 3677 3676
f 3772 3726 3727
f 3771 3678 3677
f 3772 3727 3728
f 3771 3679 3678
f 3772 3728 3729
f 3771 3680 3679
f 3772 3729 3730
f 3771 3681 3680
f 3772 3730 3731
f 3771 3682 3681
f 3772 3731 3732
f 3771 3683 3682
f 3772 3732 3733
f 3771 3684 3683
f 3772 3733 3734
f 3771 3685 3684
f 3772 3734 3735
f 3771 3686 3685
f 3772 3735 3736
f 3771 3687 3686
f 3772 3736 3737
f 3771 3688 3687
f 3772 3737 3738
f 3771 3689 3688
f 3772 3738 3739
f 3771 3690 3689
f 3772 3739 3740
f 3771 3691 3690
f 3772 3740 3741
f 3771 3692 3691
f 3772 3741 3742
f 3771 3693 3692
f 3772 3742 3743
f 3771 3694 3693
f 3772 3743 3744
f 3771 3695 3694
f 3772 3744 3745
f 3771 3696 3695
f 3772 3745 3746
f 3771 3697 3696
f 3772 3746 3747
f 3771 3698 3697
f 3772 3747 3748
f 3771 3699 3698
f 3772 3748 3749
f 3771 3700 3699
f 3772 3749 3750
f 3771 3701 3700
f 3772 3750 3751
f 3771 3702 3701
f 3772 3751 3752
f 3771 3703 3702
f 3772 3752 3753
f 3771 3704 3703
f 3772 3753 3754
f 3771 3705 3704
f 3772 3754 3755
f 3771 3706 3705
f 3772 3755 3756
f 3771 3707 3706
f 3772 3756 3757
f 3771 3708 3707
f 3772 3757 3758
f 3771 3709 3708
f 3772 3758 3759
f 3771 3710 3709
f 3772 3759 3760
f 3771 3711 3710
f 3772 3760 3761
f 3771 3712 3711
f 3772 3761 3762
f 3771 3713 3712
f 3772 3762 3763
f 3771 3714 3713
f 3772 3763 3764
f 3771 3715 3714
f 3772 3764 3765
f 3771 3716 3715
f 3772 3765 3766
f 3771 3717 3716
f 3772 3766 3767
f 3771 3718 3717
f 3772 3767 3768
f 3771 3719 3718
f 3772 3768 3769
f 3771 3720 3719
f 3772 3769 3770
f 3771 3671 3720
f 3772 3770 3721
g cup_wall
usemtl m_cup_wall
v 25.0000 -28.0000 179.0000
v 28.6547 -27.7605 179.0000
v 32.2469 -27.0459 179.0000
v 35.7151 -25.8686 179.0000
v 39.0000 -24.2487 179.0000
v 42.0453 -22.2139 179.0000
v 44.7990 -19.7990 179.0000
v 47.2139 -17.0453 179.0000
v 49.2487 -14.0000 179.0000
v 50.8686 -10.7151 179.0000
v 52.0459 -7.2469 179.0000
v 52.7605 -3.6547 179.0000
v 53.0000 0.0000 179.0000
v 52.7605 3.6547 179.0000
v 52.0459 7.2469 179.0000
v 50.8686 10.7151 179.0000
v 49.2487 14.0000 179.0000
v 47.2139 17.0453 179.0000
v 44.7990 19.7990 179.0000
v 42.0453 22.2139 179.0000
v 39.0000 24.2487 179.0000
v 35.7151 25.8686 179.0000
v 32.2469 27.0459 179.0000
v 28.6547 27.7605 179.0000
v 25.0000 28.0000 179.0000
v -25.0000 28.0000 179.0000
v -28.6547 27.7605 179.0000
v -32.2469 27.0459 179.0000
v -35.7151 25.8686 179.0000
v -39.0000 24.2487 179.0000
v -42.0453 22.2139 179.0000
v -44.7990 19.7990 179.0000
v -47.2139 17.0453 179.0000
v -49.2487 14.0000 179.0000
v -50.8686 10.7151 179.0000
v -52.0459 7.2469 179.0000
v -52.7605 3.6547 179.0000
v -53.0000 0.0000 179.0000
v -52.7605 -3.6547 179.0000
v -52.0459 -7.2469 179.0000
v -50.8686 -10.7151 179.0000
v -49.2487 -14.0000 179.0000
v -47.2139 -17.0453 179.0000
v -44.7990 -19.7990 179.0000
v -42.0453 -22.2139 179.0000
v -39.0000 -24.2487 179.0000
v -35.7151 -25.8686 179.0000
v -32.2469 -27.0459 179.0000
v -28.6547 -27.7605 179.0000
v -25.0000 -28.0000 179.0000
v 25.0000 -28.0000 238.0000
v 28.6547 -27.7605 238.0000
v 32.2469 -27.0459 238.0000
v 35.7151 -25.8686 238.0000
v 39.0000 -24.2487 238.0000
v 42.0453 -22.2139 238.0000
v 44.7990 -19.7990 238.0000
v 47.2139 -17.0453 238.0000
v 49.2487 -14.0000 238.0000
v 50.8686 -10.7151 238.0000
v 52.0459 -7.2469 238.0000
v 52.7605 -3.6547 238.0000
v 53.0000 0.0000 238.0000
v 52.7605 3.6547 238.0000
v 52.0459 7.2469 238.0000
v 50.8686 10.7151 238.0000
v 49.2487 14.0000 238.0000
v 47.2139 17.0453 238.0000
v 44.7990 19.7990 238.0000
v 42.0453 22.2139 238.0000
v 39.0000 24.2487 238.0000
v 35.7151 25.8686 238.0000
v 32.2469 27.0459 238.0000
v 28.6547 27.7605 238.0000
v 25.0000 28.0000 238.0000
v -25.0000 28.0000 238.0000
v -28.6547 27.7605 238.0000
v -32.2469 27.0459 238.0000
v -35.7151 25.8686 238.0000
v -39.0000 24.2487 238.0000
v -42.0453 22.2139 238.0000
v -44.7990 19.7990 238.0000
v -47.2139 17.0453 238.0000
v -49.2487 14.0000 238.0000
v -50.8686 10.7151 238.0000
v -52.0459 7.2469 238.0000
v -52.7605 3.6547 238.0000
v -53.0000 0.0000 238.0000
v -52.7605 -3.6547 238.0000
v -52.0459 -7.2469 238.0000
v -50.8686 -10.7151 238.0000
v -49.2487 -14.0000 238.0000
v -47.2139 -17.0453 238.0000
v -44.7990 -19.7990 238.0000
v -42.0453 -22.2139 238.0000
v -39.0000 -24.2487 238.0000
v -35.7151 -25.8686 238.0000
v -32.2469 -27.0459 238.0000
v -28.6547 -27.7605 238.0000
v -25.0000 -28.0000 238.0000
v 25.0000 -27.0000 179.0000
v 28.5242 -26.7690 179.0000
v 31.9881 -26.0800 179.0000
v 35.3325 -24.9447 179.0000
v 38.5000 -23.3827 179.0000
v 41.4366 -21.4205 179.0000
v 44.0919 -19.0919 179.0000
v 46.4205 -16.4366 179.0000
v 48.3827 -13.5000 179.0000
v 49.9447 -10.3325 179.0000
v 51.0800 -6.9881 179.0000
v 51.7690 -3.5242 179.0000
v 52.0000 0.0000 179.0000
v 51.7690 3.5242 179.0000
v 51.0800 6.9881 179.0000
v 49.9447 10.3325 179.0000
v 48.3827 13.5000 179.0000
v 46.4205 16.4366 179.0000
v 44.0919 19.0919 179.0000
v 41.4366 21.4205 179.0000
v 38.5000 23.3827 179.0000
v 35.3325 24.9447 179.0000
v 31.9881 26.0800 179.0000
v 28.5242 26.7690 179.0000
v 25.0000 27.0000 179.0000
v -25.0000 27.0000 179.0000
v -28.5242 26.7690 179.0000
v -31.9881 26.0800 179.0000
v -35.3325 24.9447 179.0000
v -38.5000 23.3827 179.0000
v -41.4366 21.4205 179.0000
v -44.0919 19.0919 179.0000
v -46.4205 16.4366 179.0000
v -48.3827 13.5000 179.0000
v -49.9447 10.3325 179.0000
v -51.0800 6.9881 179.0000
v -51.7690 3.5242 179.0000
v -52.0000 0.0000 179.0000
v -51.7690 -3.5242 179.0000
v -51.0800 -6.9881 179.0000
v -49.9447 -10.3325 179.0000
v -48.3827 -13.5000 179.0000
v -46.4205 -16.4366 179.0000
v -44.0919 -19.0919 179.0000
v -41.4366 -21.4205 179.0000
v -38.5000 -23.3827 179.0000
v -35.3325 -24.9447 179.0000
v -31.9881 -26.0800 179.0000
v -28.5242 -26.7690 179.0000
v -25.0000 -27.0000 179.0000
v 25.0000 -27.0000 238.0000
v 28.5242 -26.7690 238.0000
v 31.9881 -26.0800 238.0000
v 35.3325 -24.9447 238.0000
v 38.5000 -23.3827 238.0000
v 41.4366 -21.4205 238.0000
v 44.0919 -19.0919 238.0000
v 46.4205 -16.4366 238.0000
v 48.3827 -13.5000 238.0000
v 49.9447 -10.3325 238.0000
v 51.0800 -6.9881 238.0000
v 51.7690 -3.5242 238.0000
v 52.0000 0.0000 238.0000
v 51.7690 3.5242 238.0000
v 51.0800 6.9881 238.0000
v 49.9447 10.3325 238.0000
v 48.3827 13.5000 238.0000
v 46.4205 16.4366 238.0000
v 44.0919 19.0919 238.0000
v 41.4366 21.4205 238.0000
v 38.5000 23.3827 238.0000
v 35.3325 24.9447 238.0000
v 31.9881 26.0800 238.0000
v 28.5242 26.7690 238.0000
v 25.0000 27.0000 238.0000
v -25.0000 27.0000 238.0000
v -28.5242 26.7690 238.0000
v -31.9881 26.0800 238.0000
v -35.3325 24.9447 238.0000
v -38.5000 23.3827 238.0000
v -41.4366 21.4205 238.0000
v -44.0919 19.0919 238.0000
v -46.4205 16.4366 238.0000
v -48.3827 13.5000 238.0000
v -49.9447 10.3325 238.0000
v -51.0800 6.9881 238.0000
v -51.7690 3.5242 238.0000
v -52.0000 0.0000 238.0000
v -51.7690 -3.5242 238.0000
v -51.0800 -6.9881 238.0000
v -49.9447 -10.3325 238.0000
v -48.3827 -13.5000 238.0000
v -46.4205 -16.4366 238.0000
v -44.0919 -19.0919 238.0000
v -41.4366 -21.4205 238.0000
v -38.5000 -23.3827 238.0000
v -35.3325 -24.9447 238.0000
v -31.9881 -26.0800 238.0000
v -28.5242 -26.7690 238.0000
v -25.0000 -27.0000 238.0000
f 3773 3774 3824
f 3773 3824 3823
f 3774 3775 3825
f 3774 3825 3824
f 3775 3776 3826
f 3775 3826 3825
f 3776 3777 3827
f 3776 3827 3826
f 3777 3778 3828
f 3777 3828 3827
f 3778 3779 3829
f 3778 3829 3828
f 3779 3780 3830
f 3779 3830 3829
f 3780 3781 3831
f 3780 3831 3830
f 3781 3782 3832
f 3781 3832 3831
f 3782 3783 3833
f 3782 3833 3832
f 3783 3784 3834
f 3783 3834 3833
f 3784 3785 3835
f 3784 3835 3834
f 3785 3786 3836
f 3785 3836 3835
f 3786 3787 3837
f 3786 3837 3836
f 3787 3788 3838
f 3787 3838 3837
f 3788 3789 3839
f 3788 3839 3838
f 3789 3790 3840
f 3789 3840 3839
f 3790 3791 3841
f 3790 3841 3840
f 3791 3792 3842
f 3791 3842 3841
f 3792 3793 3843
f 3792 3843 3842
f 3793 3794 3844
f 3793 3844 3843
f 3794 3795 3845
f 3794 3845 3844
f 3795 3796 3846
f 3795 3846 3845
f 3796 3797 3847
f 3796 3847 3846
f 3797 3798 3848
f 3797 3848 3847
f 3798 3799 3849
f 3798 3849 3848
f 3799 3800 3850
f 3799 3850 3849
f 3800 3801 3851
f 3800 3851 3850
f 3801 3802 3852
f 3801 3852 3851
f 3802 3803 3853
f 3802 3853 3852
f 3803 3804 3854
f 3803 3854 3853
f 3804 3805 3855
f 3804 3855 3854
f 3805 3806 3856
f 3805 3856 3855
f 3806 3807 3857
f 3806 3857 3856
f 3807 3808 3858
f 3807 3858 3857
f 3808 3809 3859
f 3808 3859 3858
f 3809 3810 3860
f 3809 3860 3859
f 3810 3811 3861
f 3810 3861 3860
f 3811 3812 3862
f 3811 3862 3861
f 3812 3813 3863
f 3812 3863 3862
f 3813 3814 3864
f 3813 3864 3863
f 3814 3815 3865
f 3814 3865 3864
f 3815 3816 3866
f 3815 3866 3865
f 3816 3817 3867
f 3816 3867 3866
f 3817 3818 3868
f 3817 3868 3867
f 3818 3819 3869
f 3818 3869 3868
f 3819 3820 3870
f 3819 3870 3869
f 3820 3821 3871
f 3820 3871 3870
f 3821 3822 3872
f 3821 3872 3871
f 3822 3773 3823
f 3822 3823 3872
f 3873 3924 3874
f 3873 3923 3924
f 3773 3873 3874
f 3773 3874 3774
f 3823 3824 3924
f 3823 3924 3923
f 3874 3925 3875
f 3874 3924 3925
f 3774 3874 3875
f 3774 3875 3775
f 3824 3825 3925
f 3824 3925 3924
f 3875 3926 3876
f 3875 3925 3926
f 3775 3875 3876
f 3775 3876 3776
f 3825 3826 3926
f 3825 3926 3925
f 3876 3927 3877
f 3876 3926 3927
f 3776 3876 3877
f 3776 3877 3777
f 3826 3827 3927
f 3826 3927 3926
f 3877 3928 3878
f 3877 3927 3928
f 3777 3877 3878
f 3777 3878 3778
f 3827 3828 3928
f 3827 3928 3927
f 3878 3929 3879
f 3878 3928 3929
f 3778 3878 3879
f 3778 3879 3779
f 3828 3829 3929
f 3828 3929 3928
f 3879 3930 3880
f 3879 3929 3930
f 3779 3879 3880
f 3779 3880 3780
f 3829 3830 3930
f 3829 3930 3929
f 3880 3931 3881
f 3880 3930 3931
f 3780 3880 3881
f 3780 3881 3781
f 3830 3831 3931
f 3830 3931 3930
f 3881 3932 3882
f 3881 3931 3932
f 3781 3881 3882
f 3781 3882 3782
f 3831 3832 3932
f 3831 3932 3931
f 3882 3933 3883
f 3882 3932 3933
f 3782 3882 3883
f 3782 3883 3783
f 3832 3833 3933
f 3832 3933 3932
f 3883 3934 3884
f 3883 3933 3934
f 3783 3883 3884
f 3783 3884 3784
f 3833 3834 3934
f 3833 3934 3933
f 3884 3935 3885
f 3884 3934 3935
f 3784 3884 3885
f 3784 3885 3785
f 3834 3835 3935
f 3834 3935 3934
f 3885 3936 3886
f 3885 3935 3936
f 3785 3885 3886
f 3785 3886 3786
f 3835 3836 3936
f 3835 3936 3935
f 3886 3937 3887
f 3886 3936 3937
f 3786 3886 3887
f 3786 3887 3787
f 3836 3837 3937
f 3836 3937 3936
f 3887 3938 3888
f 3887 3937 3938
f 3787 3887 3888
f 3787 3888 3788
f 3837 3838 3938
f 3837 3938 3937
f 3888 3939 3889
f 3888 3938 3939
f 3788 3888 3889
f 3788 3889 3789
f 3838 3839 3939
f 3838 3939 3938
f 3889 3940 3890
f 3889 3939 3940
f 3789 3889 3890
f 3789 3890 3790
f 3839 3840 3940
f 3839 3940 3939
f 3890 3941 3891
f 3890 3940 3941
f 3790 3890 3891
f 3790 3891 3791
f 3840 3841 3941
f 3840 3941 3940
f 3891 3942 3892
f 3891 3941 3942
f 3791 3891 3892
f 3791 3892 3792
f 3841 3842 3942
f 3841 3942 3941
f 3892 3943 3893
f 3892 3942 3943
f 3792 3892 3893
f 3792 3893 3793
f 3842 3843 3943
f 3842 3943 3942
f 3893 3944 3894
f 3893 3943 3944
f 3793 3893 3894
f 3793 3894 3794
f 3843 3844 3944
f 3843 3944 3943
f 3894 3945 3895
f 3894 3944 3945
f 3794 3894 3895
f 3794 3895 3795
f 3844 3845 3945
f 3844 3945 3944
f 3895 3946 3896
f 3895 3945 3946
f 3795 3895 3896
f 3795 3896 3796
f 3845 3846 3946
f 3845 3946 3945
f 3896 3947 3897
f 3896 3946 3947
f 3796 3896 3897
f 3796 3897 3797
f 3846 3847 3947
f 3846 3947 3946
f 3897 3948 3898
f 3897 3947 3948
f 3797 3897 3898
f 3797 3898 3798
f 3847 3848 3948
f 3847 3948 3947
f 3898 3949 3899
f 3898 3948 3949
f 3798 3898 3899
f 3798 3899 3799
f 3848 3849 3949
f 3848 3949 3948
f 3899 3950 3900
f 3899 3949 3950
f 3799 3899 3900
f 3799 3900 3800
f 3849 3850 3950
f 3849 3950 3949
f 3900 3951 3901
f 3900 3950 3951
f 3800 3900 3901
f 3800 3901 3801
f 3850 3851 3951
f 3850 3951 3950
f 3901 3952 3902
f 3901 3951 3952
f 3801 3901 3902
f 3801 3902 3802
f 3851 3852 3952
f 3851 3952 3951
f 3902 3953 3903
f 3902 3952 3953
f 3802 3902 3903
f 3802 3903 3803
f 3852 3853 3953
f 3852 3953 3952
f 3903 3954 3904
f 3903 3953 3954
f 3803 3903 3904
f 3803 3904 3804
f 3853 3854 3954
f 3853 3954 3953
f 3904 3955 3905
f 3904 3954 3955
f 3804 3904 3905
f 3804 3905 3805
f 3854 3855 3955
f 3854 3955 3954
f 3905 3956 3906
f 3905 3955 3956
f 3805 3905 3906
f 3805 3906 3806
f 3855 3856 3956
f 3855 3956 3955
f 3906 3957 3907
f 3906 3956 3957
f 3806 3906 3907
f 3806 3907 3807
f 3856 3857 3957
f 3856 3957 3956
f 3907 3958 3908
f 3907 3957 3958
f 3807 3907 3908
f 3807 3908 3808
f 3857 3858 3958
f 3857 3958 3957
f 3908 3959 3909
f 3908 3958 3959
f 3808 3908 3909
f 3808 3909 3809
f 3858 3859 3959
f 3858 3959 3958
f 3909 3960 3910
f 3909 3959 3960
f 3809 3909 3910
f 3809 3910 3810
f 3859 3860 3960
f 3859 3960 3959
f 3910 3961 3911
f 3910 3960 3961
f 3810 3910 3911
f 3810 3911 3811
f 3860 3861 3961
f 3860 3961 3960
f 3911 3962 3912
f 3911 3961 3962
f 3811 3911 3912
f 3811 3912 3812
f 3861 3862 3962
f 3861 3962 3961
f 3912 3963 3913
f 3912 3962 3963
f 3812 3912 3913
f 3812 3913 3813
f 3862 3863 3963
f 3862 3963 3962
f 3913 3964 3914
f 3913 3963 3964
f 3813 3913 3914
f 3813 3914 3814
f 3863 3864 3964
f 3863 3964 3963
f 3914 3965 3915
f 3914 3964 3965
f 3814 3914 3915
f 3814 3915 3815
f 3864 3865 3965
f 3864 3965 3964
f 3915 3966 3916
f 3915 3965 3966
f 3815 3915 3916
f 3815 3916 3816
f 3865 3866 3966
f 3865 3966 3965
f 3916 3967 3917
f 3916 3966 3967
f 3816 3916 3917
f 3816 3917 3817
f 3866 3867 3967
f 3866 3967 3966
f 3917 3968 3918
f 3917 3967 3968
f 3817 3917 3918
f 3817 3918 3818
f 3867 3868 3968
f 3867 3968 3967
f 3918 3969 3919
f 3918 3968 3969
f 3818 3918 3919
f 3818 3919 3819
f 3868 3869 3969
f 3868 3969 3968
f 3919 3970 3920
f 3919 3969 3970
f 3819 3919 3920
f 3819 3920 3820
f 3869 3870 3970
f 3869 3970 3969
f 3920 3971 3921
f 3920 3970 3971
f 3820 3920 3921
f 3820 3921 3821
f 3870 3871 3971
f 3870 3971 3970
f 3921 3972 3922
f 3921 3971 3972
f 3821 3921 3922
f 3821 3922 3822
f 3871 3872 3972
f 3871 3972 3971
f 3922 3923 3873
f 3922 3972 3923
f 3822 3922 3873
f 3822 3873 3773
f 3872 3823 3923
f 3872 3923 3972
g insulation_sleeve
usemtl m_insulation_sleeve
v 25.0000 -32.5000 179.0000
v 29.2421 -32.2220 179.0000
v 33.4116 -31.3926 179.0000
v 37.4372 -30.0261 179.0000
v 41.2500 -28.1458 179.0000
v 44.7847 -25.7840 179.0000
v 47.9810 -22.9810 179.0000
v 50.7840 -19.7847 179.0000
v 53.1458 -16.2500 179.0000
v 55.0261 -12.4372 179.0000
v 56.3926 -8.4116 179.0000
v 57.2220 -4.2421 179.0000
v 57.5000 0.0000 179.0000
v 57.2220 4.2421 179.0000
v 56.3926 8.4116 179.0000
v 55.0261 12.4372 179.0000
v 53.1458 16.2500 179.0000
v 50.7840 19.7847 179.0000
v 47.9810 22.9810 179.0000
v 44.7847 25.7840 179.0000
v 41.2500 28.1458 179.0000
v 37.4372 30.0261 179.0000
v 33.4116 31.3926 179.0000
v 29.2421 32.2220 179.0000
v 25.0000 32.5000 179.0000
v -25.0000 32.5000 179.0000
v -29.2421 32.2220 179.0000
v -33.4116 31.3926 179.0000
v -37.4372 30.0261 179.0000
v -41.2500 28.1458 179.0000
v -44.7847 25.7840 179.0000
v -47.9810 22.9810 179.0000
v -50.7840 19.7847 179.0000
v -53.1458 16.2500 179.0000
v -55.0261 12.4372 179.0000
v -56.3926 8.4116 179.0000
v -57.2220 4.2421 179.0000
v -57.5000 0.0000 179.0000
v -57.2220 -4.2421 179.0000
v -56.3926 -8.4116 179.0000
v -55.0261 -12.4372 179.0000
v -53.1458 -16.2500 179.0000
v -50.7840 -19.7847 179.0000
v -47.9810 -22.9810 179.0000
v -44.7847 -25.7840 179.0000
v -41.2500 -28.1458 179.0000
v -37.4372 -30.0261 179.0000
v -33.4116 -31.3926 179.0000
v -29.2421 -32.2220 179.0000
v -25.0000 -32.5000 179.0000
v 25.0000 -32.5000 238.0000
v 29.2421 -32.2220 238.0000
v 33.4116 -31.3926 238.0000
v 37.4372 -30.0261 238.0000
v 41.2500 -28.1458 238.0000
v 44.7847 -25.7840 238.0000
v 47.9810 -22.9810 238.0000
v 50.7840 -19.7847 238.0000
v 53.1458 -16.2500 238.0000
v 55.0261 -12.4372 238.0000
v 56.3926 -8.4116 238.0000
v 57.2220 -4.2421 238.0000
v 57.5000 0.0000 238.0000
v 57.2220 4.2421 238.0000
v 56.3926 8.4116 238.0000
v 55.0261 12.4372 238.0000
v 53.1458 16.2500 238.0000
v 50.7840 19.7847 238.0000
v 47.9810 22.9810 238.0000
v 44.7847 25.7840 238.0000
v 41.2500 28.1458 238.0000
v 37.4372 30.0261 238.0000
v 33.4116 31.3926 238.0000
v 29.2421 32.2220 238.0000
v 25.0000 32.5000 238.0000
v -25.0000 32.5000 238.0000
v -29.2421 32.2220 238.0000
v -33.4116 31.3926 238.0000
v -37.4372 30.0261 238.0000
v -41.2500 28.1458 238.0000
v -44.7847 25.7840 238.0000
v -47.9810 22.9810 238.0000
v -50.7840 19.7847 238.0000
v -53.1458 16.2500 238.0000
v -55.0261 12.4372 238.0000
v -56.3926 8.4116 238.0000
v -57.2220 4.2421 238.0000
v -57.5000 0.0000 238.0000
v -57.2220 -4.2421 238.0000
v -56.3926 -8.4116 238.0000
v -55.0261 -12.4372 238.0000
v -53.1458 -16.2500 238.0000
v -50.7840 -19.7847 238.0000
v -47.9810 -22.9810 238.0000
v -44.7847 -25.7840 238.0000
v -41.2500 -28.1458 238.0000
v -37.4372 -30.0261 238.0000
v -33.4116 -31.3926 238.0000
v -29.2421 -32.2220 238.0000
v -25.0000 -32.5000 238.0000
v 25.0000 -28.0000 179.0000
v 28.6547 -27.7605 179.0000
v 32.2469 -27.0459 179.0000
v 35.7151 -25.8686 179.0000
v 39.0000 -24.2487 179.0000
v 42.0453 -22.2139 179.0000
v 44.7990 -19.7990 179.0000
v 47.2139 -17.0453 179.0000
v 49.2487 -14.0000 179.0000
v 50.8686 -10.7151 179.0000
v 52.0459 -7.2469 179.0000
v 52.7605 -3.6547 179.0000
v 53.0000 0.0000 179.0000
v 52.7605 3.6547 179.0000
v 52.0459 7.2469 179.0000
v 50.8686 10.7151 179.0000
v 49.2487 14.0000 179.0000
v 47.2139 17.0453 179.0000
v 44.7990 19.7990 179.0000
v 42.0453 22.2139 179.0000
v 39.0000 24.2487 179.0000
v 35.7151 25.8686 179.0000
v 32.2469 27.0459 179.0000
v 28.6547 27.7605 179.0000
v 25.0000 28.0000 179.0000
v -25.0000 28.0000 179.0000
v -28.6547 27.7605 179.0000
v -32.2469 27.0459 179.0000
v -35.7151 25.8686 179.0000
v -39.0000 24.2487 179.0000
v -42.0453 22.2139 179.0000
v -44.7990 19.7990 179.0000
v -47.2139 17.0453 179.0000
v -49.2487 14.0000 179.0000
v -50.8686 10.7151 179.0000
v -52.0459 7.2469 179.0000
v -52.7605 3.6547 179.0000
v -53.0000 0.0000 179.0000
v -52.7605 -3.6547 179.0000
v -52.0459 -7.2469 179.0000
v -50.8686 -10.7151 179.0000
v -49.2487 -14.0000 179.0000
v -47.2139 -17.0453 179.0000
v -44.7990 -19.7990 179.0000
v -42.0453 -22.2139 179.0000
v -39.0000 -24.2487 179.0000
v -35.7151 -25.8686 179.0000
v -32.2469 -27.0459 179.0000
v -28.6547 -27.7605 179.0000
v -25.0000 -28.0000 179.0000
v 25.0000 -28.0000 238.0000
v 28.6547 -27.7605 238.0000
v 32.2469 -27.0459 238.0000
v 35.7151 -25.8686 238.0000
v 39.0000 -24.2487 238.0000
v 42.0453 -22.2139 238.0000
v 44.7990 -19.7990 238.0000
v 47.2139 -17.0453 238.0000
v 49.2487 -14.0000 238.0000
v 50.8686 -10.7151 238.0000
v 52.0459 -7.2469 238.0000
v 52.7605 -3.6547 238.0000
v 53.0000 0.0000 238.0000
v 52.7605 3.6547 238.0000
v 52.0459 7.2469 238.0000
v 50.8686 10.7151 238.0000
v 49.2487 14.0000 238.0000
v 47.2139 17.0453 238.0000
v 44.7990 19.7990 238.0000
v 42.0453 22.2139 238.0000
v 39.0000 24.2487 238.0000
v 35.7151 25.8686 238.0000
v 32.2469 27.0459 238.0000
v 28.6547 27.7605 238.0000
v 25.0000 28.0000 238.0000
v -25.0000 28.0000 238.0000
v -28.6547 27.7605 238.0000
v -32.2469 27.0459 238.0000
v -35.7151 25.8686 238.0000
v -39.0000 24.2487 238.0000
v -42.0453 22.2139 238.0000
v -44.7990 19.7990 238.0000
v -47.2139 17.0453 238.0000
v -49.2487 14.0000 238.0000
v -50.8686 10.7151 238.0000
v -52.0459 7.2469 238.0000
v -52.7605 3.6547 238.0000
v -53.0000 0.0000 238.0000
v -52.7605 -3.6547 238.0000
v -52.0459 -7.2469 238.0000
v -50.8686 -10.7151 238.0000
v -49.2487 -14.0000 238.0000
v -47.2139 -17.0453 238.0000
v -44.7990 -19.7990 238.0000
v -42.0453 -22.2139 238.0000
v -39.0000 -24.2487 238.0000
v -35.7151 -25.8686 238.0000
v -32.2469 -27.0459 238.0000
v -28.6547 -27.7605 238.0000
v -25.0000 -28.0000 238.0000
f 3973 3974 4024
f 3973 4024 4023
f 3974 3975 4025
f 3974 4025 4024
f 3975 3976 4026
f 3975 4026 4025
f 3976 3977 4027
f 3976 4027 4026
f 3977 3978 4028
f 3977 4028 4027
f 3978 3979 4029
f 3978 4029 4028
f 3979 3980 4030
f 3979 4030 4029
f 3980 3981 4031
f 3980 4031 4030
f 3981 3982 4032
f 3981 4032 4031
f 3982 3983 4033
f 3982 4033 4032
f 3983 3984 4034
f 3983 4034 4033
f 3984 3985 4035
f 3984 4035 4034
f 3985 3986 4036
f 3985 4036 4035
f 3986 3987 4037
f 3986 4037 4036
f 3987 3988 4038
f 3987 4038 4037
f 3988 3989 4039
f 3988 4039 4038
f 3989 3990 4040
f 3989 4040 4039
f 3990 3991 4041
f 3990 4041 4040
f 3991 3992 4042
f 3991 4042 4041
f 3992 3993 4043
f 3992 4043 4042
f 3993 3994 4044
f 3993 4044 4043
f 3994 3995 4045
f 3994 4045 4044
f 3995 3996 4046
f 3995 4046 4045
f 3996 3997 4047
f 3996 4047 4046
f 3997 3998 4048
f 3997 4048 4047
f 3998 3999 4049
f 3998 4049 4048
f 3999 4000 4050
f 3999 4050 4049
f 4000 4001 4051
f 4000 4051 4050
f 4001 4002 4052
f 4001 4052 4051
f 4002 4003 4053
f 4002 4053 4052
f 4003 4004 4054
f 4003 4054 4053
f 4004 4005 4055
f 4004 4055 4054
f 4005 4006 4056
f 4005 4056 4055
f 4006 4007 4057
f 4006 4057 4056
f 4007 4008 4058
f 4007 4058 4057
f 4008 4009 4059
f 4008 4059 4058
f 4009 4010 4060
f 4009 4060 4059
f 4010 4011 4061
f 4010 4061 4060
f 4011 4012 4062
f 4011 4062 4061
f 4012 4013 4063
f 4012 4063 4062
f 4013 4014 4064
f 4013 4064 4063
f 4014 4015 4065
f 4014 4065 4064
f 4015 4016 4066
f 4015 4066 4065
f 4016 4017 4067
f 4016 4067 4066
f 4017 4018 4068
f 4017 4068 4067
f 4018 4019 4069
f 4018 4069 4068
f 4019 4020 4070
f 4019 4070 4069
f 4020 4021 4071
f 4020 4071 4070
f 4021 4022 4072
f 4021 4072 4071
f 4022 3973 4023
f 4022 4023 4072
f 4073 4124 4074
f 4073 4123 4124
f 3973 4073 4074
f 3973 4074 3974
f 4023 4024 4124
f 4023 4124 4123
f 4074 4125 4075
f 4074 4124 4125
f 3974 4074 4075
f 3974 4075 3975
f 4024 4025 4125
f 4024 4125 4124
f 4075 4126 4076
f 4075 4125 4126
f 3975 4075 4076
f 3975 4076 3976
f 4025 4026 4126
f 4025 4126 4125
f 4076 4127 4077
f 4076 4126 4127
f 3976 4076 4077
f 3976 4077 3977
f 4026 4027 4127
f 4026 4127 4126
f 4077 4128 4078
f 4077 4127 4128
f 3977 4077 4078
f 3977 4078 3978
f 4027 4028 4128
f 4027 4128 4127
f 4078 4129 4079
f 4078 4128 4129
f 3978 4078 4079
f 3978 4079 3979
f 4028 4029 4129
f 4028 4129 4128
f 4079 4130 4080
f 4079 4129 4130
f 3979 4079 4080
f 3979 4080 3980
f 4029 4030 4130
f 4029 4130 4129
f 4080 4131 4081
f 4080 4130 4131
f 3980 4080 4081
f 3980 4081 3981
f 4030 4031 4131
f 4030 4131 4130
f 4081 4132 4082
f 4081 4131 4132
f 3981 4081 4082
f 3981 4082 3982
f 4031 4032 4132
f 4031 4132 4131
f 4082 4133 4083
f 4082 4132 4133
f 3982 4082 4083
f 3982 4083 3983
f 4032 4033 4133
f 4032 4133 4132
f 4083 4134 4084
f 4083 4133 4134
f 3983 4083 4084
f 3983 4084 3984
f 4033 4034 4134
f 4033 4134 4133
f 4084 4135 4085
f 4084 4134 4135
f 3984 4084 4085
f 3984 4085 3985
f 4034 4035 4135
f 4034 4135 4134
f 4085 4136 4086
f 4085 4135 4136
f 3985 4085 4086
f 3985 4086 3986
f 4035 4036 4136
f 4035 4136 4135
f 4086 4137 4087
f 4086 4136 4137
f 3986 4086 4087
f 3986 4087 3987
f 4036 4037 4137
f 4036 4137 4136
f 4087 4138 4088
f 4087 4137 4138
f 3987 4087 4088
f 3987 4088 3988
f 4037 4038 4138
f 4037 4138 4137
f 4088 4139 4089
f 4088 4138 4139
f 3988 4088 4089
f 3988 4089 3989
f 4038 4039 4139
f 4038 4139 4138
f 4089 4140 4090
f 4089 4139 4140
f 3989 4089 4090
f 3989 4090 3990
f 4039 4040 4140
f 4039 4140 4139
f 4090 4141 4091
f 4090 4140 4141
f 3990 4090 4091
f 3990 4091 3991
f 4040 4041 4141
f 4040 4141 4140
f 4091 4142 4092
f 4091 4141 4142
f 3991 4091 4092
f 3991 4092 3992
f 4041 4042 4142
f 4041 4142 4141
f 4092 4143 4093
f 4092 4142 4143
f 3992 4092 4093
f 3992 4093 3993
f 4042 4043 4143
f 4042 4143 4142
f 4093 4144 4094
f 4093 4143 4144
f 3993 4093 4094
f 3993 4094 3994
f 4043 4044 4144
f 4043 4144 4143
f 4094 4145 4095
f 4094 4144 4145
f 3994 4094 4095
f 3994 4095 3995
f 4044 4045 4145
f 4044 4145 4144
f 4095 4146 4096
f 4095 4145 4146
f 3995 4095 4096
f 3995 4096 3996
f 4045 4046 4146
f 4045 4146 4145
f 4096 4147 4097
f 4096 4146 4147
f 3996 4096 4097
f 3996 4097 3997
f 4046 4047 4147
f 4046 4147 4146
f 4097 4148 4098
f 4097 4147 4148
f 3997 4097 4098
f 3997 4098 3998
f 4047 4048 4148
f 4047 4148 4147
f 4098 4149 4099
f 4098 4148 4149
f 3998 4098 4099
f 3998 4099 3999
f 4048 4049 4149
f 4048 4149 4148
f 4099 4150 4100
f 4099 4149 4150
f 3999 4099 4100
f 3999 4100 4000
f 4049 4050 4150
f 4049 4150 4149
f 4100 4151 4101
f 4100 4150 4151
f 4000 4100 4101
f 4000 4101 4001
f 4050 4051 4151
f 4050 4151 4150
f 4101 4152 4102
f 4101 4151 4152
f 4001 4101 4102
f 4001 4102 4002
f 4051 4052 4152
f 4051 4152 4151
f 4102 4153 4103
f 4102 4152 4153
f 4002 4102 4103
f 4002 4103 4003
f 4052 4053 4153
f 4052 4153 4152
f 4103 4154 4104
f 4103 4153 4154
f 4003 4103 4104
f 4003 4104 4004
f 4053 4054 4154
f 4053 4154 4153
f 4104 4155 4105
f 4104 4154 4155
f 4004 4104 4105
f 4004 4105 4005
f 4054 4055 4155
f 4054 4155 4154
f 4105 4156 4106
f 4105 4155 4156
f 4005 4105 4106
f 4005 4106 4006
f 4055 4056 4156
f 4055 4156 4155
f 4106 4157 4107
f 4106 4156 4157
f 4006 4106 4107
f 4006 4107 4007
f 4056 4057 4157
f 4056 4157 4156
f 4107 4158 4108
f 4107 4157 4158
f 4007 4107 4108
f 4007 4108 4008
f 4057 4058 4158
f 4057 4158 4157
f 4108 4159 4109
f 4108 4158 4159
f 4008 4108 4109
f 4008 4109 4009
f 4058 4059 4159
f 4058 4159 4158
f 4109 4160 4110
f 4109 4159 4160
f 4009 4109 4110
f 4009 4110 4010
f 4059 4060 4160
f 4059 4160 4159
f 4110 4161 4111
f 4110 4160 4161
f 4010 4110 4111
f 4010 4111 4011
f 4060 4061 4161
f 4060 4161 4160
f 4111 4162 4112
f 4111 4161 4162
f 4011 4111 4112
f 4011 4112 4012
f 4061 4062 4162
f 4061 4162 4161
f 4112 4163 4113
f 4112 4162 4163
f 4012 4112 4113
f 4012 4113 4013
f 4062 4063 4163
f 4062 4163 4162
f 4113 4164 4114
f 4113 4163 4164
f 4013 4113 4114
f 4013 4114 4014
f 4063 4064 4164
f 4063 4164 4163
f 4114 4165 4115
f 4114 4164 4165
f 4014 4114 4115
f 4014 4115 4015
f 4064 4065 4165
f 4064 4165 4164
f 4115 4166 4116
f 4115 4165 4166
f 4015 4115 4116
f 4015 4116 4016
f 4065 4066 4166
f 4065 4166 4165
f 4116 4167 4117
f 4116 4166 4167
f 4016 4116 4117
f 4016 4117 4017
f 4066 4067 4167
f 4066 4167 4166
f 4117 4168 4118
f 4117 4167 4168
f 4017 4117 4118
f 4017 4118 4018
f 4067 4068 4168
f 4067 4168 4167
f 4118 4169 4119
f 4118 4168 4169
f 4018 4118 4119
f 4018 4119 4019
f 4068 4069 4169
f 4068 4169 4168
f 4119 4170 4120
f 4119 4169 4170
f 4019 4119 4120
f 4019 4120 4020
f 4069 4070 4170
f 4069 4170 4169
f 4120 4171 4121
f 4120 4170 4171
f 4020 4120 4121
f 4020 4121 4021
f 4070 4071 4171
f 4070 4171 4170
f 4121 4172 4122
f 4121 4171 4172
f 4021 4121 4122
f 4021 4122 4022
f 4071 4072 4172
f 4071 4172 4171
f 4122 4123 4073
f 4122 4172 4123
f 4022 4122 4073
f 4022 4073 3973
f 4072 4023 4123
f 4072 4123 4172
g water
usemtl m_water
v 25.0000 -27.0000 179.0000
v 28.5242 -26.7690 179.0000
v 31.9881 -26.0800 179.0000
v 35.3325 -24.9447 179.0000
v 38.5000 -23.3827 179.0000
v 41.4366 -21.4205 179.0000
v 44.0919 -19.0919 179.0000
v 46.4205 -16.4366 179.0000
v 48.3827 -13.5000 179.0000
v 49.9447 -10.3325 179.0000
v 51.0800 -6.9881 179.0000
v 51.7690 -3.5242 179.0000
v 52.0000 0.0000 179.0000
v 51.7690 3.5242 179.0000
v 51.0800 6.9881 179.0000
v 49.9447 10.3325 179.0000
v 48.3827 13.5000 179.0000
v 46.4205 16.4366 179.0000
v 44.0919 19.0919 179.0000
v 41.4366 21.4205 179.0000
v 38.5000 23.3827 179.0000
v 35.3325 24.9447 179.0000
v 31.9881 26.0800 179.0000
v 28.5242 26.7690 179.0000
v 25.0000 27.0000 179.0000
v -25.0000 27.0000 179.0000
v -28.5242 26.7690 179.0000
v -31.9881 26.0800 179.0000
v -35.3325 24.9447 179.0000
v -38.5000 23.3827 179.0000
v -41.4366 21.4205 179.0000
v -44.0919 19.0919 179.0000
v -46.4205 16.4366 179.0000
v -48.3827 13.5000 179.0000
v -49.9447 10.3325 179.0000
v -51.0800 6.9881 179.0000
v -51.7690 3.5242 179.0000
v -52.0000 0.0000 179.0000
v -51.7690 -3.5242 179.0000
v -51.0800 -6.9881 179.0000
v -49.9447 -10.3325 179.0000
v -48.3827 -13.5000 179.0000
v -46.4205 -16.4366 179.0000
v -44.0919 -19.0919 179.0000
v -41.4366 -21.4205 179.0000
v -38.5000 -23.3827 179.0000
v -35.3325 -24.9447 179.0000
v -31.9881 -26.0800 179.0000
v -28.5242 -26.7690 179.0000
v -25.0000 -27.0000 179.0000
v 25.0000 -27.0000 235.0000
v 28.5242 -26.7690 235.0000
v 31.9881 -26.0800 235.0000
v 35.3325 -24.9447 235.0000
v 38.5000 -23.3827 235.0000
v 41.4366 -21.4205 235.0000
v 44.0919 -19.0919 235.0000
v 46.4205 -16.4366 235.0000
v 48.3827 -13.5000 235.0000
v 49.9447 -10.3325 235.0000
v 51.0800 -6.9881 235.0000
v 51.7690 -3.5242 235.0000
v 52.0000 0.0000 235.0000
v 51.7690 3.5242 235.0000
v 51.0800 6.9881 235.0000
v 49.9447 10.3325 235.0000
v 48.3827 13.5000 235.0000
v 46.4205 16.4366 235.0000
v 44.0919 19.0919 235.0000
v 41.4366 21.4205 235.0000
v 38.5000 23.3827 235.0000
v 35.3325 24.9447 235.0000
v 31.9881 26.0800 235.0000
v 28.5242 26.7690 235.0000
v 25.0000 27.0000 235.0000
v -25.0000 27.0000 235.0000
v -28.5242 26.7690 235.0000
v -31.9881 26.0800 235.0000
v -35.3325 24.9447 235.0000
v -38.5000 23.3827 235.0000
v -41.4366 21.4205 235.0000
v -44.0919 19.0919 235.0000
v -46.4205 16.4366 235.0000
v -48.3827 13.5000 235.0000
v -49.9447 10.3325 235.0000
v -51.0800 6.9881 235.0000
v -51.7690 3.5242 235.0000
v -52.0000 0.0000 235.0000
v -51.7690 -3.5242 235.0000
v -51.0800 -6.9881 235.0000
v -49.9447 -10.3325 235.0000
v -48.3827 -13.5000 235.0000
v -46.4205 -16.4366 235.0000
v -44.0919 -19.0919 235.0000
v -41.4366 -21.4205 235.0000
v -38.5000 -23.3827 235.0000
v -35.3325 -24.9447 235.0000
v -31.9881 -26.0800 235.0000
v -28.5242 -26.7690 235.0000
v -25.0000 -27.0000 235.0000
v 0.0000 0.0000 179.0000
v 0.0000 0.0000 235.0000
f 4173 4174 4224
f 4173 4224 4223
f 4174 4175 4225
f 4174 4225 4224
f 4175 4176 4226
f 4175 4226 4225
f 4176 4177 4227
f 4176 4227 4226
f 4177 4178 4228
f 4177 4228 4227
f 4178 4179 4229
f 4178 4229 4228
f 4179 4180 4230
f 4179 4230 4229
f 4180 4181 4231
f 4180 4231 4230
f 4181 4182 4232
f 4181 4232 4231
f 4182 4183 4233
f 4182 4233 4232
f 4183 4184 4234
f 4183 4234 4233
f 4184 4185 4235
f 4184 4235 4234
f 4185 4186 4236
f 4185 4236 4235
f 4186 4187 4237
f 4186 4237 4236
f 4187 4188 4238
f 4187 4238 4237
f 4188 4189 4239
f 4188 4239 4238
f 4189 4190 4240
f 4189 4240 4239
f 4190 4191 4241
f 4190 4241 4240
f 4191 4192 4242
f 4191 4242 4241
f 4192 4193 4243
f 4192 4243 4242
f 4193 4194 4244
f 4193 4244 4243
f 4194 4195 4245
f 4194 4245 4244
f 4195 4196 4246
f 4195 4246 4245
f 4196 4197 4247
f 4196 4247 4246
f 4197 4198 4248
f 4197 4248 4247
f 4198 4199 4249
f 4198 4249 4248
f 4199 4200 4250
f 4199 4250 4249
f 4200 4201 4251
f 4200 4251 4250
f 4201 4202 4252
f 4201 4252 4251
f 4202 4203 4253
f 4202 4253 4252
f 4203 4204 4254
f 4203 4254 4253
f 4204 4205 4255
f 4204 4255 4254
f 4205 4206 4256
f 4205 4256 4255
f 4206 4207 4257
f 4206 4257 4256
f 4207 4208 4258
f 4207 4258 4257
f 4208 4209 4259
f 4208 4259 4258
f 4209 4210 4260
f 4209 4260 4259
f 4210 4211 4261
f 4210 4261 4260
f 4211 4212 4262
f 4211 4262 4261
f 4212 4213 4263
f 4212 4263 4262
f 4213 4214 4264
f 4213 4264 4263
f 4214 4215 4265
f 4214 4265 4264
f 4215 4216 4266
f 4215 4266 4265
f 4216 4217 4267
f 4216 4267 4266
f 4217 4218 4268
f 4217 4268 4267
f 4218 4219 4269
f 4218 4269 4268
f 4219 4220 4270
f 4219 4270 4269
f 4220 4221 4271
f 4220 4271 4270
f 4221 4222 4272
f 4221 4272 4271
f 4222 4173 4223
f 4222 4223 4272
f 4273 4174 4173
f 4274 4223 4224
f 4273 4175 4174
f 4274 4224 4225
f 4273 4176 4175
f 4274 4225 4226
f 4273 4177 4176
f 4274 4226 4227
f 4273 4178 4177
f 4274 4227 4228
f 4273 4179 4178
f 4274 4228 4229
f 4273 4180 4179
f 4274 4229 4230
f 4273 4181 4180
f 4274 4230 4231
f 4273 4182 4181
f 4274 4231 4232
f 4273 4183 4182
f 4274 4232 4233
f 4273 4184 4183
f 4274 4233 4234
f 4273 4185 4184
f 4274 4234 4235
f 4273 4186 4185
f 4274 4235 4236
f 4273 4187 4186
f 4274 4236 4237
f 4273 4188 4187
f 4274 4237 4238
f 4273 4189 4188
f 4274 4238 4239
f 4273 4190 4189
f 4274 4239 4240
f 4273 4191 4190
f 4274 4240 4241
f 4273 4192 4191
f 4274 4241 4242
f 4273 4193 4192
f 4274 4242 4243
f 4273 4194 4193
f 4274 4243 4244
f 4273 4195 4194
f 4274 4244 4245
f 4273 4196 4195
f 4274 4245 4246
f 4273 4197 4196
f 4274 4246 4247
f 4273 4198 4197
f 4274 4247 4248
f 4273 4199 4198
f 4274 4248 4249
f 4273 4200 4199
f 4274 4249 4250
f 4273 4201 4200
f 4274 4250 4251
f 4273 4202 4201
f 4274 4251 4252
f 4273 4203 4202
f 4274 4252 4253
f 4273 4204 4203
f 4274 4253 4254
f 4273 4205 4204
f 4274 4254 4255
f 4273 4206 4205
f 4274 4255 4256
f 4273 4207 4206
f 4274 4256 4257
f 4273 4208 4207
f 4274 4257 4258
f 4273 4209 4208
f 4274 4258 4259
f 4273 4210 4209
f 4274 4259 4260
f 4273 4211 4210
f 4274 4260 4261
f 4273 4212 4211
f 4274 4261 4262
f 4273 4213 4212
f 4274 4262 4263
f 4273 4214 4213
f 4274 4263 4264
f 4273 4215 4214
f 4274 4264 4265
f 4273 4216 4215
f 4274 4265 4266
f 4273 4217 4216
f 4274 4266 4267
f 4273 4218 4217
f 4274 4267 4268
f 4273 4219 4218
f 4274 4268 4269
f 4273 4220 4219
f 4274 4269 4270
f 4273 4221 4220
f 4274 4270 4271
f 4273 4222 4221
f 4274 4271 4272
f 4273 4173 4222
f 4274 4272 4223
g oled_1_5in
usemtl m_oled_1_5in
v -30.0000 -19.0000 250.0000
v 8.0000 -19.0000 250.0000
v 8.0000 19.0000 250.0000
v -30.0000 19.0000 250.0000
v -30.0000 -19.0000 253.2000
v 8.0000 -19.0000 253.2000
v 8.0000 19.0000 253.2000
v -30.0000 19.0000 253.2000
f 4275 4277 4276
f 4275 4278 4277
f 4279 4280 4281
f 4279 4281 4282
f 4275 4276 4280
f 4275 4280 4279
f 4276 4277 4281
f 4276 4281 4280
f 4277 4278 4282
f 4277 4282 4281
f 4278 4275 4279
f 4278 4279 4282
g oled_screen
usemtl m_oled_screen
v -27.0000 -16.0000 253.2000
v 5.0000 -16.0000 253.2000
v 5.0000 16.0000 253.2000
v -27.0000 16.0000 253.2000
v -27.0000 -16.0000 253.4000
v 5.0000 -16.0000 253.4000
v 5.0000 16.0000 253.4000
v -27.0000 16.0000 253.4000
f 4283 4285 4284
f 4283 4286 4285
f 4287 4288 4289
f 4287 4289 4290
f 4283 4284 4288
f 4283 4288 4287
f 4284 4285 4289
f 4284 4289 4288
f 4285 4286 4290
f 4285 4290 4289
f 4286 4283 4287
f 4286 4287 4290
g oled_bezel_a
usemtl m_oled_bezel_a
v -33.0000 -22.0000 250.0000
v 11.0000 -22.0000 250.0000
v 11.0000 -19.0000 250.0000
v -33.0000 -19.0000 250.0000
v -33.0000 -22.0000 253.6000
v 11.0000 -22.0000 253.6000
v 11.0000 -19.0000 253.6000
v -33.0000 -19.0000 253.6000
f 4291 4293 4292
f 4291 4294 4293
f 4295 4296 4297
f 4295 4297 4298
f 4291 4292 4296
f 4291 4296 4295
f 4292 4293 4297
f 4292 4297 4296
f 4293 4294 4298
f 4293 4298 4297
f 4294 4291 4295
f 4294 4295 4298
g oled_bezel_b
usemtl m_oled_bezel_b
v -33.0000 19.0000 250.0000
v 11.0000 19.0000 250.0000
v 11.0000 22.0000 250.0000
v -33.0000 22.0000 250.0000
v -33.0000 19.0000 253.6000
v 11.0000 19.0000 253.6000
v 11.0000 22.0000 253.6000
v -33.0000 22.0000 253.6000
f 4299 4301 4300
f 4299 4302 4301
f 4303 4304 4305
f 4303 4305 4306
f 4299 4300 4304
f 4299 4304 4303
f 4300 4301 4305
f 4300 4305 4304
f 4301 4302 4306
f 4301 4306 4305
f 4302 4299 4303
f 4302 4303 4306
g oled_bezel_c
usemtl m_oled_bezel_c
v -33.0000 -19.0000 250.0000
v -30.0000 -19.0000 250.0000
v -30.0000 19.0000 250.0000
v -33.0000 19.0000 250.0000
v -33.0000 -19.0000 253.6000
v -30.0000 -19.0000 253.6000
v -30.0000 19.0000 253.6000
v -33.0000 19.0000 253.6000
f 4307 4309 4308
f 4307 4310 4309
f 4311 4312 4313
f 4311 4313 4314
f 4307 4308 4312
f 4307 4312 4311
f 4308 4309 4313
f 4308 4313 4312
f 4309 4310 4314
f 4309 4314 4313
f 4310 4307 4311
f 4310 4311 4314
g oled_bezel_d
usemtl m_oled_bezel_d
v 8.0000 -19.0000 250.0000
v 11.0000 -19.0000 250.0000
v 11.0000 19.0000 250.0000
v 8.0000 19.0000 250.0000
v 8.0000 -19.0000 253.6000
v 11.0000 -19.0000 253.6000
v 11.0000 19.0000 253.6000
v 8.0000 19.0000 253.6000
f 4315 4317 4316
f 4315 4318 4317
f 4319 4320 4321
f 4319 4321 4322
f 4315 4316 4320
f 4315 4320 4319
f 4316 4317 4321
f 4316 4321 4320
f 4317 4318 4322
f 4317 4322 4321
f 4318 4315 4319
f 4318 4319 4322
g button_1
usemtl m_button_1
v 23.4000 -9.0000 250.0000
v 23.3709 -8.5562 250.0000
v 23.2841 -8.1200 250.0000
v 23.1412 -7.6989 250.0000
v 22.9445 -7.3000 250.0000
v 22.6974 -6.9302 250.0000
v 22.4042 -6.5958 250.0000
v 22.0698 -6.3026 250.0000
v 21.7000 -6.0555 250.0000
v 21.3011 -5.8588 250.0000
v 20.8800 -5.7159 250.0000
v 20.4438 -5.6291 250.0000
v 20.0000 -5.6000 250.0000
v 19.5562 -5.6291 250.0000
v 19.1200 -5.7159 250.0000
v 18.6989 -5.8588 250.0000
v 18.3000 -6.0555 250.0000
v 17.9302 -6.3026 250.0000
v 17.5958 -6.5958 250.0000
v 17.3026 -6.9302 250.0000
v 17.0555 -7.3000 250.0000
v 16.8588 -7.6989 250.0000
v 16.7159 -8.1200 250.0000
v 16.6291 -8.5562 250.0000
v 16.6000 -9.0000 250.0000
v 16.6291 -9.4438 250.0000
v 16.7159 -9.8800 250.0000
v 16.8588 -10.3011 250.0000
v 17.0555 -10.7000 250.0000
v 17.3026 -11.0698 250.0000
v 17.5958 -11.4042 250.0000
v 17.9302 -11.6974 250.0000
v 18.3000 -11.9445 250.0000
v 18.6989 -12.1412 250.0000
v 19.1200 -12.2841 250.0000
v 19.5562 -12.3709 250.0000
v 20.0000 -12.4000 250.0000
v 20.4438 -12.3709 250.0000
v 20.8800 -12.2841 250.0000
v 21.3011 -12.1412 250.0000
v 21.7000 -11.9445 250.0000
v 22.0698 -11.6974 250.0000
v 22.4042 -11.4042 250.0000
v 22.6974 -11.0698 250.0000
v 22.9445 -10.7000 250.0000
v 23.1412 -10.3011 250.0000
v 23.2841 -9.8800 250.0000
v 23.3709 -9.4438 250.0000
v 23.4000 -9.0000 253.2000
v 23.3709 -8.5562 253.2000
v 23.2841 -8.1200 253.2000
v 23.1412 -7.6989 253.2000
v 22.9445 -7.3000 253.2000
v 22.6974 -6.9302 253.2000
v 22.4042 -6.5958 253.2000
v 22.0698 -6.3026 253.2000
v 21.7000 -6.0555 253.2000
v 21.3011 -5.8588 253.2000
v 20.8800 -5.7159 253.2000
v 20.4438 -5.6291 253.2000
v 20.0000 -5.6000 253.2000
v 19.5562 -5.6291 253.2000
v 19.1200 -5.7159 253.2000
v 18.6989 -5.8588 253.2000
v 18.3000 -6.0555 253.2000
v 17.9302 -6.3026 253.2000
v 17.5958 -6.5958 253.2000
v 17.3026 -6.9302 253.2000
v 17.0555 -7.3000 253.2000
v 16.8588 -7.6989 253.2000
v 16.7159 -8.1200 253.2000
v 16.6291 -8.5562 253.2000
v 16.6000 -9.0000 253.2000
v 16.6291 -9.4438 253.2000
v 16.7159 -9.8800 253.2000
v 16.8588 -10.3011 253.2000
v 17.0555 -10.7000 253.2000
v 17.3026 -11.0698 253.2000
v 17.5958 -11.4042 253.2000
v 17.9302 -11.6974 253.2000
v 18.3000 -11.9445 253.2000
v 18.6989 -12.1412 253.2000
v 19.1200 -12.2841 253.2000
v 19.5562 -12.3709 253.2000
v 20.0000 -12.4000 253.2000
v 20.4438 -12.3709 253.2000
v 20.8800 -12.2841 253.2000
v 21.3011 -12.1412 253.2000
v 21.7000 -11.9445 253.2000
v 22.0698 -11.6974 253.2000
v 22.4042 -11.4042 253.2000
v 22.6974 -11.0698 253.2000
v 22.9445 -10.7000 253.2000
v 23.1412 -10.3011 253.2000
v 23.2841 -9.8800 253.2000
v 23.3709 -9.4438 253.2000
v 20.0000 -9.0000 250.0000
v 20.0000 -9.0000 253.2000
f 4323 4324 4372
f 4323 4372 4371
f 4324 4325 4373
f 4324 4373 4372
f 4325 4326 4374
f 4325 4374 4373
f 4326 4327 4375
f 4326 4375 4374
f 4327 4328 4376
f 4327 4376 4375
f 4328 4329 4377
f 4328 4377 4376
f 4329 4330 4378
f 4329 4378 4377
f 4330 4331 4379
f 4330 4379 4378
f 4331 4332 4380
f 4331 4380 4379
f 4332 4333 4381
f 4332 4381 4380
f 4333 4334 4382
f 4333 4382 4381
f 4334 4335 4383
f 4334 4383 4382
f 4335 4336 4384
f 4335 4384 4383
f 4336 4337 4385
f 4336 4385 4384
f 4337 4338 4386
f 4337 4386 4385
f 4338 4339 4387
f 4338 4387 4386
f 4339 4340 4388
f 4339 4388 4387
f 4340 4341 4389
f 4340 4389 4388
f 4341 4342 4390
f 4341 4390 4389
f 4342 4343 4391
f 4342 4391 4390
f 4343 4344 4392
f 4343 4392 4391
f 4344 4345 4393
f 4344 4393 4392
f 4345 4346 4394
f 4345 4394 4393
f 4346 4347 4395
f 4346 4395 4394
f 4347 4348 4396
f 4347 4396 4395
f 4348 4349 4397
f 4348 4397 4396
f 4349 4350 4398
f 4349 4398 4397
f 4350 4351 4399
f 4350 4399 4398
f 4351 4352 4400
f 4351 4400 4399
f 4352 4353 4401
f 4352 4401 4400
f 4353 4354 4402
f 4353 4402 4401
f 4354 4355 4403
f 4354 4403 4402
f 4355 4356 4404
f 4355 4404 4403
f 4356 4357 4405
f 4356 4405 4404
f 4357 4358 4406
f 4357 4406 4405
f 4358 4359 4407
f 4358 4407 4406
f 4359 4360 4408
f 4359 4408 4407
f 4360 4361 4409
f 4360 4409 4408
f 4361 4362 4410
f 4361 4410 4409
f 4362 4363 4411
f 4362 4411 4410
f 4363 4364 4412
f 4363 4412 4411
f 4364 4365 4413
f 4364 4413 4412
f 4365 4366 4414
f 4365 4414 4413
f 4366 4367 4415
f 4366 4415 4414
f 4367 4368 4416
f 4367 4416 4415
f 4368 4369 4417
f 4368 4417 4416
f 4369 4370 4418
f 4369 4418 4417
f 4370 4323 4371
f 4370 4371 4418
f 4419 4324 4323
f 4420 4371 4372
f 4419 4325 4324
f 4420 4372 4373
f 4419 4326 4325
f 4420 4373 4374
f 4419 4327 4326
f 4420 4374 4375
f 4419 4328 4327
f 4420 4375 4376
f 4419 4329 4328
f 4420 4376 4377
f 4419 4330 4329
f 4420 4377 4378
f 4419 4331 4330
f 4420 4378 4379
f 4419 4332 4331
f 4420 4379 4380
f 4419 4333 4332
f 4420 4380 4381
f 4419 4334 4333
f 4420 4381 4382
f 4419 4335 4334
f 4420 4382 4383
f 4419 4336 4335
f 4420 4383 4384
f 4419 4337 4336
f 4420 4384 4385
f 4419 4338 4337
f 4420 4385 4386
f 4419 4339 4338
f 4420 4386 4387
f 4419 4340 4339
f 4420 4387 4388
f 4419 4341 4340
f 4420 4388 4389
f 4419 4342 4341
f 4420 4389 4390
f 4419 4343 4342
f 4420 4390 4391
f 4419 4344 4343
f 4420 4391 4392
f 4419 4345 4344
f 4420 4392 4393
f 4419 4346 4345
f 4420 4393 4394
f 4419 4347 4346
f 4420 4394 4395
f 4419 4348 4347
f 4420 4395 4396
f 4419 4349 4348
f 4420 4396 4397
f 4419 4350 4349
f 4420 4397 4398
f 4419 4351 4350
f 4420 4398 4399
f 4419 4352 4351
f 4420 4399 4400
f 4419 4353 4352
f 4420 4400 4401
f 4419 4354 4353
f 4420 4401 4402
f 4419 4355 4354
f 4420 4402 4403
f 4419 4356 4355
f 4420 4403 4404
f 4419 4357 4356
f 4420 4404 4405
f 4419 4358 4357
f 4420 4405 4406
f 4419 4359 4358
f 4420 4406 4407
f 4419 4360 4359
f 4420 4407 4408
f 4419 4361 4360
f 4420 4408 4409
f 4419 4362 4361
f 4420 4409 4410
f 4419 4363 4362
f 4420 4410 4411
f 4419 4364 4363
f 4420 4411 4412
f 4419 4365 4364
f 4420 4412 4413
f 4419 4366 4365
f 4420 4413 4414
f 4419 4367 4366
f 4420 4414 4415
f 4419 4368 4367
f 4420 4415 4416
f 4419 4369 4368
f 4420 4416 4417
f 4419 4370 4369
f 4420 4417 4418
f 4419 4323 4370
f 4420 4418 4371
g button_2
usemtl m_button_2
v 23.4000 9.0000 250.0000
v 23.3709 9.4438 250.0000
v 23.2841 9.8800 250.0000
v 23.1412 10.3011 250.0000
v 22.9445 10.7000 250.0000
v 22.6974 11.0698 250.0000
v 22.4042 11.4042 250.0000
v 22.0698 11.6974 250.0000
v 21.7000 11.9445 250.0000
v 21.3011 12.1412 250.0000
v 20.8800 12.2841 250.0000
v 20.4438 12.3709 250.0000
v 20.0000 12.4000 250.0000
v 19.5562 12.3709 250.0000
v 19.1200 12.2841 250.0000
v 18.6989 12.1412 250.0000
v 18.3000 11.9445 250.0000
v 17.9302 11.6974 250.0000
v 17.5958 11.4042 250.0000
v 17.3026 11.0698 250.0000
v 17.0555 10.7000 250.0000
v 16.8588 10.3011 250.0000
v 16.7159 9.8800 250.0000
v 16.6291 9.4438 250.0000
v 16.6000 9.0000 250.0000
v 16.6291 8.5562 250.0000
v 16.7159 8.1200 250.0000
v 16.8588 7.6989 250.0000
v 17.0555 7.3000 250.0000
v 17.3026 6.9302 250.0000
v 17.5958 6.5958 250.0000
v 17.9302 6.3026 250.0000
v 18.3000 6.0555 250.0000
v 18.6989 5.8588 250.0000
v 19.1200 5.7159 250.0000
v 19.5562 5.6291 250.0000
v 20.0000 5.6000 250.0000
v 20.4438 5.6291 250.0000
v 20.8800 5.7159 250.0000
v 21.3011 5.8588 250.0000
v 21.7000 6.0555 250.0000
v 22.0698 6.3026 250.0000
v 22.4042 6.5958 250.0000
v 22.6974 6.9302 250.0000
v 22.9445 7.3000 250.0000
v 23.1412 7.6989 250.0000
v 23.2841 8.1200 250.0000
v 23.3709 8.5562 250.0000
v 23.4000 9.0000 253.2000
v 23.3709 9.4438 253.2000
v 23.2841 9.8800 253.2000
v 23.1412 10.3011 253.2000
v 22.9445 10.7000 253.2000
v 22.6974 11.0698 253.2000
v 22.4042 11.4042 253.2000
v 22.0698 11.6974 253.2000
v 21.7000 11.9445 253.2000
v 21.3011 12.1412 253.2000
v 20.8800 12.2841 253.2000
v 20.4438 12.3709 253.2000
v 20.0000 12.4000 253.2000
v 19.5562 12.3709 253.2000
v 19.1200 12.2841 253.2000
v 18.6989 12.1412 253.2000
v 18.3000 11.9445 253.2000
v 17.9302 11.6974 253.2000
v 17.5958 11.4042 253.2000
v 17.3026 11.0698 253.2000
v 17.0555 10.7000 253.2000
v 16.8588 10.3011 253.2000
v 16.7159 9.8800 253.2000
v 16.6291 9.4438 253.2000
v 16.6000 9.0000 253.2000
v 16.6291 8.5562 253.2000
v 16.7159 8.1200 253.2000
v 16.8588 7.6989 253.2000
v 17.0555 7.3000 253.2000
v 17.3026 6.9302 253.2000
v 17.5958 6.5958 253.2000
v 17.9302 6.3026 253.2000
v 18.3000 6.0555 253.2000
v 18.6989 5.8588 253.2000
v 19.1200 5.7159 253.2000
v 19.5562 5.6291 253.2000
v 20.0000 5.6000 253.2000
v 20.4438 5.6291 253.2000
v 20.8800 5.7159 253.2000
v 21.3011 5.8588 253.2000
v 21.7000 6.0555 253.2000
v 22.0698 6.3026 253.2000
v 22.4042 6.5958 253.2000
v 22.6974 6.9302 253.2000
v 22.9445 7.3000 253.2000
v 23.1412 7.6989 253.2000
v 23.2841 8.1200 253.2000
v 23.3709 8.5562 253.2000
v 20.0000 9.0000 250.0000
v 20.0000 9.0000 253.2000
f 4421 4422 4470
f 4421 4470 4469
f 4422 4423 4471
f 4422 4471 4470
f 4423 4424 4472
f 4423 4472 4471
f 4424 4425 4473
f 4424 4473 4472
f 4425 4426 4474
f 4425 4474 4473
f 4426 4427 4475
f 4426 4475 4474
f 4427 4428 4476
f 4427 4476 4475
f 4428 4429 4477
f 4428 4477 4476
f 4429 4430 4478
f 4429 4478 4477
f 4430 4431 4479
f 4430 4479 4478
f 4431 4432 4480
f 4431 4480 4479
f 4432 4433 4481
f 4432 4481 4480
f 4433 4434 4482
f 4433 4482 4481
f 4434 4435 4483
f 4434 4483 4482
f 4435 4436 4484
f 4435 4484 4483
f 4436 4437 4485
f 4436 4485 4484
f 4437 4438 4486
f 4437 4486 4485
f 4438 4439 4487
f 4438 4487 4486
f 4439 4440 4488
f 4439 4488 4487
f 4440 4441 4489
f 4440 4489 4488
f 4441 4442 4490
f 4441 4490 4489
f 4442 4443 4491
f 4442 4491 4490
f 4443 4444 4492
f 4443 4492 4491
f 4444 4445 4493
f 4444 4493 4492
f 4445 4446 4494
f 4445 4494 4493
f 4446 4447 4495
f 4446 4495 4494
f 4447 4448 4496
f 4447 4496 4495
f 4448 4449 4497
f 4448 4497 4496
f 4449 4450 4498
f 4449 4498 4497
f 4450 4451 4499
f 4450 4499 4498
f 4451 4452 4500
f 4451 4500 4499
f 4452 4453 4501
f 4452 4501 4500
f 4453 4454 4502
f 4453 4502 4501
f 4454 4455 4503
f 4454 4503 4502
f 4455 4456 4504
f 4455 4504 4503
f 4456 4457 4505
f 4456 4505 4504
f 4457 4458 4506
f 4457 4506 4505
f 4458 4459 4507
f 4458 4507 4506
f 4459 4460 4508
f 4459 4508 4507
f 4460 4461 4509
f 4460 4509 4508
f 4461 4462 4510
f 4461 4510 4509
f 4462 4463 4511
f 4462 4511 4510
f 4463 4464 4512
f 4463 4512 4511
f 4464 4465 4513
f 4464 4513 4512
f 4465 4466 4514
f 4465 4514 4513
f 4466 4467 4515
f 4466 4515 4514
f 4467 4468 4516
f 4467 4516 4515
f 4468 4421 4469
f 4468 4469 4516
f 4517 4422 4421
f 4518 4469 4470
f 4517 4423 4422
f 4518 4470 4471
f 4517 4424 4423
f 4518 4471 4472
f 4517 4425 4424
f 4518 4472 4473
f 4517 4426 4425
f 4518 4473 4474
f 4517 4427 4426
f 4518 4474 4475
f 4517 4428 4427
f 4518 4475 4476
f 4517 4429 4428
f 4518 4476 4477
f 4517 4430 4429
f 4518 4477 4478
f 4517 4431 4430
f 4518 4478 4479
f 4517 4432 4431
f 4518 4479 4480
f 4517 4433 4432
f 4518 4480 4481
f 4517 4434 4433
f 4518 4481 4482
f 4517 4435 4434
f 4518 4482 4483
f 4517 4436 4435
f 4518 4483 4484
f 4517 4437 4436
f 4518 4484 4485
f 4517 4438 4437
f 4518 4485 4486
f 4517 4439 4438
f 4518 4486 4487
f 4517 4440 4439
f 4518 4487 4488
f 4517 4441 4440
f 4518 4488 4489
f 4517 4442 4441
f 4518 4489 4490
f 4517 4443 4442
f 4518 4490 4491
f 4517 4444 4443
f 4518 4491 4492
f 4517 4445 4444
f 4518 4492 4493
f 4517 4446 4445
f 4518 4493 4494
f 4517 4447 4446
f 4518 4494 4495
f 4517 4448 4447
f 4518 4495 4496
f 4517 4449 4448
f 4518 4496 4497
f 4517 4450 4449
f 4518 4497 4498
f 4517 4451 4450
f 4518 4498 4499
f 4517 4452 4451
f 4518 4499 4500
f 4517 4453 4452
f 4518 4500 4501
f 4517 4454 4453
f 4518 4501 4502
f 4517 4455 4454
f 4518 4502 4503
f 4517 4456 4455
f 4518 4503 4504
f 4517 4457 4456
f 4518 4504 4505
f 4517 4458 4457
f 4518 4505 4506
f 4517 4459 4458
f 4518 4506 4507
f 4517 4460 4459
f 4518 4507 4508
f 4517 4461 4460
f 4518 4508 4509
f 4517 4462 4461
f 4518 4509 4510
f 4517 4463 4462
f 4518 4510 4511
f 4517 4464 4463
f 4518 4511 4512
f 4517 4465 4464
f 4518 4512 4513
f 4517 4466 4465
f 4518 4513 4514
f 4517 4467 4466
f 4518 4514 4515
f 4517 4468 4467
f 4518 4515 4516
f 4517 4421 4468
f 4518 4516 4469
g loop_01
usemtl m_loop_01
v 38.0000 14.0642 252.7606
v 50.0000 14.0642 252.7606
v 50.0000 14.6877 248.0246
v 38.0000 14.6877 248.0246
v 38.0000 17.0385 253.1522
v 50.0000 17.0385 253.1522
v 50.0000 17.6620 248.4162
v 38.0000 17.6620 248.4162
f 4519 4521 4520
f 4519 4522 4521
f 4523 4524 4525
f 4523 4525 4526
f 4519 4520 4524
f 4519 4524 4523
f 4520 4521 4525
f 4520 4525 4524
f 4521 4522 4526
f 4521 4526 4525
f 4522 4519 4523
f 4522 4523 4526
g loop_02
usemtl m_loop_02
v 38.0000 12.4822 256.2555
v 50.0000 12.4822 256.2555
v 50.0000 14.3103 251.8423
v 38.0000 14.3103 251.8423
v 38.0000 15.2539 257.4036
v 50.0000 15.2539 257.4036
v 50.0000 17.0819 252.9903
v 38.0000 17.0819 252.9903
f 4527 4529 4528
f 4527 4530 4529
f 4531 4532 4533
f 4531 4533 4534
f 4527 4528 4532
f 4527 4532 4531
f 4528 4529 4533
f 4528 4533 4532
f 4529 4530 4534
f 4529 4534 4533
f 4530 4527 4531
f 4530 4531 4534
g loop_03
usemtl m_loop_03
v 38.0000 10.0496 259.2219
v 50.0000 10.0496 259.2219
v 50.0000 12.9576 255.4322
v 38.0000 12.9576 255.4322
v 38.0000 12.4297 261.0482
v 50.0000 12.4297 261.0482
v 50.0000 15.3377 257.2585
v 38.0000 15.3377 257.2585
f 4535 4537 4536
f 4535 4538 4537
f 4539 4540 4541
f 4539 4541 4542
f 4535 4536 4540
f 4535 4540 4539
f 4536 4537 4541
f 4536 4541 4540
f 4537 4538 4542
f 4537 4542 4541
f 4538 4535 4539
f 4538 4539 4542
g loop_04
usemtl m_loop_04
v 38.0000 6.9322 261.4576
v 50.0000 6.9322 261.4576
v 50.0000 10.7219 258.5496
v 38.0000 10.7219 258.5496
v 38.0000 8.7585 263.8377
v 50.0000 8.7585 263.8377
v 50.0000 12.5482 260.9297
v 38.0000 12.5482 260.9297
f 4543 4545 4544
f 4543 4546 4545
f 4547 4548 4549
f 4547 4549 4550
f 4543 4544 4548
f 4543 4548 4547
f 4544 4545 4549
f 4544 4549 4548
f 4545 4546 4550
f 4545 4550 4549
f 4546 4543 4547
f 4546 4547 4550
g loop_05
usemtl m_loop_05
v 38.0000 3.3423 262.8103
v 50.0000 3.3423 262.8103
v 50.0000 7.7555 260.9822
v 38.0000 7.7555 260.9822
v 38.0000 4.4903 265.5819
v 50.0000 4.4903 265.5819
v 50.0000 8.9036 263.7539
v 38.0000 8.9036 263.7539
f 4551 4553 4552
f 4551 4554 4553
f 4555 4556 4557
f 4555 4557 4558
f 4551 4552 4556
f 4551 4556 4555
f 4552 4553 4557
f 4552 4557 4556
f 4553 4554 4558
f 4553 4558 4557
f 4554 4551 4555
f 4554 4555 4558
g loop_06
usemtl m_loop_06
v 38.0000 -0.4754 263.1877
v 50.0000 -0.4754 263.1877
v 50.0000 4.2606 262.5642
v 38.0000 4.2606 262.5642
v 38.0000 -0.0838 266.1620
v 50.0000 -0.0838 266.1620
v 50.0000 4.6522 265.5385
v 38.0000 4.6522 265.5385
f 4559 4561 4560
f 4559 4562 4561
f 4563 4564 4565
f 4563 4565 4566
f 4559 4560 4564
f 4559 4564 4563
f 4560 4561 4565
f 4560 4565 4564
f 4561 4562 4566
f 4561 4566 4565
f 4562 4559 4563
f 4562 4563 4566
g loop_07
usemtl m_loop_07
v 38.0000 -4.2606 262.5642
v 50.0000 -4.2606 262.5642
v 50.0000 0.4754 263.1877
v 38.0000 0.4754 263.1877
v 38.0000 -4.6522 265.5385
v 50.0000 -4.6522 265.5385
v 50.0000 0.0838 266.1620
v 38.0000 0.0838 266.1620
f 4567 4569 4568
f 4567 4570 4569
f 4571 4572 4573
f 4571 4573 4574
f 4567 4568 4572
f 4567 4572 4571
f 4568 4569 4573
f 4568 4573 4572
f 4569 4570 4574
f 4569 4574 4573
f 4570 4567 4571
f 4570 4571 4574
g loop_08
usemtl m_loop_08
v 38.0000 -7.7555 260.9822
v 50.0000 -7.7555 260.9822
v 50.0000 -3.3423 262.8103
v 38.0000 -3.3423 262.8103
v 38.0000 -8.9036 263.7539
v 50.0000 -8.9036 263.7539
v 50.0000 -4.4903 265.5819
v 38.0000 -4.4903 265.5819
f 4575 4577 4576
f 4575 4578 4577
f 4579 4580 4581
f 4579 4581 4582
f 4575 4576 4580
f 4575 4580 4579
f 4576 4577 4581
f 4576 4581 4580
f 4577 4578 4582
f 4577 4582 4581
f 4578 4575 4579
f 4578 4579 4582
g loop_09
usemtl m_loop_09
v 38.0000 -10.7219 258.5496
v 50.0000 -10.7219 258.5496
v 50.0000 -6.9322 261.4576
v 38.0000 -6.9322 261.4576
v 38.0000 -12.5482 260.9297
v 50.0000 -12.5482 260.9297
v 50.0000 -8.7585 263.8377
v 38.0000 -8.7585 263.8377
f 4583 4585 4584
f 4583 4586 4585
f 4587 4588 4589
f 4587 4589 4590
f 4583 4584 4588
f 4583 4588 4587
f 4584 4585 4589
f 4584 4589 4588
f 4585 4586 4590
f 4585 4590 4589
f 4586 4583 4587
f 4586 4587 4590
g loop_10
usemtl m_loop_10
v 38.0000 -12.9576 255.4322
v 50.0000 -12.9576 255.4322
v 50.0000 -10.0496 259.2219
v 38.0000 -10.0496 259.2219
v 38.0000 -15.3377 257.2585
v 50.0000 -15.3377 257.2585
v 50.0000 -12.4297 261.0482
v 38.0000 -12.4297 261.0482
f 4591 4593 4592
f 4591 4594 4593
f 4595 4596 4597
f 4595 4597 4598
f 4591 4592 4596
f 4591 4596 4595
f 4592 4593 4597
f 4592 4597 4596
f 4593 4594 4598
f 4593 4598 4597
f 4594 4591 4595
f 4594 4595 4598
g loop_11
usemtl m_loop_11
v 38.0000 -14.3103 251.8423
v 50.0000 -14.3103 251.8423
v 50.0000 -12.4822 256.2555
v 38.0000 -12.4822 256.2555
v 38.0000 -17.0819 252.9903
v 50.0000 -17.0819 252.9903
v 50.0000 -15.2539 257.4036
v 38.0000 -15.2539 257.4036
f 4599 4601 4600
f 4599 4602 4601
f 4603 4604 4605
f 4603 4605 4606
f 4599 4600 4604
f 4599 4604 4603
f 4600 4601 4605
f 4600 4605 4604
f 4601 4602 4606
f 4601 4606 4605
f 4602 4599 4603
f 4602 4603 4606
g loop_12
usemtl m_loop_12
v 38.0000 -14.6877 248.0246
v 50.0000 -14.6877 248.0246
v 50.0000 -14.0642 252.7606
v 38.0000 -14.0642 252.7606
v 38.0000 -17.6620 248.4162
v 50.0000 -17.6620 248.4162
v 50.0000 -17.0385 253.1522
v 38.0000 -17.0385 253.1522
f 4607 4609 4608
f 4607 4610 4609
f 4611 4612 4613
f 4611 4613 4614
f 4607 4608 4612
f 4607 4612 4611
f 4608 4609 4613
f 4608 4613 4612
f 4609 4610 4614
f 4609 4614 4613
f 4610 4607 4611
f 4610 4611 4614
g loop_mount_L
usemtl m_loop_mount_L
v 37.0000 -19.0000 247.0000
v 51.0000 -19.0000 247.0000
v 51.0000 -13.0000 247.0000
v 37.0000 -13.0000 247.0000
v 37.0000 -19.0000 251.0000
v 51.0000 -19.0000 251.0000
v 51.0000 -13.0000 251.0000
v 37.0000 -13.0000 251.0000
f 4615 4617 4616
f 4615 4618 4617
f 4619 4620 4621
f 4619 4621 4622
f 4615 4616 4620
f 4615 4620 4619
f 4616 4617 4621
f 4616 4621 4620
f 4617 4618 4622
f 4617 4622 4621
f 4618 4615 4619
f 4618 4619 4622
g loop_mount_R
usemtl m_loop_mount_R
v 37.0000 13.0000 247.0000
v 51.0000 13.0000 247.0000
v 51.0000 19.0000 247.0000
v 37.0000 19.0000 247.0000
v 37.0000 13.0000 251.0000
v 51.0000 13.0000 251.0000
v 51.0000 19.0000 251.0000
v 37.0000 19.0000 251.0000
f 4623 4625 4624
f 4623 4626 4625
f 4627 4628 4629
f 4627 4629 4630
f 4623 4624 4628
f 4623 4628 4627
f 4624 4625 4629
f 4624 4629 4628
f 4625 4626 4630
f 4625 4630 4629
f 4626 4623 4627
f 4626 4627 4630
