# ThermoX layout draft, millimetres, Z up
mtllib thermox_retro.mtl
g front_wall
usemtl m_front_wall
v 0.0000 -37.5000 5.0000
v 1.5000 -37.5000 5.0000
v 1.5000 37.5000 5.0000
v 0.0000 37.5000 5.0000
v 0.0000 -37.5000 191.0000
v 1.5000 -37.5000 191.0000
v 1.5000 37.5000 191.0000
v 0.0000 37.5000 191.0000
f 1 3 2
f 1 4 3
f 5 6 7
f 5 7 8
f 1 2 6
f 1 6 5
f 2 3 7
f 2 7 6
f 3 4 8
f 3 8 7
f 4 1 5
f 4 5 8
g side_L
usemtl m_side_L
v 0.0000 -37.5000 5.0000
v 75.0000 -37.5000 5.0000
v 75.0000 -36.0000 5.0000
v 0.0000 -36.0000 5.0000
v 0.0000 -37.5000 191.0000
v 75.0000 -37.5000 191.0000
v 75.0000 -36.0000 191.0000
v 0.0000 -36.0000 191.0000
f 9 11 10
f 9 12 11
f 13 14 15
f 13 15 16
f 9 10 14
f 9 14 13
f 10 11 15
f 10 15 14
f 11 12 16
f 11 16 15
f 12 9 13
f 12 13 16
g side_R
usemtl m_side_R
v 0.0000 36.0000 5.0000
v 75.0000 36.0000 5.0000
v 75.0000 37.5000 5.0000
v 0.0000 37.5000 5.0000
v 0.0000 36.0000 191.0000
v 75.0000 36.0000 191.0000
v 75.0000 37.5000 191.0000
v 0.0000 37.5000 191.0000
f 17 19 18
f 17 20 19
f 21 22 23
f 21 23 24
f 17 18 22
f 17 22 21
f 18 19 23
f 18 23 22
f 19 20 24
f 19 24 23
f 20 17 21
f 20 21 24
g divider
usemtl m_divider
v 73.5000 -37.5000 5.0000
v 75.0000 -37.5000 5.0000
v 75.0000 37.5000 5.0000
v 73.5000 37.5000 5.0000
v 73.5000 -37.5000 191.0000
v 75.0000 -37.5000 191.0000
v 75.0000 37.5000 191.0000
v 73.5000 37.5000 191.0000
f 25 27 26
f 25 28 27
f 29 30 31
f 29 31 32
f 25 26 30
f 25 30 29
f 26 27 31
f 26 31 30
f 27 28 32
f 27 32 31
f 28 25 29
f 28 29 32
g back_side_L
usemtl m_back_side_L
v 75.0000 -37.5000 0.0000
v 125.0000 -37.5000 0.0000
v 125.0000 -36.0000 0.0000
v 75.0000 -36.0000 0.0000
v 75.0000 -37.5000 191.0000
v 125.0000 -37.5000 191.0000
v 125.0000 -36.0000 191.0000
v 75.0000 -36.0000 191.0000
f 33 35 34
f 33 36 35
f 37 38 39
f 37 39 40
f 33 34 38
f 33 38 37
f 34 35 39
f 34 39 38
f 35 36 40
f 35 40 39
f 36 33 37
f 36 37 40
g back_side_R
usemtl m_back_side_R
v 75.0000 36.0000 0.0000
v 125.0000 36.0000 0.0000
v 125.0000 37.5000 0.0000
v 75.0000 37.5000 0.0000
v 75.0000 36.0000 191.0000
v 125.0000 36.0000 191.0000
v 125.0000 37.5000 191.0000
v 75.0000 37.5000 191.0000
f 41 43 42
f 41 44 43
f 45 46 47
f 45 47 48
f 41 42 46
f 41 46 45
f 42 43 47
f 42 47 46
f 43 44 48
f 43 48 47
f 44 41 45
f 44 45 48
g rear_wall
usemtl m_rear_wall
v 123.5000 -37.5000 0.0000
v 125.0000 -37.5000 0.0000
v 125.0000 37.5000 0.0000
v 123.5000 37.5000 0.0000
v 123.5000 -37.5000 191.0000
v 125.0000 -37.5000 191.0000
v 125.0000 37.5000 191.0000
v 123.5000 37.5000 191.0000
f 49 51 50
f 49 52 51
f 53 54 55
f 53 55 56
f 49 50 54
f 49 54 53
f 50 51 55
f 50 55 54
f 51 52 56
f 51 56 55
f 52 49 53
f 52 53 56
g back_floor
usemtl m_back_floor
v 75.0000 -37.5000 0.0000
v 125.0000 -37.5000 0.0000
v 125.0000 37.5000 0.0000
v 75.0000 37.5000 0.0000
v 75.0000 -37.5000 1.5000
v 125.0000 -37.5000 1.5000
v 125.0000 37.5000 1.5000
v 75.0000 37.5000 1.5000
f 57 59 58
f 57 60 59
f 61 62 63
f 61 63 64
f 57 58 62
f 57 62 61
f 58 59 63
f 58 63 62
f 59 60 64
f 59 64 63
f 60 57 61
f 60 61 64
g back_top
usemtl m_back_top
v 75.0000 -37.5000 185.4000
v 125.0000 -37.5000 185.4000
v 125.0000 37.5000 185.4000
v 75.0000 37.5000 185.4000
v 75.0000 -37.5000 191.0000
v 125.0000 -37.5000 191.0000
v 125.0000 37.5000 191.0000
v 75.0000 37.5000 191.0000
f 65 67 66
f 65 68 67
f 69 70 71
f 69 71 72
f 65 66 70
f 65 70 69
f 66 67 71
f 66 71 70
f 67 68 72
f 67 72 71
f 68 65 69
f 68 69 72
g foot_1
usemtl m_foot_1
v 0.0000 -37.5000 0.0000
v 10.0000 -37.5000 0.0000
v 10.0000 -27.5000 0.0000
v 0.0000 -27.5000 0.0000
v 0.0000 -37.5000 5.0000
v 10.0000 -37.5000 5.0000
v 10.0000 -27.5000 5.0000
v 0.0000 -27.5000 5.0000
f 73 75 74
f 73 76 75
f 77 78 79
f 77 79 80
f 73 74 78
f 73 78 77
f 74 75 79
f 74 79 78
f 75 76 80
f 75 80 79
f 76 73 77
f 76 77 80
g foot_2
usemtl m_foot_2
v 0.0000 27.5000 0.0000
v 10.0000 27.5000 0.0000
v 10.0000 37.5000 0.0000
v 0.0000 37.5000 0.0000
v 0.0000 27.5000 5.0000
v 10.0000 27.5000 5.0000
v 10.0000 37.5000 5.0000
v 0.0000 37.5000 5.0000
f 81 83 82
f 81 84 83
f 85 86 87
f 85 87 88
f 81 82 86
f 81 86 85
f 82 83 87
f 82 87 86
f 83 84 88
f 83 88 87
f 84 81 85
f 84 85 88
g foot_3
usemtl m_foot_3
v 65.0000 -37.5000 0.0000
v 75.0000 -37.5000 0.0000
v 75.0000 -27.5000 0.0000
v 65.0000 -27.5000 0.0000
v 65.0000 -37.5000 5.0000
v 75.0000 -37.5000 5.0000
v 75.0000 -27.5000 5.0000
v 65.0000 -27.5000 5.0000
f 89 91 90
f 89 92 91
f 93 94 95
f 93 95 96
f 89 90 94
f 89 94 93
f 90 91 95
f 90 95 94
f 91 92 96
f 91 96 95
f 92 89 93
f 92 93 96
g foot_4
usemtl m_foot_4
v 65.0000 27.5000 0.0000
v 75.0000 27.5000 0.0000
v 75.0000 37.5000 0.0000
v 65.0000 37.5000 0.0000
v 65.0000 27.5000 5.0000
v 75.0000 27.5000 5.0000
v 75.0000 37.5000 5.0000
v 65.0000 37.5000 5.0000
f 97 99 98
f 97 100 99
f 101 102 103
f 101 103 104
f 97 98 102
f 97 102 101
f 98 99 103
f 98 103 102
f 99 100 104
f 99 104 103
f 100 97 101
f 100 101 104
g exhaust_slot_1
usemtl m_exhaust_slot_1
v -0.1000 -20.0000 53.4000
v 0.6000 -20.0000 53.4000
v 0.6000 20.0000 53.4000
v -0.1000 20.0000 53.4000
v -0.1000 -20.0000 56.0000
v 0.6000 -20.0000 56.0000
v 0.6000 20.0000 56.0000
v -0.1000 20.0000 56.0000
f 105 107 106
f 105 108 107
f 109 110 111
f 109 111 112
f 105 106 110
f 105 110 109
f 106 107 111
f 106 111 110
f 107 108 112
f 107 112 111
f 108 105 109
f 108 109 112
g exhaust_slot_2
usemtl m_exhaust_slot_2
v -0.1000 -20.0000 48.4000
v 0.6000 -20.0000 48.4000
v 0.6000 20.0000 48.4000
v -0.1000 20.0000 48.4000
v -0.1000 -20.0000 51.0000
v 0.6000 -20.0000 51.0000
v 0.6000 20.0000 51.0000
v -0.1000 20.0000 51.0000
f 113 115 114
f 113 116 115
f 117 118 119
f 117 119 120
f 113 114 118
f 113 118 117
f 114 115 119
f 114 119 118
f 115 116 120
f 115 120 119
f 116 113 117
f 116 117 120
g exhaust_slot_3
usemtl m_exhaust_slot_3
v -0.1000 -20.0000 43.4000
v 0.6000 -20.0000 43.4000
v 0.6000 20.0000 43.4000
v -0.1000 20.0000 43.4000
v -0.1000 -20.0000 46.0000
v 0.6000 -20.0000 46.0000
v 0.6000 20.0000 46.0000
v -0.1000 20.0000 46.0000
f 121 123 122
f 121 124 123
f 125 126 127
f 125 127 128
f 121 122 126
f 121 126 125
f 122 123 127
f 122 127 126
f 123 124 128
f 123 128 127
f 124 121 125
f 124 125 128
g exhaust_slot_4
usemtl m_exhaust_slot_4
v -0.1000 -20.0000 38.4000
v 0.6000 -20.0000 38.4000
v 0.6000 20.0000 38.4000
v -0.1000 20.0000 38.4000
v -0.1000 -20.0000 41.0000
v 0.6000 -20.0000 41.0000
v 0.6000 20.0000 41.0000
v -0.1000 20.0000 41.0000
f 129 131 130
f 129 132 131
f 133 134 135
f 133 135 136
f 129 130 134
f 129 134 133
f 130 131 135
f 130 135 134
f 131 132 136
f 131 136 135
f 132 129 133
f 132 133 136
g corner_bead_1
usemtl m_corner_bead_1
v 3.5000 -37.5000 5.0000
v 3.4701 -37.0432 5.0000
v 3.3807 -36.5941 5.0000
v 3.2336 -36.1606 5.0000
v 3.0311 -35.7500 5.0000
v 2.7767 -35.3693 5.0000
v 2.4749 -35.0251 5.0000
v 2.1307 -34.7233 5.0000
v 1.7500 -34.4689 5.0000
v 1.3394 -34.2664 5.0000
v 0.9059 -34.1193 5.0000
v 0.4568 -34.0299 5.0000
v 0.0000 -34.0000 5.0000
v -0.4568 -34.0299 5.0000
v -0.9059 -34.1193 5.0000
v -1.3394 -34.2664 5.0000
v -1.7500 -34.4689 5.0000
v -2.1307 -34.7233 5.0000
v -2.4749 -35.0251 5.0000
v -2.7767 -35.3693 5.0000
v -3.0311 -35.7500 5.0000
v -3.2336 -36.1606 5.0000
v -3.3807 -36.5941 5.0000
v -3.4701 -37.0432 5.0000
v -3.5000 -37.5000 5.0000
v -3.4701 -37.9568 5.0000
v -3.3807 -38.4059 5.0000
v -3.2336 -38.8394 5.0000
v -3.0311 -39.2500 5.0000
v -2.7767 -39.6307 5.0000
v -2.4749 -39.9749 5.0000
v -2.1307 -40.2767 5.0000
v -1.7500 -40.5311 5.0000
v -1.3394 -40.7336 5.0000
v -0.9059 -40.8807 5.0000
v -0.4568 -40.9701 5.0000
v -0.0000 -41.0000 5.0000
v 0.4568 -40.9701 5.0000
v 0.9059 -40.8807 5.0000
v 1.3394 -40.7336 5.0000
v 1.7500 -40.5311 5.0000
v 2.1307 -40.2767 5.0000
v 2.4749 -39.9749 5.0000
v 2.7767 -39.6307 5.0000
v 3.0311 -39.2500 5.0000
v 3.2336 -38.8394 5.0000
v 3.3807 -38.4059 5.0000
v 3.4701 -37.9568 5.0000
v 3.5000 -37.5000 191.0000
v 3.4701 -37.0432 191.0000
v 3.3807 -36.5941 191.0000
v 3.2336 -36.1606 191.0000
v 3.0311 -35.7500 191.0000
v 2.7767 -35.3693 191.0000
v 2.4749 -35.0251 191.0000
v 2.1307 -34.7233 191.0000
v 1.7500 -34.4689 191.0000
v 1.3394 -34.2664 191.0000
v 0.9059 -34.1193 191.0000
v 0.4568 -34.0299 191.0000
v 0.0000 -34.0000 191.0000
v -0.4568 -34.0299 191.0000
v -0.9059 -34.1193 191.0000
v -1.3394 -34.2664 191.0000
v -1.7500 -34.4689 191.0000
v -2.1307 -34.7233 191.0000
v -2.4749 -35.0251 191.0000
v -2.7767 -35.3693 191.0000
v -3.0311 -35.7500 191.0000
v -3.2336 -36.1606 191.0000
v -3.3807 -36.5941 191.0000
v -3.4701 -37.0432 191.0000
v -3.5000 -37.5000 191.0000
v -3.4701 -37.9568 191.0000
v -3.3807 -38.4059 191.0000
v -3.2336 -38.8394 191.0000
v -3.0311 -39.2500 191.0000
v -2.7767 -39.6307 191.0000
v -2.4749 -39.9749 191.0000
v -2.1307 -40.2767 191.0000
v -1.7500 -40.5311 191.0000
v -1.3394 -40.7336 191.0000
v -0.9059 -40.8807 191.0000
v -0.4568 -40.9701 191.0000
v -0.0000 -41.0000 191.0000
v 0.4568 -40.9701 191.0000
v 0.9059 -40.8807 191.0000
v 1.3394 -40.7336 191.0000
v 1.7500 -40.5311 191.0000
v 2.1307 -40.2767 191.0000
v 2.4749 -39.9749 191.0000
v 2.7767 -39.6307 191.0000
v 3.0311 -39.2500 191.0000
v 3.2336 -38.8394 191.0000
v 3.3807 -38.4059 191.0000
v 3.4701 -37.9568 191.0000
v 0.0000 -37.5000 5.0000
v 0.0000 -37.5000 191.0000
f 137 138 186
f 137 186 185
f 138 139 187
f 138 187 186
f 139 140 188
f 139 188 187
f 140 141 189
f 140 189 188
f 141 142 190
f 141 190 189
f 142 143 191
f 142 191 190
f 143 144 192
f 143 192 191
f 144 145 193
f 144 193 192
f 145 146 194
f 145 194 193
f 146 147 195
f 146 195 194
f 147 148 196
f 147 196 195
f 148 149 197
f 148 197 196
f 149 150 198
f 149 198 197
f 150 151 199
f 150 199 198
f 151 152 200
f 151 200 199
f 152 153 201
f 152 201 200
f 153 154 202
f 153 202 201
f 154 155 203
f 154 203 202
f 155 156 204
f 155 204 203
f 156 157 205
f 156 205 204
f 157 158 206
f 157 206 205
f 158 159 207
f 158 207 206
f 159 160 208
f 159 208 207
f 160 161 209
f 160 209 208
f 161 162 210
f 161 210 209
f 162 163 211
f 162 211 210
f 163 164 212
f 163 212 211
f 164 165 213
f 164 213 212
f 165 166 214
f 165 214 213
f 166 167 215
f 166 215 214
f 167 168 216
f 167 216 215
f 168 169 217
f 168 217 216
f 169 170 218
f 169 218 217
f 170 171 219
f 170 219 218
f 171 172 220
f 171 220 219
f 172 173 221
f 172 221 220
f 173 174 222
f 173 222 221
f 174 175 223
f 174 223 222
f 175 176 224
f 175 224 223
f 176 177 225
f 176 225 224
f 177 178 226
f 177 226 225
f 178 179 227
f 178 227 226
f 179 180 228
f 179 228 227
f 180 181 229
f 180 229 228
f 181 182 230
f 181 230 229
f 182 183 231
f 182 231 230
f 183 184 232
f 183 232 231
f 184 137 185
f 184 185 232
f 233 138 137
f 234 185 186
f 233 139 138
f 234 186 187
f 233 140 139
f 234 187 188
f 233 141 140
f 234 188 189
f 233 142 141
f 234 189 190
f 233 143 142
f 234 190 191
f 233 144 143
f 234 191 192
f 233 145 144
f 234 192 193
f 233 146 145
f 234 193 194
f 233 147 146
f 234 194 195
f 233 148 147
f 234 195 196
f 233 149 148
f 234 196 197
f 233 150 149
f 234 197 198
f 233 151 150
f 234 198 199
f 233 152 151
f 234 199 200
f 233 153 152
f 234 200 201
f 233 154 153
f 234 201 202
f 233 155 154
f 234 202 203
f 233 156 155
f 234 203 204
f 233 157 156
f 234 204 205
f 233 158 157
f 234 205 206
f 233 159 158
f 234 206 207
f 233 160 159
f 234 207 208
f 233 161 160
f 234 208 209
f 233 162 161
f 234 209 210
f 233 163 162
f 234 210 211
f 233 164 163
f 234 211 212
f 233 165 164
f 234 212 213
f 233 166 165
f 234 213 214
f 233 167 166
f 234 214 215
f 233 168 167
f 234 215 216
f 233 169 168
f 234 216 217
f 233 170 169
f 234 217 218
f 233 171 170
f 234 218 219
f 233 172 171
f 234 219 220
f 233 173 172
f 234 220 221
f 233 174 173
f 234 221 222
f 233 175 174
f 234 222 223
f 233 176 175
f 234 223 224
f 233 177 176
f 234 224 225
f 233 178 177
f 234 225 226
f 233 179 178
f 234 226 227
f 233 180 179
f 234 227 228
f 233 181 180
f 234 228 229
f 233 182 181
f 234 229 230
f 233 183 182
f 234 230 231
f 233 184 183
f 234 231 232
f 233 137 184
f 234 232 185
g corner_bead_2
usemtl m_corner_bead_2
v 3.5000 37.5000 5.0000
v 3.4701 37.9568 5.0000
v 3.3807 38.4059 5.0000
v 3.2336 38.8394 5.0000
v 3.0311 39.2500 5.0000
v 2.7767 39.6307 5.0000
v 2.4749 39.9749 5.0000
v 2.1307 40.2767 5.0000
v 1.7500 40.5311 5.0000
v 1.3394 40.7336 5.0000
v 0.9059 40.8807 5.0000
v 0.4568 40.9701 5.0000
v 0.0000 41.0000 5.0000
v -0.4568 40.9701 5.0000
v -0.9059 40.8807 5.0000
v -1.3394 40.7336 5.0000
v -1.7500 40.5311 5.0000
v -2.1307 40.2767 5.0000
v -2.4749 39.9749 5.0000
v -2.7767 39.6307 5.0000
v -3.0311 39.2500 5.0000
v -3.2336 38.8394 5.0000
v -3.3807 38.4059 5.0000
v -3.4701 37.9568 5.0000
v -3.5000 37.5000 5.0000
v -3.4701 37.0432 5.0000
v -3.3807 36.5941 5.0000
v -3.2336 36.1606 5.0000
v -3.0311 35.7500 5.0000
v -2.7767 35.3693 5.0000
v -2.4749 35.0251 5.0000
v -2.1307 34.7233 5.0000
v -1.7500 34.4689 5.0000
v -1.3394 34.2664 5.0000
v -0.9059 34.1193 5.0000
v -0.4568 34.0299 5.0000
v -0.0000 34.0000 5.0000
v 0.4568 34.0299 5.0000
v 0.9059 34.1193 5.0000
v 1.3394 34.2664 5.0000
v 1.7500 34.4689 5.0000
v 2.1307 34.7233 5.0000
v 2.4749 35.0251 5.0000
v 2.7767 35.3693 5.0000
v 3.0311 35.7500 5.0000
v 3.2336 36.1606 5.0000
v 3.3807 36.5941 5.0000
v 3.4701 37.0432 5.0000
v 3.5000 37.5000 191.0000
v 3.4701 37.9568 191.0000
v 3.3807 38.4059 191.0000
v 3.2336 38.8394 191.0000
v 3.0311 39.2500 191.0000
v 2.7767 39.6307 191.0000
v 2.4749 39.9749 191.0000
v 2.1307 40.2767 191.0000
v 1.7500 40.5311 191.0000
v 1.3394 40.7336 191.0000
v 0.9059 40.8807 191.0000
v 0.4568 40.9701 191.0000
v 0.0000 41.0000 191.0000
v -0.4568 40.9701 191.0000
v -0.9059 40.8807 191.0000
v -1.3394 40.7336 191.0000
v -1.7500 40.5311 191.0000
v -2.1307 40.2767 191.0000
v -2.4749 39.9749 191.0000
v -2.7767 39.6307 191.0000
v -3.0311 39.2500 191.0000
v -3.2336 38.8394 191.0000
v -3.3807 38.4059 191.0000
v -3.4701 37.9568 191.0000
v -3.5000 37.5000 191.0000
v -3.4701 37.0432 191.0000
v -3.3807 36.5941 191.0000
v -3.2336 36.1606 191.0000
v -3.0311 35.7500 191.0000
v -2.7767 35.3693 191.0000
v -2.4749 35.0251 191.0000
v -2.1307 34.7233 191.0000
v -1.7500 34.4689 191.0000
v -1.3394 34.2664 191.0000
v -0.9059 34.1193 191.0000
v -0.4568 34.0299 191.0000
v -0.0000 34.0000 191.0000
v 0.4568 34.0299 191.0000
v 0.9059 34.1193 191.0000
v 1.3394 34.2664 191.0000
v 1.7500 34.4689 191.0000
v 2.1307 34.7233 191.0000
v 2.4749 35.0251 191.0000
v 2.7767 35.3693 191.0000
v 3.0311 35.7500 191.0000
v 3.2336 36.1606 191.0000
v 3.3807 36.5941 191.0000
v 3.4701 37.0432 191.0000
v 0.0000 37.5000 5.0000
v 0.0000 37.5000 191.0000
f 235 236 284
f 235 284 283
f 236 237 285
f 236 285 284
f 237 238 286
f 237 286 285
f 238 239 287
f 238 287 286
f 239 240 288
f 239 288 287
f 240 241 289
f 240 289 288
f 241 242 290
f 241 290 289
f 242 243 291
f 242 291 290
f 243 244 292
f 243 292 291
f 244 245 293
f 244 293 292
f 245 246 294
f 245 294 293
f 246 247 295
f 246 295 294
f 247 248 296
f 247 296 295
f 248 249 297
f 248 297 296
f 249 250 298
f 249 298 297
f 250 251 299
f 250 299 298
f 251 252 300
f 251 300 299
f 252 253 301
f 252 301 300
f 253 254 302
f 253 302 301
f 254 255 303
f 254 303 302
f 255 256 304
f 255 304 303
f 256 257 305
f 256 305 304
f 257 258 306
f 257 306 305
f 258 259 307
f 258 307 306
f 259 260 308
f 259 308 307
f 260 261 309
f 260 309 308
f 261 262 310
f 261 310 309
f 262 263 311
f 262 311 310
f 263 264 312
f 263 312 311
f 264 265 313
f 264 313 312
f 265 266 314
f 265 314 313
f 266 267 315
f 266 315 314
f 267 268 316
f 267 316 315
f 268 269 317
f 268 317 316
f 269 270 318
f 269 318 317
f 270 271 319
f 270 319 318
f 271 272 320
f 271 320 319
f 272 273 321
f 272 321 320
f 273 274 322
f 273 322 321
f 274 275 323
f 274 323 322
f 275 276 324
f 275 324 323
f 276 277 325
f 276 325 324
f 277 278 326
f 277 326 325
f 278 279 327
f 278 327 326
f 279 280 328
f 279 328 327
f 280 281 329
f 280 329 328
f 281 282 330
f 281 330 329
f 282 235 283
f 282 283 330
f 331 236 235
f 332 283 284
f 331 237 236
f 332 284 285
f 331 238 237
f 332 285 286
f 331 239 238
f 332 286 287
f 331 240 239
f 332 287 288
f 331 241 240
f 332 288 289
f 331 242 241
f 332 289 290
f 331 243 242
f 332 290 291
f 331 244 243
f 332 291 292
f 331 245 244
f 332 292 293
f 331 246 245
f 332 293 294
f 331 247 246
f 332 294 295
f 331 248 247
f 332 295 296
f 331 249 248
f 332 296 297
f 331 250 249
f 332 297 298
f 331 251 250
f 332 298 299
f 331 252 251
f 332 299 300
f 331 253 252
f 332 300 301
f 331 254 253
f 332 301 302
f 331 255 254
f 332 302 303
f 331 256 255
f 332 303 304
f 331 257 256
f 332 304 305
f 331 258 257
f 332 305 306
f 331 259 258
f 332 306 307
f 331 260 259
f 332 307 308
f 331 261 260
f 332 308 309
f 331 262 261
f 332 309 310
f 331 263 262
f 332 310 311
f 331 264 263
f 332 311 312
f 331 265 264
f 332 312 313
f 331 266 265
f 332 313 314
f 331 267 266
f 332 314 315
f 331 268 267
f 332 315 316
f 331 269 268
f 332 316 317
f 331 270 269
f 332 317 318
f 331 271 270
f 332 318 319
f 331 272 271
f 332 319 320
f 331 273 272
f 332 320 321
f 331 274 273
f 332 321 322
f 331 275 274
f 332 322 323
f 331 276 275
f 332 323 324
f 331 277 276
f 332 324 325
f 331 278 277
f 332 325 326
f 331 279 278
f 332 326 327
f 331 280 279
f 332 327 328
f 331 281 280
f 332 328 329
f 331 282 281
f 332 329 330
f 331 235 282
f 332 330 283
g corner_bead_3
usemtl m_corner_bead_3
v 128.5000 -37.5000 0.0000
v 128.4701 -37.0432 0.0000
v 128.3807 -36.5941 0.0000
v 128.2336 -36.1606 0.0000
v 128.0311 -35.7500 0.0000
v 127.7767 -35.3693 0.0000
v 127.4749 -35.0251 0.0000
v 127.1307 -34.7233 0.0000
v 126.7500 -34.4689 0.0000
v 126.3394 -34.2664 0.0000
v 125.9059 -34.1193 0.0000
v 125.4568 -34.0299 0.0000
v 125.0000 -34.0000 0.0000
v 124.5432 -34.0299 0.0000
v 124.0941 -34.1193 0.0000
v 123.6606 -34.2664 0.0000
v 123.2500 -34.4689 0.0000
v 122.8693 -34.7233 0.0000
v 122.5251 -35.0251 0.0000
v 122.2233 -35.3693 0.0000
v 121.9689 -35.7500 0.0000
v 121.7664 -36.1606 0.0000
v 121.6193 -36.5941 0.0000
v 121.5299 -37.0432 0.0000
v 121.5000 -37.5000 0.0000
v 121.5299 -37.9568 0.0000
v 121.6193 -38.4059 0.0000
v 121.7664 -38.8394 0.0000
v 121.9689 -39.2500 0.0000
v 122.2233 -39.6307 0.0000
v 122.5251 -39.9749 0.0000
v 122.8693 -40.2767 0.0000
v 123.2500 -40.5311 0.0000
v 123.6606 -40.7336 0.0000
v 124.0941 -40.8807 0.0000
v 124.5432 -40.9701 0.0000
v 125.0000 -41.0000 0.0000
v 125.4568 -40.9701 0.0000
v 125.9059 -40.8807 0.0000
v 126.3394 -40.7336 0.0000
v 126.7500 -40.5311 0.0000
v 127.1307 -40.2767 0.0000
v 127.4749 -39.9749 0.0000
v 127.7767 -39.6307 0.0000
v 128.0311 -39.2500 0.0000
v 128.2336 -38.8394 0.0000
v 128.3807 -38.4059 0.0000
v 128.4701 -37.9568 0.0000
v 128.5000 -37.5000 191.0000
v 128.4701 -37.0432 191.0000
v 128.3807 -36.5941 191.0000
v 128.2336 -36.1606 191.0000
v 128.0311 -35.7500 191.0000
v 127.7767 -35.3693 191.0000
v 127.4749 -35.0251 191.0000
v 127.1307 -34.7233 191.0000
v 126.7500 -34.4689 191.0000
v 126.3394 -34.2664 191.0000
v 125.9059 -34.1193 191.0000
v 125.4568 -34.0299 191.0000
v 125.0000 -34.0000 191.0000
v 124.5432 -34.0299 191.0000
v 124.0941 -34.1193 191.0000
v 123.6606 -34.2664 191.0000
v 123.2500 -34.4689 191.0000
v 122.8693 -34.7233 191.0000
v 122.5251 -35.0251 191.0000
v 122.2233 -35.3693 191.0000
v 121.9689 -35.7500 191.0000
v 121.7664 -36.1606 191.0000
v 121.6193 -36.5941 191.0000
v 121.5299 -37.0432 191.0000
v 121.5000 -37.5000 191.0000
v 121.5299 -37.9568 191.0000
v 121.6193 -38.4059 191.0000
v 121.7664 -38.8394 191.0000
v 121.9689 -39.2500 191.0000
v 122.2233 -39.6307 191.0000
v 122.5251 -39.9749 191.0000
v 122.8693 -40.2767 191.0000
v 123.2500 -40.5311 191.0000
v 123.6606 -40.7336 191.0000
v 124.0941 -40.8807 191.0000
v 124.5432 -40.9701 191.0000
v 125.0000 -41.0000 191.0000
v 125.4568 -40.9701 191.0000
v 125.9059 -40.8807 191.0000
v 126.3394 -40.7336 191.0000
v 126.7500 -40.5311 191.0000
v 127.1307 -40.2767 191.0000
v 127.4749 -39.9749 191.0000
v 127.7767 -39.6307 191.0000
v 128.0311 -39.2500 191.0000
v 128.2336 -38.8394 191.0000
v 128.3807 -38.4059 191.0000
v 128.4701 -37.9568 191.0000
v 125.0000 -37.5000 0.0000
v 125.0000 -37.5000 191.0000
f 333 334 382
f 333 382 381
f 334 335 383
f 334 383 382
f 335 336 384
f 335 384 383
f 336 337 385
f 336 385 384
f 337 338 386
f 337 386 385
f 338 339 387
f 338 387 386
f 339 340 388
f 339 388 387
f 340 341 389
f 340 389 388
f 341 342 390
f 341 390 389
f 342 343 391
f 342 391 390
f 343 344 392
f 343 392 391
f 344 345 393
f 344 393 392
f 345 346 394
f 345 394 393
f 346 347 395
f 346 395 394
f 347 348 396
f 347 396 395
f 348 349 397
f 348 397 396
f 349 350 398
f 349 398 397
f 350 351 399
f 350 399 398
f 351 352 400
f 351 400 399
f 352 353 401
f 352 401 400
f 353 354 402
f 353 402 401
f 354 355 403
f 354 403 402
f 355 356 404
f 355 404 403
f 356 357 405
f 356 405 404
f 357 358 406
f 357 406 405
f 358 359 407
f 358 407 406
f 359 360 408
f 359 408 407
f 360 361 409
f 360 409 408
f 361 362 410
f 361 410 409
f 362 363 411
f 362 411 410
f 363 364 412
f 363 412 411
f 364 365 413
f 364 413 412
f 365 366 414
f 365 414 413
f 366 367 415
f 366 415 414
f 367 368 416
f 367 416 415
f 368 369 417
f 368 417 416
f 369 370 418
f 369 418 417
f 370 371 419
f 370 419 418
f 371 372 420
f 371 420 419
f 372 373 421
f 372 421 420
f 373 374 422
f 373 422 421
f 374 375 423
f 374 423 422
f 375 376 424
f 375 424 423
f 376 377 425
f 376 425 424
f 377 378 426
f 377 426 425
f 378 379 427
f 378 427 426
f 379 380 428
f 379 428 427
f 380 333 381
f 380 381 428
f 429 334 333
f 430 381 382
f 429 335 334
f 430 382 383
f 429 336 335
f 430 383 384
f 429 337 336
f 430 384 385
f 429 338 337
f 430 385 386
f 429 339 338
f 430 386 387
f 429 340 339
f 430 387 388
f 429 341 340
f 430 388 389
f 429 342 341
f 430 389 390
f 429 343 342
f 430 390 391
f 429 344 343
f 430 391 392
f 429 345 344
f 430 392 393
f 429 346 345
f 430 393 394
f 429 347 346
f 430 394 395
f 429 348 347
f 430 395 396
f 429 349 348
f 430 396 397
f 429 350 349
f 430 397 398
f 429 351 350
f 430 398 399
f 429 352 351
f 430 399 400
f 429 353 352
f 430 400 401
f 429 354 353
f 430 401 402
f 429 355 354
f 430 402 403
f 429 356 355
f 430 403 404
f 429 357 356
f 430 404 405
f 429 358 357
f 430 405 406
f 429 359 358
f 430 406 407
f 429 360 359
f 430 407 408
f 429 361 360
f 430 408 409
f 429 362 361
f 430 409 410
f 429 363 362
f 430 410 411
f 429 364 363
f 430 411 412
f 429 365 364
f 430 412 413
f 429 366 365
f 430 413 414
f 429 367 366
f 430 414 415
f 429 368 367
f 430 415 416
f 429 369 368
f 430 416 417
f 429 370 369
f 430 417 418
f 429 371 370
f 430 418 419
f 429 372 371
f 430 419 420
f 429 373 372
f 430 420 421
f 429 374 373
f 430 421 422
f 429 375 374
f 430 422 423
f 429 376 375
f 430 423 424
f 429 377 376
f 430 424 425
f 429 378 377
f 430 425 426
f 429 379 378
f 430 426 427
f 429 380 379
f 430 427 428
f 429 333 380
f 430 428 381
g corner_bead_4
usemtl m_corner_bead_4
v 128.5000 37.5000 0.0000
v 128.4701 37.9568 0.0000
v 128.3807 38.4059 0.0000
v 128.2336 38.8394 0.0000
v 128.0311 39.2500 0.0000
v 127.7767 39.6307 0.0000
v 127.4749 39.9749 0.0000
v 127.1307 40.2767 0.0000
v 126.7500 40.5311 0.0000
v 126.3394 40.7336 0.0000
v 125.9059 40.8807 0.0000
v 125.4568 40.9701 0.0000
v 125.0000 41.0000 0.0000
v 124.5432 40.9701 0.0000
v 124.0941 40.8807 0.0000
v 123.6606 40.7336 0.0000
v 123.2500 40.5311 0.0000
v 122.8693 40.2767 0.0000
v 122.5251 39.9749 0.0000
v 122.2233 39.6307 0.0000
v 121.9689 39.2500 0.0000
v 121.7664 38.8394 0.0000
v 121.6193 38.4059 0.0000
v 121.5299 37.9568 0.0000
v 121.5000 37.5000 0.0000
v 121.5299 37.0432 0.0000
v 121.6193 36.5941 0.0000
v 121.7664 36.1606 0.0000
v 121.9689 35.7500 0.0000
v 122.2233 35.3693 0.0000
v 122.5251 35.0251 0.0000
v 122.8693 34.7233 0.0000
v 123.2500 34.4689 0.0000
v 123.6606 34.2664 0.0000
v 124.0941 34.1193 0.0000
v 124.5432 34.0299 0.0000
v 125.0000 34.0000 0.0000
v 125.4568 34.0299 0.0000
v 125.9059 34.1193 0.0000
v 126.3394 34.2664 0.0000
v 126.7500 34.4689 0.0000
v 127.1307 34.7233 0.0000
v 127.4749 35.0251 0.0000
v 127.7767 35.3693 0.0000
v 128.0311 35.7500 0.0000
v 128.2336 36.1606 0.0000
v 128.3807 36.5941 0.0000
v 128.4701 37.0432 0.0000
v 128.5000 37.5000 191.0000
v 128.4701 37.9568 191.0000
v 128.3807 38.4059 191.0000
v 128.2336 38.8394 191.0000
v 128.0311 39.2500 191.0000
v 127.7767 39.6307 191.0000
v 127.4749 39.9749 191.0000
v 127.1307 40.2767 191.0000
v 126.7500 40.5311 191.0000
v 126.3394 40.7336 191.0000
v 125.9059 40.8807 191.0000
v 125.4568 40.9701 191.0000
v 125.0000 41.0000 191.0000
v 124.5432 40.9701 191.0000
v 124.0941 40.8807 191.0000
v 123.6606 40.7336 191.0000
v 123.2500 40.5311 191.0000
v 122.8693 40.2767 191.0000
v 122.5251 39.9749 191.0000
v 122.2233 39.6307 191.0000
v 121.9689 39.2500 191.0000
v 121.7664 38.8394 191.0000
v 121.6193 38.4059 191.0000
v 121.5299 37.9568 191.0000
v 121.5000 37.5000 191.0000
v 121.5299 37.0432 191.0000
v 121.6193 36.5941 191.0000
v 121.7664 36.1606 191.0000
v 121.9689 35.7500 191.0000
v 122.2233 35.3693 191.0000
v 122.5251 35.0251 191.0000
v 122.8693 34.7233 191.0000
v 123.2500 34.4689 191.0000
v 123.6606 34.2664 191.0000
v 124.0941 34.1193 191.0000
v 124.5432 34.0299 191.0000
v 125.0000 34.0000 191.0000
v 125.4568 34.0299 191.0000
v 125.9059 34.1193 191.0000
v 126.3394 34.2664 191.0000
v 126.7500 34.4689 191.0000
v 127.1307 34.7233 191.0000
v 127.4749 35.0251 191.0000
v 127.7767 35.3693 191.0000
v 128.0311 35.7500 191.0000
v 128.2336 36.1606 191.0000
v 128.3807 36.5941 191.0000
v 128.4701 37.0432 191.0000
v 125.0000 37.5000 0.0000
v 125.0000 37.5000 191.0000
f 431 432 480
f 431 480 479
f 432 433 481
f 432 481 480
f 433 434 482
f 433 482 481
f 434 435 483
f 434 483 482
f 435 436 484
f 435 484 483
f 436 437 485
f 436 485 484
f 437 438 486
f 437 486 485
f 438 439 487
f 438 487 486
f 439 440 488
f 439 488 487
f 440 441 489
f 440 489 488
f 441 442 490
f 441 490 489
f 442 443 491
f 442 491 490
f 443 444 492
f 443 492 491
f 444 445 493
f 444 493 492
f 445 446 494
f 445 494 493
f 446 447 495
f 446 495 494
f 447 448 496
f 447 496 495
f 448 449 497
f 448 497 496
f 449 450 498
f 449 498 497
f 450 451 499
f 450 499 498
f 451 452 500
f 451 500 499
f 452 453 501
f 452 501 500
f 453 454 502
f 453 502 501
f 454 455 503
f 454 503 502
f 455 456 504
f 455 504 503
f 456 457 505
f 456 505 504
f 457 458 506
f 457 506 505
f 458 459 507
f 458 507 506
f 459 460 508
f 459 508 507
f 460 461 509
f 460 509 508
f 461 462 510
f 461 510 509
f 462 463 511
f 462 511 510
f 463 464 512
f 463 512 511
f 464 465 513
f 464 513 512
f 465 466 514
f 465 514 513
f 466 467 515
f 466 515 514
f 467 468 516
f 467 516 515
f 468 469 517
f 468 517 516
f 469 470 518
f 469 518 517
f 470 471 519
f 470 519 518
f 471 472 520
f 471 520 519
f 472 473 521
f 472 521 520
f 473 474 522
f 473 522 521
f 474 475 523
f 474 523 522
f 475 476 524
f 475 524 523
f 476 477 525
f 476 525 524
f 477 478 526
f 477 526 525
f 478 431 479
f 478 479 526
f 527 432 431
f 528 479 480
f 527 433 432
f 528 480 481
f 527 434 433
f 528 481 482
f 527 435 434
f 528 482 483
f 527 436 435
f 528 483 484
f 527 437 436
f 528 484 485
f 527 438 437
f 528 485 486
f 527 439 438
f 528 486 487
f 527 440 439
f 528 487 488
f 527 441 440
f 528 488 489
f 527 442 441
f 528 489 490
f 527 443 442
f 528 490 491
f 527 444 443
f 528 491 492
f 527 445 444
f 528 492 493
f 527 446 445
f 528 493 494
f 527 447 446
f 528 494 495
f 527 448 447
f 528 495 496
f 527 449 448
f 528 496 497
f 527 450 449
f 528 497 498
f 527 451 450
f 528 498 499
f 527 452 451
f 528 499 500
f 527 453 452
f 528 500 501
f 527 454 453
f 528 501 502
f 527 455 454
f 528 502 503
f 527 456 455
f 528 503 504
f 527 457 456
f 528 504 505
f 527 458 457
f 528 505 506
f 527 459 458
f 528 506 507
f 527 460 459
f 528 507 508
f 527 461 460
f 528 508 509
f 527 462 461
f 528 509 510
f 527 463 462
f 528 510 511
f 527 464 463
f 528 511 512
f 527 465 464
f 528 512 513
f 527 466 465
f 528 513 514
f 527 467 466
f 528 514 515
f 527 468 467
f 528 515 516
f 527 469 468
f 528 516 517
f 527 470 469
f 528 517 518
f 527 471 470
f 528 518 519
f 527 472 471
f 528 519 520
f 527 473 472
f 528 520 521
f 527 474 473
f 528 521 522
f 527 475 474
f 528 522 523
f 527 476 475
f 528 523 524
f 527 477 476
f 528 524 525
f 527 478 477
f 528 525 526
f 527 431 478
f 528 526 479
g belt_front
usemtl m_belt_front
v -0.8000 -37.5000 100.0000
v 0.0000 -37.5000 100.0000
v 0.0000 37.5000 100.0000
v -0.8000 37.5000 100.0000
v -0.8000 -37.5000 104.0000
v 0.0000 -37.5000 104.0000
v 0.0000 37.5000 104.0000
v -0.8000 37.5000 104.0000
f 529 531 530
f 529 532 531
f 533 534 535
f 533 535 536
f 529 530 534
f 529 534 533
f 530 531 535
f 530 535 534
f 531 532 536
f 531 536 535
f 532 529 533
f 532 533 536
g belt_side_L
usemtl m_belt_side_L
v 0.0000 -38.3000 100.0000
v 125.0000 -38.3000 100.0000
v 125.0000 -37.5000 100.0000
v 0.0000 -37.5000 100.0000
v 0.0000 -38.3000 104.0000
v 125.0000 -38.3000 104.0000
v 125.0000 -37.5000 104.0000
v 0.0000 -37.5000 104.0000
f 537 539 538
f 537 540 539
f 541 542 543
f 541 543 544
f 537 538 542
f 537 542 541
f 538 539 543
f 538 543 542
f 539 540 544
f 539 544 543
f 540 537 541
f 540 541 544
g belt_side_R
usemtl m_belt_side_R
v 0.0000 37.5000 100.0000
v 125.0000 37.5000 100.0000
v 125.0000 38.3000 100.0000
v 0.0000 38.3000 100.0000
v 0.0000 37.5000 104.0000
v 125.0000 37.5000 104.0000
v 125.0000 38.3000 104.0000
v 0.0000 38.3000 104.0000
f 545 547 546
f 545 548 547
f 549 550 551
f 549 551 552
f 545 546 550
f 545 550 549
f 546 547 551
f 546 551 550
f 547 548 552
f 547 552 551
f 548 545 549
f 548 549 552
g belt_rear
usemtl m_belt_rear
v 125.0000 -37.5000 100.0000
v 125.8000 -37.5000 100.0000
v 125.8000 37.5000 100.0000
v 125.0000 37.5000 100.0000
v 125.0000 -37.5000 104.0000
v 125.8000 -37.5000 104.0000
v 125.8000 37.5000 104.0000
v 125.0000 37.5000 104.0000
f 553 555 554
f 553 556 555
f 557 558 559
f 557 559 560
f 553 554 558
f 553 558 557
f 554 555 559
f 554 559 558
f 555 556 560
f 555 560 559
f 556 553 557
f 556 557 560
g lid
usemtl m_lid
v 1.5000 -36.0000 183.4000
v 73.5000 -36.0000 183.4000
v 73.5000 36.0000 183.4000
v 1.5000 36.0000 183.4000
v 1.5000 -36.0000 191.0000
v 73.5000 -36.0000 191.0000
v 73.5000 36.0000 191.0000
v 1.5000 36.0000 191.0000
f 561 563 562
f 561 564 563
f 565 566 567
f 565 567 568
f 561 562 566
f 561 566 565
f 562 563 567
f 562 567 566
f 563 564 568
f 563 568 567
f 564 561 565
f 564 565 568
g handle_post_L
usemtl m_handle_post_L
v 56.0000 -34.0000 191.0000
v 64.0000 -34.0000 191.0000
v 64.0000 -29.0000 191.0000
v 56.0000 -29.0000 191.0000
v 56.0000 -34.0000 203.0000
v 64.0000 -34.0000 203.0000
v 64.0000 -29.0000 203.0000
v 56.0000 -29.0000 203.0000
f 569 571 570
f 569 572 571
f 573 574 575
f 573 575 576
f 569 570 574
f 569 574 573
f 570 571 575
f 570 575 574
f 571 572 576
f 571 576 575
f 572 569 573
f 572 573 576
g handle_post_R
usemtl m_handle_post_R
v 56.0000 29.0000 191.0000
v 64.0000 29.0000 191.0000
v 64.0000 34.0000 191.0000
v 56.0000 34.0000 191.0000
v 56.0000 29.0000 203.0000
v 64.0000 29.0000 203.0000
v 64.0000 34.0000 203.0000
v 56.0000 34.0000 203.0000
f 577 579 578
f 577 580 579
f 581 582 583
f 581 583 584
f 577 578 582
f 577 582 581
f 578 579 583
f 578 583 582
f 579 580 584
f 579 584 583
f 580 577 581
f 580 581 584
g handle_bar
usemtl m_handle_bar
v 56.0000 -34.0000 203.0000
v 64.0000 -34.0000 203.0000
v 64.0000 34.0000 203.0000
v 56.0000 34.0000 203.0000
v 56.0000 -34.0000 209.0000
v 64.0000 -34.0000 209.0000
v 64.0000 34.0000 209.0000
v 56.0000 34.0000 209.0000
f 585 587 586
f 585 588 587
f 589 590 591
f 589 591 592
f 585 586 590
f 585 590 589
f 586 587 591
f 586 591 590
f 587 588 592
f 587 592 591
f 588 585 589
f 588 589 592
g oled_1_5in
usemtl m_oled_1_5in
v -3.2000 -19.0000 142.0000
v 0.0000 -19.0000 142.0000
v 0.0000 19.0000 142.0000
v -3.2000 19.0000 142.0000
v -3.2000 -19.0000 180.0000
v 0.0000 -19.0000 180.0000
v 0.0000 19.0000 180.0000
v -3.2000 19.0000 180.0000
f 593 595 594
f 593 596 595
f 597 598 599
f 597 599 600
f 593 594 598
f 593 598 597
f 594 595 599
f 594 599 598
f 595 596 600
f 595 600 599
f 596 593 597
f 596 597 600
g oled_screen
usemtl m_oled_screen
v -3.4000 -16.0000 145.0000
v -3.2000 -16.0000 145.0000
v -3.2000 16.0000 145.0000
v -3.4000 16.0000 145.0000
v -3.4000 -16.0000 177.0000
v -3.2000 -16.0000 177.0000
v -3.2000 16.0000 177.0000
v -3.4000 16.0000 177.0000
f 601 603 602
f 601 604 603
f 605 606 607
f 605 607 608
f 601 602 606
f 601 606 605
f 602 603 607
f 602 607 606
f 603 604 608
f 603 608 607
f 604 601 605
f 604 605 608
g oled_bezel_t
usemtl m_oled_bezel_t
v -4.4000 -22.0000 180.0000
v 0.0000 -22.0000 180.0000
v 0.0000 22.0000 180.0000
v -4.4000 22.0000 180.0000
v -4.4000 -22.0000 183.0000
v 0.0000 -22.0000 183.0000
v 0.0000 22.0000 183.0000
v -4.4000 22.0000 183.0000
f 609 611 610
f 609 612 611
f 613 614 615
f 613 615 616
f 609 610 614
f 609 614 613
f 610 611 615
f 610 615 614
f 611 612 616
f 611 616 615
f 612 609 613
f 612 613 616
g oled_bezel_b
usemtl m_oled_bezel_b
v -4.4000 -22.0000 139.0000
v 0.0000 -22.0000 139.0000
v 0.0000 22.0000 139.0000
v -4.4000 22.0000 139.0000
v -4.4000 -22.0000 142.0000
v 0.0000 -22.0000 142.0000
v 0.0000 22.0000 142.0000
v -4.4000 22.0000 142.0000
f 617 619 618
f 617 620 619
f 621 622 623
f 621 623 624
f 617 618 622
f 617 622 621
f 618 619 623
f 618 623 622
f 619 620 624
f 619 624 623
f 620 617 621
f 620 621 624
g oled_bezel_l
usemtl m_oled_bezel_l
v -4.4000 -22.0000 142.0000
v 0.0000 -22.0000 142.0000
v 0.0000 -19.0000 142.0000
v -4.4000 -19.0000 142.0000
v -4.4000 -22.0000 180.0000
v 0.0000 -22.0000 180.0000
v 0.0000 -19.0000 180.0000
v -4.4000 -19.0000 180.0000
f 625 627 626
f 625 628 627
f 629 630 631
f 629 631 632
f 625 626 630
f 625 630 629
f 626 627 631
f 626 631 630
f 627 628 632
f 627 632 631
f 628 625 629
f 628 629 632
g oled_bezel_r
usemtl m_oled_bezel_r
v -4.4000 19.0000 142.0000
v 0.0000 19.0000 142.0000
v 0.0000 22.0000 142.0000
v -4.4000 22.0000 142.0000
v -4.4000 19.0000 180.0000
v 0.0000 19.0000 180.0000
v 0.0000 22.0000 180.0000
v -4.4000 22.0000 180.0000
f 633 635 634
f 633 636 635
f 637 638 639
f 637 639 640
f 633 634 638
f 633 638 637
f 634 635 639
f 634 639 638
f 635 636 640
f 635 640 639
f 636 633 637
f 636 637 640
g button_1
usemtl m_button_1
v -4.0000 -15.5000 125.0000
v 0.0000 -15.5000 125.0000
v 0.0000 -8.5000 125.0000
v -4.0000 -8.5000 125.0000
v -4.0000 -15.5000 132.0000
v 0.0000 -15.5000 132.0000
v 0.0000 -8.5000 132.0000
v -4.0000 -8.5000 132.0000
f 641 643 642
f 641 644 643
f 645 646 647
f 645 647 648
f 641 642 646
f 641 646 645
f 642 643 647
f 642 647 646
f 643 644 648
f 643 648 647
f 644 641 645
f 644 645 648
g button_2
usemtl m_button_2
v -4.0000 8.5000 125.0000
v 0.0000 8.5000 125.0000
v 0.0000 15.5000 125.0000
v -4.0000 15.5000 125.0000
v -4.0000 8.5000 132.0000
v 0.0000 8.5000 132.0000
v 0.0000 15.5000 132.0000
v -4.0000 15.5000 132.0000
f 649 651 650
f 649 652 651
f 653 654 655
f 653 655 656
f 649 650 654
f 649 654 653
f 650 651 655
f 650 655 654
f 651 652 656
f 651 656 655
f 652 649 653
f 652 653 656
g fan_frame_a
usemtl m_fan_frame_a
v 17.5000 -20.0000 5.0000
v 57.5000 -20.0000 5.0000
v 57.5000 -17.0000 5.0000
v 17.5000 -17.0000 5.0000
v 17.5000 -20.0000 33.0000
v 57.5000 -20.0000 33.0000
v 57.5000 -17.0000 33.0000
v 17.5000 -17.0000 33.0000
f 657 659 658
f 657 660 659
f 661 662 663
f 661 663 664
f 657 658 662
f 657 662 661
f 658 659 663
f 658 663 662
f 659 660 664
f 659 664 663
f 660 657 661
f 660 661 664
g fan_frame_b
usemtl m_fan_frame_b
v 17.5000 17.0000 5.0000
v 57.5000 17.0000 5.0000
v 57.5000 20.0000 5.0000
v 17.5000 20.0000 5.0000
v 17.5000 17.0000 33.0000
v 57.5000 17.0000 33.0000
v 57.5000 20.0000 33.0000
v 17.5000 20.0000 33.0000
f 665 667 666
f 665 668 667
f 669 670 671
f 669 671 672
f 665 666 670
f 665 670 669
f 666 667 671
f 666 671 670
f 667 668 672
f 667 672 671
f 668 665 669
f 668 669 672
g fan_frame_c
usemtl m_fan_frame_c
v 17.5000 -17.0000 5.0000
v 20.5000 -17.0000 5.0000
v 20.5000 17.0000 5.0000
v 17.5000 17.0000 5.0000
v 17.5000 -17.0000 33.0000
v 20.5000 -17.0000 33.0000
v 20.5000 17.0000 33.0000
v 17.5000 17.0000 33.0000
f 673 675 674
f 673 676 675
f 677 678 679
f 677 679 680
f 673 674 678
f 673 678 677
f 674 675 679
f 674 679 678
f 675 676 680
f 675 680 679
f 676 673 677
f 676 677 680
g fan_frame_d
usemtl m_fan_frame_d
v 54.5000 -17.0000 5.0000
v 57.5000 -17.0000 5.0000
v 57.5000 17.0000 5.0000
v 54.5000 17.0000 5.0000
v 54.5000 -17.0000 33.0000
v 57.5000 -17.0000 33.0000
v 57.5000 17.0000 33.0000
v 54.5000 17.0000 33.0000
f 681 683 682
f 681 684 683
f 685 686 687
f 685 687 688
f 681 682 686
f 681 686 685
f 682 683 687
f 682 687 686
f 683 684 688
f 683 688 687
f 684 681 685
f 684 685 688
g fan_hub
usemtl m_fan_hub
v 45.5000 0.0000 6.0000
v 45.4316 1.0442 6.0000
v 45.2274 2.0706 6.0000
v 44.8910 3.0615 6.0000
v 44.4282 4.0000 6.0000
v 43.8468 4.8701 6.0000
v 43.1569 5.6569 6.0000
v 42.3701 6.3468 6.0000
v 41.5000 6.9282 6.0000
v 40.5615 7.3910 6.0000
v 39.5706 7.7274 6.0000
v 38.5442 7.9316 6.0000
v 37.5000 8.0000 6.0000
v 36.4558 7.9316 6.0000
v 35.4294 7.7274 6.0000
v 34.4385 7.3910 6.0000
v 33.5000 6.9282 6.0000
v 32.6299 6.3468 6.0000
v 31.8431 5.6569 6.0000
v 31.1532 4.8701 6.0000
v 30.5718 4.0000 6.0000
v 30.1090 3.0615 6.0000
v 29.7726 2.0706 6.0000
v 29.5684 1.0442 6.0000
v 29.5000 0.0000 6.0000
v 29.5684 -1.0442 6.0000
v 29.7726 -2.0706 6.0000
v 30.1090 -3.0615 6.0000
v 30.5718 -4.0000 6.0000
v 31.1532 -4.8701 6.0000
v 31.8431 -5.6569 6.0000
v 32.6299 -6.3468 6.0000
v 33.5000 -6.9282 6.0000
v 34.4385 -7.3910 6.0000
v 35.4294 -7.7274 6.0000
v 36.4558 -7.9316 6.0000
v 37.5000 -8.0000 6.0000
v 38.5442 -7.9316 6.0000
v 39.5706 -7.7274 6.0000
v 40.5615 -7.3910 6.0000
v 41.5000 -6.9282 6.0000
v 42.3701 -6.3468 6.0000
v 43.1569 -5.6569 6.0000
v 43.8468 -4.8701 6.0000
v 44.4282 -4.0000 6.0000
v 44.8910 -3.0615 6.0000
v 45.2274 -2.0706 6.0000
v 45.4316 -1.0442 6.0000
v 45.5000 0.0000 32.0000
v 45.4316 1.0442 32.0000
v 45.2274 2.0706 32.0000
v 44.8910 3.0615 32.0000
v 44.4282 4.0000 32.0000
v 43.8468 4.8701 32.0000
v 43.1569 5.6569 32.0000
v 42.3701 6.3468 32.0000
v 41.5000 6.9282 32.0000
v 40.5615 7.3910 32.0000
v 39.5706 7.7274 32.0000
v 38.5442 7.9316 32.0000
v 37.5000 8.0000 32.0000
v 36.4558 7.9316 32.0000
v 35.4294 7.7274 32.0000
v 34.4385 7.3910 32.0000
v 33.5000 6.9282 32.0000
v 32.6299 6.3468 32.0000
v 31.8431 5.6569 32.0000
v 31.1532 4.8701 32.0000
v 30.5718 4.0000 32.0000
v 30.1090 3.0615 32.0000
v 29.7726 2.0706 32.0000
v 29.5684 1.0442 32.0000
v 29.5000 0.0000 32.0000
v 29.5684 -1.0442 32.0000
v 29.7726 -2.0706 32.0000
v 30.1090 -3.0615 32.0000
v 30.5718 -4.0000 32.0000
v 31.1532 -4.8701 32.0000
v 31.8431 -5.6569 32.0000
v 32.6299 -6.3468 32.0000
v 33.5000 -6.9282 32.0000
v 34.4385 -7.3910 32.0000
v 35.4294 -7.7274 32.0000
v 36.4558 -7.9316 32.0000
v 37.5000 -8.0000 32.0000
v 38.5442 -7.9316 32.0000
v 39.5706 -7.7274 32.0000
v 40.5615 -7.3910 32.0000
v 41.5000 -6.9282 32.0000
v 42.3701 -6.3468 32.0000
v 43.1569 -5.6569 32.0000
v 43.8468 -4.8701 32.0000
v 44.4282 -4.0000 32.0000
v 44.8910 -3.0615 32.0000
v 45.2274 -2.0706 32.0000
v 45.4316 -1.0442 32.0000
v 37.5000 0.0000 6.0000
v 37.5000 0.0000 32.0000
f 689 690 738
f 689 738 737
f 690 691 739
f 690 739 738
f 691 692 740
f 691 740 739
f 692 693 741
f 692 741 740
f 693 694 742
f 693 742 741
f 694 695 743
f 694 743 742
f 695 696 744
f 695 744 743
f 696 697 745
f 696 745 744
f 697 698 746
f 697 746 745
f 698 699 747
f 698 747 746
f 699 700 748
f 699 748 747
f 700 701 749
f 700 749 748
f 701 702 750
f 701 750 749
f 702 703 751
f 702 751 750
f 703 704 752
f 703 752 751
f 704 705 753
f 704 753 752
f 705 706 754
f 705 754 753
f 706 707 755
f 706 755 754
f 707 708 756
f 707 756 755
f 708 709 757
f 708 757 756
f 709 710 758
f 709 758 757
f 710 711 759
f 710 759 758
f 711 712 760
f 711 760 759
f 712 713 761
f 712 761 760
f 713 714 762
f 713 762 761
f 714 715 763
f 714 763 762
f 715 716 764
f 715 764 763
f 716 717 765
f 716 765 764
f 717 718 766
f 717 766 765
f 718 719 767
f 718 767 766
f 719 720 768
f 719 768 767
f 720 721 769
f 720 769 768
f 721 722 770
f 721 770 769
f 722 723 771
f 722 771 770
f 723 724 772
f 723 772 771
f 724 725 773
f 724 773 772
f 725 726 774
f 725 774 773
f 726 727 775
f 726 775 774
f 727 728 776
f 727 776 775
f 728 729 777
f 728 777 776
f 729 730 778
f 729 778 777
f 730 731 779
f 730 779 778
f 731 732 780
f 731 780 779
f 732 733 781
f 732 781 780
f 733 734 782
f 733 782 781
f 734 735 783
f 734 783 782
f 735 736 784
f 735 784 783
f 736 689 737
f 736 737 784
f 785 690 689
f 786 737 738
f 785 691 690
f 786 738 739
f 785 692 691
f 786 739 740
f 785 693 692
f 786 740 741
f 785 694 693
f 786 741 742
f 785 695 694
f 786 742 743
f 785 696 695
f 786 743 744
f 785 697 696
f 786 744 745
f 785 698 697
f 786 745 746
f 785 699 698
f 786 746 747
f 785 700 699
f 786 747 748
f 785 701 700
f 786 748 749
f 785 702 701
f 786 749 750
f 785 703 702
f 786 750 751
f 785 704 703
f 786 751 752
f 785 705 704
f 786 752 753
f 785 706 705
f 786 753 754
f 785 707 706
f 786 754 755
f 785 708 707
f 786 755 756
f 785 709 708
f 786 756 757
f 785 710 709
f 786 757 758
f 785 711 710
f 786 758 759
f 785 712 711
f 786 759 760
f 785 713 712
f 786 760 761
f 785 714 713
f 786 761 762
f 785 715 714
f 786 762 763
f 785 716 715
f 786 763 764
f 785 717 716
f 786 764 765
f 785 718 717
f 786 765 766
f 785 719 718
f 786 766 767
f 785 720 719
f 786 767 768
f 785 721 720
f 786 768 769
f 785 722 721
f 786 769 770
f 785 723 722
f 786 770 771
f 785 724 723
f 786 771 772
f 785 725 724
f 786 772 773
f 785 726 725
f 786 773 774
f 785 727 726
f 786 774 775
f 785 728 727
f 786 775 776
f 785 729 728
f 786 776 777
f 785 730 729
f 786 777 778
f 785 731 730
f 786 778 779
f 785 732 731
f 786 779 780
f 785 733 732
f 786 780 781
f 785 734 733
f 786 781 782
f 785 735 734
f 786 782 783
f 785 736 735
f 786 783 784
f 785 689 736
f 786 784 737
g fan_blade_1
usemtl m_fan_blade_1
v 45.5000 -0.8000 9.0000
v 54.0000 -0.8000 9.0000
v 54.0000 0.8000 9.0000
v 45.5000 0.8000 9.0000
v 45.5000 -0.8000 29.0000
v 54.0000 -0.8000 29.0000
v 54.0000 0.8000 29.0000
v 45.5000 0.8000 29.0000
f 787 789 788
f 787 790 789
f 791 792 793
f 791 793 794
f 787 788 792
f 787 792 791
f 788 789 793
f 788 793 792
f 789 790 794
f 789 794 793
f 790 787 791
f 790 791 794
g fan_blade_2
usemtl m_fan_blade_2
v 43.1134 5.7559 9.0000
v 48.4130 12.4014 9.0000
v 47.1621 13.3990 9.0000
v 41.8625 6.7534 9.0000
v 43.1134 5.7559 29.0000
v 48.4130 12.4014 29.0000
v 47.1621 13.3990 29.0000
v 41.8625 6.7534 29.0000
f 795 797 796
f 795 798 797
f 799 800 801
f 799 801 802
f 795 796 800
f 795 800 799
f 796 797 801
f 796 801 800
f 797 798 802
f 797 802 801
f 798 795 799
f 798 799 802
g fan_blade_3
usemtl m_fan_blade_3
v 36.4998 7.9774 9.0000
v 34.6083 16.2643 9.0000
v 33.0485 15.9083 9.0000
v 34.9399 7.6214 9.0000
v 36.4998 7.9774 29.0000
v 34.6083 16.2643 29.0000
v 33.0485 15.9083 29.0000
v 34.9399 7.6214 29.0000
f 803 805 804
f 803 806 805
f 807 808 809
f 807 809 810
f 803 804 808
f 803 808 807
f 804 805 809
f 804 809 808
f 805 806 810
f 805 810 809
f 806 803 807
f 806 807 810
g fan_blade_4
usemtl m_fan_blade_4
v 30.6394 4.1918 9.0000
v 22.9811 7.8799 9.0000
v 22.2869 6.4383 9.0000
v 29.9451 2.7503 9.0000
v 30.6394 4.1918 29.0000
v 22.9811 7.8799 29.0000
v 22.2869 6.4383 29.0000
v 29.9451 2.7503 29.0000
f 811 813 812
f 811 814 813
f 815 816 817
f 815 817 818
f 811 812 816
f 811 816 815
f 812 813 817
f 812 817 816
f 813 814 818
f 813 818 817
f 814 811 815
f 814 815 818
g fan_blade_5
usemtl m_fan_blade_5
v 29.9451 -2.7503 9.0000
v 22.2869 -6.4383 9.0000
v 22.9811 -7.8799 9.0000
v 30.6394 -4.1918 9.0000
v 29.9451 -2.7503 29.0000
v 22.2869 -6.4383 29.0000
v 22.9811 -7.8799 29.0000
v 30.6394 -4.1918 29.0000
f 819 821 820
f 819 822 821
f 823 824 825
f 823 825 826
f 819 820 824
f 819 824 823
f 820 821 825
f 820 825 824
f 821 822 826
f 821 826 825
f 822 819 823
f 822 823 826
g fan_blade_6
usemtl m_fan_blade_6
v 34.9399 -7.6214 9.0000
v 33.0485 -15.9083 9.0000
v 34.6083 -16.2643 9.0000
v 36.4998 -7.9774 9.0000
v 34.9399 -7.6214 29.0000
v 33.0485 -15.9083 29.0000
v 34.6083 -16.2643 29.0000
v 36.4998 -7.9774 29.0000
f 827 829 828
f 827 830 829
f 831 832 833
f 831 833 834
f 827 828 832
f 827 832 831
f 828 829 833
f 828 833 832
f 829 830 834
f 829 834 833
f 830 827 831
f 830 831 834
g fan_blade_7
usemtl m_fan_blade_7
v 41.8625 -6.7534 9.0000
v 47.1621 -13.3990 9.0000
v 48.4130 -12.4014 9.0000
v 43.1134 -5.7559 9.0000
v 41.8625 -6.7534 29.0000
v 47.1621 -13.3990 29.0000
v 48.4130 -12.4014 29.0000
v 43.1134 -5.7559 29.0000
f 835 837 836
f 835 838 837
f 839 840 841
f 839 841 842
f 835 836 840
f 835 840 839
f 836 837 841
f 836 841 840
f 837 838 842
f 837 842 841
f 838 835 839
f 838 839 842
g fin_01
usemtl m_fin_01
v 12.5000 -24.4500 33.0000
v 62.5000 -24.4500 33.0000
v 62.5000 -23.5500 33.0000
v 12.5000 -23.5500 33.0000
v 12.5000 -24.4500 58.0000
v 62.5000 -24.4500 58.0000
v 62.5000 -23.5500 58.0000
v 12.5000 -23.5500 58.0000
f 843 845 844
f 843 846 845
f 847 848 849
f 847 849 850
f 843 844 848
f 843 848 847
f 844 845 849
f 844 849 848
f 845 846 850
f 845 850 849
f 846 843 847
f 846 847 850
g fin_02
usemtl m_fin_02
v 12.5000 -21.4500 33.0000
v 62.5000 -21.4500 33.0000
v 62.5000 -20.5500 33.0000
v 12.5000 -20.5500 33.0000
v 12.5000 -21.4500 58.0000
v 62.5000 -21.4500 58.0000
v 62.5000 -20.5500 58.0000
v 12.5000 -20.5500 58.0000
f 851 853 852
f 851 854 853
f 855 856 857
f 855 857 858
f 851 852 856
f 851 856 855
f 852 853 857
f 852 857 856
f 853 854 858
f 853 858 857
f 854 851 855
f 854 855 858
g fin_03
usemtl m_fin_03
v 12.5000 -18.4500 33.0000
v 62.5000 -18.4500 33.0000
v 62.5000 -17.5500 33.0000
v 12.5000 -17.5500 33.0000
v 12.5000 -18.4500 58.0000
v 62.5000 -18.4500 58.0000
v 62.5000 -17.5500 58.0000
v 12.5000 -17.5500 58.0000
f 859 861 860
f 859 862 861
f 863 864 865
f 863 865 866
f 859 860 864
f 859 864 863
f 860 861 865
f 860 865 864
f 861 862 866
f 861 866 865
f 862 859 863
f 862 863 866
g fin_04
usemtl m_fin_04
v 12.5000 -15.4500 33.0000
v 62.5000 -15.4500 33.0000
v 62.5000 -14.5500 33.0000
v 12.5000 -14.5500 33.0000
v 12.5000 -15.4500 58.0000
v 62.5000 -15.4500 58.0000
v 62.5000 -14.5500 58.0000
v 12.5000 -14.5500 58.0000
f 867 869 868
f 867 870 869
f 871 872 873
f 871 873 874
f 867 868 872
f 867 872 871
f 868 869 873
f 868 873 872
f 869 870 874
f 869 874 873
f 870 867 871
f 870 871 874
g fin_05
usemtl m_fin_05
v 12.5000 -12.4500 33.0000
v 62.5000 -12.4500 33.0000
v 62.5000 -11.5500 33.0000
v 12.5000 -11.5500 33.0000
v 12.5000 -12.4500 58.0000
v 62.5000 -12.4500 58.0000
v 62.5000 -11.5500 58.0000
v 12.5000 -11.5500 58.0000
f 875 877 876
f 875 878 877
f 879 880 881
f 879 881 882
f 875 876 880
f 875 880 879
f 876 877 881
f 876 881 880
f 877 878 882
f 877 882 881
f 878 875 879
f 878 879 882
g fin_06
usemtl m_fin_06
v 12.5000 -9.4500 33.0000
v 62.5000 -9.4500 33.0000
v 62.5000 -8.5500 33.0000
v 12.5000 -8.5500 33.0000
v 12.5000 -9.4500 58.0000
v 62.5000 -9.4500 58.0000
v 62.5000 -8.5500 58.0000
v 12.5000 -8.5500 58.0000
f 883 885 884
f 883 886 885
f 887 888 889
f 887 889 890
f 883 884 888
f 883 888 887
f 884 885 889
f 884 889 888
f 885 886 890
f 885 890 889
f 886 883 887
f 886 887 890
g fin_07
usemtl m_fin_07
v 12.5000 -6.4500 33.0000
v 62.5000 -6.4500 33.0000
v 62.5000 -5.5500 33.0000
v 12.5000 -5.5500 33.0000
v 12.5000 -6.4500 58.0000
v 62.5000 -6.4500 58.0000
v 62.5000 -5.5500 58.0000
v 12.5000 -5.5500 58.0000
f 891 893 892
f 891 894 893
f 895 896 897
f 895 897 898
f 891 892 896
f 891 896 895
f 892 893 897
f 892 897 896
f 893 894 898
f 893 898 897
f 894 891 895
f 894 895 898
g fin_08
usemtl m_fin_08
v 12.5000 -3.4500 33.0000
v 62.5000 -3.4500 33.0000
v 62.5000 -2.5500 33.0000
v 12.5000 -2.5500 33.0000
v 12.5000 -3.4500 58.0000
v 62.5000 -3.4500 58.0000
v 62.5000 -2.5500 58.0000
v 12.5000 -2.5500 58.0000
f 899 901 900
f 899 902 901
f 903 904 905
f 903 905 906
f 899 900 904
f 899 904 903
f 900 901 905
f 900 905 904
f 901 902 906
f 901 906 905
f 902 899 903
f 902 903 906
g fin_09
usemtl m_fin_09
v 12.5000 -0.4500 33.0000
v 62.5000 -0.4500 33.0000
v 62.5000 0.4500 33.0000
v 12.5000 0.4500 33.0000
v 12.5000 -0.4500 58.0000
v 62.5000 -0.4500 58.0000
v 62.5000 0.4500 58.0000
v 12.5000 0.4500 58.0000
f 907 909 908
f 907 910 909
f 911 912 913
f 911 913 914
f 907 908 912
f 907 912 911
f 908 909 913
f 908 913 912
f 909 910 914
f 909 914 913
f 910 907 911
f 910 911 914
g fin_10
usemtl m_fin_10
v 12.5000 2.5500 33.0000
v 62.5000 2.5500 33.0000
v 62.5000 3.4500 33.0000
v 12.5000 3.4500 33.0000
v 12.5000 2.5500 58.0000
v 62.5000 2.5500 58.0000
v 62.5000 3.4500 58.0000
v 12.5000 3.4500 58.0000
f 915 917 916
f 915 918 917
f 919 920 921
f 919 921 922
f 915 916 920
f 915 920 919
f 916 917 921
f 916 921 920
f 917 918 922
f 917 922 921
f 918 915 919
f 918 919 922
g fin_11
usemtl m_fin_11
v 12.5000 5.5500 33.0000
v 62.5000 5.5500 33.0000
v 62.5000 6.4500 33.0000
v 12.5000 6.4500 33.0000
v 12.5000 5.5500 58.0000
v 62.5000 5.5500 58.0000
v 62.5000 6.4500 58.0000
v 12.5000 6.4500 58.0000
f 923 925 924
f 923 926 925
f 927 928 929
f 927 929 930
f 923 924 928
f 923 928 927
f 924 925 929
f 924 929 928
f 925 926 930
f 925 930 929
f 926 923 927
f 926 927 930
g fin_12
usemtl m_fin_12
v 12.5000 8.5500 33.0000
v 62.5000 8.5500 33.0000
v 62.5000 9.4500 33.0000
v 12.5000 9.4500 33.0000
v 12.5000 8.5500 58.0000
v 62.5000 8.5500 58.0000
v 62.5000 9.4500 58.0000
v 12.5000 9.4500 58.0000
f 931 933 932
f 931 934 933
f 935 936 937
f 935 937 938
f 931 932 936
f 931 936 935
f 932 933 937
f 932 937 936
f 933 934 938
f 933 938 937
f 934 931 935
f 934 935 938
g fin_13
usemtl m_fin_13
v 12.5000 11.5500 33.0000
v 62.5000 11.5500 33.0000
v 62.5000 12.4500 33.0000
v 12.5000 12.4500 33.0000
v 12.5000 11.5500 58.0000
v 62.5000 11.5500 58.0000
v 62.5000 12.4500 58.0000
v 12.5000 12.4500 58.0000
f 939 941 940
f 939 942 941
f 943 944 945
f 943 945 946
f 939 940 944
f 939 944 943
f 940 941 945
f 940 945 944
f 941 942 946
f 941 946 945
f 942 939 943
f 942 943 946
g fin_14
usemtl m_fin_14
v 12.5000 14.5500 33.0000
v 62.5000 14.5500 33.0000
v 62.5000 15.4500 33.0000
v 12.5000 15.4500 33.0000
v 12.5000 14.5500 58.0000
v 62.5000 14.5500 58.0000
v 62.5000 15.4500 58.0000
v 12.5000 15.4500 58.0000
f 947 949 948
f 947 950 949
f 951 952 953
f 951 953 954
f 947 948 952
f 947 952 951
f 948 949 953
f 948 953 952
f 949 950 954
f 949 954 953
f 950 947 951
f 950 951 954
g fin_15
usemtl m_fin_15
v 12.5000 17.5500 33.0000
v 62.5000 17.5500 33.0000
v 62.5000 18.4500 33.0000
v 12.5000 18.4500 33.0000
v 12.5000 17.5500 58.0000
v 62.5000 17.5500 58.0000
v 62.5000 18.4500 58.0000
v 12.5000 18.4500 58.0000
f 955 957 956
f 955 958 957
f 959 960 961
f 959 961 962
f 955 956 960
f 955 960 959
f 956 957 961
f 956 961 960
f 957 958 962
f 957 962 961
f 958 955 959
f 958 959 962
g fin_16
usemtl m_fin_16
v 12.5000 20.5500 33.0000
v 62.5000 20.5500 33.0000
v 62.5000 21.4500 33.0000
v 12.5000 21.4500 33.0000
v 12.5000 20.5500 58.0000
v 62.5000 20.5500 58.0000
v 62.5000 21.4500 58.0000
v 12.5000 21.4500 58.0000
f 963 965 964
f 963 966 965
f 967 968 969
f 967 969 970
f 963 964 968
f 963 968 967
f 964 965 969
f 964 969 968
f 965 966 970
f 965 970 969
f 966 963 967
f 966 967 970
g fin_17
usemtl m_fin_17
v 12.5000 23.5500 33.0000
v 62.5000 23.5500 33.0000
v 62.5000 24.4500 33.0000
v 12.5000 24.4500 33.0000
v 12.5000 23.5500 58.0000
v 62.5000 23.5500 58.0000
v 62.5000 24.4500 58.0000
v 12.5000 24.4500 58.0000
f 971 973 972
f 971 974 973
f 975 976 977
f 975 977 978
f 971 972 976
f 971 976 975
f 972 973 977
f 972 977 976
f 973 974 978
f 973 978 977
f 974 971 975
f 974 975 978
g heatsink_base
usemtl m_heatsink_base
v 12.5000 -25.0000 58.0000
v 62.5000 -25.0000 58.0000
v 62.5000 25.0000 58.0000
v 12.5000 25.0000 58.0000
v 12.5000 -25.0000 63.0000
v 62.5000 -25.0000 63.0000
v 62.5000 25.0000 63.0000
v 12.5000 25.0000 63.0000
f 979 981 980
f 979 982 981
f 983 984 985
f 983 985 986
f 979 980 984
f 979 984 983
f 980 981 985
f 980 985 984
f 981 982 986
f 981 986 985
f 982 979 983
f 982 983 986
g foam_ring_a
usemtl m_foam_ring_a
v 12.5000 -25.0000 63.0000
v 17.5000 -25.0000 63.0000
v 17.5000 25.0000 63.0000
v 12.5000 25.0000 63.0000
v 12.5000 -25.0000 67.0000
v 17.5000 -25.0000 67.0000
v 17.5000 25.0000 67.0000
v 12.5000 25.0000 67.0000
f 987 989 988
f 987 990 989
f 991 992 993
f 991 993 994
f 987 988 992
f 987 992 991
f 988 989 993
f 988 993 992
f 989 990 994
f 989 994 993
f 990 987 991
f 990 991 994
g foam_ring_b
usemtl m_foam_ring_b
v 57.5000 -25.0000 63.0000
v 62.5000 -25.0000 63.0000
v 62.5000 25.0000 63.0000
v 57.5000 25.0000 63.0000
v 57.5000 -25.0000 67.0000
v 62.5000 -25.0000 67.0000
v 62.5000 25.0000 67.0000
v 57.5000 25.0000 67.0000
f 995 997 996
f 995 998 997
f 999 1000 1001
f 999 1001 1002
f 995 996 1000
f 995 1000 999
f 996 997 1001
f 996 1001 1000
f 997 998 1002
f 997 1002 1001
f 998 995 999
f 998 999 1002
g foam_ring_c
usemtl m_foam_ring_c
v 17.5000 -25.0000 63.0000
v 57.5000 -25.0000 63.0000
v 57.5000 -20.0000 63.0000
v 17.5000 -20.0000 63.0000
v 17.5000 -25.0000 67.0000
v 57.5000 -25.0000 67.0000
v 57.5000 -20.0000 67.0000
v 17.5000 -20.0000 67.0000
f 1003 1005 1004
f 1003 1006 1005
f 1007 1008 1009
f 1007 1009 1010
f 1003 1004 1008
f 1003 1008 1007
f 1004 1005 1009
f 1004 1009 1008
f 1005 1006 1010
f 1005 1010 1009
f 1006 1003 1007
f 1006 1007 1010
g foam_ring_d
usemtl m_foam_ring_d
v 17.5000 20.0000 63.0000
v 57.5000 20.0000 63.0000
v 57.5000 25.0000 63.0000
v 17.5000 25.0000 63.0000
v 17.5000 20.0000 67.0000
v 57.5000 20.0000 67.0000
v 57.5000 25.0000 67.0000
v 17.5000 25.0000 67.0000
f 1011 1013 1012
f 1011 1014 1013
f 1015 1016 1017
f 1015 1017 1018
f 1011 1012 1016
f 1011 1016 1015
f 1012 1013 1017
f 1012 1017 1016
f 1013 1014 1018
f 1013 1018 1017
f 1014 1011 1015
f 1014 1015 1018
g tec_hot_face
usemtl m_tec_hot_face
v 17.5000 -20.0000 63.0000
v 57.5000 -20.0000 63.0000
v 57.5000 20.0000 63.0000
v 17.5000 20.0000 63.0000
v 17.5000 -20.0000 64.0000
v 57.5000 -20.0000 64.0000
v 57.5000 20.0000 64.0000
v 17.5000 20.0000 64.0000
f 1019 1021 1020
f 1019 1022 1021
f 1023 1024 1025
f 1023 1025 1026
f 1019 1020 1024
f 1019 1024 1023
f 1020 1021 1025
f 1020 1025 1024
f 1021 1022 1026
f 1021 1026 1025
f 1022 1019 1023
f 1022 1023 1026
g tec_body
usemtl m_tec_body
v 17.5000 -20.0000 64.0000
v 57.5000 -20.0000 64.0000
v 57.5000 20.0000 64.0000
v 17.5000 20.0000 64.0000
v 17.5000 -20.0000 65.8000
v 57.5000 -20.0000 65.8000
v 57.5000 20.0000 65.8000
v 17.5000 20.0000 65.8000
f 1027 1029 1028
f 1027 1030 1029
f 1031 1032 1033
f 1031 1033 1034
f 1027 1028 1032
f 1027 1032 1031
f 1028 1029 1033
f 1028 1033 1032
f 1029 1030 1034
f 1029 1034 1033
f 1030 1027 1031
f 1030 1031 1034
g tec_cold_face
usemtl m_tec_cold_face
v 17.5000 -20.0000 65.8000
v 57.5000 -20.0000 65.8000
v 57.5000 20.0000 65.8000
v 17.5000 20.0000 65.8000
v 17.5000 -20.0000 66.8000
v 57.5000 -20.0000 66.8000
v 57.5000 20.0000 66.8000
v 17.5000 20.0000 66.8000
f 1035 1037 1036
f 1035 1038 1037
f 1039 1040 1041
f 1039 1041 1042
f 1035 1036 1040
f 1035 1040 1039
f 1036 1037 1041
f 1036 1041 1040
f 1037 1038 1042
f 1037 1042 1041
f 1038 1035 1039
f 1038 1039 1042
g water_plate
usemtl m_water_plate
v 17.5000 -20.0000 67.0000
v 57.5000 -20.0000 67.0000
v 57.5000 20.0000 67.0000
v 17.5000 20.0000 67.0000
v 17.5000 -20.0000 75.0000
v 57.5000 -20.0000 75.0000
v 57.5000 20.0000 75.0000
v 17.5000 20.0000 75.0000
f 1043 1045 1044
f 1043 1046 1045
f 1047 1048 1049
f 1047 1049 1050
f 1043 1044 1048
f 1043 1048 1047
f 1044 1045 1049
f 1044 1049 1048
f 1045 1046 1050
f 1045 1050 1049
f 1046 1043 1047
f 1046 1047 1050
g cup_floor
usemtl m_cup_floor
v 68.5000 0.0000 75.0000
v 68.2348 4.0463 75.0000
v 67.4437 8.0234 75.0000
v 66.1403 11.8632 75.0000
v 64.3468 15.5000 75.0000
v 62.0940 18.8716 75.0000
v 59.4203 21.9203 75.0000
v 56.3716 24.5940 75.0000
v 53.0000 26.8468 75.0000
v 49.3632 28.6403 75.0000
v 45.5234 29.9437 75.0000
v 41.5463 30.7348 75.0000
v 37.5000 31.0000 75.0000
v 33.4537 30.7348 75.0000
v 29.4766 29.9437 75.0000
v 25.6368 28.6403 75.0000
v 22.0000 26.8468 75.0000
v 18.6284 24.5940 75.0000
v 15.5797 21.9203 75.0000
v 12.9060 18.8716 75.0000
v 10.6532 15.5000 75.0000
v 8.8597 11.8632 75.0000
v 7.5563 8.0234 75.0000
v 6.7652 4.0463 75.0000
v 6.5000 0.0000 75.0000
v 6.7652 -4.0463 75.0000
v 7.5563 -8.0234 75.0000
v 8.8597 -11.8632 75.0000
v 10.6532 -15.5000 75.0000
v 12.9060 -18.8716 75.0000
v 15.5797 -21.9203 75.0000
v 18.6284 -24.5940 75.0000
v 22.0000 -26.8468 75.0000
v 25.6368 -28.6403 75.0000
v 29.4766 -29.9437 75.0000
v 33.4537 -30.7348 75.0000
v 37.5000 -31.0000 75.0000
v 41.5463 -30.7348 75.0000
v 45.5234 -29.9437 75.0000
v 49.3632 -28.6403 75.0000
v 53.0000 -26.8468 75.0000
v 56.3716 -24.5940 75.0000
v 59.4203 -21.9203 75.0000
v 62.0940 -18.8716 75.0000
v 64.3468 -15.5000 75.0000
v 66.1403 -11.8632 75.0000
v 67.4437 -8.0234 75.0000
v 68.2348 -4.0463 75.0000
v 68.5000 0.0000 77.0000
v 68.2348 4.0463 77.0000
v 67.4437 8.0234 77.0000
v 66.1403 11.8632 77.0000
v 64.3468 15.5000 77.0000
v 62.0940 18.8716 77.0000
v 59.4203 21.9203 77.0000
v 56.3716 24.5940 77.0000
v 53.0000 26.8468 77.0000
v 49.3632 28.6403 77.0000
v 45.5234 29.9437 77.0000
v 41.5463 30.7348 77.0000
v 37.5000 31.0000 77.0000
v 33.4537 30.7348 77.0000
v 29.4766 29.9437 77.0000
v 25.6368 28.6403 77.0000
v 22.0000 26.8468 77.0000
v 18.6284 24.5940 77.0000
v 15.5797 21.9203 77.0000
v 12.9060 18.8716 77.0000
v 10.6532 15.5000 77.0000
v 8.8597 11.8632 77.0000
v 7.5563 8.0234 77.0000
v 6.7652 4.0463 77.0000
v 6.5000 0.0000 77.0000
v 6.7652 -4.0463 77.0000
v 7.5563 -8.0234 77.0000
v 8.8597 -11.8632 77.0000
v 10.6532 -15.5000 77.0000
v 12.9060 -18.8716 77.0000
v 15.5797 -21.9203 77.0000
v 18.6284 -24.5940 77.0000
v 22.0000 -26.8468 77.0000
v 25.6368 -28.6403 77.0000
v 29.4766 -29.9437 77.0000
v 33.4537 -30.7348 77.0000
v 37.5000 -31.0000 77.0000
v 41.5463 -30.7348 77.0000
v 45.5234 -29.9437 77.0000
v 49.3632 -28.6403 77.0000
v 53.0000 -26.8468 77.0000
v 56.3716 -24.5940 77.0000
v 59.4203 -21.9203 77.0000
v 62.0940 -18.8716 77.0000
v 64.3468 -15.5000 77.0000
v 66.1403 -11.8632 77.0000
v 67.4437 -8.0234 77.0000
v 68.2348 -4.0463 77.0000
v 37.5000 0.0000 75.0000
v 37.5000 0.0000 77.0000
f 1051 1052 1100
f 1051 1100 1099
f 1052 1053 1101
f 1052 1101 1100
f 1053 1054 1102
f 1053 1102 1101
f 1054 1055 1103
f 1054 1103 1102
f 1055 1056 1104
f 1055 1104 1103
f 1056 1057 1105
f 1056 1105 1104
f 1057 1058 1106
f 1057 1106 1105
f 1058 1059 1107
f 1058 1107 1106
f 1059 1060 1108
f 1059 1108 1107
f 1060 1061 1109
f 1060 1109 1108
f 1061 1062 1110
f 1061 1110 1109
f 1062 1063 1111
f 1062 1111 1110
f 1063 1064 1112
f 1063 1112 1111
f 1064 1065 1113
f 1064 1113 1112
f 1065 1066 1114
f 1065 1114 1113
f 1066 1067 1115
f 1066 1115 1114
f 1067 1068 1116
f 1067 1116 1115
f 1068 1069 1117
f 1068 1117 1116
f 1069 1070 1118
f 1069 1118 1117
f 1070 1071 1119
f 1070 1119 1118
f 1071 1072 1120
f 1071 1120 1119
f 1072 1073 1121
f 1072 1121 1120
f 1073 1074 1122
f 1073 1122 1121
f 1074 1075 1123
f 1074 1123 1122
f 1075 1076 1124
f 1075 1124 1123
f 1076 1077 1125
f 1076 1125 1124
f 1077 1078 1126
f 1077 1126 1125
f 1078 1079 1127
f 1078 1127 1126
f 1079 1080 1128
f 1079 1128 1127
f 1080 1081 1129
f 1080 1129 1128
f 1081 1082 1130
f 1081 1130 1129
f 1082 1083 1131
f 1082 1131 1130
f 1083 1084 1132
f 1083 1132 1131
f 1084 1085 1133
f 1084 1133 1132
f 1085 1086 1134
f 1085 1134 1133
f 1086 1087 1135
f 1086 1135 1134
f 1087 1088 1136
f 1087 1136 1135
f 1088 1089 1137
f 1088 1137 1136
f 1089 1090 1138
f 1089 1138 1137
f 1090 1091 1139
f 1090 1139 1138
f 1091 1092 1140
f 1091 1140 1139
f 1092 1093 1141
f 1092 1141 1140
f 1093 1094 1142
f 1093 1142 1141
f 1094 1095 1143
f 1094 1143 1142
f 1095 1096 1144
f 1095 1144 1143
f 1096 1097 1145
f 1096 1145 1144
f 1097 1098 1146
f 1097 1146 1145
f 1098 1051 1099
f 1098 1099 1146
f 1147 1052 1051
f 1148 1099 1100
f 1147 1053 1052
f 1148 1100 1101
f 1147 1054 1053
f 1148 1101 1102
f 1147 1055 1054
f 1148 1102 1103
f 1147 1056 1055
f 1148 1103 1104
f 1147 1057 1056
f 1148 1104 1105
f 1147 1058 1057
f 1148 1105 1106
f 1147 1059 1058
f 1148 1106 1107
f 1147 1060 1059
f 1148 1107 1108
f 1147 1061 1060
f 1148 1108 1109
f 1147 1062 1061
f 1148 1109 1110
f 1147 1063 1062
f 1148 1110 1111
f 1147 1064 1063
f 1148 1111 1112
f 1147 1065 1064
f 1148 1112 1113
f 1147 1066 1065
f 1148 1113 1114
f 1147 1067 1066
f 1148 1114 1115
f 1147 1068 1067
f 1148 1115 1116
f 1147 1069 1068
f 1148 1116 1117
f 1147 1070 1069
f 1148 1117 1118
f 1147 1071 1070
f 1148 1118 1119
f 1147 1072 1071
f 1148 1119 1120
f 1147 1073 1072
f 1148 1120 1121
f 1147 1074 1073
f 1148 1121 1122
f 1147 1075 1074
f 1148 1122 1123
f 1147 1076 1075
f 1148 1123 1124
f 1147 1077 1076
f 1148 1124 1125
f 1147 1078 1077
f 1148 1125 1126
f 1147 1079 1078
f 1148 1126 1127
f 1147 1080 1079
f 1148 1127 1128
f 1147 1081 1080
f 1148 1128 1129
f 1147 1082 1081
f 1148 1129 1130
f 1147 1083 1082
f 1148 1130 1131
f 1147 1084 1083
f 1148 1131 1132
f 1147 1085 1084
f 1148 1132 1133
f 1147 1086 1085
f 1148 1133 1134
f 1147 1087 1086
f 1148 1134 1135
f 1147 1088 1087
f 1148 1135 1136
f 1147 1089 1088
f 1148 1136 1137
f 1147 1090 1089
f 1148 1137 1138
f 1147 1091 1090
f 1148 1138 1139
f 1147 1092 1091
f 1148 1139 1140
f 1147 1093 1092
f 1148 1140 1141
f 1147 1094 1093
f 1148 1141 1142
f 1147 1095 1094
f 1148 1142 1143
f 1147 1096 1095
f 1148 1143 1144
f 1147 1097 1096
f 1148 1144 1145
f 1147 1098 1097
f 1148 1145 1146
f 1147 1051 1098
f 1148 1146 1099
g cup_wall
usemtl m_cup_wall
v 68.5000 0.0000 77.0000
v 68.2348 4.0463 77.0000
v 67.4437 8.0234 77.0000
v 66.1403 11.8632 77.0000
v 64.3468 15.5000 77.0000
v 62.0940 18.8716 77.0000
v 59.4203 21.9203 77.0000
v 56.3716 24.5940 77.0000
v 53.0000 26.8468 77.0000
v 49.3632 28.6403 77.0000
v 45.5234 29.9437 77.0000
v 41.5463 30.7348 77.0000
v 37.5000 31.0000 77.0000
v 33.4537 30.7348 77.0000
v 29.4766 29.9437 77.0000
v 25.6368 28.6403 77.0000
v 22.0000 26.8468 77.0000
v 18.6284 24.5940 77.0000
v 15.5797 21.9203 77.0000
v 12.9060 18.8716 77.0000
v 10.6532 15.5000 77.0000
v 8.8597 11.8632 77.0000
v 7.5563 8.0234 77.0000
v 6.7652 4.0463 77.0000
v 6.5000 0.0000 77.0000
v 6.7652 -4.0463 77.0000
v 7.5563 -8.0234 77.0000
v 8.8597 -11.8632 77.0000
v 10.6532 -15.5000 77.0000
v 12.9060 -18.8716 77.0000
v 15.5797 -21.9203 77.0000
v 18.6284 -24.5940 77.0000
v 22.0000 -26.8468 77.0000
v 25.6368 -28.6403 77.0000
v 29.4766 -29.9437 77.0000
v 33.4537 -30.7348 77.0000
v 37.5000 -31.0000 77.0000
v 41.5463 -30.7348 77.0000
v 45.5234 -29.9437 77.0000
v 49.3632 -28.6403 77.0000
v 53.0000 -26.8468 77.0000
v 56.3716 -24.5940 77.0000
v 59.4203 -21.9203 77.0000
v 62.0940 -18.8716 77.0000
v 64.3468 -15.5000 77.0000
v 66.1403 -11.8632 77.0000
v 67.4437 -8.0234 77.0000
v 68.2348 -4.0463 77.0000
v 68.5000 0.0000 183.4000
v 68.2348 4.0463 183.4000
v 67.4437 8.0234 183.4000
v 66.1403 11.8632 183.4000
v 64.3468 15.5000 183.4000
v 62.0940 18.8716 183.4000
v 59.4203 21.9203 183.4000
v 56.3716 24.5940 183.4000
v 53.0000 26.8468 183.4000
v 49.3632 28.6403 183.4000
v 45.5234 29.9437 183.4000
v 41.5463 30.7348 183.4000
v 37.5000 31.0000 183.4000
v 33.4537 30.7348 183.4000
v 29.4766 29.9437 183.4000
v 25.6368 28.6403 183.4000
v 22.0000 26.8468 183.4000
v 18.6284 24.5940 183.4000
v 15.5797 21.9203 183.4000
v 12.9060 18.8716 183.4000
v 10.6532 15.5000 183.4000
v 8.8597 11.8632 183.4000
v 7.5563 8.0234 183.4000
v 6.7652 4.0463 183.4000
v 6.5000 0.0000 183.4000
v 6.7652 -4.0463 183.4000
v 7.5563 -8.0234 183.4000
v 8.8597 -11.8632 183.4000
v 10.6532 -15.5000 183.4000
v 12.9060 -18.8716 183.4000
v 15.5797 -21.9203 183.4000
v 18.6284 -24.5940 183.4000
v 22.0000 -26.8468 183.4000
v 25.6368 -28.6403 183.4000
v 29.4766 -29.9437 183.4000
v 33.4537 -30.7348 183.4000
v 37.5000 -31.0000 183.4000
v 41.5463 -30.7348 183.4000
v 45.5234 -29.9437 183.4000
v 49.3632 -28.6403 183.4000
v 53.0000 -26.8468 183.4000
v 56.3716 -24.5940 183.4000
v 59.4203 -21.9203 183.4000
v 62.0940 -18.8716 183.4000
v 64.3468 -15.5000 183.4000
v 66.1403 -11.8632 183.4000
v 67.4437 -8.0234 183.4000
v 68.2348 -4.0463 183.4000
v 67.5000 0.0000 77.0000
v 67.2433 3.9158 77.0000
v 66.4778 7.7646 77.0000
v 65.2164 11.4805 77.0000
v 63.4808 15.0000 77.0000
v 61.3006 18.2628 77.0000
v 58.7132 21.2132 77.0000
v 55.7628 23.8006 77.0000
v 52.5000 25.9808 77.0000
v 48.9805 27.7164 77.0000
v 45.2646 28.9778 77.0000
v 41.4158 29.7433 77.0000
v 37.5000 30.0000 77.0000
v 33.5842 29.7433 77.0000
v 29.7354 28.9778 77.0000
v 26.0195 27.7164 77.0000
v 22.5000 25.9808 77.0000
v 19.2372 23.8006 77.0000
v 16.2868 21.2132 77.0000
v 13.6994 18.2628 77.0000
v 11.5192 15.0000 77.0000
v 9.7836 11.4805 77.0000
v 8.5222 7.7646 77.0000
v 7.7567 3.9158 77.0000
v 7.5000 0.0000 77.0000
v 7.7567 -3.9158 77.0000
v 8.5222 -7.7646 77.0000
v 9.7836 -11.4805 77.0000
v 11.5192 -15.0000 77.0000
v 13.6994 -18.2628 77.0000
v 16.2868 -21.2132 77.0000
v 19.2372 -23.8006 77.0000
v 22.5000 -25.9808 77.0000
v 26.0195 -27.7164 77.0000
v 29.7354 -28.9778 77.0000
v 33.5842 -29.7433 77.0000
v 37.5000 -30.0000 77.0000
v 41.4158 -29.7433 77.0000
v 45.2646 -28.9778 77.0000
v 48.9805 -27.7164 77.0000
v 52.5000 -25.9808 77.0000
v 55.7628 -23.8006 77.0000
v 58.7132 -21.2132 77.0000
v 61.3006 -18.2628 77.0000
v 63.4808 -15.0000 77.0000
v 65.2164 -11.4805 77.0000
v 66.4778 -7.7646 77.0000
v 67.2433 -3.9158 77.0000
v 67.5000 0.0000 183.4000
v 67.2433 3.9158 183.4000
v 66.4778 7.7646 183.4000
v 65.2164 11.4805 183.4000
v 63.4808 15.0000 183.4000
v 61.3006 18.2628 183.4000
v 58.7132 21.2132 183.4000
v 55.7628 23.8006 183.4000
v 52.5000 25.9808 183.4000
v 48.9805 27.7164 183.4000
v 45.2646 28.9778 183.4000
v 41.4158 29.7433 183.4000
v 37.5000 30.0000 183.4000
v 33.5842 29.7433 183.4000
v 29.7354 28.9778 183.4000
v 26.0195 27.7164 183.4000
v 22.5000 25.9808 183.4000
v 19.2372 23.8006 183.4000
v 16.2868 21.2132 183.4000
v 13.6994 18.2628 183.4000
v 11.5192 15.0000 183.4000
v 9.7836 11.4805 183.4000
v 8.5222 7.7646 183.4000
v 7.7567 3.9158 183.4000
v 7.5000 0.0000 183.4000
v 7.7567 -3.9158 183.4000
v 8.5222 -7.7646 183.4000
v 9.7836 -11.4805 183.4000
v 11.5192 -15.0000 183.4000
v 13.6994 -18.2628 183.4000
v 16.2868 -21.2132 183.4000
v 19.2372 -23.8006 183.4000
v 22.5000 -25.9808 183.4000
v 26.0195 -27.7164 183.4000
v 29.7354 -28.9778 183.4000
v 33.5842 -29.7433 183.4000
v 37.5000 -30.0000 183.4000
v 41.4158 -29.7433 183.4000
v 45.2646 -28.9778 183.4000
v 48.9805 -27.7164 183.4000
v 52.5000 -25.9808 183.4000
v 55.7628 -23.8006 183.4000
v 58.7132 -21.2132 183.4000
v 61.3006 -18.2628 183.4000
v 63.4808 -15.0000 183.4000
v 65.2164 -11.4805 183.4000
v 66.4778 -7.7646 183.4000
v 67.2433 -3.9158 183.4000
f 1149 1150 1198
f 1149 1198 1197
f 1150 1151 1199
f 1150 1199 1198
f 1151 1152 1200
f 1151 1200 1199
f 1152 1153 1201
f 1152 1201 1200
f 1153 1154 1202
f 1153 1202 1201
f 1154 1155 1203
f 1154 1203 1202
f 1155 1156 1204
f 1155 1204 1203
f 1156 1157 1205
f 1156 1205 1204
f 1157 1158 1206
f 1157 1206 1205
f 1158 1159 1207
f 1158 1207 1206
f 1159 1160 1208
f 1159 1208 1207
f 1160 1161 1209
f 1160 1209 1208
f 1161 1162 1210
f 1161 1210 1209
f 1162 1163 1211
f 1162 1211 1210
f 1163 1164 1212
f 1163 1212 1211
f 1164 1165 1213
f 1164 1213 1212
f 1165 1166 1214
f 1165 1214 1213
f 1166 1167 1215
f 1166 1215 1214
f 1167 1168 1216
f 1167 1216 1215
f 1168 1169 1217
f 1168 1217 1216
f 1169 1170 1218
f 1169 1218 1217
f 1170 1171 1219
f 1170 1219 1218
f 1171 1172 1220
f 1171 1220 1219
f 1172 1173 1221
f 1172 1221 1220
f 1173 1174 1222
f 1173 1222 1221
f 1174 1175 1223
f 1174 1223 1222
f 1175 1176 1224
f 1175 1224 1223
f 1176 1177 1225
f 1176 1225 1224
f 1177 1178 1226
f 1177 1226 1225
f 1178 1179 1227
f 1178 1227 1226
f 1179 1180 1228
f 1179 1228 1227
f 1180 1181 1229
f 1180 1229 1228
f 1181 1182 1230
f 1181 1230 1229
f 1182 1183 1231
f 1182 1231 1230
f 1183 1184 1232
f 1183 1232 1231
f 1184 1185 1233
f 1184 1233 1232
f 1185 1186 1234
f 1185 1234 1233
f 1186 1187 1235
f 1186 1235 1234
f 1187 1188 1236
f 1187 1236 1235
f 1188 1189 1237
f 1188 1237 1236
f 1189 1190 1238
f 1189 1238 1237
f 1190 1191 1239
f 1190 1239 1238
f 1191 1192 1240
f 1191 1240 1239
f 1192 1193 1241
f 1192 1241 1240
f 1193 1194 1242
f 1193 1242 1241
f 1194 1195 1243
f 1194 1243 1242
f 1195 1196 1244
f 1195 1244 1243
f 1196 1149 1197
f 1196 1197 1244
f 1245 1294 1246
f 1245 1293 1294
f 1149 1245 1246
f 1149 1246 1150
f 1197 1198 1294
f 1197 1294 1293
f 1246 1295 1247
f 1246 1294 1295
f 1150 1246 1247
f 1150 1247 1151
f 1198 1199 1295
f 1198 1295 1294
f 1247 1296 1248
f 1247 1295 1296
f 1151 1247 1248
f 1151 1248 1152
f 1199 1200 1296
f 1199 1296 1295
f 1248 1297 1249
f 1248 1296 1297
f 1152 1248 1249
f 1152 1249 1153
f 1200 1201 1297
f 1200 1297 1296
f 1249 1298 1250
f 1249 1297 1298
f 1153 1249 1250
f 1153 1250 1154
f 1201 1202 1298
f 1201 1298 1297
f 1250 1299 1251
f 1250 1298 1299
f 1154 1250 1251
f 1154 1251 1155
f 1202 1203 1299
f 1202 1299 1298
f 1251 1300 1252
f 1251 1299 1300
f 1155 1251 1252
f 1155 1252 1156
f 1203 1204 1300
f 1203 1300 1299
f 1252 1301 1253
f 1252 1300 1301
f 1156 1252 1253
f 1156 1253 1157
f 1204 1205 1301
f 1204 1301 1300
f 1253 1302 1254
f 1253 1301 1302
f 1157 1253 1254
f 1157 1254 1158
f 1205 1206 1302
f 1205 1302 1301
f 1254 1303 1255
f 1254 1302 1303
f 1158 1254 1255
f 1158 1255 1159
f 1206 1207 1303
f 1206 1303 1302
f 1255 1304 1256
f 1255 1303 1304
f 1159 1255 1256
f 1159 1256 1160
f 1207 1208 1304
f 1207 1304 1303
f 1256 1305 1257
f 1256 1304 1305
f 1160 1256 1257
f 1160 1257 1161
f 1208 1209 1305
f 1208 1305 1304
f 1257 1306 1258
f 1257 1305 1306
f 1161 1257 1258
f 1161 1258 1162
f 1209 1210 1306
f 1209 1306 1305
f 1258 1307 1259
f 1258 1306 1307
f 1162 1258 1259
f 1162 1259 1163
f 1210 1211 1307
f 1210 1307 1306
f 1259 1308 1260
f 1259 1307 1308
f 1163 1259 1260
f 1163 1260 1164
f 1211 1212 1308
f 1211 1308 1307
f 1260 1309 1261
f 1260 1308 1309
f 1164 1260 1261
f 1164 1261 1165
f 1212 1213 1309
f 1212 1309 1308
f 1261 1310 1262
f 1261 1309 1310
f 1165 1261 1262
f 1165 1262 1166
f 1213 1214 1310
f 1213 1310 1309
f 1262 1311 1263
f 1262 1310 1311
f 1166 1262 1263
f 1166 1263 1167
f 1214 1215 1311
f 1214 1311 1310
f 1263 1312 1264
f 1263 1311 1312
f 1167 1263 1264
f 1167 1264 1168
f 1215 1216 1312
f 1215 1312 1311
f 1264 1313 1265
f 1264 1312 1313
f 1168 1264 1265
f 1168 1265 1169
f 1216 1217 1313
f 1216 1313 1312
f 1265 1314 1266
f 1265 1313 1314
f 1169 1265 1266
f 1169 1266 1170
f 1217 1218 1314
f 1217 1314 1313
f 1266 1315 1267
f 1266 1314 1315
f 1170 1266 1267
f 1170 1267 1171
f 1218 1219 1315
f 1218 1315 1314
f 1267 1316 1268
f 1267 1315 1316
f 1171 1267 1268
f 1171 1268 1172
f 1219 1220 1316
f 1219 1316 1315
f 1268 1317 1269
f 1268 1316 1317
f 1172 1268 1269
f 1172 1269 1173
f 1220 1221 1317
f 1220 1317 1316
f 1269 1318 1270
f 1269 1317 1318
f 1173 1269 1270
f 1173 1270 1174
f 1221 1222 1318
f 1221 1318 1317
f 1270 1319 1271
f 1270 1318 1319
f 1174 1270 1271
f 1174 1271 1175
f 1222 1223 1319
f 1222 1319 1318
f 1271 1320 1272
f 1271 1319 1320
f 1175 1271 1272
f 1175 1272 1176
f 1223 1224 1320
f 1223 1320 1319
f 1272 1321 1273
f 1272 1320 1321
f 1176 1272 1273
f 1176 1273 1177
f 1224 1225 1321
f 1224 1321 1320
f 1273 1322 1274
f 1273 1321 1322
f 1177 1273 1274
f 1177 1274 1178
f 1225 1226 1322
f 1225 1322 1321
f 1274 1323 1275
f 1274 1322 1323
f 1178 1274 1275
f 1178 1275 1179
f 1226 1227 1323
f 1226 1323 1322
f 1275 1324 1276
f 1275 1323 1324
f 1179 1275 1276
f 1179 1276 1180
f 1227 1228 1324
f 1227 1324 1323
f 1276 1325 1277
f 1276 1324 1325
f 1180 1276 1277
f 1180 1277 1181
f 1228 1229 1325
f 1228 1325 1324
f 1277 1326 1278
f 1277 1325 1326
f 1181 1277 1278
f 1181 1278 1182
f 1229 1230 1326
f 1229 1326 1325
f 1278 1327 1279
f 1278 1326 1327
f 1182 1278 1279
f 1182 1279 1183
f 1230 1231 1327
f 1230 1327 1326
f 1279 1328 1280
f 1279 1327 1328
f 1183 1279 1280
f 1183 1280 1184
f 1231 1232 1328
f 1231 1328 1327
f 1280 1329 1281
f 1280 1328 1329
f 1184 1280 1281
f 1184 1281 1185
f 1232 1233 1329
f 1232 1329 1328
f 1281 1330 1282
f 1281 1329 1330
f 1185 1281 1282
f 1185 1282 1186
f 1233 1234 1330
f 1233 1330 1329
f 1282 1331 1283
f 1282 1330 1331
f 1186 1282 1283
f 1186 1283 1187
f 1234 1235 1331
f 1234 1331 1330
f 1283 1332 1284
f 1283 1331 1332
f 1187 1283 1284
f 1187 1284 1188
f 1235 1236 1332
f 1235 1332 1331
f 1284 1333 1285
f 1284 1332 1333
f 1188 1284 1285
f 1188 1285 1189
f 1236 1237 1333
f 1236 1333 1332
f 1285 1334 1286
f 1285 1333 1334
f 1189 1285 1286
f 1189 1286 1190
f 1237 1238 1334
f 1237 1334 1333
f 1286 1335 1287
f 1286 1334 1335
f 1190 1286 1287
f 1190 1287 1191
f 1238 1239 1335
f 1238 1335 1334
f 1287 1336 1288
f 1287 1335 1336
f 1191 1287 1288
f 1191 1288 1192
f 1239 1240 1336
f 1239 1336 1335
f 1288 1337 1289
f 1288 1336 1337
f 1192 1288 1289
f 1192 1289 1193
f 1240 1241 1337
f 1240 1337 1336
f 1289 1338 1290
f 1289 1337 1338
f 1193 1289 1290
f 1193 1290 1194
f 1241 1242 1338
f 1241 1338 1337
f 1290 1339 1291
f 1290 1338 1339
f 1194 1290 1291
f 1194 1291 1195
f 1242 1243 1339
f 1242 1339 1338
f 1291 1340 1292
f 1291 1339 1340
f 1195 1291 1292
f 1195 1292 1196
f 1243 1244 1340
f 1243 1340 1339
f 1292 1293 1245
f 1292 1340 1293
f 1196 1292 1245
f 1196 1245 1149
f 1244 1197 1293
f 1244 1293 1340
g insulation_sleeve
usemtl m_insulation_sleeve
v 73.5000 0.0000 77.0000
v 73.1920 4.6989 77.0000
v 72.2733 9.3175 77.0000
v 70.7597 13.7766 77.0000
v 68.6769 18.0000 77.0000
v 66.0607 21.9154 77.0000
v 62.9558 25.4558 77.0000
v 59.4154 28.5607 77.0000
v 55.5000 31.1769 77.0000
v 51.2766 33.2597 77.0000
v 46.8175 34.7733 77.0000
v 42.1989 35.6920 77.0000
v 37.5000 36.0000 77.0000
v 32.8011 35.6920 77.0000
v 28.1825 34.7733 77.0000
v 23.7234 33.2597 77.0000
v 19.5000 31.1769 77.0000
v 15.5846 28.5607 77.0000
v 12.0442 25.4558 77.0000
v 8.9393 21.9154 77.0000
v 6.3231 18.0000 77.0000
v 4.2403 13.7766 77.0000
v 2.7267 9.3175 77.0000
v 1.8080 4.6989 77.0000
v 1.5000 0.0000 77.0000
v 1.8080 -4.6989 77.0000
v 2.7267 -9.3175 77.0000
v 4.2403 -13.7766 77.0000
v 6.3231 -18.0000 77.0000
v 8.9393 -21.9154 77.0000
v 12.0442 -25.4558 77.0000
v 15.5846 -28.5607 77.0000
v 19.5000 -31.1769 77.0000
v 23.7234 -33.2597 77.0000
v 28.1825 -34.7733 77.0000
v 32.8011 -35.6920 77.0000
v 37.5000 -36.0000 77.0000
v 42.1989 -35.6920 77.0000
v 46.8175 -34.7733 77.0000
v 51.2766 -33.2597 77.0000
v 55.5000 -31.1769 77.0000
v 59.4154 -28.5607 77.0000
v 62.9558 -25.4558 77.0000
v 66.0607 -21.9154 77.0000
v 68.6769 -18.0000 77.0000
v 70.7597 -13.7766 77.0000
v 72.2733 -9.3175 77.0000
v 73.1920 -4.6989 77.0000
v 73.5000 0.0000 183.4000
v 73.1920 4.6989 183.4000
v 72.2733 9.3175 183.4000
v 70.7597 13.7766 183.4000
v 68.6769 18.0000 183.4000
v 66.0607 21.9154 183.4000
v 62.9558 25.4558 183.4000
v 59.4154 28.5607 183.4000
v 55.5000 31.1769 183.4000
v 51.2766 33.2597 183.4000
v 46.8175 34.7733 183.4000
v 42.1989 35.6920 183.4000
v 37.5000 36.0000 183.4000
v 32.8011 35.6920 183.4000
v 28.1825 34.7733 183.4000
v 23.7234 33.2597 183.4000
v 19.5000 31.1769 183.4000
v 15.5846 28.5607 183.4000
v 12.0442 25.4558 183.4000
v 8.9393 21.9154 183.4000
v 6.3231 18.0000 183.4000
v 4.2403 13.7766 183.4000
v 2.7267 9.3175 183.4000
v 1.8080 4.6989 183.4000
v 1.5000 0.0000 183.4000
v 1.8080 -4.6989 183.4000
v 2.7267 -9.3175 183.4000
v 4.2403 -13.7766 183.4000
v 6.3231 -18.0000 183.4000
v 8.9393 -21.9154 183.4000
v 12.0442 -25.4558 183.4000
v 15.5846 -28.5607 183.4000
v 19.5000 -31.1769 183.4000
v 23.7234 -33.2597 183.4000
v 28.1825 -34.7733 183.4000
v 32.8011 -35.6920 183.4000
v 37.5000 -36.0000 183.4000
v 42.1989 -35.6920 183.4000
v 46.8175 -34.7733 183.4000
v 51.2766 -33.2597 183.4000
v 55.5000 -31.1769 183.4000
v 59.4154 -28.5607 183.4000
v 62.9558 -25.4558 183.4000
v 66.0607 -21.9154 183.4000
v 68.6769 -18.0000 183.4000
v 70.7597 -13.7766 183.4000
v 72.2733 -9.3175 183.4000
v 73.1920 -4.6989 183.4000
v 68.5000 0.0000 77.0000
v 68.2348 4.0463 77.0000
v 67.4437 8.0234 77.0000
v 66.1403 11.8632 77.0000
v 64.3468 15.5000 77.0000
v 62.0940 18.8716 77.0000
v 59.4203 21.9203 77.0000
v 56.3716 24.5940 77.0000
v 53.0000 26.8468 77.0000
v 49.3632 28.6403 77.0000
v 45.5234 29.9437 77.0000
v 41.5463 30.7348 77.0000
v 37.5000 31.0000 77.0000
v 33.4537 30.7348 77.0000
v 29.4766 29.9437 77.0000
v 25.6368 28.6403 77.0000
v 22.0000 26.8468 77.0000
v 18.6284 24.5940 77.0000
v 15.5797 21.9203 77.0000
v 12.9060 18.8716 77.0000
v 10.6532 15.5000 77.0000
v 8.8597 11.8632 77.0000
v 7.5563 8.0234 77.0000
v 6.7652 4.0463 77.0000
v 6.5000 0.0000 77.0000
v 6.7652 -4.0463 77.0000
v 7.5563 -8.0234 77.0000
v 8.8597 -11.8632 77.0000
v 10.6532 -15.5000 77.0000
v 12.9060 -18.8716 77.0000
v 15.5797 -21.9203 77.0000
v 18.6284 -24.5940 77.0000
v 22.0000 -26.8468 77.0000
v 25.6368 -28.6403 77.0000
v 29.4766 -29.9437 77.0000
v 33.4537 -30.7348 77.0000
v 37.5000 -31.0000 77.0000
v 41.5463 -30.7348 77.0000
v 45.5234 -29.9437 77.0000
v 49.3632 -28.6403 77.0000
v 53.0000 -26.8468 77.0000
v 56.3716 -24.5940 77.0000
v 59.4203 -21.9203 77.0000
v 62.0940 -18.8716 77.0000
v 64.3468 -15.5000 77.0000
v 66.1403 -11.8632 77.0000
v 67.4437 -8.0234 77.0000
v 68.2348 -4.0463 77.0000
v 68.5000 0.0000 183.4000
v 68.2348 4.0463 183.4000
v 67.4437 8.0234 183.4000
v 66.1403 11.8632 183.4000
v 64.3468 15.5000 183.4000
v 62.0940 18.8716 183.4000
v 59.4203 21.9203 183.4000
v 56.3716 24.5940 183.4000
v 53.0000 26.8468 183.4000
v 49.3632 28.6403 183.4000
v 45.5234 29.9437 183.4000
v 41.5463 30.7348 183.4000
v 37.5000 31.0000 183.4000
v 33.4537 30.7348 183.4000
v 29.4766 29.9437 183.4000
v 25.6368 28.6403 183.4000
v 22.0000 26.8468 183.4000
v 18.6284 24.5940 183.4000
v 15.5797 21.9203 183.4000
v 12.9060 18.8716 183.4000
v 10.6532 15.5000 183.4000
v 8.8597 11.8632 183.4000
v 7.5563 8.0234 183.4000
v 6.7652 4.0463 183.4000
v 6.5000 0.0000 183.4000
v 6.7652 -4.0463 183.4000
v 7.5563 -8.0234 183.4000
v 8.8597 -11.8632 183.4000
v 10.6532 -15.5000 183.4000
v 12.9060 -18.8716 183.4000
v 15.5797 -21.9203 183.4000
v 18.6284 -24.5940 183.4000
v 22.0000 -26.8468 183.4000
v 25.6368 -28.6403 183.4000
v 29.4766 -29.9437 183.4000
v 33.4537 -30.7348 183.4000
v 37.5000 -31.0000 183.4000
v 41.5463 -30.7348 183.4000
v 45.5234 -29.9437 183.4000
v 49.3632 -28.6403 183.4000
v 53.0000 -26.8468 183.4000
v 56.3716 -24.5940 183.4000
v 59.4203 -21.9203 183.4000
v 62.0940 -18.8716 183.4000
v 64.3468 -15.5000 183.4000
v 66.1403 -11.8632 183.4000
v 67.4437 -8.0234 183.4000
v 68.2348 -4.0463 183.4000
f 1341 1342 1390
f 1341 1390 1389
f 1342 1343 1391
f 1342 1391 1390
f 1343 1344 1392
f 1343 1392 1391
f 1344 1345 1393
f 1344 1393 1392
f 1345 1346 1394
f 1345 1394 1393
f 1346 1347 1395
f 1346 1395 1394
f 1347 1348 1396
f 1347 1396 1395
f 1348 1349 1397
f 1348 1397 1396
f 1349 1350 1398
f 1349 1398 1397
f 1350 1351 1399
f 1350 1399 1398
f 1351 1352 1400
f 1351 1400 1399
f 1352 1353 1401
f 1352 1401 1400
f 1353 1354 1402
f 1353 1402 1401
f 1354 1355 1403
f 1354 1403 1402
f 1355 1356 1404
f 1355 1404 1403
f 1356 1357 1405
f 1356 1405 1404
f 1357 1358 1406
f 1357 1406 1405
f 1358 1359 1407
f 1358 1407 1406
f 1359 1360 1408
f 1359 1408 1407
f 1360 1361 1409
f 1360 1409 1408
f 1361 1362 1410
f 1361 1410 1409
f 1362 1363 1411
f 1362 1411 1410
f 1363 1364 1412
f 1363 1412 1411
f 1364 1365 1413
f 1364 1413 1412
f 1365 1366 1414
f 1365 1414 1413
f 1366 1367 1415
f 1366 1415 1414
f 1367 1368 1416
f 1367 1416 1415
f 1368 1369 1417
f 1368 1417 1416
f 1369 1370 1418
f 1369 1418 1417
f 1370 1371 1419
f 1370 1419 1418
f 1371 1372 1420
f 1371 1420 1419
f 1372 1373 1421
f 1372 1421 1420
f 1373 1374 1422
f 1373 1422 1421
f 1374 1375 1423
f 1374 1423 1422
f 1375 1376 1424
f 1375 1424 1423
f 1376 1377 1425
f 1376 1425 1424
f 1377 1378 1426
f 1377 1426 1425
f 1378 1379 1427
f 1378 1427 1426
f 1379 1380 1428
f 1379 1428 1427
f 1380 1381 1429
f 1380 1429 1428
f 1381 1382 1430
f 1381 1430 1429
f 1382 1383 1431
f 1382 1431 1430
f 1383 1384 1432
f 1383 1432 1431
f 1384 1385 1433
f 1384 1433 1432
f 1385 1386 1434
f 1385 1434 1433
f 1386 1387 1435
f 1386 1435 1434
f 1387 1388 1436
f 1387 1436 1435
f 1388 1341 1389
f 1388 1389 1436
f 1437 1486 1438
f 1437 1485 1486
f 1341 1437 1438
f 1341 1438 1342
f 1389 1390 1486
f 1389 1486 1485
f 1438 1487 1439
f 1438 1486 1487
f 1342 1438 1439
f 1342 1439 1343
f 1390 1391 1487
f 1390 1487 1486
f 1439 1488 1440
f 1439 1487 1488
f 1343 1439 1440
f 1343 1440 1344
f 1391 1392 1488
f 1391 1488 1487
f 1440 1489 1441
f 1440 1488 1489
f 1344 1440 1441
f 1344 1441 1345
f 1392 1393 1489
f 1392 1489 1488
f 1441 1490 1442
f 1441 1489 1490
f 1345 1441 1442
f 1345 1442 1346
f 1393 1394 1490
f 1393 1490 1489
f 1442 1491 1443
f 1442 1490 1491
f 1346 1442 1443
f 1346 1443 1347
f 1394 1395 1491
f 1394 1491 1490
f 1443 1492 1444
f 1443 1491 1492
f 1347 1443 1444
f 1347 1444 1348
f 1395 1396 1492
f 1395 1492 1491
f 1444 1493 1445
f 1444 1492 1493
f 1348 1444 1445
f 1348 1445 1349
f 1396 1397 1493
f 1396 1493 1492
f 1445 1494 1446
f 1445 1493 1494
f 1349 1445 1446
f 1349 1446 1350
f 1397 1398 1494
f 1397 1494 1493
f 1446 1495 1447
f 1446 1494 1495
f 1350 1446 1447
f 1350 1447 1351
f 1398 1399 1495
f 1398 1495 1494
f 1447 1496 1448
f 1447 1495 1496
f 1351 1447 1448
f 1351 1448 1352
f 1399 1400 1496
f 1399 1496 1495
f 1448 1497 1449
f 1448 1496 1497
f 1352 1448 1449
f 1352 1449 1353
f 1400 1401 1497
f 1400 1497 1496
f 1449 1498 1450
f 1449 1497 1498
f 1353 1449 1450
f 1353 1450 1354
f 1401 1402 1498
f 1401 1498 1497
f 1450 1499 1451
f 1450 1498 1499
f 1354 1450 1451
f 1354 1451 1355
f 1402 1403 1499
f 1402 1499 1498
f 1451 1500 1452
f 1451 1499 1500
f 1355 1451 1452
f 1355 1452 1356
f 1403 1404 1500
f 1403 1500 1499
f 1452 1501 1453
f 1452 1500 1501
f 1356 1452 1453
f 1356 1453 1357
f 1404 1405 1501
f 1404 1501 1500
f 1453 1502 1454
f 1453 1501 1502
f 1357 1453 1454
f 1357 1454 1358
f 1405 1406 1502
f 1405 1502 1501
f 1454 1503 1455
f 1454 1502 1503
f 1358 1454 1455
f 1358 1455 1359
f 1406 1407 1503
f 1406 1503 1502
f 1455 1504 1456
f 1455 1503 1504
f 1359 1455 1456
f 1359 1456 1360
f 1407 1408 1504
f 1407 1504 1503
f 1456 1505 1457
f 1456 1504 1505
f 1360 1456 1457
f 1360 1457 1361
f 1408 1409 1505
f 1408 1505 1504
f 1457 1506 1458
f 1457 1505 1506
f 1361 1457 1458
f 1361 1458 1362
f 1409 1410 1506
f 1409 1506 1505
f 1458 1507 1459
f 1458 1506 1507
f 1362 1458 1459
f 1362 1459 1363
f 1410 1411 1507
f 1410 1507 1506
f 1459 1508 1460
f 1459 1507 1508
f 1363 1459 1460
f 1363 1460 1364
f 1411 1412 1508
f 1411 1508 1507
f 1460 1509 1461
f 1460 1508 1509
f 1364 1460 1461
f 1364 1461 1365
f 1412 1413 1509
f 1412 1509 1508
f 1461 1510 1462
f 1461 1509 1510
f 1365 1461 1462
f 1365 1462 1366
f 1413 1414 1510
f 1413 1510 1509
f 1462 1511 1463
f 1462 1510 1511
f 1366 1462 1463
f 1366 1463 1367
f 1414 1415 1511
f 1414 1511 1510
f 1463 1512 1464
f 1463 1511 1512
f 1367 1463 1464
f 1367 1464 1368
f 1415 1416 1512
f 1415 1512 1511
f 1464 1513 1465
f 1464 1512 1513
f 1368 1464 1465
f 1368 1465 1369
f 1416 1417 1513
f 1416 1513 1512
f 1465 1514 1466
f 1465 1513 1514
f 1369 1465 1466
f 1369 1466 1370
f 1417 1418 1514
f 1417 1514 1513
f 1466 1515 1467
f 1466 1514 1515
f 1370 1466 1467
f 1370 1467 1371
f 1418 1419 1515
f 1418 1515 1514
f 1467 1516 1468
f 1467 1515 1516
f 1371 1467 1468
f 1371 1468 1372
f 1419 1420 1516
f 1419 1516 1515
f 1468 1517 1469
f 1468 1516 1517
f 1372 1468 1469
f 1372 1469 1373
f 1420 1421 1517
f 1420 1517 1516
f 1469 1518 1470
f 1469 1517 1518
f 1373 1469 1470
f 1373 1470 1374
f 1421 1422 1518
f 1421 1518 1517
f 1470 1519 1471
f 1470 1518 1519
f 1374 1470 1471
f 1374 1471 1375
f 1422 1423 1519
f 1422 1519 1518
f 1471 1520 1472
f 1471 1519 1520
f 1375 1471 1472
f 1375 1472 1376
f 1423 1424 1520
f 1423 1520 1519
f 1472 1521 1473
f 1472 1520 1521
f 1376 1472 1473
f 1376 1473 1377
f 1424 1425 1521
f 1424 1521 1520
f 1473 1522 1474
f 1473 1521 1522
f 1377 1473 1474
f 1377 1474 1378
f 1425 1426 1522
f 1425 1522 1521
f 1474 1523 1475
f 1474 1522 1523
f 1378 1474 1475
f 1378 1475 1379
f 1426 1427 1523
f 1426 1523 1522
f 1475 1524 1476
f 1475 1523 1524
f 1379 1475 1476
f 1379 1476 1380
f 1427 1428 1524
f 1427 1524 1523
f 1476 1525 1477
f 1476 1524 1525
f 1380 1476 1477
f 1380 1477 1381
f 1428 1429 1525
f 1428 1525 1524
f 1477 1526 1478
f 1477 1525 1526
f 1381 1477 1478
f 1381 1478 1382
f 1429 1430 1526
f 1429 1526 1525
f 1478 1527 1479
f 1478 1526 1527
f 1382 1478 1479
f 1382 1479 1383
f 1430 1431 1527
f 1430 1527 1526
f 1479 1528 1480
f 1479 1527 1528
f 1383 1479 1480
f 1383 1480 1384
f 1431 1432 1528
f 1431 1528 1527
f 1480 1529 1481
f 1480 1528 1529
f 1384 1480 1481
f 1384 1481 1385
f 1432 1433 1529
f 1432 1529 1528
f 1481 1530 1482
f 1481 1529 1530
f 1385 1481 1482
f 1385 1482 1386
f 1433 1434 1530
f 1433 1530 1529
f 1482 1531 1483
f 1482 1530 1531
f 1386 1482 1483
f 1386 1483 1387
f 1434 1435 1531
f 1434 1531 1530
f 1483 1532 1484
f 1483 1531 1532
f 1387 1483 1484
f 1387 1484 1388
f 1435 1436 1532
f 1435 1532 1531
f 1484 1485 1437
f 1484 1532 1485
f 1388 1484 1437
f 1388 1437 1341
f 1436 1389 1485
f 1436 1485 1532
g water
usemtl m_water
v 67.5000 0.0000 77.0000
v 67.2433 3.9158 77.0000
v 66.4778 7.7646 77.0000
v 65.2164 11.4805 77.0000
v 63.4808 15.0000 77.0000
v 61.3006 18.2628 77.0000
v 58.7132 21.2132 77.0000
v 55.7628 23.8006 77.0000
v 52.5000 25.9808 77.0000
v 48.9805 27.7164 77.0000
v 45.2646 28.9778 77.0000
v 41.4158 29.7433 77.0000
v 37.5000 30.0000 77.0000
v 33.5842 29.7433 77.0000
v 29.7354 28.9778 77.0000
v 26.0195 27.7164 77.0000
v 22.5000 25.9808 77.0000
v 19.2372 23.8006 77.0000
v 16.2868 21.2132 77.0000
v 13.6994 18.2628 77.0000
v 11.5192 15.0000 77.0000
v 9.7836 11.4805 77.0000
v 8.5222 7.7646 77.0000
v 7.7567 3.9158 77.0000
v 7.5000 0.0000 77.0000
v 7.7567 -3.9158 77.0000
v 8.5222 -7.7646 77.0000
v 9.7836 -11.4805 77.0000
v 11.5192 -15.0000 77.0000
v 13.6994 -18.2628 77.0000
v 16.2868 -21.2132 77.0000
v 19.2372 -23.8006 77.0000
v 22.5000 -25.9808 77.0000
v 26.0195 -27.7164 77.0000
v 29.7354 -28.9778 77.0000
v 33.5842 -29.7433 77.0000
v 37.5000 -30.0000 77.0000
v 41.4158 -29.7433 77.0000
v 45.2646 -28.9778 77.0000
v 48.9805 -27.7164 77.0000
v 52.5000 -25.9808 77.0000
v 55.7628 -23.8006 77.0000
v 58.7132 -21.2132 77.0000
v 61.3006 -18.2628 77.0000
v 63.4808 -15.0000 77.0000
v 65.2164 -11.4805 77.0000
v 66.4778 -7.7646 77.0000
v 67.2433 -3.9158 77.0000
v 67.5000 0.0000 171.0000
v 67.2433 3.9158 171.0000
v 66.4778 7.7646 171.0000
v 65.2164 11.4805 171.0000
v 63.4808 15.0000 171.0000
v 61.3006 18.2628 171.0000
v 58.7132 21.2132 171.0000
v 55.7628 23.8006 171.0000
v 52.5000 25.9808 171.0000
v 48.9805 27.7164 171.0000
v 45.2646 28.9778 171.0000
v 41.4158 29.7433 171.0000
v 37.5000 30.0000 171.0000
v 33.5842 29.7433 171.0000
v 29.7354 28.9778 171.0000
v 26.0195 27.7164 171.0000
v 22.5000 25.9808 171.0000
v 19.2372 23.8006 171.0000
v 16.2868 21.2132 171.0000
v 13.6994 18.2628 171.0000
v 11.5192 15.0000 171.0000
v 9.7836 11.4805 171.0000
v 8.5222 7.7646 171.0000
v 7.7567 3.9158 171.0000
v 7.5000 0.0000 171.0000
v 7.7567 -3.9158 171.0000
v 8.5222 -7.7646 171.0000
v 9.7836 -11.4805 171.0000
v 11.5192 -15.0000 171.0000
v 13.6994 -18.2628 171.0000
v 16.2868 -21.2132 171.0000
v 19.2372 -23.8006 171.0000
v 22.5000 -25.9808 171.0000
v 26.0195 -27.7164 171.0000
v 29.7354 -28.9778 171.0000
v 33.5842 -29.7433 171.0000
v 37.5000 -30.0000 171.0000
v 41.4158 -29.7433 171.0000
v 45.2646 -28.9778 171.0000
v 48.9805 -27.7164 171.0000
v 52.5000 -25.9808 171.0000
v 55.7628 -23.8006 171.0000
v 58.7132 -21.2132 171.0000
v 61.3006 -18.2628 171.0000
v 63.4808 -15.0000 171.0000
v 65.2164 -11.4805 171.0000
v 66.4778 -7.7646 171.0000
v 67.2433 -3.9158 171.0000
v 37.5000 0.0000 77.0000
v 37.5000 0.0000 171.0000
f 1533 1534 1582
f 1533 1582 1581
f 1534 1535 1583
f 1534 1583 1582
f 1535 1536 1584
f 1535 1584 1583
f 1536 1537 1585
f 1536 1585 1584
f 1537 1538 1586
f 1537 1586 1585
f 1538 1539 1587
f 1538 1587 1586
f 1539 1540 1588
f 1539 1588 1587
f 1540 1541 1589
f 1540 1589 1588
f 1541 1542 1590
f 1541 1590 1589
f 1542 1543 1591
f 1542 1591 1590
f 1543 1544 1592
f 1543 1592 1591
f 1544 1545 1593
f 1544 1593 1592
f 1545 1546 1594
f 1545 1594 1593
f 1546 1547 1595
f 1546 1595 1594
f 1547 1548 1596
f 1547 1596 1595
f 1548 1549 1597
f 1548 1597 1596
f 1549 1550 1598
f 1549 1598 1597
f 1550 1551 1599
f 1550 1599 1598
f 1551 1552 1600
f 1551 1600 1599
f 1552 1553 1601
f 1552 1601 1600
f 1553 1554 1602
f 1553 1602 1601
f 1554 1555 1603
f 1554 1603 1602
f 1555 1556 1604
f 1555 1604 1603
f 1556 1557 1605
f 1556 1605 1604
f 1557 1558 1606
f 1557 1606 1605
f 1558 1559 1607
f 1558 1607 1606
f 1559 1560 1608
f 1559 1608 1607
f 1560 1561 1609
f 1560 1609 1608
f 1561 1562 1610
f 1561 1610 1609
f 1562 1563 1611
f 1562 1611 1610
f 1563 1564 1612
f 1563 1612 1611
f 1564 1565 1613
f 1564 1613 1612
f 1565 1566 1614
f 1565 1614 1613
f 1566 1567 1615
f 1566 1615 1614
f 1567 1568 1616
f 1567 1616 1615
f 1568 1569 1617
f 1568 1617 1616
f 1569 1570 1618
f 1569 1618 1617
f 1570 1571 1619
f 1570 1619 1618
f 1571 1572 1620
f 1571 1620 1619
f 1572 1573 1621
f 1572 1621 1620
f 1573 1574 1622
f 1573 1622 1621
f 1574 1575 1623
f 1574 1623 1622
f 1575 1576 1624
f 1575 1624 1623
f 1576 1577 1625
f 1576 1625 1624
f 1577 1578 1626
f 1577 1626 1625
f 1578 1579 1627
f 1578 1627 1626
f 1579 1580 1628
f 1579 1628 1627
f 1580 1533 1581
f 1580 1581 1628
f 1629 1534 1533
f 1630 1581 1582
f 1629 1535 1534
f 1630 1582 1583
f 1629 1536 1535
f 1630 1583 1584
f 1629 1537 1536
f 1630 1584 1585
f 1629 1538 1537
f 1630 1585 1586
f 1629 1539 1538
f 1630 1586 1587
f 1629 1540 1539
f 1630 1587 1588
f 1629 1541 1540
f 1630 1588 1589
f 1629 1542 1541
f 1630 1589 1590
f 1629 1543 1542
f 1630 1590 1591
f 1629 1544 1543
f 1630 1591 1592
f 1629 1545 1544
f 1630 1592 1593
f 1629 1546 1545
f 1630 1593 1594
f 1629 1547 1546
f 1630 1594 1595
f 1629 1548 1547
f 1630 1595 1596
f 1629 1549 1548
f 1630 1596 1597
f 1629 1550 1549
f 1630 1597 1598
f 1629 1551 1550
f 1630 1598 1599
f 1629 1552 1551
f 1630 1599 1600
f 1629 1553 1552
f 1630 1600 1601
f 1629 1554 1553
f 1630 1601 1602
f 1629 1555 1554
f 1630 1602 1603
f 1629 1556 1555
f 1630 1603 1604
f 1629 1557 1556
f 1630 1604 1605
f 1629 1558 1557
f 1630 1605 1606
f 1629 1559 1558
f 1630 1606 1607
f 1629 1560 1559
f 1630 1607 1608
f 1629 1561 1560
f 1630 1608 1609
f 1629 1562 1561
f 1630 1609 1610
f 1629 1563 1562
f 1630 1610 1611
f 1629 1564 1563
f 1630 1611 1612
f 1629 1565 1564
f 1630 1612 1613
f 1629 1566 1565
f 1630 1613 1614
f 1629 1567 1566
f 1630 1614 1615
f 1629 1568 1567
f 1630 1615 1616
f 1629 1569 1568
f 1630 1616 1617
f 1629 1570 1569
f 1630 1617 1618
f 1629 1571 1570
f 1630 1618 1619
f 1629 1572 1571
f 1630 1619 1620
f 1629 1573 1572
f 1630 1620 1621
f 1629 1574 1573
f 1630 1621 1622
f 1629 1575 1574
f 1630 1622 1623
f 1629 1576 1575
f 1630 1623 1624
f 1629 1577 1576
f 1630 1624 1625
f 1629 1578 1577
f 1630 1625 1626
f 1629 1579 1578
f 1630 1626 1627
f 1629 1580 1579
f 1630 1627 1628
f 1629 1533 1580
f 1630 1628 1581
g esp32_30pin
usemtl m_esp32_30pin
v 79.0000 -14.0000 130.0000
v 93.0000 -14.0000 130.0000
v 93.0000 14.0000 130.0000
v 79.0000 14.0000 130.0000
v 79.0000 -14.0000 182.0000
v 93.0000 -14.0000 182.0000
v 93.0000 14.0000 182.0000
v 79.0000 14.0000 182.0000
f 1631 1633 1632
f 1631 1634 1633
f 1635 1636 1637
f 1635 1637 1638
f 1631 1632 1636
f 1631 1636 1635
f 1632 1633 1637
f 1632 1637 1636
f 1633 1634 1638
f 1633 1638 1637
f 1634 1631 1635
f 1634 1635 1638
g esp32_usb
usemtl m_esp32_usb
v 82.0000 -4.0000 182.0000
v 90.0000 -4.0000 182.0000
v 90.0000 4.0000 182.0000
v 82.0000 4.0000 182.0000
v 82.0000 -4.0000 185.0000
v 90.0000 -4.0000 185.0000
v 90.0000 4.0000 185.0000
v 82.0000 4.0000 185.0000
f 1639 1641 1640
f 1639 1642 1641
f 1643 1644 1645
f 1643 1645 1646
f 1639 1640 1644
f 1639 1644 1643
f 1640 1641 1645
f 1640 1645 1644
f 1641 1642 1646
f 1641 1646 1645
f 1642 1639 1643
f 1642 1643 1646
g lm2596_pcb
usemtl m_lm2596_pcb
v 98.0000 -21.5000 130.0000
v 119.0000 -21.5000 130.0000
v 119.0000 21.5000 130.0000
v 98.0000 21.5000 130.0000
v 98.0000 -21.5000 131.6000
v 119.0000 -21.5000 131.6000
v 119.0000 21.5000 131.6000
v 98.0000 21.5000 131.6000
f 1647 1649 1648
f 1647 1650 1649
f 1651 1652 1653
f 1651 1653 1654
f 1647 1648 1652
f 1647 1652 1651
f 1648 1649 1653
f 1648 1653 1652
f 1649 1650 1654
f 1649 1654 1653
f 1650 1647 1651
f 1650 1651 1654
g lm2596_ic
usemtl m_lm2596_ic
v 105.0000 -19.0000 131.6000
v 112.0000 -19.0000 131.6000
v 112.0000 -11.0000 131.6000
v 105.0000 -11.0000 131.6000
v 105.0000 -19.0000 135.6000
v 112.0000 -19.0000 135.6000
v 112.0000 -11.0000 135.6000
v 105.0000 -11.0000 135.6000
f 1655 1657 1656
f 1655 1658 1657
f 1659 1660 1661
f 1659 1661 1662
f 1655 1656 1660
f 1655 1660 1659
f 1656 1657 1661
f 1656 1661 1660
f 1657 1658 1662
f 1657 1662 1661
f 1658 1655 1659
f 1658 1659 1662
g lm2596_trimmer
usemtl m_lm2596_trimmer
v 105.0000 14.0000 131.6000
v 112.0000 14.0000 131.6000
v 112.0000 20.0000 131.6000
v 105.0000 20.0000 131.6000
v 105.0000 14.0000 137.6000
v 112.0000 14.0000 137.6000
v 112.0000 20.0000 137.6000
v 105.0000 20.0000 137.6000
f 1663 1665 1664
f 1663 1666 1665
f 1667 1668 1669
f 1667 1669 1670
f 1663 1664 1668
f 1663 1668 1667
f 1664 1665 1669
f 1664 1669 1668
f 1665 1666 1670
f 1665 1670 1669
f 1666 1663 1667
f 1666 1667 1670
g lm2596_inductor
usemtl m_lm2596_inductor
v 115.0000 -2.5000 131.6000
v 114.9444 -1.6516 131.6000
v 114.7785 -0.8177 131.6000
v 114.5052 -0.0126 131.6000
v 114.1292 0.7500 131.6000
v 113.6568 1.4569 131.6000
v 113.0962 2.0962 131.6000
v 112.4569 2.6568 131.6000
v 111.7500 3.1292 131.6000
v 110.9874 3.5052 131.6000
v 110.1823 3.7785 131.6000
v 109.3484 3.9444 131.6000
v 108.5000 4.0000 131.6000
v 107.6516 3.9444 131.6000
v 106.8177 3.7785 131.6000
v 106.0126 3.5052 131.6000
v 105.2500 3.1292 131.6000
v 104.5431 2.6568 131.6000
v 103.9038 2.0962 131.6000
v 103.3432 1.4569 131.6000
v 102.8708 0.7500 131.6000
v 102.4948 -0.0126 131.6000
v 102.2215 -0.8177 131.6000
v 102.0556 -1.6516 131.6000
v 102.0000 -2.5000 131.6000
v 102.0556 -3.3484 131.6000
v 102.2215 -4.1823 131.6000
v 102.4948 -4.9874 131.6000
v 102.8708 -5.7500 131.6000
v 103.3432 -6.4569 131.6000
v 103.9038 -7.0962 131.6000
v 104.5431 -7.6568 131.6000
v 105.2500 -8.1292 131.6000
v 106.0126 -8.5052 131.6000
v 106.8177 -8.7785 131.6000
v 107.6516 -8.9444 131.6000
v 108.5000 -9.0000 131.6000
v 109.3484 -8.9444 131.6000
v 110.1823 -8.7785 131.6000
v 110.9874 -8.5052 131.6000
v 111.7500 -8.1292 131.6000
v 112.4569 -7.6568 131.6000
v 113.0962 -7.0962 131.6000
v 113.6568 -6.4569 131.6000
v 114.1292 -5.7500 131.6000
v 114.5052 -4.9874 131.6000
v 114.7785 -4.1823 131.6000
v 114.9444 -3.3484 131.6000
v 115.0000 -2.5000 144.0000
v 114.9444 -1.6516 144.0000
v 114.7785 -0.8177 144.0000
v 114.5052 -0.0126 144.0000
v 114.1292 0.7500 144.0000
v 113.6568 1.4569 144.0000
v 113.0962 2.0962 144.0000
v 112.4569 2.6568 144.0000
v 111.7500 3.1292 144.0000
v 110.9874 3.5052 144.0000
v 110.1823 3.7785 144.0000
v 109.3484 3.9444 144.0000
v 108.5000 4.0000 144.0000
v 107.6516 3.9444 144.0000
v 106.8177 3.7785 144.0000
v 106.0126 3.5052 144.0000
v 105.2500 3.1292 144.0000
v 104.5431 2.6568 144.0000
v 103.9038 2.0962 144.0000
v 103.3432 1.4569 144.0000
v 102.8708 0.7500 144.0000
v 102.4948 -0.0126 144.0000
v 102.2215 -0.8177 144.0000
v 102.0556 -1.6516 144.0000
v 102.0000 -2.5000 144.0000
v 102.0556 -3.3484 144.0000
v 102.2215 -4.1823 144.0000
v 102.4948 -4.9874 144.0000
v 102.8708 -5.7500 144.0000
v 103.3432 -6.4569 144.0000
v 103.9038 -7.0962 144.0000
v 104.5431 -7.6568 144.0000
v 105.2500 -8.1292 144.0000
v 106.0126 -8.5052 144.0000
v 106.8177 -8.7785 144.0000
v 107.6516 -8.9444 144.0000
v 108.5000 -9.0000 144.0000
v 109.3484 -8.9444 144.0000
v 110.1823 -8.7785 144.0000
v 110.9874 -8.5052 144.0000
v 111.7500 -8.1292 144.0000
v 112.4569 -7.6568 144.0000
v 113.0962 -7.0962 144.0000
v 113.6568 -6.4569 144.0000
v 114.1292 -5.7500 144.0000
v 114.5052 -4.9874 144.0000
v 114.7785 -4.1823 144.0000
v 114.9444 -3.3484 144.0000
v 108.5000 -2.5000 131.6000
v 108.5000 -2.5000 144.0000
f 1671 1672 1720
f 1671 1720 1719
f 1672 1673 1721
f 1672 1721 1720
f 1673 1674 1722
f 1673 1722 1721
f 1674 1675 1723
f 1674 1723 1722
f 1675 1676 1724
f 1675 1724 1723
f 1676 1677 1725
f 1676 1725 1724
f 1677 1678 1726
f 1677 1726 1725
f 1678 1679 1727
f 1678 1727 1726
f 1679 1680 1728
f 1679 1728 1727
f 1680 1681 1729
f 1680 1729 1728
f 1681 1682 1730
f 1681 1730 1729
f 1682 1683 1731
f 1682 1731 1730
f 1683 1684 1732
f 1683 1732 1731
f 1684 1685 1733
f 1684 1733 1732
f 1685 1686 1734
f 1685 1734 1733
f 1686 1687 1735
f 1686 1735 1734
f 1687 1688 1736
f 1687 1736 1735
f 1688 1689 1737
f 1688 1737 1736
f 1689 1690 1738
f 1689 1738 1737
f 1690 1691 1739
f 1690 1739 1738
f 1691 1692 1740
f 1691 1740 1739
f 1692 1693 1741
f 1692 1741 1740
f 1693 1694 1742
f 1693 1742 1741
f 1694 1695 1743
f 1694 1743 1742
f 1695 1696 1744
f 1695 1744 1743
f 1696 1697 1745
f 1696 1745 1744
f 1697 1698 1746
f 1697 1746 1745
f 1698 1699 1747
f 1698 1747 1746
f 1699 1700 1748
f 1699 1748 1747
f 1700 1701 1749
f 1700 1749 1748
f 1701 1702 1750
f 1701 1750 1749
f 1702 1703 1751
f 1702 1751 1750
f 1703 1704 1752
f 1703 1752 1751
f 1704 1705 1753
f 1704 1753 1752
f 1705 1706 1754
f 1705 1754 1753
f 1706 1707 1755
f 1706 1755 1754
f 1707 1708 1756
f 1707 1756 1755
f 1708 1709 1757
f 1708 1757 1756
f 1709 1710 1758
f 1709 1758 1757
f 1710 1711 1759
f 1710 1759 1758
f 1711 1712 1760
f 1711 1760 1759
f 1712 1713 1761
f 1712 1761 1760
f 1713 1714 1762
f 1713 1762 1761
f 1714 1715 1763
f 1714 1763 1762
f 1715 1716 1764
f 1715 1764 1763
f 1716 1717 1765
f 1716 1765 1764
f 1717 1718 1766
f 1717 1766 1765
f 1718 1671 1719
f 1718 1719 1766
f 1767 1672 1671
f 1768 1719 1720
f 1767 1673 1672
f 1768 1720 1721
f 1767 1674 1673
f 1768 1721 1722
f 1767 1675 1674
f 1768 1722 1723
f 1767 1676 1675
f 1768 1723 1724
f 1767 1677 1676
f 1768 1724 1725
f 1767 1678 1677
f 1768 1725 1726
f 1767 1679 1678
f 1768 1726 1727
f 1767 1680 1679
f 1768 1727 1728
f 1767 1681 1680
f 1768 1728 1729
f 1767 1682 1681
f 1768 1729 1730
f 1767 1683 1682
f 1768 1730 1731
f 1767 1684 1683
f 1768 1731 1732
f 1767 1685 1684
f 1768 1732 1733
f 1767 1686 1685
f 1768 1733 1734
f 1767 1687 1686
f 1768 1734 1735
f 1767 1688 1687
f 1768 1735 1736
f 1767 1689 1688
f 1768 1736 1737
f 1767 1690 1689
f 1768 1737 1738
f 1767 1691 1690
f 1768 1738 1739
f 1767 1692 1691
f 1768 1739 1740
f 1767 1693 1692
f 1768 1740 1741
f 1767 1694 1693
f 1768 1741 1742
f 1767 1695 1694
f 1768 1742 1743
f 1767 1696 1695
f 1768 1743 1744
f 1767 1697 1696
f 1768 1744 1745
f 1767 1698 1697
f 1768 1745 1746
f 1767 1699 1698
f 1768 1746 1747
f 1767 1700 1699
f 1768 1747 1748
f 1767 1701 1700
f 1768 1748 1749
f 1767 1702 1701
f 1768 1749 1750
f 1767 1703 1702
f 1768 1750 1751
f 1767 1704 1703
f 1768 1751 1752
f 1767 1705 1704
f 1768 1752 1753
f 1767 1706 1705
f 1768 1753 1754
f 1767 1707 1706
f 1768 1754 1755
f 1767 1708 1707
f 1768 1755 1756
f 1767 1709 1708
f 1768 1756 1757
f 1767 1710 1709
f 1768 1757 1758
f 1767 1711 1710
f 1768 1758 1759
f 1767 1712 1711
f 1768 1759 1760
f 1767 1713 1712
f 1768 1760 1761
f 1767 1714 1713
f 1768 1761 1762
f 1767 1715 1714
f 1768 1762 1763
f 1767 1716 1715
f 1768 1763 1764
f 1767 1717 1716
f 1768 1764 1765
f 1767 1718 1717
f 1768 1765 1766
f 1767 1671 1718
f 1768 1766 1719
g lm2596_cap_1
usemtl m_lm2596_cap_1
v 107.1000 11.0000 131.6000
v 107.0675 11.4960 131.6000
v 106.9705 11.9835 131.6000
v 106.8107 12.4542 131.6000
v 106.5909 12.9000 131.6000
v 106.3147 13.3133 131.6000
v 105.9870 13.6870 131.6000
v 105.6133 14.0147 131.6000
v 105.2000 14.2909 131.6000
v 104.7542 14.5107 131.6000
v 104.2835 14.6705 131.6000
v 103.7960 14.7675 131.6000
v 103.3000 14.8000 131.6000
v 102.8040 14.7675 131.6000
v 102.3165 14.6705 131.6000
v 101.8458 14.5107 131.6000
v 101.4000 14.2909 131.6000
v 100.9867 14.0147 131.6000
v 100.6130 13.6870 131.6000
v 100.2853 13.3133 131.6000
v 100.0091 12.9000 131.6000
v 99.7893 12.4542 131.6000
v 99.6295 11.9835 131.6000
v 99.5325 11.4960 131.6000
v 99.5000 11.0000 131.6000
v 99.5325 10.5040 131.6000
v 99.6295 10.0165 131.6000
v 99.7893 9.5458 131.6000
v 100.0091 9.1000 131.6000
v 100.2853 8.6867 131.6000
v 100.6130 8.3130 131.6000
v 100.9867 7.9853 131.6000
v 101.4000 7.7091 131.6000
v 101.8458 7.4893 131.6000
v 102.3165 7.3295 131.6000
v 102.8040 7.2325 131.6000
v 103.3000 7.2000 131.6000
v 103.7960 7.2325 131.6000
v 104.2835 7.3295 131.6000
v 104.7542 7.4893 131.6000
v 105.2000 7.7091 131.6000
v 105.6133 7.9853 131.6000
v 105.9870 8.3130 131.6000
v 106.3147 8.6867 131.6000
v 106.5909 9.1000 131.6000
v 106.8107 9.5458 131.6000
v 106.9705 10.0165 131.6000
v 107.0675 10.5040 131.6000
v 107.1000 11.0000 140.6000
v 107.0675 11.4960 140.6000
v 106.9705 11.9835 140.6000
v 106.8107 12.4542 140.6000
v 106.5909 12.9000 140.6000
v 106.3147 13.3133 140.6000
v 105.9870 13.6870 140.6000
v 105.6133 14.0147 140.6000
v 105.2000 14.2909 140.6000
v 104.7542 14.5107 140.6000
v 104.2835 14.6705 140.6000
v 103.7960 14.7675 140.6000
v 103.3000 14.8000 140.6000
v 102.8040 14.7675 140.6000
v 102.3165 14.6705 140.6000
v 101.8458 14.5107 140.6000
v 101.4000 14.2909 140.6000
v 100.9867 14.0147 140.6000
v 100.6130 13.6870 140.6000
v 100.2853 13.3133 140.6000
v 100.0091 12.9000 140.6000
v 99.7893 12.4542 140.6000
v 99.6295 11.9835 140.6000
v 99.5325 11.4960 140.6000
v 99.5000 11.0000 140.6000
v 99.5325 10.5040 140.6000
v 99.6295 10.0165 140.6000
v 99.7893 9.5458 140.6000
v 100.0091 9.1000 140.6000
v 100.2853 8.6867 140.6000
v 100.6130 8.3130 140.6000
v 100.9867 7.9853 140.6000
v 101.4000 7.7091 140.6000
v 101.8458 7.4893 140.6000
v 102.3165 7.3295 140.6000
v 102.8040 7.2325 140.6000
v 103.3000 7.2000 140.6000
v 103.7960 7.2325 140.6000
v 104.2835 7.3295 140.6000
v 104.7542 7.4893 140.6000
v 105.2000 7.7091 140.6000
v 105.6133 7.9853 140.6000
v 105.9870 8.3130 140.6000
v 106.3147 8.6867 140.6000
v 106.5909 9.1000 140.6000
v 106.8107 9.5458 140.6000
v 106.9705 10.0165 140.6000
v 107.0675 10.5040 140.6000
v 103.3000 11.0000 131.6000
v 103.3000 11.0000 140.6000
f 1769 1770 1818
f 1769 1818 1817
f 1770 1771 1819
f 1770 1819 1818
f 1771 1772 1820
f 1771 1820 1819
f 1772 1773 1821
f 1772 1821 1820
f 1773 1774 1822
f 1773 1822 1821
f 1774 1775 1823
f 1774 1823 1822
f 1775 1776 1824
f 1775 1824 1823
f 1776 1777 1825
f 1776 1825 1824
f 1777 1778 1826
f 1777 1826 1825
f 1778 1779 1827
f 1778 1827 1826
f 1779 1780 1828
f 1779 1828 1827
f 1780 1781 1829
f 1780 1829 1828
f 1781 1782 1830
f 1781 1830 1829
f 1782 1783 1831
f 1782 1831 1830
f 1783 1784 1832
f 1783 1832 1831
f 1784 1785 1833
f 1784 1833 1832
f 1785 1786 1834
f 1785 1834 1833
f 1786 1787 1835
f 1786 1835 1834
f 1787 1788 1836
f 1787 1836 1835
f 1788 1789 1837
f 1788 1837 1836
f 1789 1790 1838
f 1789 1838 1837
f 1790 1791 1839
f 1790 1839 1838
f 1791 1792 1840
f 1791 1840 1839
f 1792 1793 1841
f 1792 1841 1840
f 1793 1794 1842
f 1793 1842 1841
f 1794 1795 1843
f 1794 1843 1842
f 1795 1796 1844
f 1795 1844 1843
f 1796 1797 1845
f 1796 1845 1844
f 1797 1798 1846
f 1797 1846 1845
f 1798 1799 1847
f 1798 1847 1846
f 1799 1800 1848
f 1799 1848 1847
f 1800 1801 1849
f 1800 1849 1848
f 1801 1802 1850
f 1801 1850 1849
f 1802 1803 1851
f 1802 1851 1850
f 1803 1804 1852
f 1803 1852 1851
f 1804 1805 1853
f 1804 1853 1852
f 1805 1806 1854
f 1805 1854 1853
f 1806 1807 1855
f 1806 1855 1854
f 1807 1808 1856
f 1807 1856 1855
f 1808 1809 1857
f 1808 1857 1856
f 1809 1810 1858
f 1809 1858 1857
f 1810 1811 1859
f 1810 1859 1858
f 1811 1812 1860
f 1811 1860 1859
f 1812 1813 1861
f 1812 1861 1860
f 1813 1814 1862
f 1813 1862 1861
f 1814 1815 1863
f 1814 1863 1862
f 1815 1816 1864
f 1815 1864 1863
f 1816 1769 1817
f 1816 1817 1864
f 1865 1770 1769
f 1866 1817 1818
f 1865 1771 1770
f 1866 1818 1819
f 1865 1772 1771
f 1866 1819 1820
f 1865 1773 1772
f 1866 1820 1821
f 1865 1774 1773
f 1866 1821 1822
f 1865 1775 1774
f 1866 1822 1823
f 1865 1776 1775
f 1866 1823 1824
f 1865 1777 1776
f 1866 1824 1825
f 1865 1778 1777
f 1866 1825 1826
f 1865 1779 1778
f 1866 1826 1827
f 1865 1780 1779
f 1866 1827 1828
f 1865 1781 1780
f 1866 1828 1829
f 1865 1782 1781
f 1866 1829 1830
f 1865 1783 1782
f 1866 1830 1831
f 1865 1784 1783
f 1866 1831 1832
f 1865 1785 1784
f 1866 1832 1833
f 1865 1786 1785
f 1866 1833 1834
f 1865 1787 1786
f 1866 1834 1835
f 1865 1788 1787
f 1866 1835 1836
f 1865 1789 1788
f 1866 1836 1837
f 1865 1790 1789
f 1866 1837 1838
f 1865 1791 1790
f 1866 1838 1839
f 1865 1792 1791
f 1866 1839 1840
f 1865 1793 1792
f 1866 1840 1841
f 1865 1794 1793
f 1866 1841 1842
f 1865 1795 1794
f 1866 1842 1843
f 1865 1796 1795
f 1866 1843 1844
f 1865 1797 1796
f 1866 1844 1845
f 1865 1798 1797
f 1866 1845 1846
f 1865 1799 1798
f 1866 1846 1847
f 1865 1800 1799
f 1866 1847 1848
f 1865 1801 1800
f 1866 1848 1849
f 1865 1802 1801
f 1866 1849 1850
f 1865 1803 1802
f 1866 1850 1851
f 1865 1804 1803
f 1866 1851 1852
f 1865 1805 1804
f 1866 1852 1853
f 1865 1806 1805
f 1866 1853 1854
f 1865 1807 1806
f 1866 1854 1855
f 1865 1808 1807
f 1866 1855 1856
f 1865 1809 1808
f 1866 1856 1857
f 1865 1810 1809
f 1866 1857 1858
f 1865 1811 1810
f 1866 1858 1859
f 1865 1812 1811
f 1866 1859 1860
f 1865 1813 1812
f 1866 1860 1861
f 1865 1814 1813
f 1866 1861 1862
f 1865 1815 1814
f 1866 1862 1863
f 1865 1816 1815
f 1866 1863 1864
f 1865 1769 1816
f 1866 1864 1817
g lm2596_cap_2
usemtl m_lm2596_cap_2
v 117.5000 11.0000 131.6000
v 117.4675 11.4960 131.6000
v 117.3705 11.9835 131.6000
v 117.2107 12.4542 131.6000
v 116.9909 12.9000 131.6000
v 116.7147 13.3133 131.6000
v 116.3870 13.6870 131.6000
v 116.0133 14.0147 131.6000
v 115.6000 14.2909 131.6000
v 115.1542 14.5107 131.6000
v 114.6835 14.6705 131.6000
v 114.1960 14.7675 131.6000
v 113.7000 14.8000 131.6000
v 113.2040 14.7675 131.6000
v 112.7165 14.6705 131.6000
v 112.2458 14.5107 131.6000
v 111.8000 14.2909 131.6000
v 111.3867 14.0147 131.6000
v 111.0130 13.6870 131.6000
v 110.6853 13.3133 131.6000
v 110.4091 12.9000 131.6000
v 110.1893 12.4542 131.6000
v 110.0295 11.9835 131.6000
v 109.9325 11.4960 131.6000
v 109.9000 11.0000 131.6000
v 109.9325 10.5040 131.6000
v 110.0295 10.0165 131.6000
v 110.1893 9.5458 131.6000
v 110.4091 9.1000 131.6000
v 110.6853 8.6867 131.6000
v 111.0130 8.3130 131.6000
v 111.3867 7.9853 131.6000
v 111.8000 7.7091 131.6000
v 112.2458 7.4893 131.6000
v 112.7165 7.3295 131.6000
v 113.2040 7.2325 131.6000
v 113.7000 7.2000 131.6000
v 114.1960 7.2325 131.6000
v 114.6835 7.3295 131.6000
v 115.1542 7.4893 131.6000
v 115.6000 7.7091 131.6000
v 116.0133 7.9853 131.6000
v 116.3870 8.3130 131.6000
v 116.7147 8.6867 131.6000
v 116.9909 9.1000 131.6000
v 117.2107 9.5458 131.6000
v 117.3705 10.0165 131.6000
v 117.4675 10.5040 131.6000
v 117.5000 11.0000 140.6000
v 117.4675 11.4960 140.6000
v 117.3705 11.9835 140.6000
v 117.2107 12.4542 140.6000
v 116.9909 12.9000 140.6000
v 116.7147 13.3133 140.6000
v 116.3870 13.6870 140.6000
v 116.0133 14.0147 140.6000
v 115.6000 14.2909 140.6000
v 115.1542 14.5107 140.6000
v 114.6835 14.6705 140.6000
v 114.1960 14.7675 140.6000
v 113.7000 14.8000 140.6000
v 113.2040 14.7675 140.6000
v 112.7165 14.6705 140.6000
v 112.2458 14.5107 140.6000
v 111.8000 14.2909 140.6000
v 111.3867 14.0147 140.6000
v 111.0130 13.6870 140.6000
v 110.6853 13.3133 140.6000
v 110.4091 12.9000 140.6000
v 110.1893 12.4542 140.6000
v 110.0295 11.9835 140.6000
v 109.9325 11.4960 140.6000
v 109.9000 11.0000 140.6000
v 109.9325 10.5040 140.6000
v 110.0295 10.0165 140.6000
v 110.1893 9.5458 140.6000
v 110.4091 9.1000 140.6000
v 110.6853 8.6867 140.6000
v 111.0130 8.3130 140.6000
v 111.3867 7.9853 140.6000
v 111.8000 7.7091 140.6000
v 112.2458 7.4893 140.6000
v 112.7165 7.3295 140.6000
v 113.2040 7.2325 140.6000
v 113.7000 7.2000 140.6000
v 114.1960 7.2325 140.6000
v 114.6835 7.3295 140.6000
v 115.1542 7.4893 140.6000
v 115.6000 7.7091 140.6000
v 116.0133 7.9853 140.6000
v 116.3870 8.3130 140.6000
v 116.7147 8.6867 140.6000
v 116.9909 9.1000 140.6000
v 117.2107 9.5458 140.6000
v 117.3705 10.0165 140.6000
v 117.4675 10.5040 140.6000
v 113.7000 11.0000 131.6000
v 113.7000 11.0000 140.6000
f 1867 1868 1916
f 1867 1916 1915
f 1868 1869 1917
f 1868 1917 1916
f 1869 1870 1918
f 1869 1918 1917
f 1870 1871 1919
f 1870 1919 1918
f 1871 1872 1920
f 1871 1920 1919
f 1872 1873 1921
f 1872 1921 1920
f 1873 1874 1922
f 1873 1922 1921
f 1874 1875 1923
f 1874 1923 1922
f 1875 1876 1924
f 1875 1924 1923
f 1876 1877 1925
f 1876 1925 1924
f 1877 1878 1926
f 1877 1926 1925
f 1878 1879 1927
f 1878 1927 1926
f 1879 1880 1928
f 1879 1928 1927
f 1880 1881 1929
f 1880 1929 1928
f 1881 1882 1930
f 1881 1930 1929
f 1882 1883 1931
f 1882 1931 1930
f 1883 1884 1932
f 1883 1932 1931
f 1884 1885 1933
f 1884 1933 1932
f 1885 1886 1934
f 1885 1934 1933
f 1886 1887 1935
f 1886 1935 1934
f 1887 1888 1936
f 1887 1936 1935
f 1888 1889 1937
f 1888 1937 1936
f 1889 1890 1938
f 1889 1938 1937
f 1890 1891 1939
f 1890 1939 1938
f 1891 1892 1940
f 1891 1940 1939
f 1892 1893 1941
f 1892 1941 1940
f 1893 1894 1942
f 1893 1942 1941
f 1894 1895 1943
f 1894 1943 1942
f 1895 1896 1944
f 1895 1944 1943
f 1896 1897 1945
f 1896 1945 1944
f 1897 1898 1946
f 1897 1946 1945
f 1898 1899 1947
f 1898 1947 1946
f 1899 1900 1948
f 1899 1948 1947
f 1900 1901 1949
f 1900 1949 1948
f 1901 1902 1950
f 1901 1950 1949
f 1902 1903 1951
f 1902 1951 1950
f 1903 1904 1952
f 1903 1952 1951
f 1904 1905 1953
f 1904 1953 1952
f 1905 1906 1954
f 1905 1954 1953
f 1906 1907 1955
f 1906 1955 1954
f 1907 1908 1956
f 1907 1956 1955
f 1908 1909 1957
f 1908 1957 1956
f 1909 1910 1958
f 1909 1958 1957
f 1910 1911 1959
f 1910 1959 1958
f 1911 1912 1960
f 1911 1960 1959
f 1912 1913 1961
f 1912 1961 1960
f 1913 1914 1962
f 1913 1962 1961
f 1914 1867 1915
f 1914 1915 1962
f 1963 1868 1867
f 1964 1915 1916
f 1963 1869 1868
f 1964 1916 1917
f 1963 1870 1869
f 1964 1917 1918
f 1963 1871 1870
f 1964 1918 1919
f 1963 1872 1871
f 1964 1919 1920
f 1963 1873 1872
f 1964 1920 1921
f 1963 1874 1873
f 1964 1921 1922
f 1963 1875 1874
f 1964 1922 1923
f 1963 1876 1875
f 1964 1923 1924
f 1963 1877 1876
f 1964 1924 1925
f 1963 1878 1877
f 1964 1925 1926
f 1963 1879 1878
f 1964 1926 1927
f 1963 1880 1879
f 1964 1927 1928
f 1963 1881 1880
f 1964 1928 1929
f 1963 1882 1881
f 1964 1929 1930
f 1963 1883 1882
f 1964 1930 1931
f 1963 1884 1883
f 1964 1931 1932
f 1963 1885 1884
f 1964 1932 1933
f 1963 1886 1885
f 1964 1933 1934
f 1963 1887 1886
f 1964 1934 1935
f 1963 1888 1887
f 1964 1935 1936
f 1963 1889 1888
f 1964 1936 1937
f 1963 1890 1889
f 1964 1937 1938
f 1963 1891 1890
f 1964 1938 1939
f 1963 1892 1891
f 1964 1939 1940
f 1963 1893 1892
f 1964 1940 1941
f 1963 1894 1893
f 1964 1941 1942
f 1963 1895 1894
f 1964 1942 1943
f 1963 1896 1895
f 1964 1943 1944
f 1963 1897 1896
f 1964 1944 1945
f 1963 1898 1897
f 1964 1945 1946
f 1963 1899 1898
f 1964 1946 1947
f 1963 1900 1899
f 1964 1947 1948
f 1963 1901 1900
f 1964 1948 1949
f 1963 1902 1901
f 1964 1949 1950
f 1963 1903 1902
f 1964 1950 1951
f 1963 1904 1903
f 1964 1951 1952
f 1963 1905 1904
f 1964 1952 1953
f 1963 1906 1905
f 1964 1953 1954
f 1963 1907 1906
f 1964 1954 1955
f 1963 1908 1907
f 1964 1955 1956
f 1963 1909 1908
f 1964 1956 1957
f 1963 1910 1909
f 1964 1957 1958
f 1963 1911 1910
f 1964 1958 1959
f 1963 1912 1911
f 1964 1959 1960
f 1963 1913 1912
f 1964 1960 1961
f 1963 1914 1913
f 1964 1961 1962
f 1963 1867 1914
f 1964 1962 1915
g lm2596_shelf
usemtl m_lm2596_shelf
v 96.0000 -23.0000 128.0000
v 121.0000 -23.0000 128.0000
v 121.0000 23.0000 128.0000
v 96.0000 23.0000 128.0000
v 96.0000 -23.0000 130.0000
v 121.0000 -23.0000 130.0000
v 121.0000 23.0000 130.0000
v 96.0000 23.0000 130.0000
f 1965 1967 1966
f 1965 1968 1967
f 1969 1970 1971
f 1969 1971 1972
f 1965 1966 1970
f 1965 1970 1969
f 1966 1967 1971
f 1966 1971 1970
f 1967 1968 1972
f 1967 1972 1971
f 1968 1965 1969
f 1968 1969 1972
g cell_11
usemtl m_cell_11
v 99.0000 -21.0000 57.0000
v 98.9102 -19.6295 57.0000
v 98.6422 -18.2824 57.0000
v 98.2007 -16.9818 57.0000
v 97.5933 -15.7500 57.0000
v 96.8302 -14.6080 57.0000
v 95.9246 -13.5754 57.0000
v 94.8920 -12.6698 57.0000
v 93.7500 -11.9067 57.0000
v 92.5182 -11.2993 57.0000
v 91.2176 -10.8578 57.0000
v 89.8705 -10.5898 57.0000
v 88.5000 -10.5000 57.0000
v 87.1295 -10.5898 57.0000
v 85.7824 -10.8578 57.0000
v 84.4818 -11.2993 57.0000
v 83.2500 -11.9067 57.0000
v 82.1080 -12.6698 57.0000
v 81.0754 -13.5754 57.0000
v 80.1698 -14.6080 57.0000
v 79.4067 -15.7500 57.0000
v 78.7993 -16.9818 57.0000
v 78.3578 -18.2824 57.0000
v 78.0898 -19.6295 57.0000
v 78.0000 -21.0000 57.0000
v 78.0898 -22.3705 57.0000
v 78.3578 -23.7176 57.0000
v 78.7993 -25.0182 57.0000
v 79.4067 -26.2500 57.0000
v 80.1698 -27.3920 57.0000
v 81.0754 -28.4246 57.0000
v 82.1080 -29.3302 57.0000
v 83.2500 -30.0933 57.0000
v 84.4818 -30.7007 57.0000
v 85.7824 -31.1422 57.0000
v 87.1295 -31.4102 57.0000
v 88.5000 -31.5000 57.0000
v 89.8705 -31.4102 57.0000
v 91.2176 -31.1422 57.0000
v 92.5182 -30.7007 57.0000
v 93.7500 -30.0933 57.0000
v 94.8920 -29.3302 57.0000
v 95.9246 -28.4246 57.0000
v 96.8302 -27.3920 57.0000
v 97.5933 -26.2500 57.0000
v 98.2007 -25.0182 57.0000
v 98.6422 -23.7176 57.0000
v 98.9102 -22.3705 57.0000
v 99.0000 -21.0000 127.0000
v 98.9102 -19.6295 127.0000
v 98.6422 -18.2824 127.0000
v 98.2007 -16.9818 127.0000
v 97.5933 -15.7500 127.0000
v 96.8302 -14.6080 127.0000
v 95.9246 -13.5754 127.0000
v 94.8920 -12.6698 127.0000
v 93.7500 -11.9067 127.0000
v 92.5182 -11.2993 127.0000
v 91.2176 -10.8578 127.0000
v 89.8705 -10.5898 127.0000
v 88.5000 -10.5000 127.0000
v 87.1295 -10.5898 127.0000
v 85.7824 -10.8578 127.0000
v 84.4818 -11.2993 127.0000
v 83.2500 -11.9067 127.0000
v 82.1080 -12.6698 127.0000
v 81.0754 -13.5754 127.0000
v 80.1698 -14.6080 127.0000
v 79.4067 -15.7500 127.0000
v 78.7993 -16.9818 127.0000
v 78.3578 -18.2824 127.0000
v 78.0898 -19.6295 127.0000
v 78.0000 -21.0000 127.0000
v 78.0898 -22.3705 127.0000
v 78.3578 -23.7176 127.0000
v 78.7993 -25.0182 127.0000
v 79.4067 -26.2500 127.0000
v 80.1698 -27.3920 127.0000
v 81.0754 -28.4246 127.0000
v 82.1080 -29.3302 127.0000
v 83.2500 -30.0933 127.0000
v 84.4818 -30.7007 127.0000
v 85.7824 -31.1422 127.0000
v 87.1295 -31.4102 127.0000
v 88.5000 -31.5000 127.0000
v 89.8705 -31.4102 127.0000
v 91.2176 -31.1422 127.0000
v 92.5182 -30.7007 127.0000
v 93.7500 -30.0933 127.0000
v 94.8920 -29.3302 127.0000
v 95.9246 -28.4246 127.0000
v 96.8302 -27.3920 127.0000
v 97.5933 -26.2500 127.0000
v 98.2007 -25.0182 127.0000
v 98.6422 -23.7176 127.0000
v 98.9102 -22.3705 127.0000
v 88.5000 -21.0000 57.0000
v 88.5000 -21.0000 127.0000
f 1973 1974 2022
f 1973 2022 2021
f 1974 1975 2023
f 1974 2023 2022
f 1975 1976 2024
f 1975 2024 2023
f 1976 1977 2025
f 1976 2025 2024
f 1977 1978 2026
f 1977 2026 2025
f 1978 1979 2027
f 1978 2027 2026
f 1979 1980 2028
f 1979 2028 2027
f 1980 1981 2029
f 1980 2029 2028
f 1981 1982 2030
f 1981 2030 2029
f 1982 1983 2031
f 1982 2031 2030
f 1983 1984 2032
f 1983 2032 2031
f 1984 1985 2033
f 1984 2033 2032
f 1985 1986 2034
f 1985 2034 2033
f 1986 1987 2035
f 1986 2035 2034
f 1987 1988 2036
f 1987 2036 2035
f 1988 1989 2037
f 1988 2037 2036
f 1989 1990 2038
f 1989 2038 2037
f 1990 1991 2039
f 1990 2039 2038
f 1991 1992 2040
f 1991 2040 2039
f 1992 1993 2041
f 1992 2041 2040
f 1993 1994 2042
f 1993 2042 2041
f 1994 1995 2043
f 1994 2043 2042
f 1995 1996 2044
f 1995 2044 2043
f 1996 1997 2045
f 1996 2045 2044
f 1997 1998 2046
f 1997 2046 2045
f 1998 1999 2047
f 1998 2047 2046
f 1999 2000 2048
f 1999 2048 2047
f 2000 2001 2049
f 2000 2049 2048
f 2001 2002 2050
f 2001 2050 2049
f 2002 2003 2051
f 2002 2051 2050
f 2003 2004 2052
f 2003 2052 2051
f 2004 2005 2053
f 2004 2053 2052
f 2005 2006 2054
f 2005 2054 2053
f 2006 2007 2055
f 2006 2055 2054
f 2007 2008 2056
f 2007 2056 2055
f 2008 2009 2057
f 2008 2057 2056
f 2009 2010 2058
f 2009 2058 2057
f 2010 2011 2059
f 2010 2059 2058
f 2011 2012 2060
f 2011 2060 2059
f 2012 2013 2061
f 2012 2061 2060
f 2013 2014 2062
f 2013 2062 2061
f 2014 2015 2063
f 2014 2063 2062
f 2015 2016 2064
f 2015 2064 2063
f 2016 2017 2065
f 2016 2065 2064
f 2017 2018 2066
f 2017 2066 2065
f 2018 2019 2067
f 2018 2067 2066
f 2019 2020 2068
f 2019 2068 2067
f 2020 1973 2021
f 2020 2021 2068
f 2069 1974 1973
f 2070 2021 2022
f 2069 1975 1974
f 2070 2022 2023
f 2069 1976 1975
f 2070 2023 2024
f 2069 1977 1976
f 2070 2024 2025
f 2069 1978 1977
f 2070 2025 2026
f 2069 1979 1978
f 2070 2026 2027
f 2069 1980 1979
f 2070 2027 2028
f 2069 1981 1980
f 2070 2028 2029
f 2069 1982 1981
f 2070 2029 2030
f 2069 1983 1982
f 2070 2030 2031
f 2069 1984 1983
f 2070 2031 2032
f 2069 1985 1984
f 2070 2032 2033
f 2069 1986 1985
f 2070 2033 2034
f 2069 1987 1986
f 2070 2034 2035
f 2069 1988 1987
f 2070 2035 2036
f 2069 1989 1988
f 2070 2036 2037
f 2069 1990 1989
f 2070 2037 2038
f 2069 1991 1990
f 2070 2038 2039
f 2069 1992 1991
f 2070 2039 2040
f 2069 1993 1992
f 2070 2040 2041
f 2069 1994 1993
f 2070 2041 2042
f 2069 1995 1994
f 2070 2042 2043
f 2069 1996 1995
f 2070 2043 2044
f 2069 1997 1996
f 2070 2044 2045
f 2069 1998 1997
f 2070 2045 2046
f 2069 1999 1998
f 2070 2046 2047
f 2069 2000 1999
f 2070 2047 2048
f 2069 2001 2000
f 2070 2048 2049
f 2069 2002 2001
f 2070 2049 2050
f 2069 2003 2002
f 2070 2050 2051
f 2069 2004 2003
f 2070 2051 2052
f 2069 2005 2004
f 2070 2052 2053
f 2069 2006 2005
f 2070 2053 2054
f 2069 2007 2006
f 2070 2054 2055
f 2069 2008 2007
f 2070 2055 2056
f 2069 2009 2008
f 2070 2056 2057
f 2069 2010 2009
f 2070 2057 2058
f 2069 2011 2010
f 2070 2058 2059
f 2069 2012 2011
f 2070 2059 2060
f 2069 2013 2012
f 2070 2060 2061
f 2069 2014 2013
f 2070 2061 2062
f 2069 2015 2014
f 2070 2062 2063
f 2069 2016 2015
f 2070 2063 2064
f 2069 2017 2016
f 2070 2064 2065
f 2069 2018 2017
f 2070 2065 2066
f 2069 2019 2018
f 2070 2066 2067
f 2069 2020 2019
f 2070 2067 2068
f 2069 1973 2020
f 2070 2068 2021
g cell_12
usemtl m_cell_12
v 99.0000 0.0000 57.0000
v 98.9102 1.3705 57.0000
v 98.6422 2.7176 57.0000
v 98.2007 4.0182 57.0000
v 97.5933 5.2500 57.0000
v 96.8302 6.3920 57.0000
v 95.9246 7.4246 57.0000
v 94.8920 8.3302 57.0000
v 93.7500 9.0933 57.0000
v 92.5182 9.7007 57.0000
v 91.2176 10.1422 57.0000
v 89.8705 10.4102 57.0000
v 88.5000 10.5000 57.0000
v 87.1295 10.4102 57.0000
v 85.7824 10.1422 57.0000
v 84.4818 9.7007 57.0000
v 83.2500 9.0933 57.0000
v 82.1080 8.3302 57.0000
v 81.0754 7.4246 57.0000
v 80.1698 6.3920 57.0000
v 79.4067 5.2500 57.0000
v 78.7993 4.0182 57.0000
v 78.3578 2.7176 57.0000
v 78.0898 1.3705 57.0000
v 78.0000 0.0000 57.0000
v 78.0898 -1.3705 57.0000
v 78.3578 -2.7176 57.0000
v 78.7993 -4.0182 57.0000
v 79.4067 -5.2500 57.0000
v 80.1698 -6.3920 57.0000
v 81.0754 -7.4246 57.0000
v 82.1080 -8.3302 57.0000
v 83.2500 -9.0933 57.0000
v 84.4818 -9.7007 57.0000
v 85.7824 -10.1422 57.0000
v 87.1295 -10.4102 57.0000
v 88.5000 -10.5000 57.0000
v 89.8705 -10.4102 57.0000
v 91.2176 -10.1422 57.0000
v 92.5182 -9.7007 57.0000
v 93.7500 -9.0933 57.0000
v 94.8920 -8.3302 57.0000
v 95.9246 -7.4246 57.0000
v 96.8302 -6.3920 57.0000
v 97.5933 -5.2500 57.0000
v 98.2007 -4.0182 57.0000
v 98.6422 -2.7176 57.0000
v 98.9102 -1.3705 57.0000
v 99.0000 0.0000 127.0000
v 98.9102 1.3705 127.0000
v 98.6422 2.7176 127.0000
v 98.2007 4.0182 127.0000
v 97.5933 5.2500 127.0000
v 96.8302 6.3920 127.0000
v 95.9246 7.4246 127.0000
v 94.8920 8.3302 127.0000
v 93.7500 9.0933 127.0000
v 92.5182 9.7007 127.0000
v 91.2176 10.1422 127.0000
v 89.8705 10.4102 127.0000
v 88.5000 10.5000 127.0000
v 87.1295 10.4102 127.0000
v 85.7824 10.1422 127.0000
v 84.4818 9.7007 127.0000
v 83.2500 9.0933 127.0000
v 82.1080 8.3302 127.0000
v 81.0754 7.4246 127.0000
v 80.1698 6.3920 127.0000
v 79.4067 5.2500 127.0000
v 78.7993 4.0182 127.0000
v 78.3578 2.7176 127.0000
v 78.0898 1.3705 127.0000
v 78.0000 0.0000 127.0000
v 78.0898 -1.3705 127.0000
v 78.3578 -2.7176 127.0000
v 78.7993 -4.0182 127.0000
v 79.4067 -5.2500 127.0000
v 80.1698 -6.3920 127.0000
v 81.0754 -7.4246 127.0000
v 82.1080 -8.3302 127.0000
v 83.2500 -9.0933 127.0000
v 84.4818 -9.7007 127.0000
v 85.7824 -10.1422 127.0000
v 87.1295 -10.4102 127.0000
v 88.5000 -10.5000 127.0000
v 89.8705 -10.4102 127.0000
v 91.2176 -10.1422 127.0000
v 92.5182 -9.7007 127.0000
v 93.7500 -9.0933 127.0000
v 94.8920 -8.3302 127.0000
v 95.9246 -7.4246 127.0000
v 96.8302 -6.3920 127.0000
v 97.5933 -5.2500 127.0000
v 98.2007 -4.0182 127.0000
v 98.6422 -2.7176 127.0000
v 98.9102 -1.3705 127.0000
v 88.5000 0.0000 57.0000
v 88.5000 0.0000 127.0000
f 2071 2072 2120
f 2071 2120 2119
f 2072 2073 2121
f 2072 2121 2120
f 2073 2074 2122
f 2073 2122 2121
f 2074 2075 2123
f 2074 2123 2122
f 2075 2076 2124
f 2075 2124 2123
f 2076 2077 2125
f 2076 2125 2124
f 2077 2078 2126
f 2077 2126 2125
f 2078 2079 2127
f 2078 2127 2126
f 2079 2080 2128
f 2079 2128 2127
f 2080 2081 2129
f 2080 2129 2128
f 2081 2082 2130
f 2081 2130 2129
f 2082 2083 2131
f 2082 2131 2130
f 2083 2084 2132
f 2083 2132 2131
f 2084 2085 2133
f 2084 2133 2132
f 2085 2086 2134
f 2085 2134 2133
f 2086 2087 2135
f 2086 2135 2134
f 2087 2088 2136
f 2087 2136 2135
f 2088 2089 2137
f 2088 2137 2136
f 2089 2090 2138
f 2089 2138 2137
f 2090 2091 2139
f 2090 2139 2138
f 2091 2092 2140
f 2091 2140 2139
f 2092 2093 2141
f 2092 2141 2140
f 2093 2094 2142
f 2093 2142 2141
f 2094 2095 2143
f 2094 2143 2142
f 2095 2096 2144
f 2095 2144 2143
f 2096 2097 2145
f 2096 2145 2144
f 2097 2098 2146
f 2097 2146 2145
f 2098 2099 2147
f 2098 2147 2146
f 2099 2100 2148
f 2099 2148 2147
f 2100 2101 2149
f 2100 2149 2148
f 2101 2102 2150
f 2101 2150 2149
f 2102 2103 2151
f 2102 2151 2150
f 2103 2104 2152
f 2103 2152 2151
f 2104 2105 2153
f 2104 2153 2152
f 2105 2106 2154
f 2105 2154 2153
f 2106 2107 2155
f 2106 2155 2154
f 2107 2108 2156
f 2107 2156 2155
f 2108 2109 2157
f 2108 2157 2156
f 2109 2110 2158
f 2109 2158 2157
f 2110 2111 2159
f 2110 2159 2158
f 2111 2112 2160
f 2111 2160 2159
f 2112 2113 2161
f 2112 2161 2160
f 2113 2114 2162
f 2113 2162 2161
f 2114 2115 2163
f 2114 2163 2162
f 2115 2116 2164
f 2115 2164 2163
f 2116 2117 2165
f 2116 2165 2164
f 2117 2118 2166
f 2117 2166 2165
f 2118 2071 2119
f 2118 2119 2166
f 2167 2072 2071
f 2168 2119 2120
f 2167 2073 2072
f 2168 2120 2121
f 2167 2074 2073
f 2168 2121 2122
f 2167 2075 2074
f 2168 2122 2123
f 2167 2076 2075
f 2168 2123 2124
f 2167 2077 2076
f 2168 2124 2125
f 2167 2078 2077
f 2168 2125 2126
f 2167 2079 2078
f 2168 2126 2127
f 2167 2080 2079
f 2168 2127 2128
f 2167 2081 2080
f 2168 2128 2129
f 2167 2082 2081
f 2168 2129 2130
f 2167 2083 2082
f 2168 2130 2131
f 2167 2084 2083
f 2168 2131 2132
f 2167 2085 2084
f 2168 2132 2133
f 2167 2086 2085
f 2168 2133 2134
f 2167 2087 2086
f 2168 2134 2135
f 2167 2088 2087
f 2168 2135 2136
f 2167 2089 2088
f 2168 2136 2137
f 2167 2090 2089
f 2168 2137 2138
f 2167 2091 2090
f 2168 2138 2139
f 2167 2092 2091
f 2168 2139 2140
f 2167 2093 2092
f 2168 2140 2141
f 2167 2094 2093
f 2168 2141 2142
f 2167 2095 2094
f 2168 2142 2143
f 2167 2096 2095
f 2168 2143 2144
f 2167 2097 2096
f 2168 2144 2145
f 2167 2098 2097
f 2168 2145 2146
f 2167 2099 2098
f 2168 2146 2147
f 2167 2100 2099
f 2168 2147 2148
f 2167 2101 2100
f 2168 2148 2149
f 2167 2102 2101
f 2168 2149 2150
f 2167 2103 2102
f 2168 2150 2151
f 2167 2104 2103
f 2168 2151 2152
f 2167 2105 2104
f 2168 2152 2153
f 2167 2106 2105
f 2168 2153 2154
f 2167 2107 2106
f 2168 2154 2155
f 2167 2108 2107
f 2168 2155 2156
f 2167 2109 2108
f 2168 2156 2157
f 2167 2110 2109
f 2168 2157 2158
f 2167 2111 2110
f 2168 2158 2159
f 2167 2112 2111
f 2168 2159 2160
f 2167 2113 2112
f 2168 2160 2161
f 2167 2114 2113
f 2168 2161 2162
f 2167 2115 2114
f 2168 2162 2163
f 2167 2116 2115
f 2168 2163 2164
f 2167 2117 2116
f 2168 2164 2165
f 2167 2118 2117
f 2168 2165 2166
f 2167 2071 2118
f 2168 2166 2119
g cell_13
usemtl m_cell_13
v 99.0000 21.0000 57.0000
v 98.9102 22.3705 57.0000
v 98.6422 23.7176 57.0000
v 98.2007 25.0182 57.0000
v 97.5933 26.2500 57.0000
v 96.8302 27.3920 57.0000
v 95.9246 28.4246 57.0000
v 94.8920 29.3302 57.0000
v 93.7500 30.0933 57.0000
v 92.5182 30.7007 57.0000
v 91.2176 31.1422 57.0000
v 89.8705 31.4102 57.0000
v 88.5000 31.5000 57.0000
v 87.1295 31.4102 57.0000
v 85.7824 31.1422 57.0000
v 84.4818 30.7007 57.0000
v 83.2500 30.0933 57.0000
v 82.1080 29.3302 57.0000
v 81.0754 28.4246 57.0000
v 80.1698 27.3920 57.0000
v 79.4067 26.2500 57.0000
v 78.7993 25.0182 57.0000
v 78.3578 23.7176 57.0000
v 78.0898 22.3705 57.0000
v 78.0000 21.0000 57.0000
v 78.0898 19.6295 57.0000
v 78.3578 18.2824 57.0000
v 78.7993 16.9818 57.0000
v 79.4067 15.7500 57.0000
v 80.1698 14.6080 57.0000
v 81.0754 13.5754 57.0000
v 82.1080 12.6698 57.0000
v 83.2500 11.9067 57.0000
v 84.4818 11.2993 57.0000
v 85.7824 10.8578 57.0000
v 87.1295 10.5898 57.0000
v 88.5000 10.5000 57.0000
v 89.8705 10.5898 57.0000
v 91.2176 10.8578 57.0000
v 92.5182 11.2993 57.0000
v 93.7500 11.9067 57.0000
v 94.8920 12.6698 57.0000
v 95.9246 13.5754 57.0000
v 96.8302 14.6080 57.0000
v 97.5933 15.7500 57.0000
v 98.2007 16.9818 57.0000
v 98.6422 18.2824 57.0000
v 98.9102 19.6295 57.0000
v 99.0000 21.0000 127.0000
v 98.9102 22.3705 127.0000
v 98.6422 23.7176 127.0000
v 98.2007 25.0182 127.0000
v 97.5933 26.2500 127.0000
v 96.8302 27.3920 127.0000
v 95.9246 28.4246 127.0000
v 94.8920 29.3302 127.0000
v 93.7500 30.0933 127.0000
v 92.5182 30.7007 127.0000
v 91.2176 31.1422 127.0000
v 89.8705 31.4102 127.0000
v 88.5000 31.5000 127.0000
v 87.1295 31.4102 127.0000
v 85.7824 31.1422 127.0000
v 84.4818 30.7007 127.0000
v 83.2500 30.0933 127.0000
v 82.1080 29.3302 127.0000
v 81.0754 28.4246 127.0000
v 80.1698 27.3920 127.0000
v 79.4067 26.2500 127.0000
v 78.7993 25.0182 127.0000
v 78.3578 23.7176 127.0000
v 78.0898 22.3705 127.0000
v 78.0000 21.0000 127.0000
v 78.0898 19.6295 127.0000
v 78.3578 18.2824 127.0000
v 78.7993 16.9818 127.0000
v 79.4067 15.7500 127.0000
v 80.1698 14.6080 127.0000
v 81.0754 13.5754 127.0000
v 82.1080 12.6698 127.0000
v 83.2500 11.9067 127.0000
v 84.4818 11.2993 127.0000
v 85.7824 10.8578 127.0000
v 87.1295 10.5898 127.0000
v 88.5000 10.5000 127.0000
v 89.8705 10.5898 127.0000
v 91.2176 10.8578 127.0000
v 92.5182 11.2993 127.0000
v 93.7500 11.9067 127.0000
v 94.8920 12.6698 127.0000
v 95.9246 13.5754 127.0000
v 96.8302 14.6080 127.0000
v 97.5933 15.7500 127.0000
v 98.2007 16.9818 127.0000
v 98.6422 18.2824 127.0000
v 98.9102 19.6295 127.0000
v 88.5000 21.0000 57.0000
v 88.5000 21.0000 127.0000
f 2169 2170 2218
f 2169 2218 2217
f 2170 2171 2219
f 2170 2219 2218
f 2171 2172 2220
f 2171 2220 2219
f 2172 2173 2221
f 2172 2221 2220
f 2173 2174 2222
f 2173 2222 2221
f 2174 2175 2223
f 2174 2223 2222
f 2175 2176 2224
f 2175 2224 2223
f 2176 2177 2225
f 2176 2225 2224
f 2177 2178 2226
f 2177 2226 2225
f 2178 2179 2227
f 2178 2227 2226
f 2179 2180 2228
f 2179 2228 2227
f 2180 2181 2229
f 2180 2229 2228
f 2181 2182 2230
f 2181 2230 2229
f 2182 2183 2231
f 2182 2231 2230
f 2183 2184 2232
f 2183 2232 2231
f 2184 2185 2233
f 2184 2233 2232
f 2185 2186 2234
f 2185 2234 2233
f 2186 2187 2235
f 2186 2235 2234
f 2187 2188 2236
f 2187 2236 2235
f 2188 2189 2237
f 2188 2237 2236
f 2189 2190 2238
f 2189 2238 2237
f 2190 2191 2239
f 2190 2239 2238
f 2191 2192 2240
f 2191 2240 2239
f 2192 2193 2241
f 2192 2241 2240
f 2193 2194 2242
f 2193 2242 2241
f 2194 2195 2243
f 2194 2243 2242
f 2195 2196 2244
f 2195 2244 2243
f 2196 2197 2245
f 2196 2245 2244
f 2197 2198 2246
f 2197 2246 2245
f 2198 2199 2247
f 2198 2247 2246
f 2199 2200 2248
f 2199 2248 2247
f 2200 2201 2249
f 2200 2249 2248
f 2201 2202 2250
f 2201 2250 2249
f 2202 2203 2251
f 2202 2251 2250
f 2203 2204 2252
f 2203 2252 2251
f 2204 2205 2253
f 2204 2253 2252
f 2205 2206 2254
f 2205 2254 2253
f 2206 2207 2255
f 2206 2255 2254
f 2207 2208 2256
f 2207 2256 2255
f 2208 2209 2257
f 2208 2257 2256
f 2209 2210 2258
f 2209 2258 2257
f 2210 2211 2259
f 2210 2259 2258
f 2211 2212 2260
f 2211 2260 2259
f 2212 2213 2261
f 2212 2261 2260
f 2213 2214 2262
f 2213 2262 2261
f 2214 2215 2263
f 2214 2263 2262
f 2215 2216 2264
f 2215 2264 2263
f 2216 2169 2217
f 2216 2217 2264
f 2265 2170 2169
f 2266 2217 2218
f 2265 2171 2170
f 2266 2218 2219
f 2265 2172 2171
f 2266 2219 2220
f 2265 2173 2172
f 2266 2220 2221
f 2265 2174 2173
f 2266 2221 2222
f 2265 2175 2174
f 2266 2222 2223
f 2265 2176 2175
f 2266 2223 2224
f 2265 2177 2176
f 2266 2224 2225
f 2265 2178 2177
f 2266 2225 2226
f 2265 2179 2178
f 2266 2226 2227
f 2265 2180 2179
f 2266 2227 2228
f 2265 2181 2180
f 2266 2228 2229
f 2265 2182 2181
f 2266 2229 2230
f 2265 2183 2182
f 2266 2230 2231
f 2265 2184 2183
f 2266 2231 2232
f 2265 2185 2184
f 2266 2232 2233
f 2265 2186 2185
f 2266 2233 2234
f 2265 2187 2186
f 2266 2234 2235
f 2265 2188 2187
f 2266 2235 2236
f 2265 2189 2188
f 2266 2236 2237
f 2265 2190 2189
f 2266 2237 2238
f 2265 2191 2190
f 2266 2238 2239
f 2265 2192 2191
f 2266 2239 2240
f 2265 2193 2192
f 2266 2240 2241
f 2265 2194 2193
f 2266 2241 2242
f 2265 2195 2194
f 2266 2242 2243
f 2265 2196 2195
f 2266 2243 2244
f 2265 2197 2196
f 2266 2244 2245
f 2265 2198 2197
f 2266 2245 2246
f 2265 2199 2198
f 2266 2246 2247
f 2265 2200 2199
f 2266 2247 2248
f 2265 2201 2200
f 2266 2248 2249
f 2265 2202 2201
f 2266 2249 2250
f 2265 2203 2202
f 2266 2250 2251
f 2265 2204 2203
f 2266 2251 2252
f 2265 2205 2204
f 2266 2252 2253
f 2265 2206 2205
f 2266 2253 2254
f 2265 2207 2206
f 2266 2254 2255
f 2265 2208 2207
f 2266 2255 2256
f 2265 2209 2208
f 2266 2256 2257
f 2265 2210 2209
f 2266 2257 2258
f 2265 2211 2210
f 2266 2258 2259
f 2265 2212 2211
f 2266 2259 2260
f 2265 2213 2212
f 2266 2260 2261
f 2265 2214 2213
f 2266 2261 2262
f 2265 2215 2214
f 2266 2262 2263
f 2265 2216 2215
f 2266 2263 2264
f 2265 2169 2216
f 2266 2264 2217
g cell_21
usemtl m_cell_21
v 120.0000 -21.0000 57.0000
v 119.9102 -19.6295 57.0000
v 119.6422 -18.2824 57.0000
v 119.2007 -16.9818 57.0000
v 118.5933 -15.7500 57.0000
v 117.8302 -14.6080 57.0000
v 116.9246 -13.5754 57.0000
v 115.8920 -12.6698 57.0000
v 114.7500 -11.9067 57.0000
v 113.5182 -11.2993 57.0000
v 112.2176 -10.8578 57.0000
v 110.8705 -10.5898 57.0000
v 109.5000 -10.5000 57.0000
v 108.1295 -10.5898 57.0000
v 106.7824 -10.8578 57.0000
v 105.4818 -11.2993 57.0000
v 104.2500 -11.9067 57.0000
v 103.1080 -12.6698 57.0000
v 102.0754 -13.5754 57.0000
v 101.1698 -14.6080 57.0000
v 100.4067 -15.7500 57.0000
v 99.7993 -16.9818 57.0000
v 99.3578 -18.2824 57.0000
v 99.0898 -19.6295 57.0000
v 99.0000 -21.0000 57.0000
v 99.0898 -22.3705 57.0000
v 99.3578 -23.7176 57.0000
v 99.7993 -25.0182 57.0000
v 100.4067 -26.2500 57.0000
v 101.1698 -27.3920 57.0000
v 102.0754 -28.4246 57.0000
v 103.1080 -29.3302 57.0000
v 104.2500 -30.0933 57.0000
v 105.4818 -30.7007 57.0000
v 106.7824 -31.1422 57.0000
v 108.1295 -31.4102 57.0000
v 109.5000 -31.5000 57.0000
v 110.8705 -31.4102 57.0000
v 112.2176 -31.1422 57.0000
v 113.5182 -30.7007 57.0000
v 114.7500 -30.0933 57.0000
v 115.8920 -29.3302 57.0000
v 116.9246 -28.4246 57.0000
v 117.8302 -27.3920 57.0000
v 118.5933 -26.2500 57.0000
v 119.2007 -25.0182 57.0000
v 119.6422 -23.7176 57.0000
v 119.9102 -22.3705 57.0000
v 120.0000 -21.0000 127.0000
v 119.9102 -19.6295 127.0000
v 119.6422 -18.2824 127.0000
v 119.2007 -16.9818 127.0000
v 118.5933 -15.7500 127.0000
v 117.8302 -14.6080 127.0000
v 116.9246 -13.5754 127.0000
v 115.8920 -12.6698 127.0000
v 114.7500 -11.9067 127.0000
v 113.5182 -11.2993 127.0000
v 112.2176 -10.8578 127.0000
v 110.8705 -10.5898 127.0000
v 109.5000 -10.5000 127.0000
v 108.1295 -10.5898 127.0000
v 106.7824 -10.8578 127.0000
v 105.4818 -11.2993 127.0000
v 104.2500 -11.9067 127.0000
v 103.1080 -12.6698 127.0000
v 102.0754 -13.5754 127.0000
v 101.1698 -14.6080 127.0000
v 100.4067 -15.7500 127.0000
v 99.7993 -16.9818 127.0000
v 99.3578 -18.2824 127.0000
v 99.0898 -19.6295 127.0000
v 99.0000 -21.0000 127.0000
v 99.0898 -22.3705 127.0000
v 99.3578 -23.7176 127.0000
v 99.7993 -25.0182 127.0000
v 100.4067 -26.2500 127.0000
v 101.1698 -27.3920 127.0000
v 102.0754 -28.4246 127.0000
v 103.1080 -29.3302 127.0000
v 104.2500 -30.0933 127.0000
v 105.4818 -30.7007 127.0000
v 106.7824 -31.1422 127.0000
v 108.1295 -31.4102 127.0000
v 109.5000 -31.5000 127.0000
v 110.8705 -31.4102 127.0000
v 112.2176 -31.1422 127.0000
v 113.5182 -30.7007 127.0000
v 114.7500 -30.0933 127.0000
v 115.8920 -29.3302 127.0000
v 116.9246 -28.4246 127.0000
v 117.8302 -27.3920 127.0000
v 118.5933 -26.2500 127.0000
v 119.2007 -25.0182 127.0000
v 119.6422 -23.7176 127.0000
v 119.9102 -22.3705 127.0000
v 109.5000 -21.0000 57.0000
v 109.5000 -21.0000 127.0000
f 2267 2268 2316
f 2267 2316 2315
f 2268 2269 2317
f 2268 2317 2316
f 2269 2270 2318
f 2269 2318 2317
f 2270 2271 2319
f 2270 2319 2318
f 2271 2272 2320
f 2271 2320 2319
f 2272 2273 2321
f 2272 2321 2320
f 2273 2274 2322
f 2273 2322 2321
f 2274 2275 2323
f 2274 2323 2322
f 2275 2276 2324
f 2275 2324 2323
f 2276 2277 2325
f 2276 2325 2324
f 2277 2278 2326
f 2277 2326 2325
f 2278 2279 2327
f 2278 2327 2326
f 2279 2280 2328
f 2279 2328 2327
f 2280 2281 2329
f 2280 2329 2328
f 2281 2282 2330
f 2281 2330 2329
f 2282 2283 2331
f 2282 2331 2330
f 2283 2284 2332
f 2283 2332 2331
f 2284 2285 2333
f 2284 2333 2332
f 2285 2286 2334
f 2285 2334 2333
f 2286 2287 2335
f 2286 2335 2334
f 2287 2288 2336
f 2287 2336 2335
f 2288 2289 2337
f 2288 2337 2336
f 2289 2290 2338
f 2289 2338 2337
f 2290 2291 2339
f 2290 2339 2338
f 2291 2292 2340
f 2291 2340 2339
f 2292 2293 2341
f 2292 2341 2340
f 2293 2294 2342
f 2293 2342 2341
f 2294 2295 2343
f 2294 2343 2342
f 2295 2296 2344
f 2295 2344 2343
f 2296 2297 2345
f 2296 2345 2344
f 2297 2298 2346
f 2297 2346 2345
f 2298 2299 2347
f 2298 2347 2346
f 2299 2300 2348
f 2299 2348 2347
f 2300 2301 2349
f 2300 2349 2348
f 2301 2302 2350
f 2301 2350 2349
f 2302 2303 2351
f 2302 2351 2350
f 2303 2304 2352
f 2303 2352 2351
f 2304 2305 2353
f 2304 2353 2352
f 2305 2306 2354
f 2305 2354 2353
f 2306 2307 2355
f 2306 2355 2354
f 2307 2308 2356
f 2307 2356 2355
f 2308 2309 2357
f 2308 2357 2356
f 2309 2310 2358
f 2309 2358 2357
f 2310 2311 2359
f 2310 2359 2358
f 2311 2312 2360
f 2311 2360 2359
f 2312 2313 2361
f 2312 2361 2360
f 2313 2314 2362
f 2313 2362 2361
f 2314 2267 2315
f 2314 2315 2362
f 2363 2268 2267
f 2364 2315 2316
f 2363 2269 2268
f 2364 2316 2317
f 2363 2270 2269
f 2364 2317 2318
f 2363 2271 2270
f 2364 2318 2319
f 2363 2272 2271
f 2364 2319 2320
f 2363 2273 2272
f 2364 2320 2321
f 2363 2274 2273
f 2364 2321 2322
f 2363 2275 2274
f 2364 2322 2323
f 2363 2276 2275
f 2364 2323 2324
f 2363 2277 2276
f 2364 2324 2325
f 2363 2278 2277
f 2364 2325 2326
f 2363 2279 2278
f 2364 2326 2327
f 2363 2280 2279
f 2364 2327 2328
f 2363 2281 2280
f 2364 2328 2329
f 2363 2282 2281
f 2364 2329 2330
f 2363 2283 2282
f 2364 2330 2331
f 2363 2284 2283
f 2364 2331 2332
f 2363 2285 2284
f 2364 2332 2333
f 2363 2286 2285
f 2364 2333 2334
f 2363 2287 2286
f 2364 2334 2335
f 2363 2288 2287
f 2364 2335 2336
f 2363 2289 2288
f 2364 2336 2337
f 2363 2290 2289
f 2364 2337 2338
f 2363 2291 2290
f 2364 2338 2339
f 2363 2292 2291
f 2364 2339 2340
f 2363 2293 2292
f 2364 2340 2341
f 2363 2294 2293
f 2364 2341 2342
f 2363 2295 2294
f 2364 2342 2343
f 2363 2296 2295
f 2364 2343 2344
f 2363 2297 2296
f 2364 2344 2345
f 2363 2298 2297
f 2364 2345 2346
f 2363 2299 2298
f 2364 2346 2347
f 2363 2300 2299
f 2364 2347 2348
f 2363 2301 2300
f 2364 2348 2349
f 2363 2302 2301
f 2364 2349 2350
f 2363 2303 2302
f 2364 2350 2351
f 2363 2304 2303
f 2364 2351 2352
f 2363 2305 2304
f 2364 2352 2353
f 2363 2306 2305
f 2364 2353 2354
f 2363 2307 2306
f 2364 2354 2355
f 2363 2308 2307
f 2364 2355 2356
f 2363 2309 2308
f 2364 2356 2357
f 2363 2310 2309
f 2364 2357 2358
f 2363 2311 2310
f 2364 2358 2359
f 2363 2312 2311
f 2364 2359 2360
f 2363 2313 2312
f 2364 2360 2361
f 2363 2314 2313
f 2364 2361 2362
f 2363 2267 2314
f 2364 2362 2315
g cell_22
usemtl m_cell_22
v 120.0000 0.0000 57.0000
v 119.9102 1.3705 57.0000
v 119.6422 2.7176 57.0000
v 119.2007 4.0182 57.0000
v 118.5933 5.2500 57.0000
v 117.8302 6.3920 57.0000
v 116.9246 7.4246 57.0000
v 115.8920 8.3302 57.0000
v 114.7500 9.0933 57.0000
v 113.5182 9.7007 57.0000
v 112.2176 10.1422 57.0000
v 110.8705 10.4102 57.0000
v 109.5000 10.5000 57.0000
v 108.1295 10.4102 57.0000
v 106.7824 10.1422 57.0000
v 105.4818 9.7007 57.0000
v 104.2500 9.0933 57.0000
v 103.1080 8.3302 57.0000
v 102.0754 7.4246 57.0000
v 101.1698 6.3920 57.0000
v 100.4067 5.2500 57.0000
v 99.7993 4.0182 57.0000
v 99.3578 2.7176 57.0000
v 99.0898 1.3705 57.0000
v 99.0000 0.0000 57.0000
v 99.0898 -1.3705 57.0000
v 99.3578 -2.7176 57.0000
v 99.7993 -4.0182 57.0000
v 100.4067 -5.2500 57.0000
v 101.1698 -6.3920 57.0000
v 102.0754 -7.4246 57.0000
v 103.1080 -8.3302 57.0000
v 104.2500 -9.0933 57.0000
v 105.4818 -9.7007 57.0000
v 106.7824 -10.1422 57.0000
v 108.1295 -10.4102 57.0000
v 109.5000 -10.5000 57.0000
v 110.8705 -10.4102 57.0000
v 112.2176 -10.1422 57.0000
v 113.5182 -9.7007 57.0000
v 114.7500 -9.0933 57.0000
v 115.8920 -8.3302 57.0000
v 116.9246 -7.4246 57.0000
v 117.8302 -6.3920 57.0000
v 118.5933 -5.2500 57.0000
v 119.2007 -4.0182 57.0000
v 119.6422 -2.7176 57.0000
v 119.9102 -1.3705 57.0000
v 120.0000 0.0000 127.0000
v 119.9102 1.3705 127.0000
v 119.6422 2.7176 127.0000
v 119.2007 4.0182 127.0000
v 118.5933 5.2500 127.0000
v 117.8302 6.3920 127.0000
v 116.9246 7.4246 127.0000
v 115.8920 8.3302 127.0000
v 114.7500 9.0933 127.0000
v 113.5182 9.7007 127.0000
v 112.2176 10.1422 127.0000
v 110.8705 10.4102 127.0000
v 109.5000 10.5000 127.0000
v 108.1295 10.4102 127.0000
v 106.7824 10.1422 127.0000
v 105.4818 9.7007 127.0000
v 104.2500 9.0933 127.0000
v 103.1080 8.3302 127.0000
v 102.0754 7.4246 127.0000
v 101.1698 6.3920 127.0000
v 100.4067 5.2500 127.0000
v 99.7993 4.0182 127.0000
v 99.3578 2.7176 127.0000
v 99.0898 1.3705 127.0000
v 99.0000 0.0000 127.0000
v 99.0898 -1.3705 127.0000
v 99.3578 -2.7176 127.0000
v 99.7993 -4.0182 127.0000
v 100.4067 -5.2500 127.0000
v 101.1698 -6.3920 127.0000
v 102.0754 -7.4246 127.0000
v 103.1080 -8.3302 127.0000
v 104.2500 -9.0933 127.0000
v 105.4818 -9.7007 127.0000
v 106.7824 -10.1422 127.0000
v 108.1295 -10.4102 127.0000
v 109.5000 -10.5000 127.0000
v 110.8705 -10.4102 127.0000
v 112.2176 -10.1422 127.0000
v 113.5182 -9.7007 127.0000
v 114.7500 -9.0933 127.0000
v 115.8920 -8.3302 127.0000
v 116.9246 -7.4246 127.0000
v 117.8302 -6.3920 127.0000
v 118.5933 -5.2500 127.0000
v 119.2007 -4.0182 127.0000
v 119.6422 -2.7176 127.0000
v 119.9102 -1.3705 127.0000
v 109.5000 0.0000 57.0000
v 109.5000 0.0000 127.0000
f 2365 2366 2414
f 2365 2414 2413
f 2366 2367 2415
f 2366 2415 2414
f 2367 2368 2416
f 2367 2416 2415
f 2368 2369 2417
f 2368 2417 2416
f 2369 2370 2418
f 2369 2418 2417
f 2370 2371 2419
f 2370 2419 2418
f 2371 2372 2420
f 2371 2420 2419
f 2372 2373 2421
f 2372 2421 2420
f 2373 2374 2422
f 2373 2422 2421
f 2374 2375 2423
f 2374 2423 2422
f 2375 2376 2424
f 2375 2424 2423
f 2376 2377 2425
f 2376 2425 2424
f 2377 2378 2426
f 2377 2426 2425
f 2378 2379 2427
f 2378 2427 2426
f 2379 2380 2428
f 2379 2428 2427
f 2380 2381 2429
f 2380 2429 2428
f 2381 2382 2430
f 2381 2430 2429
f 2382 2383 2431
f 2382 2431 2430
f 2383 2384 2432
f 2383 2432 2431
f 2384 2385 2433
f 2384 2433 2432
f 2385 2386 2434
f 2385 2434 2433
f 2386 2387 2435
f 2386 2435 2434
f 2387 2388 2436
f 2387 2436 2435
f 2388 2389 2437
f 2388 2437 2436
f 2389 2390 2438
f 2389 2438 2437
f 2390 2391 2439
f 2390 2439 2438
f 2391 2392 2440
f 2391 2440 2439
f 2392 2393 2441
f 2392 2441 2440
f 2393 2394 2442
f 2393 2442 2441
f 2394 2395 2443
f 2394 2443 2442
f 2395 2396 2444
f 2395 2444 2443
f 2396 2397 2445
f 2396 2445 2444
f 2397 2398 2446
f 2397 2446 2445
f 2398 2399 2447
f 2398 2447 2446
f 2399 2400 2448
f 2399 2448 2447
f 2400 2401 2449
f 2400 2449 2448
f 2401 2402 2450
f 2401 2450 2449
f 2402 2403 2451
f 2402 2451 2450
f 2403 2404 2452
f 2403 2452 2451
f 2404 2405 2453
f 2404 2453 2452
f 2405 2406 2454
f 2405 2454 2453
f 2406 2407 2455
f 2406 2455 2454
f 2407 2408 2456
f 2407 2456 2455
f 2408 2409 2457
f 2408 2457 2456
f 2409 2410 2458
f 2409 2458 2457
f 2410 2411 2459
f 2410 2459 2458
f 2411 2412 2460
f 2411 2460 2459
f 2412 2365 2413
f 2412 2413 2460
f 2461 2366 2365
f 2462 2413 2414
f 2461 2367 2366
f 2462 2414 2415
f 2461 2368 2367
f 2462 2415 2416
f 2461 2369 2368
f 2462 2416 2417
f 2461 2370 2369
f 2462 2417 2418
f 2461 2371 2370
f 2462 2418 2419
f 2461 2372 2371
f 2462 2419 2420
f 2461 2373 2372
f 2462 2420 2421
f 2461 2374 2373
f 2462 2421 2422
f 2461 2375 2374
f 2462 2422 2423
f 2461 2376 2375
f 2462 2423 2424
f 2461 2377 2376
f 2462 2424 2425
f 2461 2378 2377
f 2462 2425 2426
f 2461 2379 2378
f 2462 2426 2427
f 2461 2380 2379
f 2462 2427 2428
f 2461 2381 2380
f 2462 2428 2429
f 2461 2382 2381
f 2462 2429 2430
f 2461 2383 2382
f 2462 2430 2431
f 2461 2384 2383
f 2462 2431 2432
f 2461 2385 2384
f 2462 2432 2433
f 2461 2386 2385
f 2462 2433 2434
f 2461 2387 2386
f 2462 2434 2435
f 2461 2388 2387
f 2462 2435 2436
f 2461 2389 2388
f 2462 2436 2437
f 2461 2390 2389
f 2462 2437 2438
f 2461 2391 2390
f 2462 2438 2439
f 2461 2392 2391
f 2462 2439 2440
f 2461 2393 2392
f 2462 2440 2441
f 2461 2394 2393
f 2462 2441 2442
f 2461 2395 2394
f 2462 2442 2443
f 2461 2396 2395
f 2462 2443 2444
f 2461 2397 2396
f 2462 2444 2445
f 2461 2398 2397
f 2462 2445 2446
f 2461 2399 2398
f 2462 2446 2447
f 2461 2400 2399
f 2462 2447 2448
f 2461 2401 2400
f 2462 2448 2449
f 2461 2402 2401
f 2462 2449 2450
f 2461 2403 2402
f 2462 2450 2451
f 2461 2404 2403
f 2462 2451 2452
f 2461 2405 2404
f 2462 2452 2453
f 2461 2406 2405
f 2462 2453 2454
f 2461 2407 2406
f 2462 2454 2455
f 2461 2408 2407
f 2462 2455 2456
f 2461 2409 2408
f 2462 2456 2457
f 2461 2410 2409
f 2462 2457 2458
f 2461 2411 2410
f 2462 2458 2459
f 2461 2412 2411
f 2462 2459 2460
f 2461 2365 2412
f 2462 2460 2413
g cell_23
usemtl m_cell_23
v 120.0000 21.0000 57.0000
v 119.9102 22.3705 57.0000
v 119.6422 23.7176 57.0000
v 119.2007 25.0182 57.0000
v 118.5933 26.2500 57.0000
v 117.8302 27.3920 57.0000
v 116.9246 28.4246 57.0000
v 115.8920 29.3302 57.0000
v 114.7500 30.0933 57.0000
v 113.5182 30.7007 57.0000
v 112.2176 31.1422 57.0000
v 110.8705 31.4102 57.0000
v 109.5000 31.5000 57.0000
v 108.1295 31.4102 57.0000
v 106.7824 31.1422 57.0000
v 105.4818 30.7007 57.0000
v 104.2500 30.0933 57.0000
v 103.1080 29.3302 57.0000
v 102.0754 28.4246 57.0000
v 101.1698 27.3920 57.0000
v 100.4067 26.2500 57.0000
v 99.7993 25.0182 57.0000
v 99.3578 23.7176 57.0000
v 99.0898 22.3705 57.0000
v 99.0000 21.0000 57.0000
v 99.0898 19.6295 57.0000
v 99.3578 18.2824 57.0000
v 99.7993 16.9818 57.0000
v 100.4067 15.7500 57.0000
v 101.1698 14.6080 57.0000
v 102.0754 13.5754 57.0000
v 103.1080 12.6698 57.0000
v 104.2500 11.9067 57.0000
v 105.4818 11.2993 57.0000
v 106.7824 10.8578 57.0000
v 108.1295 10.5898 57.0000
v 109.5000 10.5000 57.0000
v 110.8705 10.5898 57.0000
v 112.2176 10.8578 57.0000
v 113.5182 11.2993 57.0000
v 114.7500 11.9067 57.0000
v 115.8920 12.6698 57.0000
v 116.9246 13.5754 57.0000
v 117.8302 14.6080 57.0000
v 118.5933 15.7500 57.0000
v 119.2007 16.9818 57.0000
v 119.6422 18.2824 57.0000
v 119.9102 19.6295 57.0000
v 120.0000 21.0000 127.0000
v 119.9102 22.3705 127.0000
v 119.6422 23.7176 127.0000
v 119.2007 25.0182 127.0000
v 118.5933 26.2500 127.0000
v 117.8302 27.3920 127.0000
v 116.9246 28.4246 127.0000
v 115.8920 29.3302 127.0000
v 114.7500 30.0933 127.0000
v 113.5182 30.7007 127.0000
v 112.2176 31.1422 127.0000
v 110.8705 31.4102 127.0000
v 109.5000 31.5000 127.0000
v 108.1295 31.4102 127.0000
v 106.7824 31.1422 127.0000
v 105.4818 30.7007 127.0000
v 104.2500 30.0933 127.0000
v 103.1080 29.3302 127.0000
v 102.0754 28.4246 127.0000
v 101.1698 27.3920 127.0000
v 100.4067 26.2500 127.0000
v 99.7993 25.0182 127.0000
v 99.3578 23.7176 127.0000
v 99.0898 22.3705 127.0000
v 99.0000 21.0000 127.0000
v 99.0898 19.6295 127.0000
v 99.3578 18.2824 127.0000
v 99.7993 16.9818 127.0000
v 100.4067 15.7500 127.0000
v 101.1698 14.6080 127.0000
v 102.0754 13.5754 127.0000
v 103.1080 12.6698 127.0000
v 104.2500 11.9067 127.0000
v 105.4818 11.2993 127.0000
v 106.7824 10.8578 127.0000
v 108.1295 10.5898 127.0000
v 109.5000 10.5000 127.0000
v 110.8705 10.5898 127.0000
v 112.2176 10.8578 127.0000
v 113.5182 11.2993 127.0000
v 114.7500 11.9067 127.0000
v 115.8920 12.6698 127.0000
v 116.9246 13.5754 127.0000
v 117.8302 14.6080 127.0000
v 118.5933 15.7500 127.0000
v 119.2007 16.9818 127.0000
v 119.6422 18.2824 127.0000
v 119.9102 19.6295 127.0000
v 109.5000 21.0000 57.0000
v 109.5000 21.0000 127.0000
f 2463 2464 2512
f 2463 2512 2511
f 2464 2465 2513
f 2464 2513 2512
f 2465 2466 2514
f 2465 2514 2513
f 2466 2467 2515
f 2466 2515 2514
f 2467 2468 2516
f 2467 2516 2515
f 2468 2469 2517
f 2468 2517 2516
f 2469 2470 2518
f 2469 2518 2517
f 2470 2471 2519
f 2470 2519 2518
f 2471 2472 2520
f 2471 2520 2519
f 2472 2473 2521
f 2472 2521 2520
f 2473 2474 2522
f 2473 2522 2521
f 2474 2475 2523
f 2474 2523 2522
f 2475 2476 2524
f 2475 2524 2523
f 2476 2477 2525
f 2476 2525 2524
f 2477 2478 2526
f 2477 2526 2525
f 2478 2479 2527
f 2478 2527 2526
f 2479 2480 2528
f 2479 2528 2527
f 2480 2481 2529
f 2480 2529 2528
f 2481 2482 2530
f 2481 2530 2529
f 2482 2483 2531
f 2482 2531 2530
f 2483 2484 2532
f 2483 2532 2531
f 2484 2485 2533
f 2484 2533 2532
f 2485 2486 2534
f 2485 2534 2533
f 2486 2487 2535
f 2486 2535 2534
f 2487 2488 2536
f 2487 2536 2535
f 2488 2489 2537
f 2488 2537 2536
f 2489 2490 2538
f 2489 2538 2537
f 2490 2491 2539
f 2490 2539 2538
f 2491 2492 2540
f 2491 2540 2539
f 2492 2493 2541
f 2492 2541 2540
f 2493 2494 2542
f 2493 2542 2541
f 2494 2495 2543
f 2494 2543 2542
f 2495 2496 2544
f 2495 2544 2543
f 2496 2497 2545
f 2496 2545 2544
f 2497 2498 2546
f 2497 2546 2545
f 2498 2499 2547
f 2498 2547 2546
f 2499 2500 2548
f 2499 2548 2547
f 2500 2501 2549
f 2500 2549 2548
f 2501 2502 2550
f 2501 2550 2549
f 2502 2503 2551
f 2502 2551 2550
f 2503 2504 2552
f 2503 2552 2551
f 2504 2505 2553
f 2504 2553 2552
f 2505 2506 2554
f 2505 2554 2553
f 2506 2507 2555
f 2506 2555 2554
f 2507 2508 2556
f 2507 2556 2555
f 2508 2509 2557
f 2508 2557 2556
f 2509 2510 2558
f 2509 2558 2557
f 2510 2463 2511
f 2510 2511 2558
f 2559 2464 2463
f 2560 2511 2512
f 2559 2465 2464
f 2560 2512 2513
f 2559 2466 2465
f 2560 2513 2514
f 2559 2467 2466
f 2560 2514 2515
f 2559 2468 2467
f 2560 2515 2516
f 2559 2469 2468
f 2560 2516 2517
f 2559 2470 2469
f 2560 2517 2518
f 2559 2471 2470
f 2560 2518 2519
f 2559 2472 2471
f 2560 2519 2520
f 2559 2473 2472
f 2560 2520 2521
f 2559 2474 2473
f 2560 2521 2522
f 2559 2475 2474
f 2560 2522 2523
f 2559 2476 2475
f 2560 2523 2524
f 2559 2477 2476
f 2560 2524 2525
f 2559 2478 2477
f 2560 2525 2526
f 2559 2479 2478
f 2560 2526 2527
f 2559 2480 2479
f 2560 2527 2528
f 2559 2481 2480
f 2560 2528 2529
f 2559 2482 2481
f 2560 2529 2530
f 2559 2483 2482
f 2560 2530 2531
f 2559 2484 2483
f 2560 2531 2532
f 2559 2485 2484
f 2560 2532 2533
f 2559 2486 2485
f 2560 2533 2534
f 2559 2487 2486
f 2560 2534 2535
f 2559 2488 2487
f 2560 2535 2536
f 2559 2489 2488
f 2560 2536 2537
f 2559 2490 2489
f 2560 2537 2538
f 2559 2491 2490
f 2560 2538 2539
f 2559 2492 2491
f 2560 2539 2540
f 2559 2493 2492
f 2560 2540 2541
f 2559 2494 2493
f 2560 2541 2542
f 2559 2495 2494
f 2560 2542 2543
f 2559 2496 2495
f 2560 2543 2544
f 2559 2497 2496
f 2560 2544 2545
f 2559 2498 2497
f 2560 2545 2546
f 2559 2499 2498
f 2560 2546 2547
f 2559 2500 2499
f 2560 2547 2548
f 2559 2501 2500
f 2560 2548 2549
f 2559 2502 2501
f 2560 2549 2550
f 2559 2503 2502
f 2560 2550 2551
f 2559 2504 2503
f 2560 2551 2552
f 2559 2505 2504
f 2560 2552 2553
f 2559 2506 2505
f 2560 2553 2554
f 2559 2507 2506
f 2560 2554 2555
f 2559 2508 2507
f 2560 2555 2556
f 2559 2509 2508
f 2560 2556 2557
f 2559 2510 2509
f 2560 2557 2558
f 2559 2463 2510
f 2560 2558 2511
g bms_3s
usemtl m_bms_3s
v 79.0000 -30.0000 52.0000
v 119.0000 -30.0000 52.0000
v 119.0000 30.0000 52.0000
v 79.0000 30.0000 52.0000
v 79.0000 -30.0000 55.0000
v 119.0000 -30.0000 55.0000
v 119.0000 30.0000 55.0000
v 79.0000 30.0000 55.0000
f 2561 2563 2562
f 2561 2564 2563
f 2565 2566 2567
f 2565 2567 2568
f 2561 2562 2566
f 2561 2566 2565
f 2562 2563 2567
f 2562 2567 2566
f 2563 2564 2568
f 2563 2568 2567
f 2564 2561 2565
f 2564 2565 2568
g bts7960
usemtl m_bts7960
v 79.0000 -25.0000 1.5000
v 91.0000 -25.0000 1.5000
v 91.0000 25.0000 1.5000
v 79.0000 25.0000 1.5000
v 79.0000 -25.0000 49.5000
v 91.0000 -25.0000 49.5000
v 91.0000 25.0000 49.5000
v 79.0000 25.0000 49.5000
f 2569 2571 2570
f 2569 2572 2571
f 2573 2574 2575
f 2573 2575 2576
f 2569 2570 2574
f 2569 2574 2573
f 2570 2571 2575
f 2570 2575 2574
f 2571 2572 2576
f 2571 2576 2575
f 2572 2569 2573
f 2572 2573 2576
