# ThermoX layout draft, millimetres, Z up
mtllib thermox_box.mtl
g shell_front_wall
usemtl m_shell_front_wall
v 0.0000 -37.5000 5.0000
v 1.5000 -37.5000 5.0000
v 1.5000 37.5000 5.0000
v 0.0000 37.5000 5.0000
v 0.0000 -37.5000 191.0000
v 1.5000 -37.5000 191.0000
v 1.5000 37.5000 191.0000
v 0.0000 37.5000 191.0000
f 1 3 2
f 1 4 3
f 5 6 7
f 5 7 8
f 1 2 6
f 1 6 5
f 2 3 7
f 2 7 6
f 3 4 8
f 3 8 7
f 4 1 5
f 4 5 8
g shell_side_L
usemtl m_shell_side_L
v 0.0000 -37.5000 5.0000
v 75.0000 -37.5000 5.0000
v 75.0000 -36.0000 5.0000
v 0.0000 -36.0000 5.0000
v 0.0000 -37.5000 191.0000
v 75.0000 -37.5000 191.0000
v 75.0000 -36.0000 191.0000
v 0.0000 -36.0000 191.0000
f 9 11 10
f 9 12 11
f 13 14 15
f 13 15 16
f 9 10 14
f 9 14 13
f 10 11 15
f 10 15 14
f 11 12 16
f 11 16 15
f 12 9 13
f 12 13 16
g shell_side_R
usemtl m_shell_side_R
v 0.0000 36.0000 5.0000
v 75.0000 36.0000 5.0000
v 75.0000 37.5000 5.0000
v 0.0000 37.5000 5.0000
v 0.0000 36.0000 191.0000
v 75.0000 36.0000 191.0000
v 75.0000 37.5000 191.0000
v 0.0000 37.5000 191.0000
f 17 19 18
f 17 20 19
f 21 22 23
f 21 23 24
f 17 18 22
f 17 22 21
f 18 19 23
f 18 23 22
f 19 20 24
f 19 24 23
f 20 17 21
f 20 21 24
g shell_divider
usemtl m_shell_divider
v 73.5000 -37.5000 5.0000
v 75.0000 -37.5000 5.0000
v 75.0000 37.5000 5.0000
v 73.5000 37.5000 5.0000
v 73.5000 -37.5000 191.0000
v 75.0000 -37.5000 191.0000
v 75.0000 37.5000 191.0000
v 73.5000 37.5000 191.0000
f 25 27 26
f 25 28 27
f 29 30 31
f 29 31 32
f 25 26 30
f 25 30 29
f 26 27 31
f 26 31 30
f 27 28 32
f 27 32 31
f 28 25 29
f 28 29 32
g foot_1
usemtl m_foot_1
v 0.0000 -37.5000 0.0000
v 10.0000 -37.5000 0.0000
v 10.0000 -27.5000 0.0000
v 0.0000 -27.5000 0.0000
v 0.0000 -37.5000 5.0000
v 10.0000 -37.5000 5.0000
v 10.0000 -27.5000 5.0000
v 0.0000 -27.5000 5.0000
f 33 35 34
f 33 36 35
f 37 38 39
f 37 39 40
f 33 34 38
f 33 38 37
f 34 35 39
f 34 39 38
f 35 36 40
f 35 40 39
f 36 33 37
f 36 37 40
g foot_2
usemtl m_foot_2
v 0.0000 27.5000 0.0000
v 10.0000 27.5000 0.0000
v 10.0000 37.5000 0.0000
v 0.0000 37.5000 0.0000
v 0.0000 27.5000 5.0000
v 10.0000 27.5000 5.0000
v 10.0000 37.5000 5.0000
v 0.0000 37.5000 5.0000
f 41 43 42
f 41 44 43
f 45 46 47
f 45 47 48
f 41 42 46
f 41 46 45
f 42 43 47
f 42 47 46
f 43 44 48
f 43 48 47
f 44 41 45
f 44 45 48
g foot_3
usemtl m_foot_3
v 65.0000 -37.5000 0.0000
v 75.0000 -37.5000 0.0000
v 75.0000 -27.5000 0.0000
v 65.0000 -27.5000 0.0000
v 65.0000 -37.5000 5.0000
v 75.0000 -37.5000 5.0000
v 75.0000 -27.5000 5.0000
v 65.0000 -27.5000 5.0000
f 49 51 50
f 49 52 51
f 53 54 55
f 53 55 56
f 49 50 54
f 49 54 53
f 50 51 55
f 50 55 54
f 51 52 56
f 51 56 55
f 52 49 53
f 52 53 56
g foot_4
usemtl m_foot_4
v 65.0000 27.5000 0.0000
v 75.0000 27.5000 0.0000
v 75.0000 37.5000 0.0000
v 65.0000 37.5000 0.0000
v 65.0000 27.5000 5.0000
v 75.0000 27.5000 5.0000
v 75.0000 37.5000 5.0000
v 65.0000 37.5000 5.0000
f 57 59 58
f 57 60 59
f 61 62 63
f 61 63 64
f 57 58 62
f 57 62 61
f 58 59 63
f 58 63 62
f 59 60 64
f 59 64 63
f 60 57 61
f 60 61 64
g back_side_L
usemtl m_back_side_L
v 75.0000 -37.5000 0.0000
v 125.0000 -37.5000 0.0000
v 125.0000 -36.0000 0.0000
v 75.0000 -36.0000 0.0000
v 75.0000 -37.5000 191.0000
v 125.0000 -37.5000 191.0000
v 125.0000 -36.0000 191.0000
v 75.0000 -36.0000 191.0000
f 65 67 66
f 65 68 67
f 69 70 71
f 69 71 72
f 65 66 70
f 65 70 69
f 66 67 71
f 66 71 70
f 67 68 72
f 67 72 71
f 68 65 69
f 68 69 72
g back_side_R
usemtl m_back_side_R
v 75.0000 36.0000 0.0000
v 125.0000 36.0000 0.0000
v 125.0000 37.5000 0.0000
v 75.0000 37.5000 0.0000
v 75.0000 36.0000 191.0000
v 125.0000 36.0000 191.0000
v 125.0000 37.5000 191.0000
v 75.0000 37.5000 191.0000
f 73 75 74
f 73 76 75
f 77 78 79
f 77 79 80
f 73 74 78
f 73 78 77
f 74 75 79
f 74 79 78
f 75 76 80
f 75 80 79
f 76 73 77
f 76 77 80
g back_rear_wall
usemtl m_back_rear_wall
v 123.5000 -37.5000 0.0000
v 125.0000 -37.5000 0.0000
v 125.0000 37.5000 0.0000
v 123.5000 37.5000 0.0000
v 123.5000 -37.5000 191.0000
v 125.0000 -37.5000 191.0000
v 125.0000 37.5000 191.0000
v 123.5000 37.5000 191.0000
f 81 83 82
f 81 84 83
f 85 86 87
f 85 87 88
f 81 82 86
f 81 86 85
f 82 83 87
f 82 87 86
f 83 84 88
f 83 88 87
f 84 81 85
f 84 85 88
g back_bottom
usemtl m_back_bottom
v 75.0000 -37.5000 0.0000
v 125.0000 -37.5000 0.0000
v 125.0000 37.5000 0.0000
v 75.0000 37.5000 0.0000
v 75.0000 -37.5000 1.5000
v 125.0000 -37.5000 1.5000
v 125.0000 37.5000 1.5000
v 75.0000 37.5000 1.5000
f 89 91 90
f 89 92 91
f 93 94 95
f 93 95 96
f 89 90 94
f 89 94 93
f 90 91 95
f 90 95 94
f 91 92 96
f 91 96 95
f 92 89 93
f 92 93 96
g back_top_panel
usemtl m_back_top_panel
v 75.0000 -37.5000 185.4000
v 125.0000 -37.5000 185.4000
v 125.0000 37.5000 185.4000
v 75.0000 37.5000 185.4000
v 75.0000 -37.5000 191.0000
v 125.0000 -37.5000 191.0000
v 125.0000 37.5000 191.0000
v 75.0000 37.5000 191.0000
f 97 99 98
f 97 100 99
f 101 102 103
f 101 103 104
f 97 98 102
f 97 102 101
f 98 99 103
f 98 103 102
f 99 100 104
f 99 104 103
f 100 97 101
f 100 101 104
g exhaust_slot_1
usemtl m_exhaust_slot_1
v -0.1000 -20.0000 53.4000
v 0.6000 -20.0000 53.4000
v 0.6000 20.0000 53.4000
v -0.1000 20.0000 53.4000
v -0.1000 -20.0000 56.0000
v 0.6000 -20.0000 56.0000
v 0.6000 20.0000 56.0000
v -0.1000 20.0000 56.0000
f 105 107 106
f 105 108 107
f 109 110 111
f 109 111 112
f 105 106 110
f 105 110 109
f 106 107 111
f 106 111 110
f 107 108 112
f 107 112 111
f 108 105 109
f 108 109 112
g exhaust_slot_2
usemtl m_exhaust_slot_2
v -0.1000 -20.0000 48.4000
v 0.6000 -20.0000 48.4000
v 0.6000 20.0000 48.4000
v -0.1000 20.0000 48.4000
v -0.1000 -20.0000 51.0000
v 0.6000 -20.0000 51.0000
v 0.6000 20.0000 51.0000
v -0.1000 20.0000 51.0000
f 113 115 114
f 113 116 115
f 117 118 119
f 117 119 120
f 113 114 118
f 113 118 117
f 114 115 119
f 114 119 118
f 115 116 120
f 115 120 119
f 116 113 117
f 116 117 120
g exhaust_slot_3
usemtl m_exhaust_slot_3
v -0.1000 -20.0000 43.4000
v 0.6000 -20.0000 43.4000
v 0.6000 20.0000 43.4000
v -0.1000 20.0000 43.4000
v -0.1000 -20.0000 46.0000
v 0.6000 -20.0000 46.0000
v 0.6000 20.0000 46.0000
v -0.1000 20.0000 46.0000
f 121 123 122
f 121 124 123
f 125 126 127
f 125 127 128
f 121 122 126
f 121 126 125
f 122 123 127
f 122 127 126
f 123 124 128
f 123 128 127
f 124 121 125
f 124 125 128
g exhaust_slot_4
usemtl m_exhaust_slot_4
v -0.1000 -20.0000 38.4000
v 0.6000 -20.0000 38.4000
v 0.6000 20.0000 38.4000
v -0.1000 20.0000 38.4000
v -0.1000 -20.0000 41.0000
v 0.6000 -20.0000 41.0000
v 0.6000 20.0000 41.0000
v -0.1000 20.0000 41.0000
f 129 131 130
f 129 132 131
f 133 134 135
f 133 135 136
f 129 130 134
f 129 134 133
f 130 131 135
f 130 135 134
f 131 132 136
f 131 136 135
f 132 129 133
f 132 133 136
g lid
usemtl m_lid
v 1.5000 -36.0000 183.4000
v 73.5000 -36.0000 183.4000
v 73.5000 36.0000 183.4000
v 1.5000 36.0000 183.4000
v 1.5000 -36.0000 191.0000
v 73.5000 -36.0000 191.0000
v 73.5000 36.0000 191.0000
v 1.5000 36.0000 191.0000
f 137 139 138
f 137 140 139
f 141 142 143
f 141 143 144
f 137 138 142
f 137 142 141
f 138 139 143
f 138 143 142
f 139 140 144
f 139 144 143
f 140 137 141
f 140 141 144
g cup_wall
usemtl m_cup_wall
v 68.5000 0.0000 77.0000
v 68.2348 4.0463 77.0000
v 67.4437 8.0234 77.0000
v 66.1403 11.8632 77.0000
v 64.3468 15.5000 77.0000
v 62.0940 18.8716 77.0000
v 59.4203 21.9203 77.0000
v 56.3716 24.5940 77.0000
v 53.0000 26.8468 77.0000
v 49.3632 28.6403 77.0000
v 45.5234 29.9437 77.0000
v 41.5463 30.7348 77.0000
v 37.5000 31.0000 77.0000
v 33.4537 30.7348 77.0000
v 29.4766 29.9437 77.0000
v 25.6368 28.6403 77.0000
v 22.0000 26.8468 77.0000
v 18.6284 24.5940 77.0000
v 15.5797 21.9203 77.0000
v 12.9060 18.8716 77.0000
v 10.6532 15.5000 77.0000
v 8.8597 11.8632 77.0000
v 7.5563 8.0234 77.0000
v 6.7652 4.0463 77.0000
v 6.5000 0.0000 77.0000
v 6.7652 -4.0463 77.0000
v 7.5563 -8.0234 77.0000
v 8.8597 -11.8632 77.0000
v 10.6532 -15.5000 77.0000
v 12.9060 -18.8716 77.0000
v 15.5797 -21.9203 77.0000
v 18.6284 -24.5940 77.0000
v 22.0000 -26.8468 77.0000
v 25.6368 -28.6403 77.0000
v 29.4766 -29.9437 77.0000
v 33.4537 -30.7348 77.0000
v 37.5000 -31.0000 77.0000
v 41.5463 -30.7348 77.0000
v 45.5234 -29.9437 77.0000
v 49.3632 -28.6403 77.0000
v 53.0000 -26.8468 77.0000
v 56.3716 -24.5940 77.0000
v 59.4203 -21.9203 77.0000
v 62.0940 -18.8716 77.0000
v 64.3468 -15.5000 77.0000
v 66.1403 -11.8632 77.0000
v 67.4437 -8.0234 77.0000
v 68.2348 -4.0463 77.0000
v 68.5000 0.0000 183.4000
v 68.2348 4.0463 183.4000
v 67.4437 8.0234 183.4000
v 66.1403 11.8632 183.4000
v 64.3468 15.5000 183.4000
v 62.0940 18.8716 183.4000
v 59.4203 21.9203 183.4000
v 56.3716 24.5940 183.4000
v 53.0000 26.8468 183.4000
v 49.3632 28.6403 183.4000
v 45.5234 29.9437 183.4000
v 41.5463 30.7348 183.4000
v 37.5000 31.0000 183.4000
v 33.4537 30.7348 183.4000
v 29.4766 29.9437 183.4000
v 25.6368 28.6403 183.4000
v 22.0000 26.8468 183.4000
v 18.6284 24.5940 183.4000
v 15.5797 21.9203 183.4000
v 12.9060 18.8716 183.4000
v 10.6532 15.5000 183.4000
v 8.8597 11.8632 183.4000
v 7.5563 8.0234 183.4000
v 6.7652 4.0463 183.4000
v 6.5000 0.0000 183.4000
v 6.7652 -4.0463 183.4000
v 7.5563 -8.0234 183.4000
v 8.8597 -11.8632 183.4000
v 10.6532 -15.5000 183.4000
v 12.9060 -18.8716 183.4000
v 15.5797 -21.9203 183.4000
v 18.6284 -24.5940 183.4000
v 22.0000 -26.8468 183.4000
v 25.6368 -28.6403 183.4000
v 29.4766 -29.9437 183.4000
v 33.4537 -30.7348 183.4000
v 37.5000 -31.0000 183.4000
v 41.5463 -30.7348 183.4000
v 45.5234 -29.9437 183.4000
v 49.3632 -28.6403 183.4000
v 53.0000 -26.8468 183.4000
v 56.3716 -24.5940 183.4000
v 59.4203 -21.9203 183.4000
v 62.0940 -18.8716 183.4000
v 64.3468 -15.5000 183.4000
v 66.1403 -11.8632 183.4000
v 67.4437 -8.0234 183.4000
v 68.2348 -4.0463 183.4000
v 67.5000 0.0000 77.0000
v 67.2433 3.9158 77.0000
v 66.4778 7.7646 77.0000
v 65.2164 11.4805 77.0000
v 63.4808 15.0000 77.0000
v 61.3006 18.2628 77.0000
v 58.7132 21.2132 77.0000
v 55.7628 23.8006 77.0000
v 52.5000 25.9808 77.0000
v 48.9805 27.7164 77.0000
v 45.2646 28.9778 77.0000
v 41.4158 29.7433 77.0000
v 37.5000 30.0000 77.0000
v 33.5842 29.7433 77.0000
v 29.7354 28.9778 77.0000
v 26.0195 27.7164 77.0000
v 22.5000 25.9808 77.0000
v 19.2372 23.8006 77.0000
v 16.2868 21.2132 77.0000
v 13.6994 18.2628 77.0000
v 11.5192 15.0000 77.0000
v 9.7836 11.4805 77.0000
v 8.5222 7.7646 77.0000
v 7.7567 3.9158 77.0000
v 7.5000 0.0000 77.0000
v 7.7567 -3.9158 77.0000
v 8.5222 -7.7646 77.0000
v 9.7836 -11.4805 77.0000
v 11.5192 -15.0000 77.0000
v 13.6994 -18.2628 77.0000
v 16.2868 -21.2132 77.0000
v 19.2372 -23.8006 77.0000
v 22.5000 -25.9808 77.0000
v 26.0195 -27.7164 77.0000
v 29.7354 -28.9778 77.0000
v 33.5842 -29.7433 77.0000
v 37.5000 -30.0000 77.0000
v 41.4158 -29.7433 77.0000
v 45.2646 -28.9778 77.0000
v 48.9805 -27.7164 77.0000
v 52.5000 -25.9808 77.0000
v 55.7628 -23.8006 77.0000
v 58.7132 -21.2132 77.0000
v 61.3006 -18.2628 77.0000
v 63.4808 -15.0000 77.0000
v 65.2164 -11.4805 77.0000
v 66.4778 -7.7646 77.0000
v 67.2433 -3.9158 77.0000
v 67.5000 0.0000 183.4000
v 67.2433 3.9158 183.4000
v 66.4778 7.7646 183.4000
v 65.2164 11.4805 183.4000
v 63.4808 15.0000 183.4000
v 61.3006 18.2628 183.4000
v 58.7132 21.2132 183.4000
v 55.7628 23.8006 183.4000
v 52.5000 25.9808 183.4000
v 48.9805 27.7164 183.4000
v 45.2646 28.9778 183.4000
v 41.4158 29.7433 183.4000
v 37.5000 30.0000 183.4000
v 33.5842 29.7433 183.4000
v 29.7354 28.9778 183.4000
v 26.0195 27.7164 183.4000
v 22.5000 25.9808 183.4000
v 19.2372 23.8006 183.4000
v 16.2868 21.2132 183.4000
v 13.6994 18.2628 183.4000
v 11.5192 15.0000 183.4000
v 9.7836 11.4805 183.4000
v 8.5222 7.7646 183.4000
v 7.7567 3.9158 183.4000
v 7.5000 0.0000 183.4000
v 7.7567 -3.9158 183.4000
v 8.5222 -7.7646 183.4000
v 9.7836 -11.4805 183.4000
v 11.5192 -15.0000 183.4000
v 13.6994 -18.2628 183.4000
v 16.2868 -21.2132 183.4000
v 19.2372 -23.8006 183.4000
v 22.5000 -25.9808 183.4000
v 26.0195 -27.7164 183.4000
v 29.7354 -28.9778 183.4000
v 33.5842 -29.7433 183.4000
v 37.5000 -30.0000 183.4000
v 41.4158 -29.7433 183.4000
v 45.2646 -28.9778 183.4000
v 48.9805 -27.7164 183.4000
v 52.5000 -25.9808 183.4000
v 55.7628 -23.8006 183.4000
v 58.7132 -21.2132 183.4000
v 61.3006 -18.2628 183.4000
v 63.4808 -15.0000 183.4000
v 65.2164 -11.4805 183.4000
v 66.4778 -7.7646 183.4000
v 67.2433 -3.9158 183.4000
f 145 146 194
f 145 194 193
f 146 147 195
f 146 195 194
f 147 148 196
f 147 196 195
f 148 149 197
f 148 197 196
f 149 150 198
f 149 198 197
f 150 151 199
f 150 199 198
f 151 152 200
f 151 200 199
f 152 153 201
f 152 201 200
f 153 154 202
f 153 202 201
f 154 155 203
f 154 203 202
f 155 156 204
f 155 204 203
f 156 157 205
f 156 205 204
f 157 158 206
f 157 206 205
f 158 159 207
f 158 207 206
f 159 160 208
f 159 208 207
f 160 161 209
f 160 209 208
f 161 162 210
f 161 210 209
f 162 163 211
f 162 211 210
f 163 164 212
f 163 212 211
f 164 165 213
f 164 213 212
f 165 166 214
f 165 214 213
f 166 167 215
f 166 215 214
f 167 168 216
f 167 216 215
f 168 169 217
f 168 217 216
f 169 170 218
f 169 218 217
f 170 171 219
f 170 219 218
f 171 172 220
f 171 220 219
f 172 173 221
f 172 221 220
f 173 174 222
f 173 222 221
f 174 175 223
f 174 223 222
f 175 176 224
f 175 224 223
f 176 177 225
f 176 225 224
f 177 178 226
f 177 226 225
f 178 179 227
f 178 227 226
f 179 180 228
f 179 228 227
f 180 181 229
f 180 229 228
f 181 182 230
f 181 230 229
f 182 183 231
f 182 231 230
f 183 184 232
f 183 232 231
f 184 185 233
f 184 233 232
f 185 186 234
f 185 234 233
f 186 187 235
f 186 235 234
f 187 188 236
f 187 236 235
f 188 189 237
f 188 237 236
f 189 190 238
f 189 238 237
f 190 191 239
f 190 239 238
f 191 192 240
f 191 240 239
f 192 145 193
f 192 193 240
f 241 290 242
f 241 289 290
f 145 241 242
f 145 242 146
f 193 194 290
f 193 290 289
f 242 291 243
f 242 290 291
f 146 242 243
f 146 243 147
f 194 195 291
f 194 291 290
f 243 292 244
f 243 291 292
f 147 243 244
f 147 244 148
f 195 196 292
f 195 292 291
f 244 293 245
f 244 292 293
f 148 244 245
f 148 245 149
f 196 197 293
f 196 293 292
f 245 294 246
f 245 293 294
f 149 245 246
f 149 246 150
f 197 198 294
f 197 294 293
f 246 295 247
f 246 294 295
f 150 246 247
f 150 247 151
f 198 199 295
f 198 295 294
f 247 296 248
f 247 295 296
f 151 247 248
f 151 248 152
f 199 200 296
f 199 296 295
f 248 297 249
f 248 296 297
f 152 248 249
f 152 249 153
f 200 201 297
f 200 297 296
f 249 298 250
f 249 297 298
f 153 249 250
f 153 250 154
f 201 202 298
f 201 298 297
f 250 299 251
f 250 298 299
f 154 250 251
f 154 251 155
f 202 203 299
f 202 299 298
f 251 300 252
f 251 299 300
f 155 251 252
f 155 252 156
f 203 204 300
f 203 300 299
f 252 301 253
f 252 300 301
f 156 252 253
f 156 253 157
f 204 205 301
f 204 301 300
f 253 302 254
f 253 301 302
f 157 253 254
f 157 254 158
f 205 206 302
f 205 302 301
f 254 303 255
f 254 302 303
f 158 254 255
f 158 255 159
f 206 207 303
f 206 303 302
f 255 304 256
f 255 303 304
f 159 255 256
f 159 256 160
f 207 208 304
f 207 304 303
f 256 305 257
f 256 304 305
f 160 256 257
f 160 257 161
f 208 209 305
f 208 305 304
f 257 306 258
f 257 305 306
f 161 257 258
f 161 258 162
f 209 210 306
f 209 306 305
f 258 307 259
f 258 306 307
f 162 258 259
f 162 259 163
f 210 211 307
f 210 307 306
f 259 308 260
f 259 307 308
f 163 259 260
f 163 260 164
f 211 212 308
f 211 308 307
f 260 309 261
f 260 308 309
f 164 260 261
f 164 261 165
f 212 213 309
f 212 309 308
f 261 310 262
f 261 309 310
f 165 261 262
f 165 262 166
f 213 214 310
f 213 310 309
f 262 311 263
f 262 310 311
f 166 262 263
f 166 263 167
f 214 215 311
f 214 311 310
f 263 312 264
f 263 311 312
f 167 263 264
f 167 264 168
f 215 216 312
f 215 312 311
f 264 313 265
f 264 312 313
f 168 264 265
f 168 265 169
f 216 217 313
f 216 313 312
f 265 314 266
f 265 313 314
f 169 265 266
f 169 266 170
f 217 218 314
f 217 314 313
f 266 315 267
f 266 314 315
f 170 266 267
f 170 267 171
f 218 219 315
f 218 315 314
f 267 316 268
f 267 315 316
f 171 267 268
f 171 268 172
f 219 220 316
f 219 316 315
f 268 317 269
f 268 316 317
f 172 268 269
f 172 269 173
f 220 221 317
f 220 317 316
f 269 318 270
f 269 317 318
f 173 269 270
f 173 270 174
f 221 222 318
f 221 318 317
f 270 319 271
f 270 318 319
f 174 270 271
f 174 271 175
f 222 223 319
f 222 319 318
f 271 320 272
f 271 319 320
f 175 271 272
f 175 272 176
f 223 224 320
f 223 320 319
f 272 321 273
f 272 320 321
f 176 272 273
f 176 273 177
f 224 225 321
f 224 321 320
f 273 322 274
f 273 321 322
f 177 273 274
f 177 274 178
f 225 226 322
f 225 322 321
f 274 323 275
f 274 322 323
f 178 274 275
f 178 275 179
f 226 227 323
f 226 323 322
f 275 324 276
f 275 323 324
f 179 275 276
f 179 276 180
f 227 228 324
f 227 324 323
f 276 325 277
f 276 324 325
f 180 276 277
f 180 277 181
f 228 229 325
f 228 325 324
f 277 326 278
f 277 325 326
f 181 277 278
f 181 278 182
f 229 230 326
f 229 326 325
f 278 327 279
f 278 326 327
f 182 278 279
f 182 279 183
f 230 231 327
f 230 327 326
f 279 328 280
f 279 327 328
f 183 279 280
f 183 280 184
f 231 232 328
f 231 328 327
f 280 329 281
f 280 328 329
f 184 280 281
f 184 281 185
f 232 233 329
f 232 329 328
f 281 330 282
f 281 329 330
f 185 281 282
f 185 282 186
f 233 234 330
f 233 330 329
f 282 331 283
f 282 330 331
f 186 282 283
f 186 283 187
f 234 235 331
f 234 331 330
f 283 332 284
f 283 331 332
f 187 283 284
f 187 284 188
f 235 236 332
f 235 332 331
f 284 333 285
f 284 332 333
f 188 284 285
f 188 285 189
f 236 237 333
f 236 333 332
f 285 334 286
f 285 333 334
f 189 285 286
f 189 286 190
f 237 238 334
f 237 334 333
f 286 335 287
f 286 334 335
f 190 286 287
f 190 287 191
f 238 239 335
f 238 335 334
f 287 336 288
f 287 335 336
f 191 287 288
f 191 288 192
f 239 240 336
f 239 336 335
f 288 289 241
f 288 336 289
f 192 288 241
f 192 241 145
f 240 193 289
f 240 289 336
g cup_floor
usemtl m_cup_floor
v 68.5000 0.0000 75.0000
v 68.2348 4.0463 75.0000
v 67.4437 8.0234 75.0000
v 66.1403 11.8632 75.0000
v 64.3468 15.5000 75.0000
v 62.0940 18.8716 75.0000
v 59.4203 21.9203 75.0000
v 56.3716 24.5940 75.0000
v 53.0000 26.8468 75.0000
v 49.3632 28.6403 75.0000
v 45.5234 29.9437 75.0000
v 41.5463 30.7348 75.0000
v 37.5000 31.0000 75.0000
v 33.4537 30.7348 75.0000
v 29.4766 29.9437 75.0000
v 25.6368 28.6403 75.0000
v 22.0000 26.8468 75.0000
v 18.6284 24.5940 75.0000
v 15.5797 21.9203 75.0000
v 12.9060 18.8716 75.0000
v 10.6532 15.5000 75.0000
v 8.8597 11.8632 75.0000
v 7.5563 8.0234 75.0000
v 6.7652 4.0463 75.0000
v 6.5000 0.0000 75.0000
v 6.7652 -4.0463 75.0000
v 7.5563 -8.0234 75.0000
v 8.8597 -11.8632 75.0000
v 10.6532 -15.5000 75.0000
v 12.9060 -18.8716 75.0000
v 15.5797 -21.9203 75.0000
v 18.6284 -24.5940 75.0000
v 22.0000 -26.8468 75.0000
v 25.6368 -28.6403 75.0000
v 29.4766 -29.9437 75.0000
v 33.4537 -30.7348 75.0000
v 37.5000 -31.0000 75.0000
v 41.5463 -30.7348 75.0000
v 45.5234 -29.9437 75.0000
v 49.3632 -28.6403 75.0000
v 53.0000 -26.8468 75.0000
v 56.3716 -24.5940 75.0000
v 59.4203 -21.9203 75.0000
v 62.0940 -18.8716 75.0000
v 64.3468 -15.5000 75.0000
v 66.1403 -11.8632 75.0000
v 67.4437 -8.0234 75.0000
v 68.2348 -4.0463 75.0000
v 68.5000 0.0000 77.0000
v 68.2348 4.0463 77.0000
v 67.4437 8.0234 77.0000
v 66.1403 11.8632 77.0000
v 64.3468 15.5000 77.0000
v 62.0940 18.8716 77.0000
v 59.4203 21.9203 77.0000
v 56.3716 24.5940 77.0000
v 53.0000 26.8468 77.0000
v 49.3632 28.6403 77.0000
v 45.5234 29.9437 77.0000
v 41.5463 30.7348 77.0000
v 37.5000 31.0000 77.0000
v 33.4537 30.7348 77.0000
v 29.4766 29.9437 77.0000
v 25.6368 28.6403 77.0000
v 22.0000 26.8468 77.0000
v 18.6284 24.5940 77.0000
v 15.5797 21.9203 77.0000
v 12.9060 18.8716 77.0000
v 10.6532 15.5000 77.0000
v 8.8597 11.8632 77.0000
v 7.5563 8.0234 77.0000
v 6.7652 4.0463 77.0000
v 6.5000 0.0000 77.0000
v 6.7652 -4.0463 77.0000
v 7.5563 -8.0234 77.0000
v 8.8597 -11.8632 77.0000
v 10.6532 -15.5000 77.0000
v 12.9060 -18.8716 77.0000
v 15.5797 -21.9203 77.0000
v 18.6284 -24.5940 77.0000
v 22.0000 -26.8468 77.0000
v 25.6368 -28.6403 77.0000
v 29.4766 -29.9437 77.0000
v 33.4537 -30.7348 77.0000
v 37.5000 -31.0000 77.0000
v 41.5463 -30.7348 77.0000
v 45.5234 -29.9437 77.0000
v 49.3632 -28.6403 77.0000
v 53.0000 -26.8468 77.0000
v 56.3716 -24.5940 77.0000
v 59.4203 -21.9203 77.0000
v 62.0940 -18.8716 77.0000
v 64.3468 -15.5000 77.0000
v 66.1403 -11.8632 77.0000
v 67.4437 -8.0234 77.0000
v 68.2348 -4.0463 77.0000
v 37.5000 0.0000 75.0000
v 37.5000 0.0000 77.0000
f 337 338 386
f 337 386 385
f 338 339 387
f 338 387 386
f 339 340 388
f 339 388 387
f 340 341 389
f 340 389 388
f 341 342 390
f 341 390 389
f 342 343 391
f 342 391 390
f 343 344 392
f 343 392 391
f 344 345 393
f 344 393 392
f 345 346 394
f 345 394 393
f 346 347 395
f 346 395 394
f 347 348 396
f 347 396 395
f 348 349 397
f 348 397 396
f 349 350 398
f 349 398 397
f 350 351 399
f 350 399 398
f 351 352 400
f 351 400 399
f 352 353 401
f 352 401 400
f 353 354 402
f 353 402 401
f 354 355 403
f 354 403 402
f 355 356 404
f 355 404 403
f 356 357 405
f 356 405 404
f 357 358 406
f 357 406 405
f 358 359 407
f 358 407 406
f 359 360 408
f 359 408 407
f 360 361 409
f 360 409 408
f 361 362 410
f 361 410 409
f 362 363 411
f 362 411 410
f 363 364 412
f 363 412 411
f 364 365 413
f 364 413 412
f 365 366 414
f 365 414 413
f 366 367 415
f 366 415 414
f 367 368 416
f 367 416 415
f 368 369 417
f 368 417 416
f 369 370 418
f 369 418 417
f 370 371 419
f 370 419 418
f 371 372 420
f 371 420 419
f 372 373 421
f 372 421 420
f 373 374 422
f 373 422 421
f 374 375 423
f 374 423 422
f 375 376 424
f 375 424 423
f 376 377 425
f 376 425 424
f 377 378 426
f 377 426 425
f 378 379 427
f 378 427 426
f 379 380 428
f 379 428 427
f 380 381 429
f 380 429 428
f 381 382 430
f 381 430 429
f 382 383 431
f 382 431 430
f 383 384 432
f 383 432 431
f 384 337 385
f 384 385 432
f 433 338 337
f 434 385 386
f 433 339 338
f 434 386 387
f 433 340 339
f 434 387 388
f 433 341 340
f 434 388 389
f 433 342 341
f 434 389 390
f 433 343 342
f 434 390 391
f 433 344 343
f 434 391 392
f 433 345 344
f 434 392 393
f 433 346 345
f 434 393 394
f 433 347 346
f 434 394 395
f 433 348 347
f 434 395 396
f 433 349 348
f 434 396 397
f 433 350 349
f 434 397 398
f 433 351 350
f 434 398 399
f 433 352 351
f 434 399 400
f 433 353 352
f 434 400 401
f 433 354 353
f 434 401 402
f 433 355 354
f 434 402 403
f 433 356 355
f 434 403 404
f 433 357 356
f 434 404 405
f 433 358 357
f 434 405 406
f 433 359 358
f 434 406 407
f 433 360 359
f 434 407 408
f 433 361 360
f 434 408 409
f 433 362 361
f 434 409 410
f 433 363 362
f 434 410 411
f 433 364 363
f 434 411 412
f 433 365 364
f 434 412 413
f 433 366 365
f 434 413 414
f 433 367 366
f 434 414 415
f 433 368 367
f 434 415 416
f 433 369 368
f 434 416 417
f 433 370 369
f 434 417 418
f 433 371 370
f 434 418 419
f 433 372 371
f 434 419 420
f 433 373 372
f 434 420 421
f 433 374 373
f 434 421 422
f 433 375 374
f 434 422 423
f 433 376 375
f 434 423 424
f 433 377 376
f 434 424 425
f 433 378 377
f 434 425 426
f 433 379 378
f 434 426 427
f 433 380 379
f 434 427 428
f 433 381 380
f 434 428 429
f 433 382 381
f 434 429 430
f 433 383 382
f 434 430 431
f 433 384 383
f 434 431 432
f 433 337 384
f 434 432 385
g insulation_sleeve
usemtl m_insulation_sleeve
v 73.5000 0.0000 77.0000
v 73.1920 4.6989 77.0000
v 72.2733 9.3175 77.0000
v 70.7597 13.7766 77.0000
v 68.6769 18.0000 77.0000
v 66.0607 21.9154 77.0000
v 62.9558 25.4558 77.0000
v 59.4154 28.5607 77.0000
v 55.5000 31.1769 77.0000
v 51.2766 33.2597 77.0000
v 46.8175 34.7733 77.0000
v 42.1989 35.6920 77.0000
v 37.5000 36.0000 77.0000
v 32.8011 35.6920 77.0000
v 28.1825 34.7733 77.0000
v 23.7234 33.2597 77.0000
v 19.5000 31.1769 77.0000
v 15.5846 28.5607 77.0000
v 12.0442 25.4558 77.0000
v 8.9393 21.9154 77.0000
v 6.3231 18.0000 77.0000
v 4.2403 13.7766 77.0000
v 2.7267 9.3175 77.0000
v 1.8080 4.6989 77.0000
v 1.5000 0.0000 77.0000
v 1.8080 -4.6989 77.0000
v 2.7267 -9.3175 77.0000
v 4.2403 -13.7766 77.0000
v 6.3231 -18.0000 77.0000
v 8.9393 -21.9154 77.0000
v 12.0442 -25.4558 77.0000
v 15.5846 -28.5607 77.0000
v 19.5000 -31.1769 77.0000
v 23.7234 -33.2597 77.0000
v 28.1825 -34.7733 77.0000
v 32.8011 -35.6920 77.0000
v 37.5000 -36.0000 77.0000
v 42.1989 -35.6920 77.0000
v 46.8175 -34.7733 77.0000
v 51.2766 -33.2597 77.0000
v 55.5000 -31.1769 77.0000
v 59.4154 -28.5607 77.0000
v 62.9558 -25.4558 77.0000
v 66.0607 -21.9154 77.0000
v 68.6769 -18.0000 77.0000
v 70.7597 -13.7766 77.0000
v 72.2733 -9.3175 77.0000
v 73.1920 -4.6989 77.0000
v 73.5000 0.0000 183.4000
v 73.1920 4.6989 183.4000
v 72.2733 9.3175 183.4000
v 70.7597 13.7766 183.4000
v 68.6769 18.0000 183.4000
v 66.0607 21.9154 183.4000
v 62.9558 25.4558 183.4000
v 59.4154 28.5607 183.4000
v 55.5000 31.1769 183.4000
v 51.2766 33.2597 183.4000
v 46.8175 34.7733 183.4000
v 42.1989 35.6920 183.4000
v 37.5000 36.0000 183.4000
v 32.8011 35.6920 183.4000
v 28.1825 34.7733 183.4000
v 23.7234 33.2597 183.4000
v 19.5000 31.1769 183.4000
v 15.5846 28.5607 183.4000
v 12.0442 25.4558 183.4000
v 8.9393 21.9154 183.4000
v 6.3231 18.0000 183.4000
v 4.2403 13.7766 183.4000
v 2.7267 9.3175 183.4000
v 1.8080 4.6989 183.4000
v 1.5000 0.0000 183.4000
v 1.8080 -4.6989 183.4000
v 2.7267 -9.3175 183.4000
v 4.2403 -13.7766 183.4000
v 6.3231 -18.0000 183.4000
v 8.9393 -21.9154 183.4000
v 12.0442 -25.4558 183.4000
v 15.5846 -28.5607 183.4000
v 19.5000 -31.1769 183.4000
v 23.7234 -33.2597 183.4000
v 28.1825 -34.7733 183.4000
v 32.8011 -35.6920 183.4000
v 37.5000 -36.0000 183.4000
v 42.1989 -35.6920 183.4000
v 46.8175 -34.7733 183.4000
v 51.2766 -33.2597 183.4000
v 55.5000 -31.1769 183.4000
v 59.4154 -28.5607 183.4000
v 62.9558 -25.4558 183.4000
v 66.0607 -21.9154 183.4000
v 68.6769 -18.0000 183.4000
v 70.7597 -13.7766 183.4000
v 72.2733 -9.3175 183.4000
v 73.1920 -4.6989 183.4000
v 68.5000 0.0000 77.0000
v 68.2348 4.0463 77.0000
v 67.4437 8.0234 77.0000
v 66.1403 11.8632 77.0000
v 64.3468 15.5000 77.0000
v 62.0940 18.8716 77.0000
v 59.4203 21.9203 77.0000
v 56.3716 24.5940 77.0000
v 53.0000 26.8468 77.0000
v 49.3632 28.6403 77.0000
v 45.5234 29.9437 77.0000
v 41.5463 30.7348 77.0000
v 37.5000 31.0000 77.0000
v 33.4537 30.7348 77.0000
v 29.4766 29.9437 77.0000
v 25.6368 28.6403 77.0000
v 22.0000 26.8468 77.0000
v 18.6284 24.5940 77.0000
v 15.5797 21.9203 77.0000
v 12.9060 18.8716 77.0000
v 10.6532 15.5000 77.0000
v 8.8597 11.8632 77.0000
v 7.5563 8.0234 77.0000
v 6.7652 4.0463 77.0000
v 6.5000 0.0000 77.0000
v 6.7652 -4.0463 77.0000
v 7.5563 -8.0234 77.0000
v 8.8597 -11.8632 77.0000
v 10.6532 -15.5000 77.0000
v 12.9060 -18.8716 77.0000
v 15.5797 -21.9203 77.0000
v 18.6284 -24.5940 77.0000
v 22.0000 -26.8468 77.0000
v 25.6368 -28.6403 77.0000
v 29.4766 -29.9437 77.0000
v 33.4537 -30.7348 77.0000
v 37.5000 -31.0000 77.0000
v 41.5463 -30.7348 77.0000
v 45.5234 -29.9437 77.0000
v 49.3632 -28.6403 77.0000
v 53.0000 -26.8468 77.0000
v 56.3716 -24.5940 77.0000
v 59.4203 -21.9203 77.0000
v 62.0940 -18.8716 77.0000
v 64.3468 -15.5000 77.0000
v 66.1403 -11.8632 77.0000
v 67.4437 -8.0234 77.0000
v 68.2348 -4.0463 77.0000
v 68.5000 0.0000 183.4000
v 68.2348 4.0463 183.4000
v 67.4437 8.0234 183.4000
v 66.1403 11.8632 183.4000
v 64.3468 15.5000 183.4000
v 62.0940 18.8716 183.4000
v 59.4203 21.9203 183.4000
v 56.3716 24.5940 183.4000
v 53.0000 26.8468 183.4000
v 49.3632 28.6403 183.4000
v 45.5234 29.9437 183.4000
v 41.5463 30.7348 183.4000
v 37.5000 31.0000 183.4000
v 33.4537 30.7348 183.4000
v 29.4766 29.9437 183.4000
v 25.6368 28.6403 183.4000
v 22.0000 26.8468 183.4000
v 18.6284 24.5940 183.4000
v 15.5797 21.9203 183.4000
v 12.9060 18.8716 183.4000
v 10.6532 15.5000 183.4000
v 8.8597 11.8632 183.4000
v 7.5563 8.0234 183.4000
v 6.7652 4.0463 183.4000
v 6.5000 0.0000 183.4000
v 6.7652 -4.0463 183.4000
v 7.5563 -8.0234 183.4000
v 8.8597 -11.8632 183.4000
v 10.6532 -15.5000 183.4000
v 12.9060 -18.8716 183.4000
v 15.5797 -21.9203 183.4000
v 18.6284 -24.5940 183.4000
v 22.0000 -26.8468 183.4000
v 25.6368 -28.6403 183.4000
v 29.4766 -29.9437 183.4000
v 33.4537 -30.7348 183.4000
v 37.5000 -31.0000 183.4000
v 41.5463 -30.7348 183.4000
v 45.5234 -29.9437 183.4000
v 49.3632 -28.6403 183.4000
v 53.0000 -26.8468 183.4000
v 56.3716 -24.5940 183.4000
v 59.4203 -21.9203 183.4000
v 62.0940 -18.8716 183.4000
v 64.3468 -15.5000 183.4000
v 66.1403 -11.8632 183.4000
v 67.4437 -8.0234 183.4000
v 68.2348 -4.0463 183.4000
f 435 436 484
f 435 484 483
f 436 437 485
f 436 485 484
f 437 438 486
f 437 486 485
f 438 439 487
f 438 487 486
f 439 440 488
f 439 488 487
f 440 441 489
f 440 489 488
f 441 442 490
f 441 490 489
f 442 443 491
f 442 491 490
f 443 444 492
f 443 492 491
f 444 445 493
f 444 493 492
f 445 446 494
f 445 494 493
f 446 447 495
f 446 495 494
f 447 448 496
f 447 496 495
f 448 449 497
f 448 497 496
f 449 450 498
f 449 498 497
f 450 451 499
f 450 499 498
f 451 452 500
f 451 500 499
f 452 453 501
f 452 501 500
f 453 454 502
f 453 502 501
f 454 455 503
f 454 503 502
f 455 456 504
f 455 504 503
f 456 457 505
f 456 505 504
f 457 458 506
f 457 506 505
f 458 459 507
f 458 507 506
f 459 460 508
f 459 508 507
f 460 461 509
f 460 509 508
f 461 462 510
f 461 510 509
f 462 463 511
f 462 511 510
f 463 464 512
f 463 512 511
f 464 465 513
f 464 513 512
f 465 466 514
f 465 514 513
f 466 467 515
f 466 515 514
f 467 468 516
f 467 516 515
f 468 469 517
f 468 517 516
f 469 470 518
f 469 518 517
f 470 471 519
f 470 519 518
f 471 472 520
f 471 520 519
f 472 473 521
f 472 521 520
f 473 474 522
f 473 522 521
f 474 475 523
f 474 523 522
f 475 476 524
f 475 524 523
f 476 477 525
f 476 525 524
f 477 478 526
f 477 526 525
f 478 479 527
f 478 527 526
f 479 480 528
f 479 528 527
f 480 481 529
f 480 529 528
f 481 482 530
f 481 530 529
f 482 435 483
f 482 483 530
f 531 580 532
f 531 579 580
f 435 531 532
f 435 532 436
f 483 484 580
f 483 580 579
f 532 581 533
f 532 580 581
f 436 532 533
f 436 533 437
f 484 485 581
f 484 581 580
f 533 582 534
f 533 581 582
f 437 533 534
f 437 534 438
f 485 486 582
f 485 582 581
f 534 583 535
f 534 582 583
f 438 534 535
f 438 535 439
f 486 487 583
f 486 583 582
f 535 584 536
f 535 583 584
f 439 535 536
f 439 536 440
f 487 488 584
f 487 584 583
f 536 585 537
f 536 584 585
f 440 536 537
f 440 537 441
f 488 489 585
f 488 585 584
f 537 586 538
f 537 585 586
f 441 537 538
f 441 538 442
f 489 490 586
f 489 586 585
f 538 587 539
f 538 586 587
f 442 538 539
f 442 539 443
f 490 491 587
f 490 587 586
f 539 588 540
f 539 587 588
f 443 539 540
f 443 540 444
f 491 492 588
f 491 588 587
f 540 589 541
f 540 588 589
f 444 540 541
f 444 541 445
f 492 493 589
f 492 589 588
f 541 590 542
f 541 589 590
f 445 541 542
f 445 542 446
f 493 494 590
f 493 590 589
f 542 591 543
f 542 590 591
f 446 542 543
f 446 543 447
f 494 495 591
f 494 591 590
f 543 592 544
f 543 591 592
f 447 543 544
f 447 544 448
f 495 496 592
f 495 592 591
f 544 593 545
f 544 592 593
f 448 544 545
f 448 545 449
f 496 497 593
f 496 593 592
f 545 594 546
f 545 593 594
f 449 545 546
f 449 546 450
f 497 498 594
f 497 594 593
f 546 595 547
f 546 594 595
f 450 546 547
f 450 547 451
f 498 499 595
f 498 595 594
f 547 596 548
f 547 595 596
f 451 547 548
f 451 548 452
f 499 500 596
f 499 596 595
f 548 597 549
f 548 596 597
f 452 548 549
f 452 549 453
f 500 501 597
f 500 597 596
f 549 598 550
f 549 597 598
f 453 549 550
f 453 550 454
f 501 502 598
f 501 598 597
f 550 599 551
f 550 598 599
f 454 550 551
f 454 551 455
f 502 503 599
f 502 599 598
f 551 600 552
f 551 599 600
f 455 551 552
f 455 552 456
f 503 504 600
f 503 600 599
f 552 601 553
f 552 600 601
f 456 552 553
f 456 553 457
f 504 505 601
f 504 601 600
f 553 602 554
f 553 601 602
f 457 553 554
f 457 554 458
f 505 506 602
f 505 602 601
f 554 603 555
f 554 602 603
f 458 554 555
f 458 555 459
f 506 507 603
f 506 603 602
f 555 604 556
f 555 603 604
f 459 555 556
f 459 556 460
f 507 508 604
f 507 604 603
f 556 605 557
f 556 604 605
f 460 556 557
f 460 557 461
f 508 509 605
f 508 605 604
f 557 606 558
f 557 605 606
f 461 557 558
f 461 558 462
f 509 510 606
f 509 606 605
f 558 607 559
f 558 606 607
f 462 558 559
f 462 559 463
f 510 511 607
f 510 607 606
f 559 608 560
f 559 607 608
f 463 559 560
f 463 560 464
f 511 512 608
f 511 608 607
f 560 609 561
f 560 608 609
f 464 560 561
f 464 561 465
f 512 513 609
f 512 609 608
f 561 610 562
f 561 609 610
f 465 561 562
f 465 562 466
f 513 514 610
f 513 610 609
f 562 611 563
f 562 610 611
f 466 562 563
f 466 563 467
f 514 515 611
f 514 611 610
f 563 612 564
f 563 611 612
f 467 563 564
f 467 564 468
f 515 516 612
f 515 612 611
f 564 613 565
f 564 612 613
f 468 564 565
f 468 565 469
f 516 517 613
f 516 613 612
f 565 614 566
f 565 613 614
f 469 565 566
f 469 566 470
f 517 518 614
f 517 614 613
f 566 615 567
f 566 614 615
f 470 566 567
f 470 567 471
f 518 519 615
f 518 615 614
f 567 616 568
f 567 615 616
f 471 567 568
f 471 568 472
f 519 520 616
f 519 616 615
f 568 617 569
f 568 616 617
f 472 568 569
f 472 569 473
f 520 521 617
f 520 617 616
f 569 618 570
f 569 617 618
f 473 569 570
f 473 570 474
f 521 522 618
f 521 618 617
f 570 619 571
f 570 618 619
f 474 570 571
f 474 571 475
f 522 523 619
f 522 619 618
f 571 620 572
f 571 619 620
f 475 571 572
f 475 572 476
f 523 524 620
f 523 620 619
f 572 621 573
f 572 620 621
f 476 572 573
f 476 573 477
f 524 525 621
f 524 621 620
f 573 622 574
f 573 621 622
f 477 573 574
f 477 574 478
f 525 526 622
f 525 622 621
f 574 623 575
f 574 622 623
f 478 574 575
f 478 575 479
f 526 527 623
f 526 623 622
f 575 624 576
f 575 623 624
f 479 575 576
f 479 576 480
f 527 528 624
f 527 624 623
f 576 625 577
f 576 624 625
f 480 576 577
f 480 577 481
f 528 529 625
f 528 625 624
f 577 626 578
f 577 625 626
f 481 577 578
f 481 578 482
f 529 530 626
f 529 626 625
f 578 579 531
f 578 626 579
f 482 578 531
f 482 531 435
f 530 483 579
f 530 579 626
g water
usemtl m_water
v 67.5000 0.0000 77.0000
v 67.2433 3.9158 77.0000
v 66.4778 7.7646 77.0000
v 65.2164 11.4805 77.0000
v 63.4808 15.0000 77.0000
v 61.3006 18.2628 77.0000
v 58.7132 21.2132 77.0000
v 55.7628 23.8006 77.0000
v 52.5000 25.9808 77.0000
v 48.9805 27.7164 77.0000
v 45.2646 28.9778 77.0000
v 41.4158 29.7433 77.0000
v 37.5000 30.0000 77.0000
v 33.5842 29.7433 77.0000
v 29.7354 28.9778 77.0000
v 26.0195 27.7164 77.0000
v 22.5000 25.9808 77.0000
v 19.2372 23.8006 77.0000
v 16.2868 21.2132 77.0000
v 13.6994 18.2628 77.0000
v 11.5192 15.0000 77.0000
v 9.7836 11.4805 77.0000
v 8.5222 7.7646 77.0000
v 7.7567 3.9158 77.0000
v 7.5000 0.0000 77.0000
v 7.7567 -3.9158 77.0000
v 8.5222 -7.7646 77.0000
v 9.7836 -11.4805 77.0000
v 11.5192 -15.0000 77.0000
v 13.6994 -18.2628 77.0000
v 16.2868 -21.2132 77.0000
v 19.2372 -23.8006 77.0000
v 22.5000 -25.9808 77.0000
v 26.0195 -27.7164 77.0000
v 29.7354 -28.9778 77.0000
v 33.5842 -29.7433 77.0000
v 37.5000 -30.0000 77.0000
v 41.4158 -29.7433 77.0000
v 45.2646 -28.9778 77.0000
v 48.9805 -27.7164 77.0000
v 52.5000 -25.9808 77.0000
v 55.7628 -23.8006 77.0000
v 58.7132 -21.2132 77.0000
v 61.3006 -18.2628 77.0000
v 63.4808 -15.0000 77.0000
v 65.2164 -11.4805 77.0000
v 66.4778 -7.7646 77.0000
v 67.2433 -3.9158 77.0000
v 67.5000 0.0000 171.0000
v 67.2433 3.9158 171.0000
v 66.4778 7.7646 171.0000
v 65.2164 11.4805 171.0000
v 63.4808 15.0000 171.0000
v 61.3006 18.2628 171.0000
v 58.7132 21.2132 171.0000
v 55.7628 23.8006 171.0000
v 52.5000 25.9808 171.0000
v 48.9805 27.7164 171.0000
v 45.2646 28.9778 171.0000
v 41.4158 29.7433 171.0000
v 37.5000 30.0000 171.0000
v 33.5842 29.7433 171.0000
v 29.7354 28.9778 171.0000
v 26.0195 27.7164 171.0000
v 22.5000 25.9808 171.0000
v 19.2372 23.8006 171.0000
v 16.2868 21.2132 171.0000
v 13.6994 18.2628 171.0000
v 11.5192 15.0000 171.0000
v 9.7836 11.4805 171.0000
v 8.5222 7.7646 171.0000
v 7.7567 3.9158 171.0000
v 7.5000 0.0000 171.0000
v 7.7567 -3.9158 171.0000
v 8.5222 -7.7646 171.0000
v 9.7836 -11.4805 171.0000
v 11.5192 -15.0000 171.0000
v 13.6994 -18.2628 171.0000
v 16.2868 -21.2132 171.0000
v 19.2372 -23.8006 171.0000
v 22.5000 -25.9808 171.0000
v 26.0195 -27.7164 171.0000
v 29.7354 -28.9778 171.0000
v 33.5842 -29.7433 171.0000
v 37.5000 -30.0000 171.0000
v 41.4158 -29.7433 171.0000
v 45.2646 -28.9778 171.0000
v 48.9805 -27.7164 171.0000
v 52.5000 -25.9808 171.0000
v 55.7628 -23.8006 171.0000
v 58.7132 -21.2132 171.0000
v 61.3006 -18.2628 171.0000
v 63.4808 -15.0000 171.0000
v 65.2164 -11.4805 171.0000
v 66.4778 -7.7646 171.0000
v 67.2433 -3.9158 171.0000
v 37.5000 0.0000 77.0000
v 37.5000 0.0000 171.0000
f 627 628 676
f 627 676 675
f 628 629 677
f 628 677 676
f 629 630 678
f 629 678 677
f 630 631 679
f 630 679 678
f 631 632 680
f 631 680 679
f 632 633 681
f 632 681 680
f 633 634 682
f 633 682 681
f 634 635 683
f 634 683 682
f 635 636 684
f 635 684 683
f 636 637 685
f 636 685 684
f 637 638 686
f 637 686 685
f 638 639 687
f 638 687 686
f 639 640 688
f 639 688 687
f 640 641 689
f 640 689 688
f 641 642 690
f 641 690 689
f 642 643 691
f 642 691 690
f 643 644 692
f 643 692 691
f 644 645 693
f 644 693 692
f 645 646 694
f 645 694 693
f 646 647 695
f 646 695 694
f 647 648 696
f 647 696 695
f 648 649 697
f 648 697 696
f 649 650 698
f 649 698 697
f 650 651 699
f 650 699 698
f 651 652 700
f 651 700 699
f 652 653 701
f 652 701 700
f 653 654 702
f 653 702 701
f 654 655 703
f 654 703 702
f 655 656 704
f 655 704 703
f 656 657 705
f 656 705 704
f 657 658 706
f 657 706 705
f 658 659 707
f 658 707 706
f 659 660 708
f 659 708 707
f 660 661 709
f 660 709 708
f 661 662 710
f 661 710 709
f 662 663 711
f 662 711 710
f 663 664 712
f 663 712 711
f 664 665 713
f 664 713 712
f 665 666 714
f 665 714 713
f 666 667 715
f 666 715 714
f 667 668 716
f 667 716 715
f 668 669 717
f 668 717 716
f 669 670 718
f 669 718 717
f 670 671 719
f 670 719 718
f 671 672 720
f 671 720 719
f 672 673 721
f 672 721 720
f 673 674 722
f 673 722 721
f 674 627 675
f 674 675 722
f 723 628 627
f 724 675 676
f 723 629 628
f 724 676 677
f 723 630 629
f 724 677 678
f 723 631 630
f 724 678 679
f 723 632 631
f 724 679 680
f 723 633 632
f 724 680 681
f 723 634 633
f 724 681 682
f 723 635 634
f 724 682 683
f 723 636 635
f 724 683 684
f 723 637 636
f 724 684 685
f 723 638 637
f 724 685 686
f 723 639 638
f 724 686 687
f 723 640 639
f 724 687 688
f 723 641 640
f 724 688 689
f 723 642 641
f 724 689 690
f 723 643 642
f 724 690 691
f 723 644 643
f 724 691 692
f 723 645 644
f 724 692 693
f 723 646 645
f 724 693 694
f 723 647 646
f 724 694 695
f 723 648 647
f 724 695 696
f 723 649 648
f 724 696 697
f 723 650 649
f 724 697 698
f 723 651 650
f 724 698 699
f 723 652 651
f 724 699 700
f 723 653 652
f 724 700 701
f 723 654 653
f 724 701 702
f 723 655 654
f 724 702 703
f 723 656 655
f 724 703 704
f 723 657 656
f 724 704 705
f 723 658 657
f 724 705 706
f 723 659 658
f 724 706 707
f 723 660 659
f 724 707 708
f 723 661 660
f 724 708 709
f 723 662 661
f 724 709 710
f 723 663 662
f 724 710 711
f 723 664 663
f 724 711 712
f 723 665 664
f 724 712 713
f 723 666 665
f 724 713 714
f 723 667 666
f 724 714 715
f 723 668 667
f 724 715 716
f 723 669 668
f 724 716 717
f 723 670 669
f 724 717 718
f 723 671 670
f 724 718 719
f 723 672 671
f 724 719 720
f 723 673 672
f 724 720 721
f 723 674 673
f 724 721 722
f 723 627 674
f 724 722 675
g water_plate
usemtl m_water_plate
v 17.5000 -20.0000 67.0000
v 57.5000 -20.0000 67.0000
v 57.5000 20.0000 67.0000
v 17.5000 20.0000 67.0000
v 17.5000 -20.0000 75.0000
v 57.5000 -20.0000 75.0000
v 57.5000 20.0000 75.0000
v 17.5000 20.0000 75.0000
f 725 727 726
f 725 728 727
f 729 730 731
f 729 731 732
f 725 726 730
f 725 730 729
f 726 727 731
f 726 731 730
f 727 728 732
f 727 732 731
f 728 725 729
f 728 729 732
g foam_ring_a
usemtl m_foam_ring_a
v 12.5000 -25.0000 63.0000
v 17.5000 -25.0000 63.0000
v 17.5000 25.0000 63.0000
v 12.5000 25.0000 63.0000
v 12.5000 -25.0000 67.0000
v 17.5000 -25.0000 67.0000
v 17.5000 25.0000 67.0000
v 12.5000 25.0000 67.0000
f 733 735 734
f 733 736 735
f 737 738 739
f 737 739 740
f 733 734 738
f 733 738 737
f 734 735 739
f 734 739 738
f 735 736 740
f 735 740 739
f 736 733 737
f 736 737 740
g foam_ring_b
usemtl m_foam_ring_b
v 57.5000 -25.0000 63.0000
v 62.5000 -25.0000 63.0000
v 62.5000 25.0000 63.0000
v 57.5000 25.0000 63.0000
v 57.5000 -25.0000 67.0000
v 62.5000 -25.0000 67.0000
v 62.5000 25.0000 67.0000
v 57.5000 25.0000 67.0000
f 741 743 742
f 741 744 743
f 745 746 747
f 745 747 748
f 741 742 746
f 741 746 745
f 742 743 747
f 742 747 746
f 743 744 748
f 743 748 747
f 744 741 745
f 744 745 748
g foam_ring_c
usemtl m_foam_ring_c
v 17.5000 -25.0000 63.0000
v 57.5000 -25.0000 63.0000
v 57.5000 -20.0000 63.0000
v 17.5000 -20.0000 63.0000
v 17.5000 -25.0000 67.0000
v 57.5000 -25.0000 67.0000
v 57.5000 -20.0000 67.0000
v 17.5000 -20.0000 67.0000
f 749 751 750
f 749 752 751
f 753 754 755
f 753 755 756
f 749 750 754
f 749 754 753
f 750 751 755
f 750 755 754
f 751 752 756
f 751 756 755
f 752 749 753
f 752 753 756
g foam_ring_d
usemtl m_foam_ring_d
v 17.5000 20.0000 63.0000
v 57.5000 20.0000 63.0000
v 57.5000 25.0000 63.0000
v 17.5000 25.0000 63.0000
v 17.5000 20.0000 67.0000
v 57.5000 20.0000 67.0000
v 57.5000 25.0000 67.0000
v 17.5000 25.0000 67.0000
f 757 759 758
f 757 760 759
f 761 762 763
f 761 763 764
f 757 758 762
f 757 762 761
f 758 759 763
f 758 763 762
f 759 760 764
f 759 764 763
f 760 757 761
f 760 761 764
g tec_hot_face
usemtl m_tec_hot_face
v 17.5000 -20.0000 63.0000
v 57.5000 -20.0000 63.0000
v 57.5000 20.0000 63.0000
v 17.5000 20.0000 63.0000
v 17.5000 -20.0000 64.0000
v 57.5000 -20.0000 64.0000
v 57.5000 20.0000 64.0000
v 17.5000 20.0000 64.0000
f 765 767 766
f 765 768 767
f 769 770 771
f 769 771 772
f 765 766 770
f 765 770 769
f 766 767 771
f 766 771 770
f 767 768 772
f 767 772 771
f 768 765 769
f 768 769 772
g tec_body
usemtl m_tec_body
v 17.5000 -20.0000 64.0000
v 57.5000 -20.0000 64.0000
v 57.5000 20.0000 64.0000
v 17.5000 20.0000 64.0000
v 17.5000 -20.0000 65.8000
v 57.5000 -20.0000 65.8000
v 57.5000 20.0000 65.8000
v 17.5000 20.0000 65.8000
f 773 775 774
f 773 776 775
f 777 778 779
f 777 779 780
f 773 774 778
f 773 778 777
f 774 775 779
f 774 779 778
f 775 776 780
f 775 780 779
f 776 773 777
f 776 777 780
g tec_cold_face
usemtl m_tec_cold_face
v 17.5000 -20.0000 65.8000
v 57.5000 -20.0000 65.8000
v 57.5000 20.0000 65.8000
v 17.5000 20.0000 65.8000
v 17.5000 -20.0000 66.8000
v 57.5000 -20.0000 66.8000
v 57.5000 20.0000 66.8000
v 17.5000 20.0000 66.8000
f 781 783 782
f 781 784 783
f 785 786 787
f 785 787 788
f 781 782 786
f 781 786 785
f 782 783 787
f 782 787 786
f 783 784 788
f 783 788 787
f 784 781 785
f 784 785 788
g heatsink_base
usemtl m_heatsink_base
v 12.5000 -25.0000 58.0000
v 62.5000 -25.0000 58.0000
v 62.5000 25.0000 58.0000
v 12.5000 25.0000 58.0000
v 12.5000 -25.0000 63.0000
v 62.5000 -25.0000 63.0000
v 62.5000 25.0000 63.0000
v 12.5000 25.0000 63.0000
f 789 791 790
f 789 792 791
f 793 794 795
f 793 795 796
f 789 790 794
f 789 794 793
f 790 791 795
f 790 795 794
f 791 792 796
f 791 796 795
f 792 789 793
f 792 793 796
g fin_01
usemtl m_fin_01
v 12.5000 -24.4500 33.0000
v 62.5000 -24.4500 33.0000
v 62.5000 -23.5500 33.0000
v 12.5000 -23.5500 33.0000
v 12.5000 -24.4500 58.0000
v 62.5000 -24.4500 58.0000
v 62.5000 -23.5500 58.0000
v 12.5000 -23.5500 58.0000
f 797 799 798
f 797 800 799
f 801 802 803
f 801 803 804
f 797 798 802
f 797 802 801
f 798 799 803
f 798 803 802
f 799 800 804
f 799 804 803
f 800 797 801
f 800 801 804
g fin_02
usemtl m_fin_02
v 12.5000 -21.4500 33.0000
v 62.5000 -21.4500 33.0000
v 62.5000 -20.5500 33.0000
v 12.5000 -20.5500 33.0000
v 12.5000 -21.4500 58.0000
v 62.5000 -21.4500 58.0000
v 62.5000 -20.5500 58.0000
v 12.5000 -20.5500 58.0000
f 805 807 806
f 805 808 807
f 809 810 811
f 809 811 812
f 805 806 810
f 805 810 809
f 806 807 811
f 806 811 810
f 807 808 812
f 807 812 811
f 808 805 809
f 808 809 812
g fin_03
usemtl m_fin_03
v 12.5000 -18.4500 33.0000
v 62.5000 -18.4500 33.0000
v 62.5000 -17.5500 33.0000
v 12.5000 -17.5500 33.0000
v 12.5000 -18.4500 58.0000
v 62.5000 -18.4500 58.0000
v 62.5000 -17.5500 58.0000
v 12.5000 -17.5500 58.0000
f 813 815 814
f 813 816 815
f 817 818 819
f 817 819 820
f 813 814 818
f 813 818 817
f 814 815 819
f 814 819 818
f 815 816 820
f 815 820 819
f 816 813 817
f 816 817 820
g fin_04
usemtl m_fin_04
v 12.5000 -15.4500 33.0000
v 62.5000 -15.4500 33.0000
v 62.5000 -14.5500 33.0000
v 12.5000 -14.5500 33.0000
v 12.5000 -15.4500 58.0000
v 62.5000 -15.4500 58.0000
v 62.5000 -14.5500 58.0000
v 12.5000 -14.5500 58.0000
f 821 823 822
f 821 824 823
f 825 826 827
f 825 827 828
f 821 822 826
f 821 826 825
f 822 823 827
f 822 827 826
f 823 824 828
f 823 828 827
f 824 821 825
f 824 825 828
g fin_05
usemtl m_fin_05
v 12.5000 -12.4500 33.0000
v 62.5000 -12.4500 33.0000
v 62.5000 -11.5500 33.0000
v 12.5000 -11.5500 33.0000
v 12.5000 -12.4500 58.0000
v 62.5000 -12.4500 58.0000
v 62.5000 -11.5500 58.0000
v 12.5000 -11.5500 58.0000
f 829 831 830
f 829 832 831
f 833 834 835
f 833 835 836
f 829 830 834
f 829 834 833
f 830 831 835
f 830 835 834
f 831 832 836
f 831 836 835
f 832 829 833
f 832 833 836
g fin_06
usemtl m_fin_06
v 12.5000 -9.4500 33.0000
v 62.5000 -9.4500 33.0000
v 62.5000 -8.5500 33.0000
v 12.5000 -8.5500 33.0000
v 12.5000 -9.4500 58.0000
v 62.5000 -9.4500 58.0000
v 62.5000 -8.5500 58.0000
v 12.5000 -8.5500 58.0000
f 837 839 838
f 837 840 839
f 841 842 843
f 841 843 844
f 837 838 842
f 837 842 841
f 838 839 843
f 838 843 842
f 839 840 844
f 839 844 843
f 840 837 841
f 840 841 844
g fin_07
usemtl m_fin_07
v 12.5000 -6.4500 33.0000
v 62.5000 -6.4500 33.0000
v 62.5000 -5.5500 33.0000
v 12.5000 -5.5500 33.0000
v 12.5000 -6.4500 58.0000
v 62.5000 -6.4500 58.0000
v 62.5000 -5.5500 58.0000
v 12.5000 -5.5500 58.0000
f 845 847 846
f 845 848 847
f 849 850 851
f 849 851 852
f 845 846 850
f 845 850 849
f 846 847 851
f 846 851 850
f 847 848 852
f 847 852 851
f 848 845 849
f 848 849 852
g fin_08
usemtl m_fin_08
v 12.5000 -3.4500 33.0000
v 62.5000 -3.4500 33.0000
v 62.5000 -2.5500 33.0000
v 12.5000 -2.5500 33.0000
v 12.5000 -3.4500 58.0000
v 62.5000 -3.4500 58.0000
v 62.5000 -2.5500 58.0000
v 12.5000 -2.5500 58.0000
f 853 855 854
f 853 856 855
f 857 858 859
f 857 859 860
f 853 854 858
f 853 858 857
f 854 855 859
f 854 859 858
f 855 856 860
f 855 860 859
f 856 853 857
f 856 857 860
g fin_09
usemtl m_fin_09
v 12.5000 -0.4500 33.0000
v 62.5000 -0.4500 33.0000
v 62.5000 0.4500 33.0000
v 12.5000 0.4500 33.0000
v 12.5000 -0.4500 58.0000
v 62.5000 -0.4500 58.0000
v 62.5000 0.4500 58.0000
v 12.5000 0.4500 58.0000
f 861 863 862
f 861 864 863
f 865 866 867
f 865 867 868
f 861 862 866
f 861 866 865
f 862 863 867
f 862 867 866
f 863 864 868
f 863 868 867
f 864 861 865
f 864 865 868
g fin_10
usemtl m_fin_10
v 12.5000 2.5500 33.0000
v 62.5000 2.5500 33.0000
v 62.5000 3.4500 33.0000
v 12.5000 3.4500 33.0000
v 12.5000 2.5500 58.0000
v 62.5000 2.5500 58.0000
v 62.5000 3.4500 58.0000
v 12.5000 3.4500 58.0000
f 869 871 870
f 869 872 871
f 873 874 875
f 873 875 876
f 869 870 874
f 869 874 873
f 870 871 875
f 870 875 874
f 871 872 876
f 871 876 875
f 872 869 873
f 872 873 876
g fin_11
usemtl m_fin_11
v 12.5000 5.5500 33.0000
v 62.5000 5.5500 33.0000
v 62.5000 6.4500 33.0000
v 12.5000 6.4500 33.0000
v 12.5000 5.5500 58.0000
v 62.5000 5.5500 58.0000
v 62.5000 6.4500 58.0000
v 12.5000 6.4500 58.0000
f 877 879 878
f 877 880 879
f 881 882 883
f 881 883 884
f 877 878 882
f 877 882 881
f 878 879 883
f 878 883 882
f 879 880 884
f 879 884 883
f 880 877 881
f 880 881 884
g fin_12
usemtl m_fin_12
v 12.5000 8.5500 33.0000
v 62.5000 8.5500 33.0000
v 62.5000 9.4500 33.0000
v 12.5000 9.4500 33.0000
v 12.5000 8.5500 58.0000
v 62.5000 8.5500 58.0000
v 62.5000 9.4500 58.0000
v 12.5000 9.4500 58.0000
f 885 887 886
f 885 888 887
f 889 890 891
f 889 891 892
f 885 886 890
f 885 890 889
f 886 887 891
f 886 891 890
f 887 888 892
f 887 892 891
f 888 885 889
f 888 889 892
g fin_13
usemtl m_fin_13
v 12.5000 11.5500 33.0000
v 62.5000 11.5500 33.0000
v 62.5000 12.4500 33.0000
v 12.5000 12.4500 33.0000
v 12.5000 11.5500 58.0000
v 62.5000 11.5500 58.0000
v 62.5000 12.4500 58.0000
v 12.5000 12.4500 58.0000
f 893 895 894
f 893 896 895
f 897 898 899
f 897 899 900
f 893 894 898
f 893 898 897
f 894 895 899
f 894 899 898
f 895 896 900
f 895 900 899
f 896 893 897
f 896 897 900
g fin_14
usemtl m_fin_14
v 12.5000 14.5500 33.0000
v 62.5000 14.5500 33.0000
v 62.5000 15.4500 33.0000
v 12.5000 15.4500 33.0000
v 12.5000 14.5500 58.0000
v 62.5000 14.5500 58.0000
v 62.5000 15.4500 58.0000
v 12.5000 15.4500 58.0000
f 901 903 902
f 901 904 903
f 905 906 907
f 905 907 908
f 901 902 906
f 901 906 905
f 902 903 907
f 902 907 906
f 903 904 908
f 903 908 907
f 904 901 905
f 904 905 908
g fin_15
usemtl m_fin_15
v 12.5000 17.5500 33.0000
v 62.5000 17.5500 33.0000
v 62.5000 18.4500 33.0000
v 12.5000 18.4500 33.0000
v 12.5000 17.5500 58.0000
v 62.5000 17.5500 58.0000
v 62.5000 18.4500 58.0000
v 12.5000 18.4500 58.0000
f 909 911 910
f 909 912 911
f 913 914 915
f 913 915 916
f 909 910 914
f 909 914 913
f 910 911 915
f 910 915 914
f 911 912 916
f 911 916 915
f 912 909 913
f 912 913 916
g fin_16
usemtl m_fin_16
v 12.5000 20.5500 33.0000
v 62.5000 20.5500 33.0000
v 62.5000 21.4500 33.0000
v 12.5000 21.4500 33.0000
v 12.5000 20.5500 58.0000
v 62.5000 20.5500 58.0000
v 62.5000 21.4500 58.0000
v 12.5000 21.4500 58.0000
f 917 919 918
f 917 920 919
f 921 922 923
f 921 923 924
f 917 918 922
f 917 922 921
f 918 919 923
f 918 923 922
f 919 920 924
f 919 924 923
f 920 917 921
f 920 921 924
g fin_17
usemtl m_fin_17
v 12.5000 23.5500 33.0000
v 62.5000 23.5500 33.0000
v 62.5000 24.4500 33.0000
v 12.5000 24.4500 33.0000
v 12.5000 23.5500 58.0000
v 62.5000 23.5500 58.0000
v 62.5000 24.4500 58.0000
v 12.5000 24.4500 58.0000
f 925 927 926
f 925 928 927
f 929 930 931
f 929 931 932
f 925 926 930
f 925 930 929
f 926 927 931
f 926 931 930
f 927 928 932
f 927 932 931
f 928 925 929
f 928 929 932
g fan_frame_a
usemtl m_fan_frame_a
v 17.5000 -20.0000 5.0000
v 57.5000 -20.0000 5.0000
v 57.5000 -17.0000 5.0000
v 17.5000 -17.0000 5.0000
v 17.5000 -20.0000 33.0000
v 57.5000 -20.0000 33.0000
v 57.5000 -17.0000 33.0000
v 17.5000 -17.0000 33.0000
f 933 935 934
f 933 936 935
f 937 938 939
f 937 939 940
f 933 934 938
f 933 938 937
f 934 935 939
f 934 939 938
f 935 936 940
f 935 940 939
f 936 933 937
f 936 937 940
g fan_frame_b
usemtl m_fan_frame_b
v 17.5000 17.0000 5.0000
v 57.5000 17.0000 5.0000
v 57.5000 20.0000 5.0000
v 17.5000 20.0000 5.0000
v 17.5000 17.0000 33.0000
v 57.5000 17.0000 33.0000
v 57.5000 20.0000 33.0000
v 17.5000 20.0000 33.0000
f 941 943 942
f 941 944 943
f 945 946 947
f 945 947 948
f 941 942 946
f 941 946 945
f 942 943 947
f 942 947 946
f 943 944 948
f 943 948 947
f 944 941 945
f 944 945 948
g fan_frame_c
usemtl m_fan_frame_c
v 17.5000 -17.0000 5.0000
v 20.5000 -17.0000 5.0000
v 20.5000 17.0000 5.0000
v 17.5000 17.0000 5.0000
v 17.5000 -17.0000 33.0000
v 20.5000 -17.0000 33.0000
v 20.5000 17.0000 33.0000
v 17.5000 17.0000 33.0000
f 949 951 950
f 949 952 951
f 953 954 955
f 953 955 956
f 949 950 954
f 949 954 953
f 950 951 955
f 950 955 954
f 951 952 956
f 951 956 955
f 952 949 953
f 952 953 956
g fan_frame_d
usemtl m_fan_frame_d
v 54.5000 -17.0000 5.0000
v 57.5000 -17.0000 5.0000
v 57.5000 17.0000 5.0000
v 54.5000 17.0000 5.0000
v 54.5000 -17.0000 33.0000
v 57.5000 -17.0000 33.0000
v 57.5000 17.0000 33.0000
v 54.5000 17.0000 33.0000
f 957 959 958
f 957 960 959
f 961 962 963
f 961 963 964
f 957 958 962
f 957 962 961
f 958 959 963
f 958 963 962
f 959 960 964
f 959 964 963
f 960 957 961
f 960 961 964
g fan_hub
usemtl m_fan_hub
v 45.5000 0.0000 6.0000
v 45.4316 1.0442 6.0000
v 45.2274 2.0706 6.0000
v 44.8910 3.0615 6.0000
v 44.4282 4.0000 6.0000
v 43.8468 4.8701 6.0000
v 43.1569 5.6569 6.0000
v 42.3701 6.3468 6.0000
v 41.5000 6.9282 6.0000
v 40.5615 7.3910 6.0000
v 39.5706 7.7274 6.0000
v 38.5442 7.9316 6.0000
v 37.5000 8.0000 6.0000
v 36.4558 7.9316 6.0000
v 35.4294 7.7274 6.0000
v 34.4385 7.3910 6.0000
v 33.5000 6.9282 6.0000
v 32.6299 6.3468 6.0000
v 31.8431 5.6569 6.0000
v 31.1532 4.8701 6.0000
v 30.5718 4.0000 6.0000
v 30.1090 3.0615 6.0000
v 29.7726 2.0706 6.0000
v 29.5684 1.0442 6.0000
v 29.5000 0.0000 6.0000
v 29.5684 -1.0442 6.0000
v 29.7726 -2.0706 6.0000
v 30.1090 -3.0615 6.0000
v 30.5718 -4.0000 6.0000
v 31.1532 -4.8701 6.0000
v 31.8431 -5.6569 6.0000
v 32.6299 -6.3468 6.0000
v 33.5000 -6.9282 6.0000
v 34.4385 -7.3910 6.0000
v 35.4294 -7.7274 6.0000
v 36.4558 -7.9316 6.0000
v 37.5000 -8.0000 6.0000
v 38.5442 -7.9316 6.0000
v 39.5706 -7.7274 6.0000
v 40.5615 -7.3910 6.0000
v 41.5000 -6.9282 6.0000
v 42.3701 -6.3468 6.0000
v 43.1569 -5.6569 6.0000
v 43.8468 -4.8701 6.0000
v 44.4282 -4.0000 6.0000
v 44.8910 -3.0615 6.0000
v 45.2274 -2.0706 6.0000
v 45.4316 -1.0442 6.0000
v 45.5000 0.0000 32.0000
v 45.4316 1.0442 32.0000
v 45.2274 2.0706 32.0000
v 44.8910 3.0615 32.0000
v 44.4282 4.0000 32.0000
v 43.8468 4.8701 32.0000
v 43.1569 5.6569 32.0000
v 42.3701 6.3468 32.0000
v 41.5000 6.9282 32.0000
v 40.5615 7.3910 32.0000
v 39.5706 7.7274 32.0000
v 38.5442 7.9316 32.0000
v 37.5000 8.0000 32.0000
v 36.4558 7.9316 32.0000
v 35.4294 7.7274 32.0000
v 34.4385 7.3910 32.0000
v 33.5000 6.9282 32.0000
v 32.6299 6.3468 32.0000
v 31.8431 5.6569 32.0000
v 31.1532 4.8701 32.0000
v 30.5718 4.0000 32.0000
v 30.1090 3.0615 32.0000
v 29.7726 2.0706 32.0000
v 29.5684 1.0442 32.0000
v 29.5000 0.0000 32.0000
v 29.5684 -1.0442 32.0000
v 29.7726 -2.0706 32.0000
v 30.1090 -3.0615 32.0000
v 30.5718 -4.0000 32.0000
v 31.1532 -4.8701 32.0000
v 31.8431 -5.6569 32.0000
v 32.6299 -6.3468 32.0000
v 33.5000 -6.9282 32.0000
v 34.4385 -7.3910 32.0000
v 35.4294 -7.7274 32.0000
v 36.4558 -7.9316 32.0000
v 37.5000 -8.0000 32.0000
v 38.5442 -7.9316 32.0000
v 39.5706 -7.7274 32.0000
v 40.5615 -7.3910 32.0000
v 41.5000 -6.9282 32.0000
v 42.3701 -6.3468 32.0000
v 43.1569 -5.6569 32.0000
v 43.8468 -4.8701 32.0000
v 44.4282 -4.0000 32.0000
v 44.8910 -3.0615 32.0000
v 45.2274 -2.0706 32.0000
v 45.4316 -1.0442 32.0000
v 37.5000 0.0000 6.0000
v 37.5000 0.0000 32.0000
f 965 966 1014
f 965 1014 1013
f 966 967 1015
f 966 1015 1014
f 967 968 1016
f 967 1016 1015
f 968 969 1017
f 968 1017 1016
f 969 970 1018
f 969 1018 1017
f 970 971 1019
f 970 1019 1018
f 971 972 1020
f 971 1020 1019
f 972 973 1021
f 972 1021 1020
f 973 974 1022
f 973 1022 1021
f 974 975 1023
f 974 1023 1022
f 975 976 1024
f 975 1024 1023
f 976 977 1025
f 976 1025 1024
f 977 978 1026
f 977 1026 1025
f 978 979 1027
f 978 1027 1026
f 979 980 1028
f 979 1028 1027
f 980 981 1029
f 980 1029 1028
f 981 982 1030
f 981 1030 1029
f 982 983 1031
f 982 1031 1030
f 983 984 1032
f 983 1032 1031
f 984 985 1033
f 984 1033 1032
f 985 986 1034
f 985 1034 1033
f 986 987 1035
f 986 1035 1034
f 987 988 1036
f 987 1036 1035
f 988 989 1037
f 988 1037 1036
f 989 990 1038
f 989 1038 1037
f 990 991 1039
f 990 1039 1038
f 991 992 1040
f 991 1040 1039
f 992 993 1041
f 992 1041 1040
f 993 994 1042
f 993 1042 1041
f 994 995 1043
f 994 1043 1042
f 995 996 1044
f 995 1044 1043
f 996 997 1045
f 996 1045 1044
f 997 998 1046
f 997 1046 1045
f 998 999 1047
f 998 1047 1046
f 999 1000 1048
f 999 1048 1047
f 1000 1001 1049
f 1000 1049 1048
f 1001 1002 1050
f 1001 1050 1049
f 1002 1003 1051
f 1002 1051 1050
f 1003 1004 1052
f 1003 1052 1051
f 1004 1005 1053
f 1004 1053 1052
f 1005 1006 1054
f 1005 1054 1053
f 1006 1007 1055
f 1006 1055 1054
f 1007 1008 1056
f 1007 1056 1055
f 1008 1009 1057
f 1008 1057 1056
f 1009 1010 1058
f 1009 1058 1057
f 1010 1011 1059
f 1010 1059 1058
f 1011 1012 1060
f 1011 1060 1059
f 1012 965 1013
f 1012 1013 1060
f 1061 966 965
f 1062 1013 1014
f 1061 967 966
f 1062 1014 1015
f 1061 968 967
f 1062 1015 1016
f 1061 969 968
f 1062 1016 1017
f 1061 970 969
f 1062 1017 1018
f 1061 971 970
f 1062 1018 1019
f 1061 972 971
f 1062 1019 1020
f 1061 973 972
f 1062 1020 1021
f 1061 974 973
f 1062 1021 1022
f 1061 975 974
f 1062 1022 1023
f 1061 976 975
f 1062 1023 1024
f 1061 977 976
f 1062 1024 1025
f 1061 978 977
f 1062 1025 1026
f 1061 979 978
f 1062 1026 1027
f 1061 980 979
f 1062 1027 1028
f 1061 981 980
f 1062 1028 1029
f 1061 982 981
f 1062 1029 1030
f 1061 983 982
f 1062 1030 1031
f 1061 984 983
f 1062 1031 1032
f 1061 985 984
f 1062 1032 1033
f 1061 986 985
f 1062 1033 1034
f 1061 987 986
f 1062 1034 1035
f 1061 988 987
f 1062 1035 1036
f 1061 989 988
f 1062 1036 1037
f 1061 990 989
f 1062 1037 1038
f 1061 991 990
f 1062 1038 1039
f 1061 992 991
f 1062 1039 1040
f 1061 993 992
f 1062 1040 1041
f 1061 994 993
f 1062 1041 1042
f 1061 995 994
f 1062 1042 1043
f 1061 996 995
f 1062 1043 1044
f 1061 997 996
f 1062 1044 1045
f 1061 998 997
f 1062 1045 1046
f 1061 999 998
f 1062 1046 1047
f 1061 1000 999
f 1062 1047 1048
f 1061 1001 1000
f 1062 1048 1049
f 1061 1002 1001
f 1062 1049 1050
f 1061 1003 1002
f 1062 1050 1051
f 1061 1004 1003
f 1062 1051 1052
f 1061 1005 1004
f 1062 1052 1053
f 1061 1006 1005
f 1062 1053 1054
f 1061 1007 1006
f 1062 1054 1055
f 1061 1008 1007
f 1062 1055 1056
f 1061 1009 1008
f 1062 1056 1057
f 1061 1010 1009
f 1062 1057 1058
f 1061 1011 1010
f 1062 1058 1059
f 1061 1012 1011
f 1062 1059 1060
f 1061 965 1012
f 1062 1060 1013
g fan_blade_1
usemtl m_fan_blade_1
v 45.5000 -0.8000 9.0000
v 54.0000 -0.8000 9.0000
v 54.0000 0.8000 9.0000
v 45.5000 0.8000 9.0000
v 45.5000 -0.8000 29.0000
v 54.0000 -0.8000 29.0000
v 54.0000 0.8000 29.0000
v 45.5000 0.8000 29.0000
f 1063 1065 1064
f 1063 1066 1065
f 1067 1068 1069
f 1067 1069 1070
f 1063 1064 1068
f 1063 1068 1067
f 1064 1065 1069
f 1064 1069 1068
f 1065 1066 1070
f 1065 1070 1069
f 1066 1063 1067
f 1066 1067 1070
g fan_blade_2
usemtl m_fan_blade_2
v 43.1134 5.7559 9.0000
v 48.4130 12.4014 9.0000
v 47.1621 13.3990 9.0000
v 41.8625 6.7534 9.0000
v 43.1134 5.7559 29.0000
v 48.4130 12.4014 29.0000
v 47.1621 13.3990 29.0000
v 41.8625 6.7534 29.0000
f 1071 1073 1072
f 1071 1074 1073
f 1075 1076 1077
f 1075 1077 1078
f 1071 1072 1076
f 1071 1076 1075
f 1072 1073 1077
f 1072 1077 1076
f 1073 1074 1078
f 1073 1078 1077
f 1074 1071 1075
f 1074 1075 1078
g fan_blade_3
usemtl m_fan_blade_3
v 36.4998 7.9774 9.0000
v 34.6083 16.2643 9.0000
v 33.0485 15.9083 9.0000
v 34.9399 7.6214 9.0000
v 36.4998 7.9774 29.0000
v 34.6083 16.2643 29.0000
v 33.0485 15.9083 29.0000
v 34.9399 7.6214 29.0000
f 1079 1081 1080
f 1079 1082 1081
f 1083 1084 1085
f 1083 1085 1086
f 1079 1080 1084
f 1079 1084 1083
f 1080 1081 1085
f 1080 1085 1084
f 1081 1082 1086
f 1081 1086 1085
f 1082 1079 1083
f 1082 1083 1086
g fan_blade_4
usemtl m_fan_blade_4
v 30.6394 4.1918 9.0000
v 22.9811 7.8799 9.0000
v 22.2869 6.4383 9.0000
v 29.9451 2.7503 9.0000
v 30.6394 4.1918 29.0000
v 22.9811 7.8799 29.0000
v 22.2869 6.4383 29.0000
v 29.9451 2.7503 29.0000
f 1087 1089 1088
f 1087 1090 1089
f 1091 1092 1093
f 1091 1093 1094
f 1087 1088 1092
f 1087 1092 1091
f 1088 1089 1093
f 1088 1093 1092
f 1089 1090 1094
f 1089 1094 1093
f 1090 1087 1091
f 1090 1091 1094
g fan_blade_5
usemtl m_fan_blade_5
v 29.9451 -2.7503 9.0000
v 22.2869 -6.4383 9.0000
v 22.9811 -7.8799 9.0000
v 30.6394 -4.1918 9.0000
v 29.9451 -2.7503 29.0000
v 22.2869 -6.4383 29.0000
v 22.9811 -7.8799 29.0000
v 30.6394 -4.1918 29.0000
f 1095 1097 1096
f 1095 1098 1097
f 1099 1100 1101
f 1099 1101 1102
f 1095 1096 1100
f 1095 1100 1099
f 1096 1097 1101
f 1096 1101 1100
f 1097 1098 1102
f 1097 1102 1101
f 1098 1095 1099
f 1098 1099 1102
g fan_blade_6
usemtl m_fan_blade_6
v 34.9399 -7.6214 9.0000
v 33.0485 -15.9083 9.0000
v 34.6083 -16.2643 9.0000
v 36.4998 -7.9774 9.0000
v 34.9399 -7.6214 29.0000
v 33.0485 -15.9083 29.0000
v 34.6083 -16.2643 29.0000
v 36.4998 -7.9774 29.0000
f 1103 1105 1104
f 1103 1106 1105
f 1107 1108 1109
f 1107 1109 1110
f 1103 1104 1108
f 1103 1108 1107
f 1104 1105 1109
f 1104 1109 1108
f 1105 1106 1110
f 1105 1110 1109
f 1106 1103 1107
f 1106 1107 1110
g fan_blade_7
usemtl m_fan_blade_7
v 41.8625 -6.7534 9.0000
v 47.1621 -13.3990 9.0000
v 48.4130 -12.4014 9.0000
v 43.1134 -5.7559 9.0000
v 41.8625 -6.7534 29.0000
v 47.1621 -13.3990 29.0000
v 48.4130 -12.4014 29.0000
v 43.1134 -5.7559 29.0000
f 1111 1113 1112
f 1111 1114 1113
f 1115 1116 1117
f 1115 1117 1118
f 1111 1112 1116
f 1111 1116 1115
f 1112 1113 1117
f 1112 1117 1116
f 1113 1114 1118
f 1113 1118 1117
f 1114 1111 1115
f 1114 1115 1118
g esp32_30pin
usemtl m_esp32_30pin
v 79.0000 -14.0000 130.0000
v 93.0000 -14.0000 130.0000
v 93.0000 14.0000 130.0000
v 79.0000 14.0000 130.0000
v 79.0000 -14.0000 182.0000
v 93.0000 -14.0000 182.0000
v 93.0000 14.0000 182.0000
v 79.0000 14.0000 182.0000
f 1119 1121 1120
f 1119 1122 1121
f 1123 1124 1125
f 1123 1125 1126
f 1119 1120 1124
f 1119 1124 1123
f 1120 1121 1125
f 1120 1125 1124
f 1121 1122 1126
f 1121 1126 1125
f 1122 1119 1123
f 1122 1123 1126
g esp32_usb
usemtl m_esp32_usb
v 82.0000 -4.0000 182.0000
v 90.0000 -4.0000 182.0000
v 90.0000 4.0000 182.0000
v 82.0000 4.0000 182.0000
v 82.0000 -4.0000 185.0000
v 90.0000 -4.0000 185.0000
v 90.0000 4.0000 185.0000
v 82.0000 4.0000 185.0000
f 1127 1129 1128
f 1127 1130 1129
f 1131 1132 1133
f 1131 1133 1134
f 1127 1128 1132
f 1127 1132 1131
f 1128 1129 1133
f 1128 1133 1132
f 1129 1130 1134
f 1129 1134 1133
f 1130 1127 1131
f 1130 1131 1134
g buck_12v_5v
usemtl m_buck_12v_5v
v 97.0000 -8.5000 160.0000
v 106.0000 -8.5000 160.0000
v 106.0000 8.5000 160.0000
v 97.0000 8.5000 160.0000
v 97.0000 -8.5000 182.0000
v 106.0000 -8.5000 182.0000
v 106.0000 8.5000 182.0000
v 97.0000 8.5000 182.0000
f 1135 1137 1136
f 1135 1138 1137
f 1139 1140 1141
f 1139 1141 1142
f 1135 1136 1140
f 1135 1140 1139
f 1136 1137 1141
f 1136 1141 1140
f 1137 1138 1142
f 1137 1142 1141
f 1138 1135 1139
f 1138 1139 1142
g cell_11
usemtl m_cell_11
v 99.0000 -21.0000 57.0000
v 98.9102 -19.6295 57.0000
v 98.6422 -18.2824 57.0000
v 98.2007 -16.9818 57.0000
v 97.5933 -15.7500 57.0000
v 96.8302 -14.6080 57.0000
v 95.9246 -13.5754 57.0000
v 94.8920 -12.6698 57.0000
v 93.7500 -11.9067 57.0000
v 92.5182 -11.2993 57.0000
v 91.2176 -10.8578 57.0000
v 89.8705 -10.5898 57.0000
v 88.5000 -10.5000 57.0000
v 87.1295 -10.5898 57.0000
v 85.7824 -10.8578 57.0000
v 84.4818 -11.2993 57.0000
v 83.2500 -11.9067 57.0000
v 82.1080 -12.6698 57.0000
v 81.0754 -13.5754 57.0000
v 80.1698 -14.6080 57.0000
v 79.4067 -15.7500 57.0000
v 78.7993 -16.9818 57.0000
v 78.3578 -18.2824 57.0000
v 78.0898 -19.6295 57.0000
v 78.0000 -21.0000 57.0000
v 78.0898 -22.3705 57.0000
v 78.3578 -23.7176 57.0000
v 78.7993 -25.0182 57.0000
v 79.4067 -26.2500 57.0000
v 80.1698 -27.3920 57.0000
v 81.0754 -28.4246 57.0000
v 82.1080 -29.3302 57.0000
v 83.2500 -30.0933 57.0000
v 84.4818 -30.7007 57.0000
v 85.7824 -31.1422 57.0000
v 87.1295 -31.4102 57.0000
v 88.5000 -31.5000 57.0000
v 89.8705 -31.4102 57.0000
v 91.2176 -31.1422 57.0000
v 92.5182 -30.7007 57.0000
v 93.7500 -30.0933 57.0000
v 94.8920 -29.3302 57.0000
v 95.9246 -28.4246 57.0000
v 96.8302 -27.3920 57.0000
v 97.5933 -26.2500 57.0000
v 98.2007 -25.0182 57.0000
v 98.6422 -23.7176 57.0000
v 98.9102 -22.3705 57.0000
v 99.0000 -21.0000 127.0000
v 98.9102 -19.6295 127.0000
v 98.6422 -18.2824 127.0000
v 98.2007 -16.9818 127.0000
v 97.5933 -15.7500 127.0000
v 96.8302 -14.6080 127.0000
v 95.9246 -13.5754 127.0000
v 94.8920 -12.6698 127.0000
v 93.7500 -11.9067 127.0000
v 92.5182 -11.2993 127.0000
v 91.2176 -10.8578 127.0000
v 89.8705 -10.5898 127.0000
v 88.5000 -10.5000 127.0000
v 87.1295 -10.5898 127.0000
v 85.7824 -10.8578 127.0000
v 84.4818 -11.2993 127.0000
v 83.2500 -11.9067 127.0000
v 82.1080 -12.6698 127.0000
v 81.0754 -13.5754 127.0000
v 80.1698 -14.6080 127.0000
v 79.4067 -15.7500 127.0000
v 78.7993 -16.9818 127.0000
v 78.3578 -18.2824 127.0000
v 78.0898 -19.6295 127.0000
v 78.0000 -21.0000 127.0000
v 78.0898 -22.3705 127.0000
v 78.3578 -23.7176 127.0000
v 78.7993 -25.0182 127.0000
v 79.4067 -26.2500 127.0000
v 80.1698 -27.3920 127.0000
v 81.0754 -28.4246 127.0000
v 82.1080 -29.3302 127.0000
v 83.2500 -30.0933 127.0000
v 84.4818 -30.7007 127.0000
v 85.7824 -31.1422 127.0000
v 87.1295 -31.4102 127.0000
v 88.5000 -31.5000 127.0000
v 89.8705 -31.4102 127.0000
v 91.2176 -31.1422 127.0000
v 92.5182 -30.7007 127.0000
v 93.7500 -30.0933 127.0000
v 94.8920 -29.3302 127.0000
v 95.9246 -28.4246 127.0000
v 96.8302 -27.3920 127.0000
v 97.5933 -26.2500 127.0000
v 98.2007 -25.0182 127.0000
v 98.6422 -23.7176 127.0000
v 98.9102 -22.3705 127.0000
v 88.5000 -21.0000 57.0000
v 88.5000 -21.0000 127.0000
f 1143 1144 1192
f 1143 1192 1191
f 1144 1145 1193
f 1144 1193 1192
f 1145 1146 1194
f 1145 1194 1193
f 1146 1147 1195
f 1146 1195 1194
f 1147 1148 1196
f 1147 1196 1195
f 1148 1149 1197
f 1148 1197 1196
f 1149 1150 1198
f 1149 1198 1197
f 1150 1151 1199
f 1150 1199 1198
f 1151 1152 1200
f 1151 1200 1199
f 1152 1153 1201
f 1152 1201 1200
f 1153 1154 1202
f 1153 1202 1201
f 1154 1155 1203
f 1154 1203 1202
f 1155 1156 1204
f 1155 1204 1203
f 1156 1157 1205
f 1156 1205 1204
f 1157 1158 1206
f 1157 1206 1205
f 1158 1159 1207
f 1158 1207 1206
f 1159 1160 1208
f 1159 1208 1207
f 1160 1161 1209
f 1160 1209 1208
f 1161 1162 1210
f 1161 1210 1209
f 1162 1163 1211
f 1162 1211 1210
f 1163 1164 1212
f 1163 1212 1211
f 1164 1165 1213
f 1164 1213 1212
f 1165 1166 1214
f 1165 1214 1213
f 1166 1167 1215
f 1166 1215 1214
f 1167 1168 1216
f 1167 1216 1215
f 1168 1169 1217
f 1168 1217 1216
f 1169 1170 1218
f 1169 1218 1217
f 1170 1171 1219
f 1170 1219 1218
f 1171 1172 1220
f 1171 1220 1219
f 1172 1173 1221
f 1172 1221 1220
f 1173 1174 1222
f 1173 1222 1221
f 1174 1175 1223
f 1174 1223 1222
f 1175 1176 1224
f 1175 1224 1223
f 1176 1177 1225
f 1176 1225 1224
f 1177 1178 1226
f 1177 1226 1225
f 1178 1179 1227
f 1178 1227 1226
f 1179 1180 1228
f 1179 1228 1227
f 1180 1181 1229
f 1180 1229 1228
f 1181 1182 1230
f 1181 1230 1229
f 1182 1183 1231
f 1182 1231 1230
f 1183 1184 1232
f 1183 1232 1231
f 1184 1185 1233
f 1184 1233 1232
f 1185 1186 1234
f 1185 1234 1233
f 1186 1187 1235
f 1186 1235 1234
f 1187 1188 1236
f 1187 1236 1235
f 1188 1189 1237
f 1188 1237 1236
f 1189 1190 1238
f 1189 1238 1237
f 1190 1143 1191
f 1190 1191 1238
f 1239 1144 1143
f 1240 1191 1192
f 1239 1145 1144
f 1240 1192 1193
f 1239 1146 1145
f 1240 1193 1194
f 1239 1147 1146
f 1240 1194 1195
f 1239 1148 1147
f 1240 1195 1196
f 1239 1149 1148
f 1240 1196 1197
f 1239 1150 1149
f 1240 1197 1198
f 1239 1151 1150
f 1240 1198 1199
f 1239 1152 1151
f 1240 1199 1200
f 1239 1153 1152
f 1240 1200 1201
f 1239 1154 1153
f 1240 1201 1202
f 1239 1155 1154
f 1240 1202 1203
f 1239 1156 1155
f 1240 1203 1204
f 1239 1157 1156
f 1240 1204 1205
f 1239 1158 1157
f 1240 1205 1206
f 1239 1159 1158
f 1240 1206 1207
f 1239 1160 1159
f 1240 1207 1208
f 1239 1161 1160
f 1240 1208 1209
f 1239 1162 1161
f 1240 1209 1210
f 1239 1163 1162
f 1240 1210 1211
f 1239 1164 1163
f 1240 1211 1212
f 1239 1165 1164
f 1240 1212 1213
f 1239 1166 1165
f 1240 1213 1214
f 1239 1167 1166
f 1240 1214 1215
f 1239 1168 1167
f 1240 1215 1216
f 1239 1169 1168
f 1240 1216 1217
f 1239 1170 1169
f 1240 1217 1218
f 1239 1171 1170
f 1240 1218 1219
f 1239 1172 1171
f 1240 1219 1220
f 1239 1173 1172
f 1240 1220 1221
f 1239 1174 1173
f 1240 1221 1222
f 1239 1175 1174
f 1240 1222 1223
f 1239 1176 1175
f 1240 1223 1224
f 1239 1177 1176
f 1240 1224 1225
f 1239 1178 1177
f 1240 1225 1226
f 1239 1179 1178
f 1240 1226 1227
f 1239 1180 1179
f 1240 1227 1228
f 1239 1181 1180
f 1240 1228 1229
f 1239 1182 1181
f 1240 1229 1230
f 1239 1183 1182
f 1240 1230 1231
f 1239 1184 1183
f 1240 1231 1232
f 1239 1185 1184
f 1240 1232 1233
f 1239 1186 1185
f 1240 1233 1234
f 1239 1187 1186
f 1240 1234 1235
f 1239 1188 1187
f 1240 1235 1236
f 1239 1189 1188
f 1240 1236 1237
f 1239 1190 1189
f 1240 1237 1238
f 1239 1143 1190
f 1240 1238 1191
g cell_12
usemtl m_cell_12
v 99.0000 0.0000 57.0000
v 98.9102 1.3705 57.0000
v 98.6422 2.7176 57.0000
v 98.2007 4.0182 57.0000
v 97.5933 5.2500 57.0000
v 96.8302 6.3920 57.0000
v 95.9246 7.4246 57.0000
v 94.8920 8.3302 57.0000
v 93.7500 9.0933 57.0000
v 92.5182 9.7007 57.0000
v 91.2176 10.1422 57.0000
v 89.8705 10.4102 57.0000
v 88.5000 10.5000 57.0000
v 87.1295 10.4102 57.0000
v 85.7824 10.1422 57.0000
v 84.4818 9.7007 57.0000
v 83.2500 9.0933 57.0000
v 82.1080 8.3302 57.0000
v 81.0754 7.4246 57.0000
v 80.1698 6.3920 57.0000
v 79.4067 5.2500 57.0000
v 78.7993 4.0182 57.0000
v 78.3578 2.7176 57.0000
v 78.0898 1.3705 57.0000
v 78.0000 0.0000 57.0000
v 78.0898 -1.3705 57.0000
v 78.3578 -2.7176 57.0000
v 78.7993 -4.0182 57.0000
v 79.4067 -5.2500 57.0000
v 80.1698 -6.3920 57.0000
v 81.0754 -7.4246 57.0000
v 82.1080 -8.3302 57.0000
v 83.2500 -9.0933 57.0000
v 84.4818 -9.7007 57.0000
v 85.7824 -10.1422 57.0000
v 87.1295 -10.4102 57.0000
v 88.5000 -10.5000 57.0000
v 89.8705 -10.4102 57.0000
v 91.2176 -10.1422 57.0000
v 92.5182 -9.7007 57.0000
v 93.7500 -9.0933 57.0000
v 94.8920 -8.3302 57.0000
v 95.9246 -7.4246 57.0000
v 96.8302 -6.3920 57.0000
v 97.5933 -5.2500 57.0000
v 98.2007 -4.0182 57.0000
v 98.6422 -2.7176 57.0000
v 98.9102 -1.3705 57.0000
v 99.0000 0.0000 127.0000
v 98.9102 1.3705 127.0000
v 98.6422 2.7176 127.0000
v 98.2007 4.0182 127.0000
v 97.5933 5.2500 127.0000
v 96.8302 6.3920 127.0000
v 95.9246 7.4246 127.0000
v 94.8920 8.3302 127.0000
v 93.7500 9.0933 127.0000
v 92.5182 9.7007 127.0000
v 91.2176 10.1422 127.0000
v 89.8705 10.4102 127.0000
v 88.5000 10.5000 127.0000
v 87.1295 10.4102 127.0000
v 85.7824 10.1422 127.0000
v 84.4818 9.7007 127.0000
v 83.2500 9.0933 127.0000
v 82.1080 8.3302 127.0000
v 81.0754 7.4246 127.0000
v 80.1698 6.3920 127.0000
v 79.4067 5.2500 127.0000
v 78.7993 4.0182 127.0000
v 78.3578 2.7176 127.0000
v 78.0898 1.3705 127.0000
v 78.0000 0.0000 127.0000
v 78.0898 -1.3705 127.0000
v 78.3578 -2.7176 127.0000
v 78.7993 -4.0182 127.0000
v 79.4067 -5.2500 127.0000
v 80.1698 -6.3920 127.0000
v 81.0754 -7.4246 127.0000
v 82.1080 -8.3302 127.0000
v 83.2500 -9.0933 127.0000
v 84.4818 -9.7007 127.0000
v 85.7824 -10.1422 127.0000
v 87.1295 -10.4102 127.0000
v 88.5000 -10.5000 127.0000
v 89.8705 -10.4102 127.0000
v 91.2176 -10.1422 127.0000
v 92.5182 -9.7007 127.0000
v 93.7500 -9.0933 127.0000
v 94.8920 -8.3302 127.0000
v 95.9246 -7.4246 127.0000
v 96.8302 -6.3920 127.0000
v 97.5933 -5.2500 127.0000
v 98.2007 -4.0182 127.0000
v 98.6422 -2.7176 127.0000
v 98.9102 -1.3705 127.0000
v 88.5000 0.0000 57.0000
v 88.5000 0.0000 127.0000
f 1241 1242 1290
f 1241 1290 1289
f 1242 1243 1291
f 1242 1291 1290
f 1243 1244 1292
f 1243 1292 1291
f 1244 1245 1293
f 1244 1293 1292
f 1245 1246 1294
f 1245 1294 1293
f 1246 1247 1295
f 1246 1295 1294
f 1247 1248 1296
f 1247 1296 1295
f 1248 1249 1297
f 1248 1297 1296
f 1249 1250 1298
f 1249 1298 1297
f 1250 1251 1299
f 1250 1299 1298
f 1251 1252 1300
f 1251 1300 1299
f 1252 1253 1301
f 1252 1301 1300
f 1253 1254 1302
f 1253 1302 1301
f 1254 1255 1303
f 1254 1303 1302
f 1255 1256 1304
f 1255 1304 1303
f 1256 1257 1305
f 1256 1305 1304
f 1257 1258 1306
f 1257 1306 1305
f 1258 1259 1307
f 1258 1307 1306
f 1259 1260 1308
f 1259 1308 1307
f 1260 1261 1309
f 1260 1309 1308
f 1261 1262 1310
f 1261 1310 1309
f 1262 1263 1311
f 1262 1311 1310
f 1263 1264 1312
f 1263 1312 1311
f 1264 1265 1313
f 1264 1313 1312
f 1265 1266 1314
f 1265 1314 1313
f 1266 1267 1315
f 1266 1315 1314
f 1267 1268 1316
f 1267 1316 1315
f 1268 1269 1317
f 1268 1317 1316
f 1269 1270 1318
f 1269 1318 1317
f 1270 1271 1319
f 1270 1319 1318
f 1271 1272 1320
f 1271 1320 1319
f 1272 1273 1321
f 1272 1321 1320
f 1273 1274 1322
f 1273 1322 1321
f 1274 1275 1323
f 1274 1323 1322
f 1275 1276 1324
f 1275 1324 1323
f 1276 1277 1325
f 1276 1325 1324
f 1277 1278 1326
f 1277 1326 1325
f 1278 1279 1327
f 1278 1327 1326
f 1279 1280 1328
f 1279 1328 1327
f 1280 1281 1329
f 1280 1329 1328
f 1281 1282 1330
f 1281 1330 1329
f 1282 1283 1331
f 1282 1331 1330
f 1283 1284 1332
f 1283 1332 1331
f 1284 1285 1333
f 1284 1333 1332
f 1285 1286 1334
f 1285 1334 1333
f 1286 1287 1335
f 1286 1335 1334
f 1287 1288 1336
f 1287 1336 1335
f 1288 1241 1289
f 1288 1289 1336
f 1337 1242 1241
f 1338 1289 1290
f 1337 1243 1242
f 1338 1290 1291
f 1337 1244 1243
f 1338 1291 1292
f 1337 1245 1244
f 1338 1292 1293
f 1337 1246 1245
f 1338 1293 1294
f 1337 1247 1246
f 1338 1294 1295
f 1337 1248 1247
f 1338 1295 1296
f 1337 1249 1248
f 1338 1296 1297
f 1337 1250 1249
f 1338 1297 1298
f 1337 1251 1250
f 1338 1298 1299
f 1337 1252 1251
f 1338 1299 1300
f 1337 1253 1252
f 1338 1300 1301
f 1337 1254 1253
f 1338 1301 1302
f 1337 1255 1254
f 1338 1302 1303
f 1337 1256 1255
f 1338 1303 1304
f 1337 1257 1256
f 1338 1304 1305
f 1337 1258 1257
f 1338 1305 1306
f 1337 1259 1258
f 1338 1306 1307
f 1337 1260 1259
f 1338 1307 1308
f 1337 1261 1260
f 1338 1308 1309
f 1337 1262 1261
f 1338 1309 1310
f 1337 1263 1262
f 1338 1310 1311
f 1337 1264 1263
f 1338 1311 1312
f 1337 1265 1264
f 1338 1312 1313
f 1337 1266 1265
f 1338 1313 1314
f 1337 1267 1266
f 1338 1314 1315
f 1337 1268 1267
f 1338 1315 1316
f 1337 1269 1268
f 1338 1316 1317
f 1337 1270 1269
f 1338 1317 1318
f 1337 1271 1270
f 1338 1318 1319
f 1337 1272 1271
f 1338 1319 1320
f 1337 1273 1272
f 1338 1320 1321
f 1337 1274 1273
f 1338 1321 1322
f 1337 1275 1274
f 1338 1322 1323
f 1337 1276 1275
f 1338 1323 1324
f 1337 1277 1276
f 1338 1324 1325
f 1337 1278 1277
f 1338 1325 1326
f 1337 1279 1278
f 1338 1326 1327
f 1337 1280 1279
f 1338 1327 1328
f 1337 1281 1280
f 1338 1328 1329
f 1337 1282 1281
f 1338 1329 1330
f 1337 1283 1282
f 1338 1330 1331
f 1337 1284 1283
f 1338 1331 1332
f 1337 1285 1284
f 1338 1332 1333
f 1337 1286 1285
f 1338 1333 1334
f 1337 1287 1286
f 1338 1334 1335
f 1337 1288 1287
f 1338 1335 1336
f 1337 1241 1288
f 1338 1336 1289
g cell_13
usemtl m_cell_13
v 99.0000 21.0000 57.0000
v 98.9102 22.3705 57.0000
v 98.6422 23.7176 57.0000
v 98.2007 25.0182 57.0000
v 97.5933 26.2500 57.0000
v 96.8302 27.3920 57.0000
v 95.9246 28.4246 57.0000
v 94.8920 29.3302 57.0000
v 93.7500 30.0933 57.0000
v 92.5182 30.7007 57.0000
v 91.2176 31.1422 57.0000
v 89.8705 31.4102 57.0000
v 88.5000 31.5000 57.0000
v 87.1295 31.4102 57.0000
v 85.7824 31.1422 57.0000
v 84.4818 30.7007 57.0000
v 83.2500 30.0933 57.0000
v 82.1080 29.3302 57.0000
v 81.0754 28.4246 57.0000
v 80.1698 27.3920 57.0000
v 79.4067 26.2500 57.0000
v 78.7993 25.0182 57.0000
v 78.3578 23.7176 57.0000
v 78.0898 22.3705 57.0000
v 78.0000 21.0000 57.0000
v 78.0898 19.6295 57.0000
v 78.3578 18.2824 57.0000
v 78.7993 16.9818 57.0000
v 79.4067 15.7500 57.0000
v 80.1698 14.6080 57.0000
v 81.0754 13.5754 57.0000
v 82.1080 12.6698 57.0000
v 83.2500 11.9067 57.0000
v 84.4818 11.2993 57.0000
v 85.7824 10.8578 57.0000
v 87.1295 10.5898 57.0000
v 88.5000 10.5000 57.0000
v 89.8705 10.5898 57.0000
v 91.2176 10.8578 57.0000
v 92.5182 11.2993 57.0000
v 93.7500 11.9067 57.0000
v 94.8920 12.6698 57.0000
v 95.9246 13.5754 57.0000
v 96.8302 14.6080 57.0000
v 97.5933 15.7500 57.0000
v 98.2007 16.9818 57.0000
v 98.6422 18.2824 57.0000
v 98.9102 19.6295 57.0000
v 99.0000 21.0000 127.0000
v 98.9102 22.3705 127.0000
v 98.6422 23.7176 127.0000
v 98.2007 25.0182 127.0000
v 97.5933 26.2500 127.0000
v 96.8302 27.3920 127.0000
v 95.9246 28.4246 127.0000
v 94.8920 29.3302 127.0000
v 93.7500 30.0933 127.0000
v 92.5182 30.7007 127.0000
v 91.2176 31.1422 127.0000
v 89.8705 31.4102 127.0000
v 88.5000 31.5000 127.0000
v 87.1295 31.4102 127.0000
v 85.7824 31.1422 127.0000
v 84.4818 30.7007 127.0000
v 83.2500 30.0933 127.0000
v 82.1080 29.3302 127.0000
v 81.0754 28.4246 127.0000
v 80.1698 27.3920 127.0000
v 79.4067 26.2500 127.0000
v 78.7993 25.0182 127.0000
v 78.3578 23.7176 127.0000
v 78.0898 22.3705 127.0000
v 78.0000 21.0000 127.0000
v 78.0898 19.6295 127.0000
v 78.3578 18.2824 127.0000
v 78.7993 16.9818 127.0000
v 79.4067 15.7500 127.0000
v 80.1698 14.6080 127.0000
v 81.0754 13.5754 127.0000
v 82.1080 12.6698 127.0000
v 83.2500 11.9067 127.0000
v 84.4818 11.2993 127.0000
v 85.7824 10.8578 127.0000
v 87.1295 10.5898 127.0000
v 88.5000 10.5000 127.0000
v 89.8705 10.5898 127.0000
v 91.2176 10.8578 127.0000
v 92.5182 11.2993 127.0000
v 93.7500 11.9067 127.0000
v 94.8920 12.6698 127.0000
v 95.9246 13.5754 127.0000
v 96.8302 14.6080 127.0000
v 97.5933 15.7500 127.0000
v 98.2007 16.9818 127.0000
v 98.6422 18.2824 127.0000
v 98.9102 19.6295 127.0000
v 88.5000 21.0000 57.0000
v 88.5000 21.0000 127.0000
f 1339 1340 1388
f 1339 1388 1387
f 1340 1341 1389
f 1340 1389 1388
f 1341 1342 1390
f 1341 1390 1389
f 1342 1343 1391
f 1342 1391 1390
f 1343 1344 1392
f 1343 1392 1391
f 1344 1345 1393
f 1344 1393 1392
f 1345 1346 1394
f 1345 1394 1393
f 1346 1347 1395
f 1346 1395 1394
f 1347 1348 1396
f 1347 1396 1395
f 1348 1349 1397
f 1348 1397 1396
f 1349 1350 1398
f 1349 1398 1397
f 1350 1351 1399
f 1350 1399 1398
f 1351 1352 1400
f 1351 1400 1399
f 1352 1353 1401
f 1352 1401 1400
f 1353 1354 1402
f 1353 1402 1401
f 1354 1355 1403
f 1354 1403 1402
f 1355 1356 1404
f 1355 1404 1403
f 1356 1357 1405
f 1356 1405 1404
f 1357 1358 1406
f 1357 1406 1405
f 1358 1359 1407
f 1358 1407 1406
f 1359 1360 1408
f 1359 1408 1407
f 1360 1361 1409
f 1360 1409 1408
f 1361 1362 1410
f 1361 1410 1409
f 1362 1363 1411
f 1362 1411 1410
f 1363 1364 1412
f 1363 1412 1411
f 1364 1365 1413
f 1364 1413 1412
f 1365 1366 1414
f 1365 1414 1413
f 1366 1367 1415
f 1366 1415 1414
f 1367 1368 1416
f 1367 1416 1415
f 1368 1369 1417
f 1368 1417 1416
f 1369 1370 1418
f 1369 1418 1417
f 1370 1371 1419
f 1370 1419 1418
f 1371 1372 1420
f 1371 1420 1419
f 1372 1373 1421
f 1372 1421 1420
f 1373 1374 1422
f 1373 1422 1421
f 1374 1375 1423
f 1374 1423 1422
f 1375 1376 1424
f 1375 1424 1423
f 1376 1377 1425
f 1376 1425 1424
f 1377 1378 1426
f 1377 1426 1425
f 1378 1379 1427
f 1378 1427 1426
f 1379 1380 1428
f 1379 1428 1427
f 1380 1381 1429
f 1380 1429 1428
f 1381 1382 1430
f 1381 1430 1429
f 1382 1383 1431
f 1382 1431 1430
f 1383 1384 1432
f 1383 1432 1431
f 1384 1385 1433
f 1384 1433 1432
f 1385 1386 1434
f 1385 1434 1433
f 1386 1339 1387
f 1386 1387 1434
f 1435 1340 1339
f 1436 1387 1388
f 1435 1341 1340
f 1436 1388 1389
f 1435 1342 1341
f 1436 1389 1390
f 1435 1343 1342
f 1436 1390 1391
f 1435 1344 1343
f 1436 1391 1392
f 1435 1345 1344
f 1436 1392 1393
f 1435 1346 1345
f 1436 1393 1394
f 1435 1347 1346
f 1436 1394 1395
f 1435 1348 1347
f 1436 1395 1396
f 1435 1349 1348
f 1436 1396 1397
f 1435 1350 1349
f 1436 1397 1398
f 1435 1351 1350
f 1436 1398 1399
f 1435 1352 1351
f 1436 1399 1400
f 1435 1353 1352
f 1436 1400 1401
f 1435 1354 1353
f 1436 1401 1402
f 1435 1355 1354
f 1436 1402 1403
f 1435 1356 1355
f 1436 1403 1404
f 1435 1357 1356
f 1436 1404 1405
f 1435 1358 1357
f 1436 1405 1406
f 1435 1359 1358
f 1436 1406 1407
f 1435 1360 1359
f 1436 1407 1408
f 1435 1361 1360
f 1436 1408 1409
f 1435 1362 1361
f 1436 1409 1410
f 1435 1363 1362
f 1436 1410 1411
f 1435 1364 1363
f 1436 1411 1412
f 1435 1365 1364
f 1436 1412 1413
f 1435 1366 1365
f 1436 1413 1414
f 1435 1367 1366
f 1436 1414 1415
f 1435 1368 1367
f 1436 1415 1416
f 1435 1369 1368
f 1436 1416 1417
f 1435 1370 1369
f 1436 1417 1418
f 1435 1371 1370
f 1436 1418 1419
f 1435 1372 1371
f 1436 1419 1420
f 1435 1373 1372
f 1436 1420 1421
f 1435 1374 1373
f 1436 1421 1422
f 1435 1375 1374
f 1436 1422 1423
f 1435 1376 1375
f 1436 1423 1424
f 1435 1377 1376
f 1436 1424 1425
f 1435 1378 1377
f 1436 1425 1426
f 1435 1379 1378
f 1436 1426 1427
f 1435 1380 1379
f 1436 1427 1428
f 1435 1381 1380
f 1436 1428 1429
f 1435 1382 1381
f 1436 1429 1430
f 1435 1383 1382
f 1436 1430 1431
f 1435 1384 1383
f 1436 1431 1432
f 1435 1385 1384
f 1436 1432 1433
f 1435 1386 1385
f 1436 1433 1434
f 1435 1339 1386
f 1436 1434 1387
g cell_21
usemtl m_cell_21
v 120.0000 -21.0000 57.0000
v 119.9102 -19.6295 57.0000
v 119.6422 -18.2824 57.0000
v 119.2007 -16.9818 57.0000
v 118.5933 -15.7500 57.0000
v 117.8302 -14.6080 57.0000
v 116.9246 -13.5754 57.0000
v 115.8920 -12.6698 57.0000
v 114.7500 -11.9067 57.0000
v 113.5182 -11.2993 57.0000
v 112.2176 -10.8578 57.0000
v 110.8705 -10.5898 57.0000
v 109.5000 -10.5000 57.0000
v 108.1295 -10.5898 57.0000
v 106.7824 -10.8578 57.0000
v 105.4818 -11.2993 57.0000
v 104.2500 -11.9067 57.0000
v 103.1080 -12.6698 57.0000
v 102.0754 -13.5754 57.0000
v 101.1698 -14.6080 57.0000
v 100.4067 -15.7500 57.0000
v 99.7993 -16.9818 57.0000
v 99.3578 -18.2824 57.0000
v 99.0898 -19.6295 57.0000
v 99.0000 -21.0000 57.0000
v 99.0898 -22.3705 57.0000
v 99.3578 -23.7176 57.0000
v 99.7993 -25.0182 57.0000
v 100.4067 -26.2500 57.0000
v 101.1698 -27.3920 57.0000
v 102.0754 -28.4246 57.0000
v 103.1080 -29.3302 57.0000
v 104.2500 -30.0933 57.0000
v 105.4818 -30.7007 57.0000
v 106.7824 -31.1422 57.0000
v 108.1295 -31.4102 57.0000
v 109.5000 -31.5000 57.0000
v 110.8705 -31.4102 57.0000
v 112.2176 -31.1422 57.0000
v 113.5182 -30.7007 57.0000
v 114.7500 -30.0933 57.0000
v 115.8920 -29.3302 57.0000
v 116.9246 -28.4246 57.0000
v 117.8302 -27.3920 57.0000
v 118.5933 -26.2500 57.0000
v 119.2007 -25.0182 57.0000
v 119.6422 -23.7176 57.0000
v 119.9102 -22.3705 57.0000
v 120.0000 -21.0000 127.0000
v 119.9102 -19.6295 127.0000
v 119.6422 -18.2824 127.0000
v 119.2007 -16.9818 127.0000
v 118.5933 -15.7500 127.0000
v 117.8302 -14.6080 127.0000
v 116.9246 -13.5754 127.0000
v 115.8920 -12.6698 127.0000
v 114.7500 -11.9067 127.0000
v 113.5182 -11.2993 127.0000
v 112.2176 -10.8578 127.0000
v 110.8705 -10.5898 127.0000
v 109.5000 -10.5000 127.0000
v 108.1295 -10.5898 127.0000
v 106.7824 -10.8578 127.0000
v 105.4818 -11.2993 127.0000
v 104.2500 -11.9067 127.0000
v 103.1080 -12.6698 127.0000
v 102.0754 -13.5754 127.0000
v 101.1698 -14.6080 127.0000
v 100.4067 -15.7500 127.0000
v 99.7993 -16.9818 127.0000
v 99.3578 -18.2824 127.0000
v 99.0898 -19.6295 127.0000
v 99.0000 -21.0000 127.0000
v 99.0898 -22.3705 127.0000
v 99.3578 -23.7176 127.0000
v 99.7993 -25.0182 127.0000
v 100.4067 -26.2500 127.0000
v 101.1698 -27.3920 127.0000
v 102.0754 -28.4246 127.0000
v 103.1080 -29.3302 127.0000
v 104.2500 -30.0933 127.0000
v 105.4818 -30.7007 127.0000
v 106.7824 -31.1422 127.0000
v 108.1295 -31.4102 127.0000
v 109.5000 -31.5000 127.0000
v 110.8705 -31.4102 127.0000
v 112.2176 -31.1422 127.0000
v 113.5182 -30.7007 127.0000
v 114.7500 -30.0933 127.0000
v 115.8920 -29.3302 127.0000
v 116.9246 -28.4246 127.0000
v 117.8302 -27.3920 127.0000
v 118.5933 -26.2500 127.0000
v 119.2007 -25.0182 127.0000
v 119.6422 -23.7176 127.0000
v 119.9102 -22.3705 127.0000
v 109.5000 -21.0000 57.0000
v 109.5000 -21.0000 127.0000
f 1437 1438 1486
f 1437 1486 1485
f 1438 1439 1487
f 1438 1487 1486
f 1439 1440 1488
f 1439 1488 1487
f 1440 1441 1489
f 1440 1489 1488
f 1441 1442 1490
f 1441 1490 1489
f 1442 1443 1491
f 1442 1491 1490
f 1443 1444 1492
f 1443 1492 1491
f 1444 1445 1493
f 1444 1493 1492
f 1445 1446 1494
f 1445 1494 1493
f 1446 1447 1495
f 1446 1495 1494
f 1447 1448 1496
f 1447 1496 1495
f 1448 1449 1497
f 1448 1497 1496
f 1449 1450 1498
f 1449 1498 1497
f 1450 1451 1499
f 1450 1499 1498
f 1451 1452 1500
f 1451 1500 1499
f 1452 1453 1501
f 1452 1501 1500
f 1453 1454 1502
f 1453 1502 1501
f 1454 1455 1503
f 1454 1503 1502
f 1455 1456 1504
f 1455 1504 1503
f 1456 1457 1505
f 1456 1505 1504
f 1457 1458 1506
f 1457 1506 1505
f 1458 1459 1507
f 1458 1507 1506
f 1459 1460 1508
f 1459 1508 1507
f 1460 1461 1509
f 1460 1509 1508
f 1461 1462 1510
f 1461 1510 1509
f 1462 1463 1511
f 1462 1511 1510
f 1463 1464 1512
f 1463 1512 1511
f 1464 1465 1513
f 1464 1513 1512
f 1465 1466 1514
f 1465 1514 1513
f 1466 1467 1515
f 1466 1515 1514
f 1467 1468 1516
f 1467 1516 1515
f 1468 1469 1517
f 1468 1517 1516
f 1469 1470 1518
f 1469 1518 1517
f 1470 1471 1519
f 1470 1519 1518
f 1471 1472 1520
f 1471 1520 1519
f 1472 1473 1521
f 1472 1521 1520
f 1473 1474 1522
f 1473 1522 1521
f 1474 1475 1523
f 1474 1523 1522
f 1475 1476 1524
f 1475 1524 1523
f 1476 1477 1525
f 1476 1525 1524
f 1477 1478 1526
f 1477 1526 1525
f 1478 1479 1527
f 1478 1527 1526
f 1479 1480 1528
f 1479 1528 1527
f 1480 1481 1529
f 1480 1529 1528
f 1481 1482 1530
f 1481 1530 1529
f 1482 1483 1531
f 1482 1531 1530
f 1483 1484 1532
f 1483 1532 1531
f 1484 1437 1485
f 1484 1485 1532
f 1533 1438 1437
f 1534 1485 1486
f 1533 1439 1438
f 1534 1486 1487
f 1533 1440 1439
f 1534 1487 1488
f 1533 1441 1440
f 1534 1488 1489
f 1533 1442 1441
f 1534 1489 1490
f 1533 1443 1442
f 1534 1490 1491
f 1533 1444 1443
f 1534 1491 1492
f 1533 1445 1444
f 1534 1492 1493
f 1533 1446 1445
f 1534 1493 1494
f 1533 1447 1446
f 1534 1494 1495
f 1533 1448 1447
f 1534 1495 1496
f 1533 1449 1448
f 1534 1496 1497
f 1533 1450 1449
f 1534 1497 1498
f 1533 1451 1450
f 1534 1498 1499
f 1533 1452 1451
f 1534 1499 1500
f 1533 1453 1452
f 1534 1500 1501
f 1533 1454 1453
f 1534 1501 1502
f 1533 1455 1454
f 1534 1502 1503
f 1533 1456 1455
f 1534 1503 1504
f 1533 1457 1456
f 1534 1504 1505
f 1533 1458 1457
f 1534 1505 1506
f 1533 1459 1458
f 1534 1506 1507
f 1533 1460 1459
f 1534 1507 1508
f 1533 1461 1460
f 1534 1508 1509
f 1533 1462 1461
f 1534 1509 1510
f 1533 1463 1462
f 1534 1510 1511
f 1533 1464 1463
f 1534 1511 1512
f 1533 1465 1464
f 1534 1512 1513
f 1533 1466 1465
f 1534 1513 1514
f 1533 1467 1466
f 1534 1514 1515
f 1533 1468 1467
f 1534 1515 1516
f 1533 1469 1468
f 1534 1516 1517
f 1533 1470 1469
f 1534 1517 1518
f 1533 1471 1470
f 1534 1518 1519
f 1533 1472 1471
f 1534 1519 1520
f 1533 1473 1472
f 1534 1520 1521
f 1533 1474 1473
f 1534 1521 1522
f 1533 1475 1474
f 1534 1522 1523
f 1533 1476 1475
f 1534 1523 1524
f 1533 1477 1476
f 1534 1524 1525
f 1533 1478 1477
f 1534 1525 1526
f 1533 1479 1478
f 1534 1526 1527
f 1533 1480 1479
f 1534 1527 1528
f 1533 1481 1480
f 1534 1528 1529
f 1533 1482 1481
f 1534 1529 1530
f 1533 1483 1482
f 1534 1530 1531
f 1533 1484 1483
f 1534 1531 1532
f 1533 1437 1484
f 1534 1532 1485
g cell_22
usemtl m_cell_22
v 120.0000 0.0000 57.0000
v 119.9102 1.3705 57.0000
v 119.6422 2.7176 57.0000
v 119.2007 4.0182 57.0000
v 118.5933 5.2500 57.0000
v 117.8302 6.3920 57.0000
v 116.9246 7.4246 57.0000
v 115.8920 8.3302 57.0000
v 114.7500 9.0933 57.0000
v 113.5182 9.7007 57.0000
v 112.2176 10.1422 57.0000
v 110.8705 10.4102 57.0000
v 109.5000 10.5000 57.0000
v 108.1295 10.4102 57.0000
v 106.7824 10.1422 57.0000
v 105.4818 9.7007 57.0000
v 104.2500 9.0933 57.0000
v 103.1080 8.3302 57.0000
v 102.0754 7.4246 57.0000
v 101.1698 6.3920 57.0000
v 100.4067 5.2500 57.0000
v 99.7993 4.0182 57.0000
v 99.3578 2.7176 57.0000
v 99.0898 1.3705 57.0000
v 99.0000 0.0000 57.0000
v 99.0898 -1.3705 57.0000
v 99.3578 -2.7176 57.0000
v 99.7993 -4.0182 57.0000
v 100.4067 -5.2500 57.0000
v 101.1698 -6.3920 57.0000
v 102.0754 -7.4246 57.0000
v 103.1080 -8.3302 57.0000
v 104.2500 -9.0933 57.0000
v 105.4818 -9.7007 57.0000
v 106.7824 -10.1422 57.0000
v 108.1295 -10.4102 57.0000
v 109.5000 -10.5000 57.0000
v 110.8705 -10.4102 57.0000
v 112.2176 -10.1422 57.0000
v 113.5182 -9.7007 57.0000
v 114.7500 -9.0933 57.0000
v 115.8920 -8.3302 57.0000
v 116.9246 -7.4246 57.0000
v 117.8302 -6.3920 57.0000
v 118.5933 -5.2500 57.0000
v 119.2007 -4.0182 57.0000
v 119.6422 -2.7176 57.0000
v 119.9102 -1.3705 57.0000
v 120.0000 0.0000 127.0000
v 119.9102 1.3705 127.0000
v 119.6422 2.7176 127.0000
v 119.2007 4.0182 127.0000
v 118.5933 5.2500 127.0000
v 117.8302 6.3920 127.0000
v 116.9246 7.4246 127.0000
v 115.8920 8.3302 127.0000
v 114.7500 9.0933 127.0000
v 113.5182 9.7007 127.0000
v 112.2176 10.1422 127.0000
v 110.8705 10.4102 127.0000
v 109.5000 10.5000 127.0000
v 108.1295 10.4102 127.0000
v 106.7824 10.1422 127.0000
v 105.4818 9.7007 127.0000
v 104.2500 9.0933 127.0000
v 103.1080 8.3302 127.0000
v 102.0754 7.4246 127.0000
v 101.1698 6.3920 127.0000
v 100.4067 5.2500 127.0000
v 99.7993 4.0182 127.0000
v 99.3578 2.7176 127.0000
v 99.0898 1.3705 127.0000
v 99.0000 0.0000 127.0000
v 99.0898 -1.3705 127.0000
v 99.3578 -2.7176 127.0000
v 99.7993 -4.0182 127.0000
v 100.4067 -5.2500 127.0000
v 101.1698 -6.3920 127.0000
v 102.0754 -7.4246 127.0000
v 103.1080 -8.3302 127.0000
v 104.2500 -9.0933 127.0000
v 105.4818 -9.7007 127.0000
v 106.7824 -10.1422 127.0000
v 108.1295 -10.4102 127.0000
v 109.5000 -10.5000 127.0000
v 110.8705 -10.4102 127.0000
v 112.2176 -10.1422 127.0000
v 113.5182 -9.7007 127.0000
v 114.7500 -9.0933 127.0000
v 115.8920 -8.3302 127.0000
v 116.9246 -7.4246 127.0000
v 117.8302 -6.3920 127.0000
v 118.5933 -5.2500 127.0000
v 119.2007 -4.0182 127.0000
v 119.6422 -2.7176 127.0000
v 119.9102 -1.3705 127.0000
v 109.5000 0.0000 57.0000
v 109.5000 0.0000 127.0000
f 1535 1536 1584
f 1535 1584 1583
f 1536 1537 1585
f 1536 1585 1584
f 1537 1538 1586
f 1537 1586 1585
f 1538 1539 1587
f 1538 1587 1586
f 1539 1540 1588
f 1539 1588 1587
f 1540 1541 1589
f 1540 1589 1588
f 1541 1542 1590
f 1541 1590 1589
f 1542 1543 1591
f 1542 1591 1590
f 1543 1544 1592
f 1543 1592 1591
f 1544 1545 1593
f 1544 1593 1592
f 1545 1546 1594
f 1545 1594 1593
f 1546 1547 1595
f 1546 1595 1594
f 1547 1548 1596
f 1547 1596 1595
f 1548 1549 1597
f 1548 1597 1596
f 1549 1550 1598
f 1549 1598 1597
f 1550 1551 1599
f 1550 1599 1598
f 1551 1552 1600
f 1551 1600 1599
f 1552 1553 1601
f 1552 1601 1600
f 1553 1554 1602
f 1553 1602 1601
f 1554 1555 1603
f 1554 1603 1602
f 1555 1556 1604
f 1555 1604 1603
f 1556 1557 1605
f 1556 1605 1604
f 1557 1558 1606
f 1557 1606 1605
f 1558 1559 1607
f 1558 1607 1606
f 1559 1560 1608
f 1559 1608 1607
f 1560 1561 1609
f 1560 1609 1608
f 1561 1562 1610
f 1561 1610 1609
f 1562 1563 1611
f 1562 1611 1610
f 1563 1564 1612
f 1563 1612 1611
f 1564 1565 1613
f 1564 1613 1612
f 1565 1566 1614
f 1565 1614 1613
f 1566 1567 1615
f 1566 1615 1614
f 1567 1568 1616
f 1567 1616 1615
f 1568 1569 1617
f 1568 1617 1616
f 1569 1570 1618
f 1569 1618 1617
f 1570 1571 1619
f 1570 1619 1618
f 1571 1572 1620
f 1571 1620 1619
f 1572 1573 1621
f 1572 1621 1620
f 1573 1574 1622
f 1573 1622 1621
f 1574 1575 1623
f 1574 1623 1622
f 1575 1576 1624
f 1575 1624 1623
f 1576 1577 1625
f 1576 1625 1624
f 1577 1578 1626
f 1577 1626 1625
f 1578 1579 1627
f 1578 1627 1626
f 1579 1580 1628
f 1579 1628 1627
f 1580 1581 1629
f 1580 1629 1628
f 1581 1582 1630
f 1581 1630 1629
f 1582 1535 1583
f 1582 1583 1630
f 1631 1536 1535
f 1632 1583 1584
f 1631 1537 1536
f 1632 1584 1585
f 1631 1538 1537
f 1632 1585 1586
f 1631 1539 1538
f 1632 1586 1587
f 1631 1540 1539
f 1632 1587 1588
f 1631 1541 1540
f 1632 1588 1589
f 1631 1542 1541
f 1632 1589 1590
f 1631 1543 1542
f 1632 1590 1591
f 1631 1544 1543
f 1632 1591 1592
f 1631 1545 1544
f 1632 1592 1593
f 1631 1546 1545
f 1632 1593 1594
f 1631 1547 1546
f 1632 1594 1595
f 1631 1548 1547
f 1632 1595 1596
f 1631 1549 1548
f 1632 1596 1597
f 1631 1550 1549
f 1632 1597 1598
f 1631 1551 1550
f 1632 1598 1599
f 1631 1552 1551
f 1632 1599 1600
f 1631 1553 1552
f 1632 1600 1601
f 1631 1554 1553
f 1632 1601 1602
f 1631 1555 1554
f 1632 1602 1603
f 1631 1556 1555
f 1632 1603 1604
f 1631 1557 1556
f 1632 1604 1605
f 1631 1558 1557
f 1632 1605 1606
f 1631 1559 1558
f 1632 1606 1607
f 1631 1560 1559
f 1632 1607 1608
f 1631 1561 1560
f 1632 1608 1609
f 1631 1562 1561
f 1632 1609 1610
f 1631 1563 1562
f 1632 1610 1611
f 1631 1564 1563
f 1632 1611 1612
f 1631 1565 1564
f 1632 1612 1613
f 1631 1566 1565
f 1632 1613 1614
f 1631 1567 1566
f 1632 1614 1615
f 1631 1568 1567
f 1632 1615 1616
f 1631 1569 1568
f 1632 1616 1617
f 1631 1570 1569
f 1632 1617 1618
f 1631 1571 1570
f 1632 1618 1619
f 1631 1572 1571
f 1632 1619 1620
f 1631 1573 1572
f 1632 1620 1621
f 1631 1574 1573
f 1632 1621 1622
f 1631 1575 1574
f 1632 1622 1623
f 1631 1576 1575
f 1632 1623 1624
f 1631 1577 1576
f 1632 1624 1625
f 1631 1578 1577
f 1632 1625 1626
f 1631 1579 1578
f 1632 1626 1627
f 1631 1580 1579
f 1632 1627 1628
f 1631 1581 1580
f 1632 1628 1629
f 1631 1582 1581
f 1632 1629 1630
f 1631 1535 1582
f 1632 1630 1583
g cell_23
usemtl m_cell_23
v 120.0000 21.0000 57.0000
v 119.9102 22.3705 57.0000
v 119.6422 23.7176 57.0000
v 119.2007 25.0182 57.0000
v 118.5933 26.2500 57.0000
v 117.8302 27.3920 57.0000
v 116.9246 28.4246 57.0000
v 115.8920 29.3302 57.0000
v 114.7500 30.0933 57.0000
v 113.5182 30.7007 57.0000
v 112.2176 31.1422 57.0000
v 110.8705 31.4102 57.0000
v 109.5000 31.5000 57.0000
v 108.1295 31.4102 57.0000
v 106.7824 31.1422 57.0000
v 105.4818 30.7007 57.0000
v 104.2500 30.0933 57.0000
v 103.1080 29.3302 57.0000
v 102.0754 28.4246 57.0000
v 101.1698 27.3920 57.0000
v 100.4067 26.2500 57.0000
v 99.7993 25.0182 57.0000
v 99.3578 23.7176 57.0000
v 99.0898 22.3705 57.0000
v 99.0000 21.0000 57.0000
v 99.0898 19.6295 57.0000
v 99.3578 18.2824 57.0000
v 99.7993 16.9818 57.0000
v 100.4067 15.7500 57.0000
v 101.1698 14.6080 57.0000
v 102.0754 13.5754 57.0000
v 103.1080 12.6698 57.0000
v 104.2500 11.9067 57.0000
v 105.4818 11.2993 57.0000
v 106.7824 10.8578 57.0000
v 108.1295 10.5898 57.0000
v 109.5000 10.5000 57.0000
v 110.8705 10.5898 57.0000
v 112.2176 10.8578 57.0000
v 113.5182 11.2993 57.0000
v 114.7500 11.9067 57.0000
v 115.8920 12.6698 57.0000
v 116.9246 13.5754 57.0000
v 117.8302 14.6080 57.0000
v 118.5933 15.7500 57.0000
v 119.2007 16.9818 57.0000
v 119.6422 18.2824 57.0000
v 119.9102 19.6295 57.0000
v 120.0000 21.0000 127.0000
v 119.9102 22.3705 127.0000
v 119.6422 23.7176 127.0000
v 119.2007 25.0182 127.0000
v 118.5933 26.2500 127.0000
v 117.8302 27.3920 127.0000
v 116.9246 28.4246 127.0000
v 115.8920 29.3302 127.0000
v 114.7500 30.0933 127.0000
v 113.5182 30.7007 127.0000
v 112.2176 31.1422 127.0000
v 110.8705 31.4102 127.0000
v 109.5000 31.5000 127.0000
v 108.1295 31.4102 127.0000
v 106.7824 31.1422 127.0000
v 105.4818 30.7007 127.0000
v 104.2500 30.0933 127.0000
v 103.1080 29.3302 127.0000
v 102.0754 28.4246 127.0000
v 101.1698 27.3920 127.0000
v 100.4067 26.2500 127.0000
v 99.7993 25.0182 127.0000
v 99.3578 23.7176 127.0000
v 99.0898 22.3705 127.0000
v 99.0000 21.0000 127.0000
v 99.0898 19.6295 127.0000
v 99.3578 18.2824 127.0000
v 99.7993 16.9818 127.0000
v 100.4067 15.7500 127.0000
v 101.1698 14.6080 127.0000
v 102.0754 13.5754 127.0000
v 103.1080 12.6698 127.0000
v 104.2500 11.9067 127.0000
v 105.4818 11.2993 127.0000
v 106.7824 10.8578 127.0000
v 108.1295 10.5898 127.0000
v 109.5000 10.5000 127.0000
v 110.8705 10.5898 127.0000
v 112.2176 10.8578 127.0000
v 113.5182 11.2993 127.0000
v 114.7500 11.9067 127.0000
v 115.8920 12.6698 127.0000
v 116.9246 13.5754 127.0000
v 117.8302 14.6080 127.0000
v 118.5933 15.7500 127.0000
v 119.2007 16.9818 127.0000
v 119.6422 18.2824 127.0000
v 119.9102 19.6295 127.0000
v 109.5000 21.0000 57.0000
v 109.5000 21.0000 127.0000
f 1633 1634 1682
f 1633 1682 1681
f 1634 1635 1683
f 1634 1683 1682
f 1635 1636 1684
f 1635 1684 1683
f 1636 1637 1685
f 1636 1685 1684
f 1637 1638 1686
f 1637 1686 1685
f 1638 1639 1687
f 1638 1687 1686
f 1639 1640 1688
f 1639 1688 1687
f 1640 1641 1689
f 1640 1689 1688
f 1641 1642 1690
f 1641 1690 1689
f 1642 1643 1691
f 1642 1691 1690
f 1643 1644 1692
f 1643 1692 1691
f 1644 1645 1693
f 1644 1693 1692
f 1645 1646 1694
f 1645 1694 1693
f 1646 1647 1695
f 1646 1695 1694
f 1647 1648 1696
f 1647 1696 1695
f 1648 1649 1697
f 1648 1697 1696
f 1649 1650 1698
f 1649 1698 1697
f 1650 1651 1699
f 1650 1699 1698
f 1651 1652 1700
f 1651 1700 1699
f 1652 1653 1701
f 1652 1701 1700
f 1653 1654 1702
f 1653 1702 1701
f 1654 1655 1703
f 1654 1703 1702
f 1655 1656 1704
f 1655 1704 1703
f 1656 1657 1705
f 1656 1705 1704
f 1657 1658 1706
f 1657 1706 1705
f 1658 1659 1707
f 1658 1707 1706
f 1659 1660 1708
f 1659 1708 1707
f 1660 1661 1709
f 1660 1709 1708
f 1661 1662 1710
f 1661 1710 1709
f 1662 1663 1711
f 1662 1711 1710
f 1663 1664 1712
f 1663 1712 1711
f 1664 1665 1713
f 1664 1713 1712
f 1665 1666 1714
f 1665 1714 1713
f 1666 1667 1715
f 1666 1715 1714
f 1667 1668 1716
f 1667 1716 1715
f 1668 1669 1717
f 1668 1717 1716
f 1669 1670 1718
f 1669 1718 1717
f 1670 1671 1719
f 1670 1719 1718
f 1671 1672 1720
f 1671 1720 1719
f 1672 1673 1721
f 1672 1721 1720
f 1673 1674 1722
f 1673 1722 1721
f 1674 1675 1723
f 1674 1723 1722
f 1675 1676 1724
f 1675 1724 1723
f 1676 1677 1725
f 1676 1725 1724
f 1677 1678 1726
f 1677 1726 1725
f 1678 1679 1727
f 1678 1727 1726
f 1679 1680 1728
f 1679 1728 1727
f 1680 1633 1681
f 1680 1681 1728
f 1729 1634 1633
f 1730 1681 1682
f 1729 1635 1634
f 1730 1682 1683
f 1729 1636 1635
f 1730 1683 1684
f 1729 1637 1636
f 1730 1684 1685
f 1729 1638 1637
f 1730 1685 1686
f 1729 1639 1638
f 1730 1686 1687
f 1729 1640 1639
f 1730 1687 1688
f 1729 1641 1640
f 1730 1688 1689
f 1729 1642 1641
f 1730 1689 1690
f 1729 1643 1642
f 1730 1690 1691
f 1729 1644 1643
f 1730 1691 1692
f 1729 1645 1644
f 1730 1692 1693
f 1729 1646 1645
f 1730 1693 1694
f 1729 1647 1646
f 1730 1694 1695
f 1729 1648 1647
f 1730 1695 1696
f 1729 1649 1648
f 1730 1696 1697
f 1729 1650 1649
f 1730 1697 1698
f 1729 1651 1650
f 1730 1698 1699
f 1729 1652 1651
f 1730 1699 1700
f 1729 1653 1652
f 1730 1700 1701
f 1729 1654 1653
f 1730 1701 1702
f 1729 1655 1654
f 1730 1702 1703
f 1729 1656 1655
f 1730 1703 1704
f 1729 1657 1656
f 1730 1704 1705
f 1729 1658 1657
f 1730 1705 1706
f 1729 1659 1658
f 1730 1706 1707
f 1729 1660 1659
f 1730 1707 1708
f 1729 1661 1660
f 1730 1708 1709
f 1729 1662 1661
f 1730 1709 1710
f 1729 1663 1662
f 1730 1710 1711
f 1729 1664 1663
f 1730 1711 1712
f 1729 1665 1664
f 1730 1712 1713
f 1729 1666 1665
f 1730 1713 1714
f 1729 1667 1666
f 1730 1714 1715
f 1729 1668 1667
f 1730 1715 1716
f 1729 1669 1668
f 1730 1716 1717
f 1729 1670 1669
f 1730 1717 1718
f 1729 1671 1670
f 1730 1718 1719
f 1729 1672 1671
f 1730 1719 1720
f 1729 1673 1672
f 1730 1720 1721
f 1729 1674 1673
f 1730 1721 1722
f 1729 1675 1674
f 1730 1722 1723
f 1729 1676 1675
f 1730 1723 1724
f 1729 1677 1676
f 1730 1724 1725
f 1729 1678 1677
f 1730 1725 1726
f 1729 1679 1678
f 1730 1726 1727
f 1729 1680 1679
f 1730 1727 1728
f 1729 1633 1680
f 1730 1728 1681
g bms_3s
usemtl m_bms_3s
v 79.0000 -30.0000 52.0000
v 119.0000 -30.0000 52.0000
v 119.0000 30.0000 52.0000
v 79.0000 30.0000 52.0000
v 79.0000 -30.0000 55.0000
v 119.0000 -30.0000 55.0000
v 119.0000 30.0000 55.0000
v 79.0000 30.0000 55.0000
f 1731 1733 1732
f 1731 1734 1733
f 1735 1736 1737
f 1735 1737 1738
f 1731 1732 1736
f 1731 1736 1735
f 1732 1733 1737
f 1732 1737 1736
f 1733 1734 1738
f 1733 1738 1737
f 1734 1731 1735
f 1734 1735 1738
g bts7960
usemtl m_bts7960
v 79.0000 -25.0000 1.5000
v 91.0000 -25.0000 1.5000
v 91.0000 25.0000 1.5000
v 79.0000 25.0000 1.5000
v 79.0000 -25.0000 49.5000
v 91.0000 -25.0000 49.5000
v 91.0000 25.0000 49.5000
v 79.0000 25.0000 49.5000
f 1739 1741 1740
f 1739 1742 1741
f 1743 1744 1745
f 1743 1745 1746
f 1739 1740 1744
f 1739 1744 1743
f 1740 1741 1745
f 1740 1745 1744
f 1741 1742 1746
f 1741 1746 1745
f 1742 1739 1743
f 1742 1743 1746
g oled_1_5in
usemtl m_oled_1_5in
v 79.0000 -19.0000 191.0000
v 117.0000 -19.0000 191.0000
v 117.0000 19.0000 191.0000
v 79.0000 19.0000 191.0000
v 79.0000 -19.0000 194.2000
v 117.0000 -19.0000 194.2000
v 117.0000 19.0000 194.2000
v 79.0000 19.0000 194.2000
f 1747 1749 1748
f 1747 1750 1749
f 1751 1752 1753
f 1751 1753 1754
f 1747 1748 1752
f 1747 1752 1751
f 1748 1749 1753
f 1748 1753 1752
f 1749 1750 1754
f 1749 1754 1753
f 1750 1747 1751
f 1750 1751 1754
g oled_screen
usemtl m_oled_screen
v 82.0000 -16.0000 194.2000
v 114.0000 -16.0000 194.2000
v 114.0000 16.0000 194.2000
v 82.0000 16.0000 194.2000
v 82.0000 -16.0000 194.4000
v 114.0000 -16.0000 194.4000
v 114.0000 16.0000 194.4000
v 82.0000 16.0000 194.4000
f 1755 1757 1756
f 1755 1758 1757
f 1759 1760 1761
f 1759 1761 1762
f 1755 1756 1760
f 1755 1760 1759
f 1756 1757 1761
f 1756 1761 1760
f 1757 1758 1762
f 1757 1762 1761
f 1758 1755 1759
f 1758 1759 1762
g button_1
usemtl m_button_1
v 124.2000 -12.0000 191.0000
v 124.1726 -11.5823 191.0000
v 124.0910 -11.1718 191.0000
v 123.9564 -10.7754 191.0000
v 123.7713 -10.4000 191.0000
v 123.5387 -10.0520 191.0000
v 123.2627 -9.7373 191.0000
v 122.9480 -9.4613 191.0000
v 122.6000 -9.2287 191.0000
v 122.2246 -9.0436 191.0000
v 121.8282 -8.9090 191.0000
v 121.4177 -8.8274 191.0000
v 121.0000 -8.8000 191.0000
v 120.5823 -8.8274 191.0000
v 120.1718 -8.9090 191.0000
v 119.7754 -9.0436 191.0000
v 119.4000 -9.2287 191.0000
v 119.0520 -9.4613 191.0000
v 118.7373 -9.7373 191.0000
v 118.4613 -10.0520 191.0000
v 118.2287 -10.4000 191.0000
v 118.0436 -10.7754 191.0000
v 117.9090 -11.1718 191.0000
v 117.8274 -11.5823 191.0000
v 117.8000 -12.0000 191.0000
v 117.8274 -12.4177 191.0000
v 117.9090 -12.8282 191.0000
v 118.0436 -13.2246 191.0000
v 118.2287 -13.6000 191.0000
v 118.4613 -13.9480 191.0000
v 118.7373 -14.2627 191.0000
v 119.0520 -14.5387 191.0000
v 119.4000 -14.7713 191.0000
v 119.7754 -14.9564 191.0000
v 120.1718 -15.0910 191.0000
v 120.5823 -15.1726 191.0000
v 121.0000 -15.2000 191.0000
v 121.4177 -15.1726 191.0000
v 121.8282 -15.0910 191.0000
v 122.2246 -14.9564 191.0000
v 122.6000 -14.7713 191.0000
v 122.9480 -14.5387 191.0000
v 123.2627 -14.2627 191.0000
v 123.5387 -13.9480 191.0000
v 123.7713 -13.6000 191.0000
v 123.9564 -13.2246 191.0000
v 124.0910 -12.8282 191.0000
v 124.1726 -12.4177 191.0000
v 124.2000 -12.0000 194.0000
v 124.1726 -11.5823 194.0000
v 124.0910 -11.1718 194.0000
v 123.9564 -10.7754 194.0000
v 123.7713 -10.4000 194.0000
v 123.5387 -10.0520 194.0000
v 123.2627 -9.7373 194.0000
v 122.9480 -9.4613 194.0000
v 122.6000 -9.2287 194.0000
v 122.2246 -9.0436 194.0000
v 121.8282 -8.9090 194.0000
v 121.4177 -8.8274 194.0000
v 121.0000 -8.8000 194.0000
v 120.5823 -8.8274 194.0000
v 120.1718 -8.9090 194.0000
v 119.7754 -9.0436 194.0000
v 119.4000 -9.2287 194.0000
v 119.0520 -9.4613 194.0000
v 118.7373 -9.7373 194.0000
v 118.4613 -10.0520 194.0000
v 118.2287 -10.4000 194.0000
v 118.0436 -10.7754 194.0000
v 117.9090 -11.1718 194.0000
v 117.8274 -11.5823 194.0000
v 117.8000 -12.0000 194.0000
v 117.8274 -12.4177 194.0000
v 117.9090 -12.8282 194.0000
v 118.0436 -13.2246 194.0000
v 118.2287 -13.6000 194.0000
v 118.4613 -13.9480 194.0000
v 118.7373 -14.2627 194.0000
v 119.0520 -14.5387 194.0000
v 119.4000 -14.7713 194.0000
v 119.7754 -14.9564 194.0000
v 120.1718 -15.0910 194.0000
v 120.5823 -15.1726 194.0000
v 121.0000 -15.2000 194.0000
v 121.4177 -15.1726 194.0000
v 121.8282 -15.0910 194.0000
v 122.2246 -14.9564 194.0000
v 122.6000 -14.7713 194.0000
v 122.9480 -14.5387 194.0000
v 123.2627 -14.2627 194.0000
v 123.5387 -13.9480 194.0000
v 123.7713 -13.6000 194.0000
v 123.9564 -13.2246 194.0000
v 124.0910 -12.8282 194.0000
v 124.1726 -12.4177 194.0000
v 121.0000 -12.0000 191.0000
v 121.0000 -12.0000 194.0000
f 1763 1764 1812
f 1763 1812 1811
f 1764 1765 1813
f 1764 1813 1812
f 1765 1766 1814
f 1765 1814 1813
f 1766 1767 1815
f 1766 1815 1814
f 1767 1768 1816
f 1767 1816 1815
f 1768 1769 1817
f 1768 1817 1816
f 1769 1770 1818
f 1769 1818 1817
f 1770 1771 1819
f 1770 1819 1818
f 1771 1772 1820
f 1771 1820 1819
f 1772 1773 1821
f 1772 1821 1820
f 1773 1774 1822
f 1773 1822 1821
f 1774 1775 1823
f 1774 1823 1822
f 1775 1776 1824
f 1775 1824 1823
f 1776 1777 1825
f 1776 1825 1824
f 1777 1778 1826
f 1777 1826 1825
f 1778 1779 1827
f 1778 1827 1826
f 1779 1780 1828
f 1779 1828 1827
f 1780 1781 1829
f 1780 1829 1828
f 1781 1782 1830
f 1781 1830 1829
f 1782 1783 1831
f 1782 1831 1830
f 1783 1784 1832
f 1783 1832 1831
f 1784 1785 1833
f 1784 1833 1832
f 1785 1786 1834
f 1785 1834 1833
f 1786 1787 1835
f 1786 1835 1834
f 1787 1788 1836
f 1787 1836 1835
f 1788 1789 1837
f 1788 1837 1836
f 1789 1790 1838
f 1789 1838 1837
f 1790 1791 1839
f 1790 1839 1838
f 1791 1792 1840
f 1791 1840 1839
f 1792 1793 1841
f 1792 1841 1840
f 1793 1794 1842
f 1793 1842 1841
f 1794 1795 1843
f 1794 1843 1842
f 1795 1796 1844
f 1795 1844 1843
f 1796 1797 1845
f 1796 1845 1844
f 1797 1798 1846
f 1797 1846 1845
f 1798 1799 1847
f 1798 1847 1846
f 1799 1800 1848
f 1799 1848 1847
f 1800 1801 1849
f 1800 1849 1848
f 1801 1802 1850
f 1801 1850 1849
f 1802 1803 1851
f 1802 1851 1850
f 1803 1804 1852
f 1803 1852 1851
f 1804 1805 1853
f 1804 1853 1852
f 1805 1806 1854
f 1805 1854 1853
f 1806 1807 1855
f 1806 1855 1854
f 1807 1808 1856
f 1807 1856 1855
f 1808 1809 1857
f 1808 1857 1856
f 1809 1810 1858
f 1809 1858 1857
f 1810 1763 1811
f 1810 1811 1858
f 1859 1764 1763
f 1860 1811 1812
f 1859 1765 1764
f 1860 1812 1813
f 1859 1766 1765
f 1860 1813 1814
f 1859 1767 1766
f 1860 1814 1815
f 1859 1768 1767
f 1860 1815 1816
f 1859 1769 1768
f 1860 1816 1817
f 1859 1770 1769
f 1860 1817 1818
f 1859 1771 1770
f 1860 1818 1819
f 1859 1772 1771
f 1860 1819 1820
f 1859 1773 1772
f 1860 1820 1821
f 1859 1774 1773
f 1860 1821 1822
f 1859 1775 1774
f 1860 1822 1823
f 1859 1776 1775
f 1860 1823 1824
f 1859 1777 1776
f 1860 1824 1825
f 1859 1778 1777
f 1860 1825 1826
f 1859 1779 1778
f 1860 1826 1827
f 1859 1780 1779
f 1860 1827 1828
f 1859 1781 1780
f 1860 1828 1829
f 1859 1782 1781
f 1860 1829 1830
f 1859 1783 1782
f 1860 1830 1831
f 1859 1784 1783
f 1860 1831 1832
f 1859 1785 1784
f 1860 1832 1833
f 1859 1786 1785
f 1860 1833 1834
f 1859 1787 1786
f 1860 1834 1835
f 1859 1788 1787
f 1860 1835 1836
f 1859 1789 1788
f 1860 1836 1837
f 1859 1790 1789
f 1860 1837 1838
f 1859 1791 1790
f 1860 1838 1839
f 1859 1792 1791
f 1860 1839 1840
f 1859 1793 1792
f 1860 1840 1841
f 1859 1794 1793
f 1860 1841 1842
f 1859 1795 1794
f 1860 1842 1843
f 1859 1796 1795
f 1860 1843 1844
f 1859 1797 1796
f 1860 1844 1845
f 1859 1798 1797
f 1860 1845 1846
f 1859 1799 1798
f 1860 1846 1847
f 1859 1800 1799
f 1860 1847 1848
f 1859 1801 1800
f 1860 1848 1849
f 1859 1802 1801
f 1860 1849 1850
f 1859 1803 1802
f 1860 1850 1851
f 1859 1804 1803
f 1860 1851 1852
f 1859 1805 1804
f 1860 1852 1853
f 1859 1806 1805
f 1860 1853 1854
f 1859 1807 1806
f 1860 1854 1855
f 1859 1808 1807
f 1860 1855 1856
f 1859 1809 1808
f 1860 1856 1857
f 1859 1810 1809
f 1860 1857 1858
f 1859 1763 1810
f 1860 1858 1811
g button_2
usemtl m_button_2
v 124.2000 12.0000 191.0000
v 124.1726 12.4177 191.0000
v 124.0910 12.8282 191.0000
v 123.9564 13.2246 191.0000
v 123.7713 13.6000 191.0000
v 123.5387 13.9480 191.0000
v 123.2627 14.2627 191.0000
v 122.9480 14.5387 191.0000
v 122.6000 14.7713 191.0000
v 122.2246 14.9564 191.0000
v 121.8282 15.0910 191.0000
v 121.4177 15.1726 191.0000
v 121.0000 15.2000 191.0000
v 120.5823 15.1726 191.0000
v 120.1718 15.0910 191.0000
v 119.7754 14.9564 191.0000
v 119.4000 14.7713 191.0000
v 119.0520 14.5387 191.0000
v 118.7373 14.2627 191.0000
v 118.4613 13.9480 191.0000
v 118.2287 13.6000 191.0000
v 118.0436 13.2246 191.0000
v 117.9090 12.8282 191.0000
v 117.8274 12.4177 191.0000
v 117.8000 12.0000 191.0000
v 117.8274 11.5823 191.0000
v 117.9090 11.1718 191.0000
v 118.0436 10.7754 191.0000
v 118.2287 10.4000 191.0000
v 118.4613 10.0520 191.0000
v 118.7373 9.7373 191.0000
v 119.0520 9.4613 191.0000
v 119.4000 9.2287 191.0000
v 119.7754 9.0436 191.0000
v 120.1718 8.9090 191.0000
v 120.5823 8.8274 191.0000
v 121.0000 8.8000 191.0000
v 121.4177 8.8274 191.0000
v 121.8282 8.9090 191.0000
v 122.2246 9.0436 191.0000
v 122.6000 9.2287 191.0000
v 122.9480 9.4613 191.0000
v 123.2627 9.7373 191.0000
v 123.5387 10.0520 191.0000
v 123.7713 10.4000 191.0000
v 123.9564 10.7754 191.0000
v 124.0910 11.1718 191.0000
v 124.1726 11.5823 191.0000
v 124.2000 12.0000 194.0000
v 124.1726 12.4177 194.0000
v 124.0910 12.8282 194.0000
v 123.9564 13.2246 194.0000
v 123.7713 13.6000 194.0000
v 123.5387 13.9480 194.0000
v 123.2627 14.2627 194.0000
v 122.9480 14.5387 194.0000
v 122.6000 14.7713 194.0000
v 122.2246 14.9564 194.0000
v 121.8282 15.0910 194.0000
v 121.4177 15.1726 194.0000
v 121.0000 15.2000 194.0000
v 120.5823 15.1726 194.0000
v 120.1718 15.0910 194.0000
v 119.7754 14.9564 194.0000
v 119.4000 14.7713 194.0000
v 119.0520 14.5387 194.0000
v 118.7373 14.2627 194.0000
v 118.4613 13.9480 194.0000
v 118.2287 13.6000 194.0000
v 118.0436 13.2246 194.0000
v 117.9090 12.8282 194.0000
v 117.8274 12.4177 194.0000
v 117.8000 12.0000 194.0000
v 117.8274 11.5823 194.0000
v 117.9090 11.1718 194.0000
v 118.0436 10.7754 194.0000
v 118.2287 10.4000 194.0000
v 118.4613 10.0520 194.0000
v 118.7373 9.7373 194.0000
v 119.0520 9.4613 194.0000
v 119.4000 9.2287 194.0000
v 119.7754 9.0436 194.0000
v 120.1718 8.9090 194.0000
v 120.5823 8.8274 194.0000
v 121.0000 8.8000 194.0000
v 121.4177 8.8274 194.0000
v 121.8282 8.9090 194.0000
v 122.2246 9.0436 194.0000
v 122.6000 9.2287 194.0000
v 122.9480 9.4613 194.0000
v 123.2627 9.7373 194.0000
v 123.5387 10.0520 194.0000
v 123.7713 10.4000 194.0000
v 123.9564 10.7754 194.0000
v 124.0910 11.1718 194.0000
v 124.1726 11.5823 194.0000
v 121.0000 12.0000 191.0000
v 121.0000 12.0000 194.0000
f 1861 1862 1910
f 1861 1910 1909
f 1862 1863 1911
f 1862 1911 1910
f 1863 1864 1912
f 1863 1912 1911
f 1864 1865 1913
f 1864 1913 1912
f 1865 1866 1914
f 1865 1914 1913
f 1866 1867 1915
f 1866 1915 1914
f 1867 1868 1916
f 1867 1916 1915
f 1868 1869 1917
f 1868 1917 1916
f 1869 1870 1918
f 1869 1918 1917
f 1870 1871 1919
f 1870 1919 1918
f 1871 1872 1920
f 1871 1920 1919
f 1872 1873 1921
f 1872 1921 1920
f 1873 1874 1922
f 1873 1922 1921
f 1874 1875 1923
f 1874 1923 1922
f 1875 1876 1924
f 1875 1924 1923
f 1876 1877 1925
f 1876 1925 1924
f 1877 1878 1926
f 1877 1926 1925
f 1878 1879 1927
f 1878 1927 1926
f 1879 1880 1928
f 1879 1928 1927
f 1880 1881 1929
f 1880 1929 1928
f 1881 1882 1930
f 1881 1930 1929
f 1882 1883 1931
f 1882 1931 1930
f 1883 1884 1932
f 1883 1932 1931
f 1884 1885 1933
f 1884 1933 1932
f 1885 1886 1934
f 1885 1934 1933
f 1886 1887 1935
f 1886 1935 1934
f 1887 1888 1936
f 1887 1936 1935
f 1888 1889 1937
f 1888 1937 1936
f 1889 1890 1938
f 1889 1938 1937
f 1890 1891 1939
f 1890 1939 1938
f 1891 1892 1940
f 1891 1940 1939
f 1892 1893 1941
f 1892 1941 1940
f 1893 1894 1942
f 1893 1942 1941
f 1894 1895 1943
f 1894 1943 1942
f 1895 1896 1944
f 1895 1944 1943
f 1896 1897 1945
f 1896 1945 1944
f 1897 1898 1946
f 1897 1946 1945
f 1898 1899 1947
f 1898 1947 1946
f 1899 1900 1948
f 1899 1948 1947
f 1900 1901 1949
f 1900 1949 1948
f 1901 1902 1950
f 1901 1950 1949
f 1902 1903 1951
f 1902 1951 1950
f 1903 1904 1952
f 1903 1952 1951
f 1904 1905 1953
f 1904 1953 1952
f 1905 1906 1954
f 1905 1954 1953
f 1906 1907 1955
f 1906 1955 1954
f 1907 1908 1956
f 1907 1956 1955
f 1908 1861 1909
f 1908 1909 1956
f 1957 1862 1861
f 1958 1909 1910
f 1957 1863 1862
f 1958 1910 1911
f 1957 1864 1863
f 1958 1911 1912
f 1957 1865 1864
f 1958 1912 1913
f 1957 1866 1865
f 1958 1913 1914
f 1957 1867 1866
f 1958 1914 1915
f 1957 1868 1867
f 1958 1915 1916
f 1957 1869 1868
f 1958 1916 1917
f 1957 1870 1869
f 1958 1917 1918
f 1957 1871 1870
f 1958 1918 1919
f 1957 1872 1871
f 1958 1919 1920
f 1957 1873 1872
f 1958 1920 1921
f 1957 1874 1873
f 1958 1921 1922
f 1957 1875 1874
f 1958 1922 1923
f 1957 1876 1875
f 1958 1923 1924
f 1957 1877 1876
f 1958 1924 1925
f 1957 1878 1877
f 1958 1925 1926
f 1957 1879 1878
f 1958 1926 1927
f 1957 1880 1879
f 1958 1927 1928
f 1957 1881 1880
f 1958 1928 1929
f 1957 1882 1881
f 1958 1929 1930
f 1957 1883 1882
f 1958 1930 1931
f 1957 1884 1883
f 1958 1931 1932
f 1957 1885 1884
f 1958 1932 1933
f 1957 1886 1885
f 1958 1933 1934
f 1957 1887 1886
f 1958 1934 1935
f 1957 1888 1887
f 1958 1935 1936
f 1957 1889 1888
f 1958 1936 1937
f 1957 1890 1889
f 1958 1937 1938
f 1957 1891 1890
f 1958 1938 1939
f 1957 1892 1891
f 1958 1939 1940
f 1957 1893 1892
f 1958 1940 1941
f 1957 1894 1893
f 1958 1941 1942
f 1957 1895 1894
f 1958 1942 1943
f 1957 1896 1895
f 1958 1943 1944
f 1957 1897 1896
f 1958 1944 1945
f 1957 1898 1897
f 1958 1945 1946
f 1957 1899 1898
f 1958 1946 1947
f 1957 1900 1899
f 1958 1947 1948
f 1957 1901 1900
f 1958 1948 1949
f 1957 1902 1901
f 1958 1949 1950
f 1957 1903 1902
f 1958 1950 1951
f 1957 1904 1903
f 1958 1951 1952
f 1957 1905 1904
f 1958 1952 1953
f 1957 1906 1905
f 1958 1953 1954
f 1957 1907 1906
f 1958 1954 1955
f 1957 1908 1907
f 1958 1955 1956
f 1957 1861 1908
f 1958 1956 1909
