solid thermox
 facet normal 0.99786 0.06540 0.00000
  outer loop
   vertex 45.0000 0.0000 0.0000
   vertex 44.6150 5.8737 0.0000
   vertex 44.6150 5.8737 3.0000
  endloop
 endfacet
 facet normal 0.99786 0.06540 -0.00000
  outer loop
   vertex 45.0000 0.0000 0.0000
   vertex 44.6150 5.8737 3.0000
   vertex 45.0000 0.0000 3.0000
  endloop
 endfacet
 facet normal 0.98079 0.19509 0.00000
  outer loop
   vertex 44.6150 5.8737 0.0000
   vertex 43.4667 11.6469 0.0000
   vertex 43.4667 11.6469 3.0000
  endloop
 endfacet
 facet normal 0.98079 0.19509 -0.00000
  outer loop
   vertex 44.6150 5.8737 0.0000
   vertex 43.4667 11.6469 3.0000
   vertex 44.6150 5.8737 3.0000
  endloop
 endfacet
 facet normal 0.94693 0.32144 0.00000
  outer loop
   vertex 43.4667 11.6469 0.0000
   vertex 41.5746 17.2208 0.0000
   vertex 41.5746 17.2208 3.0000
  endloop
 endfacet
 facet normal 0.94693 0.32144 -0.00000
  outer loop
   vertex 43.4667 11.6469 0.0000
   vertex 41.5746 17.2208 3.0000
   vertex 43.4667 11.6469 3.0000
  endloop
 endfacet
 facet normal 0.89687 0.44229 0.00000
  outer loop
   vertex 41.5746 17.2208 0.0000
   vertex 38.9711 22.5000 0.0000
   vertex 38.9711 22.5000 3.0000
  endloop
 endfacet
 facet normal 0.89687 0.44229 -0.00000
  outer loop
   vertex 41.5746 17.2208 0.0000
   vertex 38.9711 22.5000 3.0000
   vertex 41.5746 17.2208 3.0000
  endloop
 endfacet
 facet normal 0.83147 0.55557 0.00000
  outer loop
   vertex 38.9711 22.5000 0.0000
   vertex 35.7009 27.3943 0.0000
   vertex 35.7009 27.3943 3.0000
  endloop
 endfacet
 facet normal 0.83147 0.55557 -0.00000
  outer loop
   vertex 38.9711 22.5000 0.0000
   vertex 35.7009 27.3943 3.0000
   vertex 38.9711 22.5000 3.0000
  endloop
 endfacet
 facet normal 0.75184 0.65935 0.00000
  outer loop
   vertex 35.7009 27.3943 0.0000
   vertex 31.8198 31.8198 0.0000
   vertex 31.8198 31.8198 3.0000
  endloop
 endfacet
 facet normal 0.75184 0.65935 -0.00000
  outer loop
   vertex 35.7009 27.3943 0.0000
   vertex 31.8198 31.8198 3.0000
   vertex 35.7009 27.3943 3.0000
  endloop
 endfacet
 facet normal 0.65935 0.75184 0.00000
  outer loop
   vertex 31.8198 31.8198 0.0000
   vertex 27.3943 35.7009 0.0000
   vertex 27.3943 35.7009 3.0000
  endloop
 endfacet
 facet normal 0.65935 0.75184 -0.00000
  outer loop
   vertex 31.8198 31.8198 0.0000
   vertex 27.3943 35.7009 3.0000
   vertex 31.8198 31.8198 3.0000
  endloop
 endfacet
 facet normal 0.55557 0.83147 0.00000
  outer loop
   vertex 27.3943 35.7009 0.0000
   vertex 22.5000 38.9711 0.0000
   vertex 22.5000 38.9711 3.0000
  endloop
 endfacet
 facet normal 0.55557 0.83147 -0.00000
  outer loop
   vertex 27.3943 35.7009 0.0000
   vertex 22.5000 38.9711 3.0000
   vertex 27.3943 35.7009 3.0000
  endloop
 endfacet
 facet normal 0.44229 0.89687 0.00000
  outer loop
   vertex 22.5000 38.9711 0.0000
   vertex 17.2208 41.5746 0.0000
   vertex 17.2208 41.5746 3.0000
  endloop
 endfacet
 facet normal 0.44229 0.89687 -0.00000
  outer loop
   vertex 22.5000 38.9711 0.0000
   vertex 17.2208 41.5746 3.0000
   vertex 22.5000 38.9711 3.0000
  endloop
 endfacet
 facet normal 0.32144 0.94693 0.00000
  outer loop
   vertex 17.2208 41.5746 0.0000
   vertex 11.6469 43.4667 0.0000
   vertex 11.6469 43.4667 3.0000
  endloop
 endfacet
 facet normal 0.32144 0.94693 -0.00000
  outer loop
   vertex 17.2208 41.5746 0.0000
   vertex 11.6469 43.4667 3.0000
   vertex 17.2208 41.5746 3.0000
  endloop
 endfacet
 facet normal 0.19509 0.98079 0.00000
  outer loop
   vertex 11.6469 43.4667 0.0000
   vertex 5.8737 44.6150 0.0000
   vertex 5.8737 44.6150 3.0000
  endloop
 endfacet
 facet normal 0.19509 0.98079 -0.00000
  outer loop
   vertex 11.6469 43.4667 0.0000
   vertex 5.8737 44.6150 3.0000
   vertex 11.6469 43.4667 3.0000
  endloop
 endfacet
 facet normal 0.06540 0.99786 0.00000
  outer loop
   vertex 5.8737 44.6150 0.0000
   vertex 0.0000 45.0000 0.0000
   vertex 0.0000 45.0000 3.0000
  endloop
 endfacet
 facet normal 0.06540 0.99786 -0.00000
  outer loop
   vertex 5.8737 44.6150 0.0000
   vertex 0.0000 45.0000 3.0000
   vertex 5.8737 44.6150 3.0000
  endloop
 endfacet
 facet normal -0.06540 0.99786 0.00000
  outer loop
   vertex 0.0000 45.0000 0.0000
   vertex -5.8737 44.6150 0.0000
   vertex -5.8737 44.6150 3.0000
  endloop
 endfacet
 facet normal -0.06540 0.99786 0.00000
  outer loop
   vertex 0.0000 45.0000 0.0000
   vertex -5.8737 44.6150 3.0000
   vertex 0.0000 45.0000 3.0000
  endloop
 endfacet
 facet normal -0.19509 0.98079 0.00000
  outer loop
   vertex -5.8737 44.6150 0.0000
   vertex -11.6469 43.4667 0.0000
   vertex -11.6469 43.4667 3.0000
  endloop
 endfacet
 facet normal -0.19509 0.98079 0.00000
  outer loop
   vertex -5.8737 44.6150 0.0000
   vertex -11.6469 43.4667 3.0000
   vertex -5.8737 44.6150 3.0000
  endloop
 endfacet
 facet normal -0.32144 0.94693 0.00000
  outer loop
   vertex -11.6469 43.4667 0.0000
   vertex -17.2208 41.5746 0.0000
   vertex -17.2208 41.5746 3.0000
  endloop
 endfacet
 facet normal -0.32144 0.94693 0.00000
  outer loop
   vertex -11.6469 43.4667 0.0000
   vertex -17.2208 41.5746 3.0000
   vertex -11.6469 43.4667 3.0000
  endloop
 endfacet
 facet normal -0.44229 0.89687 0.00000
  outer loop
   vertex -17.2208 41.5746 0.0000
   vertex -22.5000 38.9711 0.0000
   vertex -22.5000 38.9711 3.0000
  endloop
 endfacet
 facet normal -0.44229 0.89687 0.00000
  outer loop
   vertex -17.2208 41.5746 0.0000
   vertex -22.5000 38.9711 3.0000
   vertex -17.2208 41.5746 3.0000
  endloop
 endfacet
 facet normal -0.55557 0.83147 0.00000
  outer loop
   vertex -22.5000 38.9711 0.0000
   vertex -27.3943 35.7009 0.0000
   vertex -27.3943 35.7009 3.0000
  endloop
 endfacet
 facet normal -0.55557 0.83147 0.00000
  outer loop
   vertex -22.5000 38.9711 0.0000
   vertex -27.3943 35.7009 3.0000
   vertex -22.5000 38.9711 3.0000
  endloop
 endfacet
 facet normal -0.65935 0.75184 0.00000
  outer loop
   vertex -27.3943 35.7009 0.0000
   vertex -31.8198 31.8198 0.0000
   vertex -31.8198 31.8198 3.0000
  endloop
 endfacet
 facet normal -0.65935 0.75184 0.00000
  outer loop
   vertex -27.3943 35.7009 0.0000
   vertex -31.8198 31.8198 3.0000
   vertex -27.3943 35.7009 3.0000
  endloop
 endfacet
 facet normal -0.75184 0.65935 0.00000
  outer loop
   vertex -31.8198 31.8198 0.0000
   vertex -35.7009 27.3943 0.0000
   vertex -35.7009 27.3943 3.0000
  endloop
 endfacet
 facet normal -0.75184 0.65935 0.00000
  outer loop
   vertex -31.8198 31.8198 0.0000
   vertex -35.7009 27.3943 3.0000
   vertex -31.8198 31.8198 3.0000
  endloop
 endfacet
 facet normal -0.83147 0.55557 0.00000
  outer loop
   vertex -35.7009 27.3943 0.0000
   vertex -38.9711 22.5000 0.0000
   vertex -38.9711 22.5000 3.0000
  endloop
 endfacet
 facet normal -0.83147 0.55557 0.00000
  outer loop
   vertex -35.7009 27.3943 0.0000
   vertex -38.9711 22.5000 3.0000
   vertex -35.7009 27.3943 3.0000
  endloop
 endfacet
 facet normal -0.89687 0.44229 0.00000
  outer loop
   vertex -38.9711 22.5000 0.0000
   vertex -41.5746 17.2208 0.0000
   vertex -41.5746 17.2208 3.0000
  endloop
 endfacet
 facet normal -0.89687 0.44229 0.00000
  outer loop
   vertex -38.9711 22.5000 0.0000
   vertex -41.5746 17.2208 3.0000
   vertex -38.9711 22.5000 3.0000
  endloop
 endfacet
 facet normal -0.94693 0.32144 0.00000
  outer loop
   vertex -41.5746 17.2208 0.0000
   vertex -43.4667 11.6469 0.0000
   vertex -43.4667 11.6469 3.0000
  endloop
 endfacet
 facet normal -0.94693 0.32144 0.00000
  outer loop
   vertex -41.5746 17.2208 0.0000
   vertex -43.4667 11.6469 3.0000
   vertex -41.5746 17.2208 3.0000
  endloop
 endfacet
 facet normal -0.98079 0.19509 0.00000
  outer loop
   vertex -43.4667 11.6469 0.0000
   vertex -44.6150 5.8737 0.0000
   vertex -44.6150 5.8737 3.0000
  endloop
 endfacet
 facet normal -0.98079 0.19509 0.00000
  outer loop
   vertex -43.4667 11.6469 0.0000
   vertex -44.6150 5.8737 3.0000
   vertex -43.4667 11.6469 3.0000
  endloop
 endfacet
 facet normal -0.99786 0.06540 0.00000
  outer loop
   vertex -44.6150 5.8737 0.0000
   vertex -45.0000 0.0000 0.0000
   vertex -45.0000 0.0000 3.0000
  endloop
 endfacet
 facet normal -0.99786 0.06540 0.00000
  outer loop
   vertex -44.6150 5.8737 0.0000
   vertex -45.0000 0.0000 3.0000
   vertex -44.6150 5.8737 3.0000
  endloop
 endfacet
 facet normal -0.99786 -0.06540 0.00000
  outer loop
   vertex -45.0000 0.0000 0.0000
   vertex -44.6150 -5.8737 0.0000
   vertex -44.6150 -5.8737 3.0000
  endloop
 endfacet
 facet normal -0.99786 -0.06540 0.00000
  outer loop
   vertex -45.0000 0.0000 0.0000
   vertex -44.6150 -5.8737 3.0000
   vertex -45.0000 0.0000 3.0000
  endloop
 endfacet
 facet normal -0.98079 -0.19509 0.00000
  outer loop
   vertex -44.6150 -5.8737 0.0000
   vertex -43.4667 -11.6469 0.0000
   vertex -43.4667 -11.6469 3.0000
  endloop
 endfacet
 facet normal -0.98079 -0.19509 0.00000
  outer loop
   vertex -44.6150 -5.8737 0.0000
   vertex -43.4667 -11.6469 3.0000
   vertex -44.6150 -5.8737 3.0000
  endloop
 endfacet
 facet normal -0.94693 -0.32144 0.00000
  outer loop
   vertex -43.4667 -11.6469 0.0000
   vertex -41.5746 -17.2208 0.0000
   vertex -41.5746 -17.2208 3.0000
  endloop
 endfacet
 facet normal -0.94693 -0.32144 0.00000
  outer loop
   vertex -43.4667 -11.6469 0.0000
   vertex -41.5746 -17.2208 3.0000
   vertex -43.4667 -11.6469 3.0000
  endloop
 endfacet
 facet normal -0.89687 -0.44229 0.00000
  outer loop
   vertex -41.5746 -17.2208 0.0000
   vertex -38.9711 -22.5000 0.0000
   vertex -38.9711 -22.5000 3.0000
  endloop
 endfacet
 facet normal -0.89687 -0.44229 0.00000
  outer loop
   vertex -41.5746 -17.2208 0.0000
   vertex -38.9711 -22.5000 3.0000
   vertex -41.5746 -17.2208 3.0000
  endloop
 endfacet
 facet normal -0.83147 -0.55557 0.00000
  outer loop
   vertex -38.9711 -22.5000 0.0000
   vertex -35.7009 -27.3943 0.0000
   vertex -35.7009 -27.3943 3.0000
  endloop
 endfacet
 facet normal -0.83147 -0.55557 0.00000
  outer loop
   vertex -38.9711 -22.5000 0.0000
   vertex -35.7009 -27.3943 3.0000
   vertex -38.9711 -22.5000 3.0000
  endloop
 endfacet
 facet normal -0.75184 -0.65935 0.00000
  outer loop
   vertex -35.7009 -27.3943 0.0000
   vertex -31.8198 -31.8198 0.0000
   vertex -31.8198 -31.8198 3.0000
  endloop
 endfacet
 facet normal -0.75184 -0.65935 0.00000
  outer loop
   vertex -35.7009 -27.3943 0.0000
   vertex -31.8198 -31.8198 3.0000
   vertex -35.7009 -27.3943 3.0000
  endloop
 endfacet
 facet normal -0.65935 -0.75184 0.00000
  outer loop
   vertex -31.8198 -31.8198 0.0000
   vertex -27.3943 -35.7009 0.0000
   vertex -27.3943 -35.7009 3.0000
  endloop
 endfacet
 facet normal -0.65935 -0.75184 0.00000
  outer loop
   vertex -31.8198 -31.8198 0.0000
   vertex -27.3943 -35.7009 3.0000
   vertex -31.8198 -31.8198 3.0000
  endloop
 endfacet
 facet normal -0.55557 -0.83147 0.00000
  outer loop
   vertex -27.3943 -35.7009 0.0000
   vertex -22.5000 -38.9711 0.0000
   vertex -22.5000 -38.9711 3.0000
  endloop
 endfacet
 facet normal -0.55557 -0.83147 0.00000
  outer loop
   vertex -27.3943 -35.7009 0.0000
   vertex -22.5000 -38.9711 3.0000
   vertex -27.3943 -35.7009 3.0000
  endloop
 endfacet
 facet normal -0.44229 -0.89687 0.00000
  outer loop
   vertex -22.5000 -38.9711 0.0000
   vertex -17.2208 -41.5746 0.0000
   vertex -17.2208 -41.5746 3.0000
  endloop
 endfacet
 facet normal -0.44229 -0.89687 0.00000
  outer loop
   vertex -22.5000 -38.9711 0.0000
   vertex -17.2208 -41.5746 3.0000
   vertex -22.5000 -38.9711 3.0000
  endloop
 endfacet
 facet normal -0.32144 -0.94693 0.00000
  outer loop
   vertex -17.2208 -41.5746 0.0000
   vertex -11.6469 -43.4667 0.0000
   vertex -11.6469 -43.4667 3.0000
  endloop
 endfacet
 facet normal -0.32144 -0.94693 0.00000
  outer loop
   vertex -17.2208 -41.5746 0.0000
   vertex -11.6469 -43.4667 3.0000
   vertex -17.2208 -41.5746 3.0000
  endloop
 endfacet
 facet normal -0.19509 -0.98079 0.00000
  outer loop
   vertex -11.6469 -43.4667 0.0000
   vertex -5.8737 -44.6150 0.0000
   vertex -5.8737 -44.6150 3.0000
  endloop
 endfacet
 facet normal -0.19509 -0.98079 0.00000
  outer loop
   vertex -11.6469 -43.4667 0.0000
   vertex -5.8737 -44.6150 3.0000
   vertex -11.6469 -43.4667 3.0000
  endloop
 endfacet
 facet normal -0.06540 -0.99786 0.00000
  outer loop
   vertex -5.8737 -44.6150 0.0000
   vertex -0.0000 -45.0000 0.0000
   vertex -0.0000 -45.0000 3.0000
  endloop
 endfacet
 facet normal -0.06540 -0.99786 0.00000
  outer loop
   vertex -5.8737 -44.6150 0.0000
   vertex -0.0000 -45.0000 3.0000
   vertex -5.8737 -44.6150 3.0000
  endloop
 endfacet
 facet normal 0.06540 -0.99786 0.00000
  outer loop
   vertex -0.0000 -45.0000 0.0000
   vertex 5.8737 -44.6150 0.0000
   vertex 5.8737 -44.6150 3.0000
  endloop
 endfacet
 facet normal 0.06540 -0.99786 0.00000
  outer loop
   vertex -0.0000 -45.0000 0.0000
   vertex 5.8737 -44.6150 3.0000
   vertex -0.0000 -45.0000 3.0000
  endloop
 endfacet
 facet normal 0.19509 -0.98079 0.00000
  outer loop
   vertex 5.8737 -44.6150 0.0000
   vertex 11.6469 -43.4667 0.0000
   vertex 11.6469 -43.4667 3.0000
  endloop
 endfacet
 facet normal 0.19509 -0.98079 0.00000
  outer loop
   vertex 5.8737 -44.6150 0.0000
   vertex 11.6469 -43.4667 3.0000
   vertex 5.8737 -44.6150 3.0000
  endloop
 endfacet
 facet normal 0.32144 -0.94693 0.00000
  outer loop
   vertex 11.6469 -43.4667 0.0000
   vertex 17.2208 -41.5746 0.0000
   vertex 17.2208 -41.5746 3.0000
  endloop
 endfacet
 facet normal 0.32144 -0.94693 0.00000
  outer loop
   vertex 11.6469 -43.4667 0.0000
   vertex 17.2208 -41.5746 3.0000
   vertex 11.6469 -43.4667 3.0000
  endloop
 endfacet
 facet normal 0.44229 -0.89687 0.00000
  outer loop
   vertex 17.2208 -41.5746 0.0000
   vertex 22.5000 -38.9711 0.0000
   vertex 22.5000 -38.9711 3.0000
  endloop
 endfacet
 facet normal 0.44229 -0.89687 0.00000
  outer loop
   vertex 17.2208 -41.5746 0.0000
   vertex 22.5000 -38.9711 3.0000
   vertex 17.2208 -41.5746 3.0000
  endloop
 endfacet
 facet normal 0.55557 -0.83147 0.00000
  outer loop
   vertex 22.5000 -38.9711 0.0000
   vertex 27.3943 -35.7009 0.0000
   vertex 27.3943 -35.7009 3.0000
  endloop
 endfacet
 facet normal 0.55557 -0.83147 0.00000
  outer loop
   vertex 22.5000 -38.9711 0.0000
   vertex 27.3943 -35.7009 3.0000
   vertex 22.5000 -38.9711 3.0000
  endloop
 endfacet
 facet normal 0.65935 -0.75184 0.00000
  outer loop
   vertex 27.3943 -35.7009 0.0000
   vertex 31.8198 -31.8198 0.0000
   vertex 31.8198 -31.8198 3.0000
  endloop
 endfacet
 facet normal 0.65935 -0.75184 0.00000
  outer loop
   vertex 27.3943 -35.7009 0.0000
   vertex 31.8198 -31.8198 3.0000
   vertex 27.3943 -35.7009 3.0000
  endloop
 endfacet
 facet normal 0.75184 -0.65935 0.00000
  outer loop
   vertex 31.8198 -31.8198 0.0000
   vertex 35.7009 -27.3943 0.0000
   vertex 35.7009 -27.3943 3.0000
  endloop
 endfacet
 facet normal 0.75184 -0.65935 0.00000
  outer loop
   vertex 31.8198 -31.8198 0.0000
   vertex 35.7009 -27.3943 3.0000
   vertex 31.8198 -31.8198 3.0000
  endloop
 endfacet
 facet normal 0.83147 -0.55557 0.00000
  outer loop
   vertex 35.7009 -27.3943 0.0000
   vertex 38.9711 -22.5000 0.0000
   vertex 38.9711 -22.5000 3.0000
  endloop
 endfacet
 facet normal 0.83147 -0.55557 0.00000
  outer loop
   vertex 35.7009 -27.3943 0.0000
   vertex 38.9711 -22.5000 3.0000
   vertex 35.7009 -27.3943 3.0000
  endloop
 endfacet
 facet normal 0.89687 -0.44229 0.00000
  outer loop
   vertex 38.9711 -22.5000 0.0000
   vertex 41.5746 -17.2208 0.0000
   vertex 41.5746 -17.2208 3.0000
  endloop
 endfacet
 facet normal 0.89687 -0.44229 0.00000
  outer loop
   vertex 38.9711 -22.5000 0.0000
   vertex 41.5746 -17.2208 3.0000
   vertex 38.9711 -22.5000 3.0000
  endloop
 endfacet
 facet normal 0.94693 -0.32144 0.00000
  outer loop
   vertex 41.5746 -17.2208 0.0000
   vertex 43.4667 -11.6469 0.0000
   vertex 43.4667 -11.6469 3.0000
  endloop
 endfacet
 facet normal 0.94693 -0.32144 0.00000
  outer loop
   vertex 41.5746 -17.2208 0.0000
   vertex 43.4667 -11.6469 3.0000
   vertex 41.5746 -17.2208 3.0000
  endloop
 endfacet
 facet normal 0.98079 -0.19509 0.00000
  outer loop
   vertex 43.4667 -11.6469 0.0000
   vertex 44.6150 -5.8737 0.0000
   vertex 44.6150 -5.8737 3.0000
  endloop
 endfacet
 facet normal 0.98079 -0.19509 0.00000
  outer loop
   vertex 43.4667 -11.6469 0.0000
   vertex 44.6150 -5.8737 3.0000
   vertex 43.4667 -11.6469 3.0000
  endloop
 endfacet
 facet normal 0.99786 -0.06540 0.00000
  outer loop
   vertex 44.6150 -5.8737 0.0000
   vertex 45.0000 0.0000 0.0000
   vertex 45.0000 0.0000 3.0000
  endloop
 endfacet
 facet normal 0.99786 -0.06540 0.00000
  outer loop
   vertex 44.6150 -5.8737 0.0000
   vertex 45.0000 0.0000 3.0000
   vertex 44.6150 -5.8737 3.0000
  endloop
 endfacet
 facet normal 0.00000 0.00000 -1.00000
  outer loop
   vertex 0.0000 0.0000 0.0000
   vertex 44.6150 5.8737 0.0000
   vertex 45.0000 0.0000 0.0000
  endloop
 endfacet
 facet normal 0.00000 0.00000 1.00000
  outer loop
   vertex 0.0000 0.0000 3.0000
   vertex 45.0000 0.0000 3.0000
   vertex 44.6150 5.8737 3.0000
  endloop
 endfacet
 facet normal 0.00000 0.00000 -1.00000
  outer loop
   vertex 0.0000 0.0000 0.0000
   vertex 43.4667 11.6469 0.0000
   vertex 44.6150 5.8737 0.0000
  endloop
 endfacet
 facet normal 0.00000 0.00000 1.00000
  outer loop
   vertex 0.0000 0.0000 3.0000
   vertex 44.6150 5.8737 3.0000
   vertex 43.4667 11.6469 3.0000
  endloop
 endfacet
 facet normal 0.00000 0.00000 -1.00000
  outer loop
   vertex 0.0000 0.0000 0.0000
   vertex 41.5746 17.2208 0.0000
   vertex 43.4667 11.6469 0.0000
  endloop
 endfacet
 facet normal 0.00000 0.00000 1.00000
  outer loop
   vertex 0.0000 0.0000 3.0000
   vertex 43.4667 11.6469 3.0000
   vertex 41.5746 17.2208 3.0000
  endloop
 endfacet
 facet normal 0.00000 0.00000 -1.00000
  outer loop
   vertex 0.0000 0.0000 0.0000
   vertex 38.9711 22.5000 0.0000
   vertex 41.5746 17.2208 0.0000
  endloop
 endfacet
 facet normal 0.00000 0.00000 1.00000
  outer loop
   vertex 0.0000 0.0000 3.0000
   vertex 41.5746 17.2208 3.0000
   vertex 38.9711 22.5000 3.0000
  endloop
 endfacet
 facet normal 0.00000 0.00000 -1.00000
  outer loop
   vertex 0.0000 0.0000 0.0000
   vertex 35.7009 27.3943 0.0000
   vertex 38.9711 22.5000 0.0000
  endloop
 endfacet
 facet normal 0.00000 0.00000 1.00000
  outer loop
   vertex 0.0000 0.0000 3.0000
   vertex 38.9711 22.5000 3.0000
   vertex 35.7009 27.3943 3.0000
  endloop
 endfacet
 facet normal 0.00000 0.00000 -1.00000
  outer loop
   vertex 0.0000 0.0000 0.0000
   vertex 31.8198 31.8198 0.0000
   vertex 35.7009 27.3943 0.0000
  endloop
 endfacet
 facet normal 0.00000 0.00000 1.00000
  outer loop
   vertex 0.0000 0.0000 3.0000
   vertex 35.7009 27.3943 3.0000
   vertex 31.8198 31.8198 3.0000
  endloop
 endfacet
 facet normal 0.00000 0.00000 -1.00000
  outer loop
   vertex 0.0000 0.0000 0.0000
   vertex 27.3943 35.7009 0.0000
   vertex 31.8198 31.8198 0.0000
  endloop
 endfacet
 facet normal 0.00000 0.00000 1.00000
  outer loop
   vertex 0.0000 0.0000 3.0000
   vertex 31.8198 31.8198 3.0000
   vertex 27.3943 35.7009 3.0000
  endloop
 endfacet
 facet normal 0.00000 0.00000 -1.00000
  outer loop
   vertex 0.0000 0.0000 0.0000
   vertex 22.5000 38.9711 0.0000
   vertex 27.3943 35.7009 0.0000
  endloop
 endfacet
 facet normal 0.00000 0.00000 1.00000
  outer loop
   vertex 0.0000 0.0000 3.0000
   vertex 27.3943 35.7009 3.0000
   vertex 22.5000 38.9711 3.0000
  endloop
 endfacet
 facet normal 0.00000 0.00000 -1.00000
  outer loop
   vertex 0.0000 0.0000 0.0000
   vertex 17.2208 41.5746 0.0000
   vertex 22.5000 38.9711 0.0000
  endloop
 endfacet
 facet normal 0.00000 0.00000 1.00000
  outer loop
   vertex 0.0000 0.0000 3.0000
   vertex 22.5000 38.9711 3.0000
   vertex 17.2208 41.5746 3.0000
  endloop
 endfacet
 facet normal 0.00000 0.00000 -1.00000
  outer loop
   vertex 0.0000 0.0000 0.0000
   vertex 11.6469 43.4667 0.0000
   vertex 17.2208 41.5746 0.0000
  endloop
 endfacet
 facet normal 0.00000 0.00000 1.00000
  outer loop
   vertex 0.0000 0.0000 3.0000
   vertex 17.2208 41.5746 3.0000
   vertex 11.6469 43.4667 3.0000
  endloop
 endfacet
 facet normal 0.00000 0.00000 -1.00000
  outer loop
   vertex 0.0000 0.0000 0.0000
   vertex 5.8737 44.6150 0.0000
   vertex 11.6469 43.4667 0.0000
  endloop
 endfacet
 facet normal 0.00000 0.00000 1.00000
  outer loop
   vertex 0.0000 0.0000 3.0000
   vertex 11.6469 43.4667 3.0000
   vertex 5.8737 44.6150 3.0000
  endloop
 endfacet
 facet normal 0.00000 0.00000 -1.00000
  outer loop
   vertex 0.0000 0.0000 0.0000
   vertex 0.0000 45.0000 0.0000
   vertex 5.8737 44.6150 0.0000
  endloop
 endfacet
 facet normal 0.00000 0.00000 1.00000
  outer loop
   vertex 0.0000 0.0000 3.0000
   vertex 5.8737 44.6150 3.0000
   vertex 0.0000 45.0000 3.0000
  endloop
 endfacet
 facet normal 0.00000 0.00000 -1.00000
  outer loop
   vertex 0.0000 0.0000 0.0000
   vertex -5.8737 44.6150 0.0000
   vertex 0.0000 45.0000 0.0000
  endloop
 endfacet
 facet normal 0.00000 -0.00000 1.00000
  outer loop
   vertex 0.0000 0.0000 3.0000
   vertex 0.0000 45.0000 3.0000
   vertex -5.8737 44.6150 3.0000
  endloop
 endfacet
 facet normal 0.00000 0.00000 -1.00000
  outer loop
   vertex 0.0000 0.0000 0.0000
   vertex -11.6469 43.4667 0.0000
   vertex -5.8737 44.6150 0.0000
  endloop
 endfacet
 facet normal 0.00000 0.00000 1.00000
  outer loop
   vertex 0.0000 0.0000 3.0000
   vertex -5.8737 44.6150 3.0000
   vertex -11.6469 43.4667 3.0000
  endloop
 endfacet
 facet normal 0.00000 0.00000 -1.00000
  outer loop
   vertex 0.0000 0.0000 0.0000
   vertex -17.2208 41.5746 0.0000
   vertex -11.6469 43.4667 0.0000
  endloop
 endfacet
 facet normal 0.00000 0.00000 1.00000
  outer loop
   vertex 0.0000 0.0000 3.0000
   vertex -11.6469 43.4667 3.0000
   vertex -17.2208 41.5746 3.0000
  endloop
 endfacet
 facet normal 0.00000 0.00000 -1.00000
  outer loop
   vertex 0.0000 0.0000 0.0000
   vertex -22.5000 38.9711 0.0000
   vertex -17.2208 41.5746 0.0000
  endloop
 endfacet
 facet normal 0.00000 0.00000 1.00000
  outer loop
   vertex 0.0000 0.0000 3.0000
   vertex -17.2208 41.5746 3.0000
   vertex -22.5000 38.9711 3.0000
  endloop
 endfacet
 facet normal 0.00000 0.00000 -1.00000
  outer loop
   vertex 0.0000 0.0000 0.0000
   vertex -27.3943 35.7009 0.0000
   vertex -22.5000 38.9711 0.0000
  endloop
 endfacet
 facet normal 0.00000 0.00000 1.00000
  outer loop
   vertex 0.0000 0.0000 3.0000
   vertex -22.5000 38.9711 3.0000
   vertex -27.3943 35.7009 3.0000
  endloop
 endfacet
 facet normal 0.00000 0.00000 -1.00000
  outer loop
   vertex 0.0000 0.0000 0.0000
   vertex -31.8198 31.8198 0.0000
   vertex -27.3943 35.7009 0.0000
  endloop
 endfacet
 facet normal 0.00000 0.00000 1.00000
  outer loop
   vertex 0.0000 0.0000 3.0000
   vertex -27.3943 35.7009 3.0000
   vertex -31.8198 31.8198 3.0000
  endloop
 endfacet
 facet normal 0.00000 0.00000 -1.00000
  outer loop
   vertex 0.0000 0.0000 0.0000
   vertex -35.7009 27.3943 0.0000
   vertex -31.8198 31.8198 0.0000
  endloop
 endfacet
 facet normal 0.00000 0.00000 1.00000
  outer loop
   vertex 0.0000 0.0000 3.0000
   vertex -31.8198 31.8198 3.0000
   vertex -35.7009 27.3943 3.0000
  endloop
 endfacet
 facet normal 0.00000 0.00000 -1.00000
  outer loop
   vertex 0.0000 0.0000 0.0000
   vertex -38.9711 22.5000 0.0000
   vertex -35.7009 27.3943 0.0000
  endloop
 endfacet
 facet normal 0.00000 0.00000 1.00000
  outer loop
   vertex 0.0000 0.0000 3.0000
   vertex -35.7009 27.3943 3.0000
   vertex -38.9711 22.5000 3.0000
  endloop
 endfacet
 facet normal 0.00000 0.00000 -1.00000
  outer loop
   vertex 0.0000 0.0000 0.0000
   vertex -41.5746 17.2208 0.0000
   vertex -38.9711 22.5000 0.0000
  endloop
 endfacet
 facet normal 0.00000 0.00000 1.00000
  outer loop
   vertex 0.0000 0.0000 3.0000
   vertex -38.9711 22.5000 3.0000
   vertex -41.5746 17.2208 3.0000
  endloop
 endfacet
 facet normal 0.00000 0.00000 -1.00000
  outer loop
   vertex 0.0000 0.0000 0.0000
   vertex -43.4667 11.6469 0.0000
   vertex -41.5746 17.2208 0.0000
  endloop
 endfacet
 facet normal 0.00000 0.00000 1.00000
  outer loop
   vertex 0.0000 0.0000 3.0000
   vertex -41.5746 17.2208 3.0000
   vertex -43.4667 11.6469 3.0000
  endloop
 endfacet
 facet normal 0.00000 0.00000 -1.00000
  outer loop
   vertex 0.0000 0.0000 0.0000
   vertex -44.6150 5.8737 0.0000
   vertex -43.4667 11.6469 0.0000
  endloop
 endfacet
 facet normal 0.00000 0.00000 1.00000
  outer loop
   vertex 0.0000 0.0000 3.0000
   vertex -43.4667 11.6469 3.0000
   vertex -44.6150 5.8737 3.0000
  endloop
 endfacet
 facet normal 0.00000 0.00000 -1.00000
  outer loop
   vertex 0.0000 0.0000 0.0000
   vertex -45.0000 0.0000 0.0000
   vertex -44.6150 5.8737 0.0000
  endloop
 endfacet
 facet normal 0.00000 0.00000 1.00000
  outer loop
   vertex 0.0000 0.0000 3.0000
   vertex -44.6150 5.8737 3.0000
   vertex -45.0000 0.0000 3.0000
  endloop
 endfacet
 facet normal -0.00000 0.00000 -1.00000
  outer loop
   vertex 0.0000 0.0000 0.0000
   vertex -44.6150 -5.8737 0.0000
   vertex -45.0000 0.0000 0.0000
  endloop
 endfacet
 facet normal 0.00000 0.00000 1.00000
  outer loop
   vertex 0.0000 0.0000 3.0000
   vertex -45.0000 0.0000 3.0000
   vertex -44.6150 -5.8737 3.0000
  endloop
 endfacet
 facet normal 0.00000 0.00000 -1.00000
  outer loop
   vertex 0.0000 0.0000 0.0000
   vertex -43.4667 -11.6469 0.0000
   vertex -44.6150 -5.8737 0.0000
  endloop
 endfacet
 facet normal 0.00000 0.00000 1.00000
  outer loop
   vertex 0.0000 0.0000 3.0000
   vertex -44.6150 -5.8737 3.0000
   vertex -43.4667 -11.6469 3.0000
  endloop
 endfacet
 facet normal 0.00000 0.00000 -1.00000
  outer loop
   vertex 0.0000 0.0000 0.0000
   vertex -41.5746 -17.2208 0.0000
   vertex -43.4667 -11.6469 0.0000
  endloop
 endfacet
 facet normal 0.00000 0.00000 1.00000
  outer loop
   vertex 0.0000 0.0000 3.0000
   vertex -43.4667 -11.6469 3.0000
   vertex -41.5746 -17.2208 3.0000
  endloop
 endfacet
 facet normal 0.00000 0.00000 -1.00000
  outer loop
   vertex 0.0000 0.0000 0.0000
   vertex -38.9711 -22.5000 0.0000
   vertex -41.5746 -17.2208 0.0000
  endloop
 endfacet
 facet normal 0.00000 0.00000 1.00000
  outer loop
   vertex 0.0000 0.0000 3.0000
   vertex -41.5746 -17.2208 3.0000
   vertex -38.9711 -22.5000 3.0000
  endloop
 endfacet
 facet normal 0.00000 0.00000 -1.00000
  outer loop
   vertex 0.0000 0.0000 0.0000
   vertex -35.7009 -27.3943 0.0000
   vertex -38.9711 -22.5000 0.0000
  endloop
 endfacet
 facet normal 0.00000 0.00000 1.00000
  outer loop
   vertex 0.0000 0.0000 3.0000
   vertex -38.9711 -22.5000 3.0000
   vertex -35.7009 -27.3943 3.0000
  endloop
 endfacet
 facet normal 0.00000 0.00000 -1.00000
  outer loop
   vertex 0.0000 0.0000 0.0000
   vertex -31.8198 -31.8198 0.0000
   vertex -35.7009 -27.3943 0.0000
  endloop
 endfacet
 facet normal 0.00000 0.00000 1.00000
  outer loop
   vertex 0.0000 0.0000 3.0000
   vertex -35.7009 -27.3943 3.0000
   vertex -31.8198 -31.8198 3.0000
  endloop
 endfacet
 facet normal 0.00000 0.00000 -1.00000
  outer loop
   vertex 0.0000 0.0000 0.0000
   vertex -27.3943 -35.7009 0.0000
   vertex -31.8198 -31.8198 0.0000
  endloop
 endfacet
 facet normal 0.00000 0.00000 1.00000
  outer loop
   vertex 0.0000 0.0000 3.0000
   vertex -31.8198 -31.8198 3.0000
   vertex -27.3943 -35.7009 3.0000
  endloop
 endfacet
 facet normal 0.00000 0.00000 -1.00000
  outer loop
   vertex 0.0000 0.0000 0.0000
   vertex -22.5000 -38.9711 0.0000
   vertex -27.3943 -35.7009 0.0000
  endloop
 endfacet
 facet normal 0.00000 0.00000 1.00000
  outer loop
   vertex 0.0000 0.0000 3.0000
   vertex -27.3943 -35.7009 3.0000
   vertex -22.5000 -38.9711 3.0000
  endloop
 endfacet
 facet normal 0.00000 0.00000 -1.00000
  outer loop
   vertex 0.0000 0.0000 0.0000
   vertex -17.2208 -41.5746 0.0000
   vertex -22.5000 -38.9711 0.0000
  endloop
 endfacet
 facet normal 0.00000 0.00000 1.00000
  outer loop
   vertex 0.0000 0.0000 3.0000
   vertex -22.5000 -38.9711 3.0000
   vertex -17.2208 -41.5746 3.0000
  endloop
 endfacet
 facet normal 0.00000 0.00000 -1.00000
  outer loop
   vertex 0.0000 0.0000 0.0000
   vertex -11.6469 -43.4667 0.0000
   vertex -17.2208 -41.5746 0.0000
  endloop
 endfacet
 facet normal 0.00000 0.00000 1.00000
  outer loop
   vertex 0.0000 0.0000 3.0000
   vertex -17.2208 -41.5746 3.0000
   vertex -11.6469 -43.4667 3.0000
  endloop
 endfacet
 facet normal 0.00000 0.00000 -1.00000
  outer loop
   vertex 0.0000 0.0000 0.0000
   vertex -5.8737 -44.6150 0.0000
   vertex -11.6469 -43.4667 0.0000
  endloop
 endfacet
 facet normal 0.00000 0.00000 1.00000
  outer loop
   vertex 0.0000 0.0000 3.0000
   vertex -11.6469 -43.4667 3.0000
   vertex -5.8737 -44.6150 3.0000
  endloop
 endfacet
 facet normal 0.00000 0.00000 -1.00000
  outer loop
   vertex 0.0000 0.0000 0.0000
   vertex -0.0000 -45.0000 0.0000
   vertex -5.8737 -44.6150 0.0000
  endloop
 endfacet
 facet normal 0.00000 0.00000 1.00000
  outer loop
   vertex 0.0000 0.0000 3.0000
   vertex -5.8737 -44.6150 3.0000
   vertex -0.0000 -45.0000 3.0000
  endloop
 endfacet
 facet normal 0.00000 -0.00000 -1.00000
  outer loop
   vertex 0.0000 0.0000 0.0000
   vertex 5.8737 -44.6150 0.0000
   vertex -0.0000 -45.0000 0.0000
  endloop
 endfacet
 facet normal 0.00000 0.00000 1.00000
  outer loop
   vertex 0.0000 0.0000 3.0000
   vertex -0.0000 -45.0000 3.0000
   vertex 5.8737 -44.6150 3.0000
  endloop
 endfacet
 facet normal 0.00000 0.00000 -1.00000
  outer loop
   vertex 0.0000 0.0000 0.0000
   vertex 11.6469 -43.4667 0.0000
   vertex 5.8737 -44.6150 0.0000
  endloop
 endfacet
 facet normal 0.00000 0.00000 1.00000
  outer loop
   vertex 0.0000 0.0000 3.0000
   vertex 5.8737 -44.6150 3.0000
   vertex 11.6469 -43.4667 3.0000
  endloop
 endfacet
 facet normal 0.00000 0.00000 -1.00000
  outer loop
   vertex 0.0000 0.0000 0.0000
   vertex 17.2208 -41.5746 0.0000
   vertex 11.6469 -43.4667 0.0000
  endloop
 endfacet
 facet normal 0.00000 0.00000 1.00000
  outer loop
   vertex 0.0000 0.0000 3.0000
   vertex 11.6469 -43.4667 3.0000
   vertex 17.2208 -41.5746 3.0000
  endloop
 endfacet
 facet normal 0.00000 0.00000 -1.00000
  outer loop
   vertex 0.0000 0.0000 0.0000
   vertex 22.5000 -38.9711 0.0000
   vertex 17.2208 -41.5746 0.0000
  endloop
 endfacet
 facet normal 0.00000 0.00000 1.00000
  outer loop
   vertex 0.0000 0.0000 3.0000
   vertex 17.2208 -41.5746 3.0000
   vertex 22.5000 -38.9711 3.0000
  endloop
 endfacet
 facet normal 0.00000 0.00000 -1.00000
  outer loop
   vertex 0.0000 0.0000 0.0000
   vertex 27.3943 -35.7009 0.0000
   vertex 22.5000 -38.9711 0.0000
  endloop
 endfacet
 facet normal 0.00000 0.00000 1.00000
  outer loop
   vertex 0.0000 0.0000 3.0000
   vertex 22.5000 -38.9711 3.0000
   vertex 27.3943 -35.7009 3.0000
  endloop
 endfacet
 facet normal 0.00000 0.00000 -1.00000
  outer loop
   vertex 0.0000 0.0000 0.0000
   vertex 31.8198 -31.8198 0.0000
   vertex 27.3943 -35.7009 0.0000
  endloop
 endfacet
 facet normal 0.00000 0.00000 1.00000
  outer loop
   vertex 0.0000 0.0000 3.0000
   vertex 27.3943 -35.7009 3.0000
   vertex 31.8198 -31.8198 3.0000
  endloop
 endfacet
 facet normal 0.00000 0.00000 -1.00000
  outer loop
   vertex 0.0000 0.0000 0.0000
   vertex 35.7009 -27.3943 0.0000
   vertex 31.8198 -31.8198 0.0000
  endloop
 endfacet
 facet normal 0.00000 0.00000 1.00000
  outer loop
   vertex 0.0000 0.0000 3.0000
   vertex 31.8198 -31.8198 3.0000
   vertex 35.7009 -27.3943 3.0000
  endloop
 endfacet
 facet normal 0.00000 0.00000 -1.00000
  outer loop
   vertex 0.0000 0.0000 0.0000
   vertex 38.9711 -22.5000 0.0000
   vertex 35.7009 -27.3943 0.0000
  endloop
 endfacet
 facet normal 0.00000 0.00000 1.00000
  outer loop
   vertex 0.0000 0.0000 3.0000
   vertex 35.7009 -27.3943 3.0000
   vertex 38.9711 -22.5000 3.0000
  endloop
 endfacet
 facet normal 0.00000 0.00000 -1.00000
  outer loop
   vertex 0.0000 0.0000 0.0000
   vertex 41.5746 -17.2208 0.0000
   vertex 38.9711 -22.5000 0.0000
  endloop
 endfacet
 facet normal 0.00000 0.00000 1.00000
  outer loop
   vertex 0.0000 0.0000 3.0000
   vertex 38.9711 -22.5000 3.0000
   vertex 41.5746 -17.2208 3.0000
  endloop
 endfacet
 facet normal 0.00000 0.00000 -1.00000
  outer loop
   vertex 0.0000 0.0000 0.0000
   vertex 43.4667 -11.6469 0.0000
   vertex 41.5746 -17.2208 0.0000
  endloop
 endfacet
 facet normal 0.00000 0.00000 1.00000
  outer loop
   vertex 0.0000 0.0000 3.0000
   vertex 41.5746 -17.2208 3.0000
   vertex 43.4667 -11.6469 3.0000
  endloop
 endfacet
 facet normal 0.00000 0.00000 -1.00000
  outer loop
   vertex 0.0000 0.0000 0.0000
   vertex 44.6150 -5.8737 0.0000
   vertex 43.4667 -11.6469 0.0000
  endloop
 endfacet
 facet normal 0.00000 0.00000 1.00000
  outer loop
   vertex 0.0000 0.0000 3.0000
   vertex 43.4667 -11.6469 3.0000
   vertex 44.6150 -5.8737 3.0000
  endloop
 endfacet
 facet normal 0.00000 0.00000 -1.00000
  outer loop
   vertex 0.0000 0.0000 0.0000
   vertex 45.0000 0.0000 0.0000
   vertex 44.6150 -5.8737 0.0000
  endloop
 endfacet
 facet normal -0.00000 0.00000 1.00000
  outer loop
   vertex 0.0000 0.0000 3.0000
   vertex 44.6150 -5.8737 3.0000
   vertex 45.0000 0.0000 3.0000
  endloop
 endfacet
 facet normal 0.99786 0.06540 0.00000
  outer loop
   vertex 43.5000 0.0000 82.0000
   vertex 43.1279 5.6779 82.0000
   vertex 43.1279 5.6779 84.0000
  endloop
 endfacet
 facet normal 0.99786 0.06540 -0.00000
  outer loop
   vertex 43.5000 0.0000 82.0000
   vertex 43.1279 5.6779 84.0000
   vertex 43.5000 0.0000 84.0000
  endloop
 endfacet
 facet normal 0.98079 0.19509 0.00000
  outer loop
   vertex 43.1279 5.6779 82.0000
   vertex 42.0178 11.2586 82.0000
   vertex 42.0178 11.2586 84.0000
  endloop
 endfacet
 facet normal 0.98079 0.19509 -0.00000
  outer loop
   vertex 43.1279 5.6779 82.0000
   vertex 42.0178 11.2586 84.0000
   vertex 43.1279 5.6779 84.0000
  endloop
 endfacet
 facet normal 0.94693 0.32144 0.00000
  outer loop
   vertex 42.0178 11.2586 82.0000
   vertex 40.1888 16.6467 82.0000
   vertex 40.1888 16.6467 84.0000
  endloop
 endfacet
 facet normal 0.94693 0.32144 -0.00000
  outer loop
   vertex 42.0178 11.2586 82.0000
   vertex 40.1888 16.6467 84.0000
   vertex 42.0178 11.2586 84.0000
  endloop
 endfacet
 facet normal 0.89687 0.44229 0.00000
  outer loop
   vertex 40.1888 16.6467 82.0000
   vertex 37.6721 21.7500 82.0000
   vertex 37.6721 21.7500 84.0000
  endloop
 endfacet
 facet normal 0.89687 0.44229 -0.00000
  outer loop
   vertex 40.1888 16.6467 82.0000
   vertex 37.6721 21.7500 84.0000
   vertex 40.1888 16.6467 84.0000
  endloop
 endfacet
 facet normal 0.83147 0.55557 0.00000
  outer loop
   vertex 37.6721 21.7500 82.0000
   vertex 34.5109 26.4811 82.0000
   vertex 34.5109 26.4811 84.0000
  endloop
 endfacet
 facet normal 0.83147 0.55557 -0.00000
  outer loop
   vertex 37.6721 21.7500 82.0000
   vertex 34.5109 26.4811 84.0000
   vertex 37.6721 21.7500 84.0000
  endloop
 endfacet
 facet normal 0.75184 0.65935 0.00000
  outer loop
   vertex 34.5109 26.4811 82.0000
   vertex 30.7591 30.7591 82.0000
   vertex 30.7591 30.7591 84.0000
  endloop
 endfacet
 facet normal 0.75184 0.65935 -0.00000
  outer loop
   vertex 34.5109 26.4811 82.0000
   vertex 30.7591 30.7591 84.0000
   vertex 34.5109 26.4811 84.0000
  endloop
 endfacet
 facet normal 0.65935 0.75184 0.00000
  outer loop
   vertex 30.7591 30.7591 82.0000
   vertex 26.4811 34.5109 82.0000
   vertex 26.4811 34.5109 84.0000
  endloop
 endfacet
 facet normal 0.65935 0.75184 -0.00000
  outer loop
   vertex 30.7591 30.7591 82.0000
   vertex 26.4811 34.5109 84.0000
   vertex 30.7591 30.7591 84.0000
  endloop
 endfacet
 facet normal 0.55557 0.83147 0.00000
  outer loop
   vertex 26.4811 34.5109 82.0000
   vertex 21.7500 37.6721 82.0000
   vertex 21.7500 37.6721 84.0000
  endloop
 endfacet
 facet normal 0.55557 0.83147 -0.00000
  outer loop
   vertex 26.4811 34.5109 82.0000
   vertex 21.7500 37.6721 84.0000
   vertex 26.4811 34.5109 84.0000
  endloop
 endfacet
 facet normal 0.44229 0.89687 0.00000
  outer loop
   vertex 21.7500 37.6721 82.0000
   vertex 16.6467 40.1888 82.0000
   vertex 16.6467 40.1888 84.0000
  endloop
 endfacet
 facet normal 0.44229 0.89687 -0.00000
  outer loop
   vertex 21.7500 37.6721 82.0000
   vertex 16.6467 40.1888 84.0000
   vertex 21.7500 37.6721 84.0000
  endloop
 endfacet
 facet normal 0.32144 0.94693 0.00000
  outer loop
   vertex 16.6467 40.1888 82.0000
   vertex 11.2586 42.0178 82.0000
   vertex 11.2586 42.0178 84.0000
  endloop
 endfacet
 facet normal 0.32144 0.94693 -0.00000
  outer loop
   vertex 16.6467 40.1888 82.0000
   vertex 11.2586 42.0178 84.0000
   vertex 16.6467 40.1888 84.0000
  endloop
 endfacet
 facet normal 0.19509 0.98079 0.00000
  outer loop
   vertex 11.2586 42.0178 82.0000
   vertex 5.6779 43.1279 82.0000
   vertex 5.6779 43.1279 84.0000
  endloop
 endfacet
 facet normal 0.19509 0.98079 -0.00000
  outer loop
   vertex 11.2586 42.0178 82.0000
   vertex 5.6779 43.1279 84.0000
   vertex 11.2586 42.0178 84.0000
  endloop
 endfacet
 facet normal 0.06540 0.99786 0.00000
  outer loop
   vertex 5.6779 43.1279 82.0000
   vertex 0.0000 43.5000 82.0000
   vertex 0.0000 43.5000 84.0000
  endloop
 endfacet
 facet normal 0.06540 0.99786 -0.00000
  outer loop
   vertex 5.6779 43.1279 82.0000
   vertex 0.0000 43.5000 84.0000
   vertex 5.6779 43.1279 84.0000
  endloop
 endfacet
 facet normal -0.06540 0.99786 0.00000
  outer loop
   vertex 0.0000 43.5000 82.0000
   vertex -5.6779 43.1279 82.0000
   vertex -5.6779 43.1279 84.0000
  endloop
 endfacet
 facet normal -0.06540 0.99786 0.00000
  outer loop
   vertex 0.0000 43.5000 82.0000
   vertex -5.6779 43.1279 84.0000
   vertex 0.0000 43.5000 84.0000
  endloop
 endfacet
 facet normal -0.19509 0.98079 0.00000
  outer loop
   vertex -5.6779 43.1279 82.0000
   vertex -11.2586 42.0178 82.0000
   vertex -11.2586 42.0178 84.0000
  endloop
 endfacet
 facet normal -0.19509 0.98079 0.00000
  outer loop
   vertex -5.6779 43.1279 82.0000
   vertex -11.2586 42.0178 84.0000
   vertex -5.6779 43.1279 84.0000
  endloop
 endfacet
 facet normal -0.32144 0.94693 0.00000
  outer loop
   vertex -11.2586 42.0178 82.0000
   vertex -16.6467 40.1888 82.0000
   vertex -16.6467 40.1888 84.0000
  endloop
 endfacet
 facet normal -0.32144 0.94693 0.00000
  outer loop
   vertex -11.2586 42.0178 82.0000
   vertex -16.6467 40.1888 84.0000
   vertex -11.2586 42.0178 84.0000
  endloop
 endfacet
 facet normal -0.44229 0.89687 0.00000
  outer loop
   vertex -16.6467 40.1888 82.0000
   vertex -21.7500 37.6721 82.0000
   vertex -21.7500 37.6721 84.0000
  endloop
 endfacet
 facet normal -0.44229 0.89687 0.00000
  outer loop
   vertex -16.6467 40.1888 82.0000
   vertex -21.7500 37.6721 84.0000
   vertex -16.6467 40.1888 84.0000
  endloop
 endfacet
 facet normal -0.55557 0.83147 0.00000
  outer loop
   vertex -21.7500 37.6721 82.0000
   vertex -26.4811 34.5109 82.0000
   vertex -26.4811 34.5109 84.0000
  endloop
 endfacet
 facet normal -0.55557 0.83147 0.00000
  outer loop
   vertex -21.7500 37.6721 82.0000
   vertex -26.4811 34.5109 84.0000
   vertex -21.7500 37.6721 84.0000
  endloop
 endfacet
 facet normal -0.65935 0.75184 0.00000
  outer loop
   vertex -26.4811 34.5109 82.0000
   vertex -30.7591 30.7591 82.0000
   vertex -30.7591 30.7591 84.0000
  endloop
 endfacet
 facet normal -0.65935 0.75184 0.00000
  outer loop
   vertex -26.4811 34.5109 82.0000
   vertex -30.7591 30.7591 84.0000
   vertex -26.4811 34.5109 84.0000
  endloop
 endfacet
 facet normal -0.75184 0.65935 0.00000
  outer loop
   vertex -30.7591 30.7591 82.0000
   vertex -34.5109 26.4811 82.0000
   vertex -34.5109 26.4811 84.0000
  endloop
 endfacet
 facet normal -0.75184 0.65935 0.00000
  outer loop
   vertex -30.7591 30.7591 82.0000
   vertex -34.5109 26.4811 84.0000
   vertex -30.7591 30.7591 84.0000
  endloop
 endfacet
 facet normal -0.83147 0.55557 0.00000
  outer loop
   vertex -34.5109 26.4811 82.0000
   vertex -37.6721 21.7500 82.0000
   vertex -37.6721 21.7500 84.0000
  endloop
 endfacet
 facet normal -0.83147 0.55557 0.00000
  outer loop
   vertex -34.5109 26.4811 82.0000
   vertex -37.6721 21.7500 84.0000
   vertex -34.5109 26.4811 84.0000
  endloop
 endfacet
 facet normal -0.89687 0.44229 0.00000
  outer loop
   vertex -37.6721 21.7500 82.0000
   vertex -40.1888 16.6467 82.0000
   vertex -40.1888 16.6467 84.0000
  endloop
 endfacet
 facet normal -0.89687 0.44229 0.00000
  outer loop
   vertex -37.6721 21.7500 82.0000
   vertex -40.1888 16.6467 84.0000
   vertex -37.6721 21.7500 84.0000
  endloop
 endfacet
 facet normal -0.94693 0.32144 0.00000
  outer loop
   vertex -40.1888 16.6467 82.0000
   vertex -42.0178 11.2586 82.0000
   vertex -42.0178 11.2586 84.0000
  endloop
 endfacet
 facet normal -0.94693 0.32144 0.00000
  outer loop
   vertex -40.1888 16.6467 82.0000
   vertex -42.0178 11.2586 84.0000
   vertex -40.1888 16.6467 84.0000
  endloop
 endfacet
 facet normal -0.98079 0.19509 0.00000
  outer loop
   vertex -42.0178 11.2586 82.0000
   vertex -43.1279 5.6779 82.0000
   vertex -43.1279 5.6779 84.0000
  endloop
 endfacet
 facet normal -0.98079 0.19509 0.00000
  outer loop
   vertex -42.0178 11.2586 82.0000
   vertex -43.1279 5.6779 84.0000
   vertex -42.0178 11.2586 84.0000
  endloop
 endfacet
 facet normal -0.99786 0.06540 0.00000
  outer loop
   vertex -43.1279 5.6779 82.0000
   vertex -43.5000 0.0000 82.0000
   vertex -43.5000 0.0000 84.0000
  endloop
 endfacet
 facet normal -0.99786 0.06540 0.00000
  outer loop
   vertex -43.1279 5.6779 82.0000
   vertex -43.5000 0.0000 84.0000
   vertex -43.1279 5.6779 84.0000
  endloop
 endfacet
 facet normal -0.99786 -0.06540 0.00000
  outer loop
   vertex -43.5000 0.0000 82.0000
   vertex -43.1279 -5.6779 82.0000
   vertex -43.1279 -5.6779 84.0000
  endloop
 endfacet
 facet normal -0.99786 -0.06540 0.00000
  outer loop
   vertex -43.5000 0.0000 82.0000
   vertex -43.1279 -5.6779 84.0000
   vertex -43.5000 0.0000 84.0000
  endloop
 endfacet
 facet normal -0.98079 -0.19509 0.00000
  outer loop
   vertex -43.1279 -5.6779 82.0000
   vertex -42.0178 -11.2586 82.0000
   vertex -42.0178 -11.2586 84.0000
  endloop
 endfacet
 facet normal -0.98079 -0.19509 0.00000
  outer loop
   vertex -43.1279 -5.6779 82.0000
   vertex -42.0178 -11.2586 84.0000
   vertex -43.1279 -5.6779 84.0000
  endloop
 endfacet
 facet normal -0.94693 -0.32144 0.00000
  outer loop
   vertex -42.0178 -11.2586 82.0000
   vertex -40.1888 -16.6467 82.0000
   vertex -40.1888 -16.6467 84.0000
  endloop
 endfacet
 facet normal -0.94693 -0.32144 0.00000
  outer loop
   vertex -42.0178 -11.2586 82.0000
   vertex -40.1888 -16.6467 84.0000
   vertex -42.0178 -11.2586 84.0000
  endloop
 endfacet
 facet normal -0.89687 -0.44229 0.00000
  outer loop
   vertex -40.1888 -16.6467 82.0000
   vertex -37.6721 -21.7500 82.0000
   vertex -37.6721 -21.7500 84.0000
  endloop
 endfacet
 facet normal -0.89687 -0.44229 0.00000
  outer loop
   vertex -40.1888 -16.6467 82.0000
   vertex -37.6721 -21.7500 84.0000
   vertex -40.1888 -16.6467 84.0000
  endloop
 endfacet
 facet normal -0.83147 -0.55557 0.00000
  outer loop
   vertex -37.6721 -21.7500 82.0000
   vertex -34.5109 -26.4811 82.0000
   vertex -34.5109 -26.4811 84.0000
  endloop
 endfacet
 facet normal -0.83147 -0.55557 0.00000
  outer loop
   vertex -37.6721 -21.7500 82.0000
   vertex -34.5109 -26.4811 84.0000
   vertex -37.6721 -21.7500 84.0000
  endloop
 endfacet
 facet normal -0.75184 -0.65935 0.00000
  outer loop
   vertex -34.5109 -26.4811 82.0000
   vertex -30.7591 -30.7591 82.0000
   vertex -30.7591 -30.7591 84.0000
  endloop
 endfacet
 facet normal -0.75184 -0.65935 0.00000
  outer loop
   vertex -34.5109 -26.4811 82.0000
   vertex -30.7591 -30.7591 84.0000
   vertex -34.5109 -26.4811 84.0000
  endloop
 endfacet
 facet normal -0.65935 -0.75184 0.00000
  outer loop
   vertex -30.7591 -30.7591 82.0000
   vertex -26.4811 -34.5109 82.0000
   vertex -26.4811 -34.5109 84.0000
  endloop
 endfacet
 facet normal -0.65935 -0.75184 0.00000
  outer loop
   vertex -30.7591 -30.7591 82.0000
   vertex -26.4811 -34.5109 84.0000
   vertex -30.7591 -30.7591 84.0000
  endloop
 endfacet
 facet normal -0.55557 -0.83147 0.00000
  outer loop
   vertex -26.4811 -34.5109 82.0000
   vertex -21.7500 -37.6721 82.0000
   vertex -21.7500 -37.6721 84.0000
  endloop
 endfacet
 facet normal -0.55557 -0.83147 0.00000
  outer loop
   vertex -26.4811 -34.5109 82.0000
   vertex -21.7500 -37.6721 84.0000
   vertex -26.4811 -34.5109 84.0000
  endloop
 endfacet
 facet normal -0.44229 -0.89687 0.00000
  outer loop
   vertex -21.7500 -37.6721 82.0000
   vertex -16.6467 -40.1888 82.0000
   vertex -16.6467 -40.1888 84.0000
  endloop
 endfacet
 facet normal -0.44229 -0.89687 0.00000
  outer loop
   vertex -21.7500 -37.6721 82.0000
   vertex -16.6467 -40.1888 84.0000
   vertex -21.7500 -37.6721 84.0000
  endloop
 endfacet
 facet normal -0.32144 -0.94693 0.00000
  outer loop
   vertex -16.6467 -40.1888 82.0000
   vertex -11.2586 -42.0178 82.0000
   vertex -11.2586 -42.0178 84.0000
  endloop
 endfacet
 facet normal -0.32144 -0.94693 0.00000
  outer loop
   vertex -16.6467 -40.1888 82.0000
   vertex -11.2586 -42.0178 84.0000
   vertex -16.6467 -40.1888 84.0000
  endloop
 endfacet
 facet normal -0.19509 -0.98079 0.00000
  outer loop
   vertex -11.2586 -42.0178 82.0000
   vertex -5.6779 -43.1279 82.0000
   vertex -5.6779 -43.1279 84.0000
  endloop
 endfacet
 facet normal -0.19509 -0.98079 0.00000
  outer loop
   vertex -11.2586 -42.0178 82.0000
   vertex -5.6779 -43.1279 84.0000
   vertex -11.2586 -42.0178 84.0000
  endloop
 endfacet
 facet normal -0.06540 -0.99786 0.00000
  outer loop
   vertex -5.6779 -43.1279 82.0000
   vertex -0.0000 -43.5000 82.0000
   vertex -0.0000 -43.5000 84.0000
  endloop
 endfacet
 facet normal -0.06540 -0.99786 0.00000
  outer loop
   vertex -5.6779 -43.1279 82.0000
   vertex -0.0000 -43.5000 84.0000
   vertex -5.6779 -43.1279 84.0000
  endloop
 endfacet
 facet normal 0.06540 -0.99786 0.00000
  outer loop
   vertex -0.0000 -43.5000 82.0000
   vertex 5.6779 -43.1279 82.0000
   vertex 5.6779 -43.1279 84.0000
  endloop
 endfacet
 facet normal 0.06540 -0.99786 0.00000
  outer loop
   vertex -0.0000 -43.5000 82.0000
   vertex 5.6779 -43.1279 84.0000
   vertex -0.0000 -43.5000 84.0000
  endloop
 endfacet
 facet normal 0.19509 -0.98079 0.00000
  outer loop
   vertex 5.6779 -43.1279 82.0000
   vertex 11.2586 -42.0178 82.0000
   vertex 11.2586 -42.0178 84.0000
  endloop
 endfacet
 facet normal 0.19509 -0.98079 0.00000
  outer loop
   vertex 5.6779 -43.1279 82.0000
   vertex 11.2586 -42.0178 84.0000
   vertex 5.6779 -43.1279 84.0000
  endloop
 endfacet
 facet normal 0.32144 -0.94693 0.00000
  outer loop
   vertex 11.2586 -42.0178 82.0000
   vertex 16.6467 -40.1888 82.0000
   vertex 16.6467 -40.1888 84.0000
  endloop
 endfacet
 facet normal 0.32144 -0.94693 0.00000
  outer loop
   vertex 11.2586 -42.0178 82.0000
   vertex 16.6467 -40.1888 84.0000
   vertex 11.2586 -42.0178 84.0000
  endloop
 endfacet
 facet normal 0.44229 -0.89687 0.00000
  outer loop
   vertex 16.6467 -40.1888 82.0000
   vertex 21.7500 -37.6721 82.0000
   vertex 21.7500 -37.6721 84.0000
  endloop
 endfacet
 facet normal 0.44229 -0.89687 0.00000
  outer loop
   vertex 16.6467 -40.1888 82.0000
   vertex 21.7500 -37.6721 84.0000
   vertex 16.6467 -40.1888 84.0000
  endloop
 endfacet
 facet normal 0.55557 -0.83147 0.00000
  outer loop
   vertex 21.7500 -37.6721 82.0000
   vertex 26.4811 -34.5109 82.0000
   vertex 26.4811 -34.5109 84.0000
  endloop
 endfacet
 facet normal 0.55557 -0.83147 0.00000
  outer loop
   vertex 21.7500 -37.6721 82.0000
   vertex 26.4811 -34.5109 84.0000
   vertex 21.7500 -37.6721 84.0000
  endloop
 endfacet
 facet normal 0.65935 -0.75184 0.00000
  outer loop
   vertex 26.4811 -34.5109 82.0000
   vertex 30.7591 -30.7591 82.0000
   vertex 30.7591 -30.7591 84.0000
  endloop
 endfacet
 facet normal 0.65935 -0.75184 0.00000
  outer loop
   vertex 26.4811 -34.5109 82.0000
   vertex 30.7591 -30.7591 84.0000
   vertex 26.4811 -34.5109 84.0000
  endloop
 endfacet
 facet normal 0.75184 -0.65935 0.00000
  outer loop
   vertex 30.7591 -30.7591 82.0000
   vertex 34.5109 -26.4811 82.0000
   vertex 34.5109 -26.4811 84.0000
  endloop
 endfacet
 facet normal 0.75184 -0.65935 0.00000
  outer loop
   vertex 30.7591 -30.7591 82.0000
   vertex 34.5109 -26.4811 84.0000
   vertex 30.7591 -30.7591 84.0000
  endloop
 endfacet
 facet normal 0.83147 -0.55557 0.00000
  outer loop
   vertex 34.5109 -26.4811 82.0000
   vertex 37.6721 -21.7500 82.0000
   vertex 37.6721 -21.7500 84.0000
  endloop
 endfacet
 facet normal 0.83147 -0.55557 0.00000
  outer loop
   vertex 34.5109 -26.4811 82.0000
   vertex 37.6721 -21.7500 84.0000
   vertex 34.5109 -26.4811 84.0000
  endloop
 endfacet
 facet normal 0.89687 -0.44229 0.00000
  outer loop
   vertex 37.6721 -21.7500 82.0000
   vertex 40.1888 -16.6467 82.0000
   vertex 40.1888 -16.6467 84.0000
  endloop
 endfacet
 facet normal 0.89687 -0.44229 0.00000
  outer loop
   vertex 37.6721 -21.7500 82.0000
   vertex 40.1888 -16.6467 84.0000
   vertex 37.6721 -21.7500 84.0000
  endloop
 endfacet
 facet normal 0.94693 -0.32144 0.00000
  outer loop
   vertex 40.1888 -16.6467 82.0000
   vertex 42.0178 -11.2586 82.0000
   vertex 42.0178 -11.2586 84.0000
  endloop
 endfacet
 facet normal 0.94693 -0.32144 0.00000
  outer loop
   vertex 40.1888 -16.6467 82.0000
   vertex 42.0178 -11.2586 84.0000
   vertex 40.1888 -16.6467 84.0000
  endloop
 endfacet
 facet normal 0.98079 -0.19509 0.00000
  outer loop
   vertex 42.0178 -11.2586 82.0000
   vertex 43.1279 -5.6779 82.0000
   vertex 43.1279 -5.6779 84.0000
  endloop
 endfacet
 facet normal 0.98079 -0.19509 0.00000
  outer loop
   vertex 42.0178 -11.2586 82.0000
   vertex 43.1279 -5.6779 84.0000
   vertex 42.0178 -11.2586 84.0000
  endloop
 endfacet
 facet normal 0.99786 -0.06540 0.00000
  outer loop
   vertex 43.1279 -5.6779 82.0000
   vertex 43.5000 0.0000 82.0000
   vertex 43.5000 0.0000 84.0000
  endloop
 endfacet
 facet normal 0.99786 -0.06540 0.00000
  outer loop
   vertex 43.1279 -5.6779 82.0000
   vertex 43.5000 0.0000 84.0000
   vertex 43.1279 -5.6779 84.0000
  endloop
 endfacet
 facet normal 0.00000 0.00000 -1.00000
  outer loop
   vertex 0.0000 0.0000 82.0000
   vertex 43.1279 5.6779 82.0000
   vertex 43.5000 0.0000 82.0000
  endloop
 endfacet
 facet normal 0.00000 0.00000 1.00000
  outer loop
   vertex 0.0000 0.0000 84.0000
   vertex 43.5000 0.0000 84.0000
   vertex 43.1279 5.6779 84.0000
  endloop
 endfacet
 facet normal 0.00000 0.00000 -1.00000
  outer loop
   vertex 0.0000 0.0000 82.0000
   vertex 42.0178 11.2586 82.0000
   vertex 43.1279 5.6779 82.0000
  endloop
 endfacet
 facet normal 0.00000 0.00000 1.00000
  outer loop
   vertex 0.0000 0.0000 84.0000
   vertex 43.1279 5.6779 84.0000
   vertex 42.0178 11.2586 84.0000
  endloop
 endfacet
 facet normal 0.00000 0.00000 -1.00000
  outer loop
   vertex 0.0000 0.0000 82.0000
   vertex 40.1888 16.6467 82.0000
   vertex 42.0178 11.2586 82.0000
  endloop
 endfacet
 facet normal 0.00000 0.00000 1.00000
  outer loop
   vertex 0.0000 0.0000 84.0000
   vertex 42.0178 11.2586 84.0000
   vertex 40.1888 16.6467 84.0000
  endloop
 endfacet
 facet normal 0.00000 0.00000 -1.00000
  outer loop
   vertex 0.0000 0.0000 82.0000
   vertex 37.6721 21.7500 82.0000
   vertex 40.1888 16.6467 82.0000
  endloop
 endfacet
 facet normal 0.00000 0.00000 1.00000
  outer loop
   vertex 0.0000 0.0000 84.0000
   vertex 40.1888 16.6467 84.0000
   vertex 37.6721 21.7500 84.0000
  endloop
 endfacet
 facet normal 0.00000 0.00000 -1.00000
  outer loop
   vertex 0.0000 0.0000 82.0000
   vertex 34.5109 26.4811 82.0000
   vertex 37.6721 21.7500 82.0000
  endloop
 endfacet
 facet normal 0.00000 0.00000 1.00000
  outer loop
   vertex 0.0000 0.0000 84.0000
   vertex 37.6721 21.7500 84.0000
   vertex 34.5109 26.4811 84.0000
  endloop
 endfacet
 facet normal 0.00000 0.00000 -1.00000
  outer loop
   vertex 0.0000 0.0000 82.0000
   vertex 30.7591 30.7591 82.0000
   vertex 34.5109 26.4811 82.0000
  endloop
 endfacet
 facet normal 0.00000 0.00000 1.00000
  outer loop
   vertex 0.0000 0.0000 84.0000
   vertex 34.5109 26.4811 84.0000
   vertex 30.7591 30.7591 84.0000
  endloop
 endfacet
 facet normal 0.00000 0.00000 -1.00000
  outer loop
   vertex 0.0000 0.0000 82.0000
   vertex 26.4811 34.5109 82.0000
   vertex 30.7591 30.7591 82.0000
  endloop
 endfacet
 facet normal 0.00000 0.00000 1.00000
  outer loop
   vertex 0.0000 0.0000 84.0000
   vertex 30.7591 30.7591 84.0000
   vertex 26.4811 34.5109 84.0000
  endloop
 endfacet
 facet normal 0.00000 0.00000 -1.00000
  outer loop
   vertex 0.0000 0.0000 82.0000
   vertex 21.7500 37.6721 82.0000
   vertex 26.4811 34.5109 82.0000
  endloop
 endfacet
 facet normal 0.00000 0.00000 1.00000
  outer loop
   vertex 0.0000 0.0000 84.0000
   vertex 26.4811 34.5109 84.0000
   vertex 21.7500 37.6721 84.0000
  endloop
 endfacet
 facet normal 0.00000 0.00000 -1.00000
  outer loop
   vertex 0.0000 0.0000 82.0000
   vertex 16.6467 40.1888 82.0000
   vertex 21.7500 37.6721 82.0000
  endloop
 endfacet
 facet normal 0.00000 0.00000 1.00000
  outer loop
   vertex 0.0000 0.0000 84.0000
   vertex 21.7500 37.6721 84.0000
   vertex 16.6467 40.1888 84.0000
  endloop
 endfacet
 facet normal 0.00000 0.00000 -1.00000
  outer loop
   vertex 0.0000 0.0000 82.0000
   vertex 11.2586 42.0178 82.0000
   vertex 16.6467 40.1888 82.0000
  endloop
 endfacet
 facet normal 0.00000 0.00000 1.00000
  outer loop
   vertex 0.0000 0.0000 84.0000
   vertex 16.6467 40.1888 84.0000
   vertex 11.2586 42.0178 84.0000
  endloop
 endfacet
 facet normal 0.00000 0.00000 -1.00000
  outer loop
   vertex 0.0000 0.0000 82.0000
   vertex 5.6779 43.1279 82.0000
   vertex 11.2586 42.0178 82.0000
  endloop
 endfacet
 facet normal 0.00000 0.00000 1.00000
  outer loop
   vertex 0.0000 0.0000 84.0000
   vertex 11.2586 42.0178 84.0000
   vertex 5.6779 43.1279 84.0000
  endloop
 endfacet
 facet normal 0.00000 0.00000 -1.00000
  outer loop
   vertex 0.0000 0.0000 82.0000
   vertex 0.0000 43.5000 82.0000
   vertex 5.6779 43.1279 82.0000
  endloop
 endfacet
 facet normal 0.00000 0.00000 1.00000
  outer loop
   vertex 0.0000 0.0000 84.0000
   vertex 5.6779 43.1279 84.0000
   vertex 0.0000 43.5000 84.0000
  endloop
 endfacet
 facet normal 0.00000 0.00000 -1.00000
  outer loop
   vertex 0.0000 0.0000 82.0000
   vertex -5.6779 43.1279 82.0000
   vertex 0.0000 43.5000 82.0000
  endloop
 endfacet
 facet normal 0.00000 -0.00000 1.00000
  outer loop
   vertex 0.0000 0.0000 84.0000
   vertex 0.0000 43.5000 84.0000
   vertex -5.6779 43.1279 84.0000
  endloop
 endfacet
 facet normal 0.00000 0.00000 -1.00000
  outer loop
   vertex 0.0000 0.0000 82.0000
   vertex -11.2586 42.0178 82.0000
   vertex -5.6779 43.1279 82.0000
  endloop
 endfacet
 facet normal 0.00000 0.00000 1.00000
  outer loop
   vertex 0.0000 0.0000 84.0000
   vertex -5.6779 43.1279 84.0000
   vertex -11.2586 42.0178 84.0000
  endloop
 endfacet
 facet normal 0.00000 0.00000 -1.00000
  outer loop
   vertex 0.0000 0.0000 82.0000
   vertex -16.6467 40.1888 82.0000
   vertex -11.2586 42.0178 82.0000
  endloop
 endfacet
 facet normal 0.00000 0.00000 1.00000
  outer loop
   vertex 0.0000 0.0000 84.0000
   vertex -11.2586 42.0178 84.0000
   vertex -16.6467 40.1888 84.0000
  endloop
 endfacet
 facet normal 0.00000 0.00000 -1.00000
  outer loop
   vertex 0.0000 0.0000 82.0000
   vertex -21.7500 37.6721 82.0000
   vertex -16.6467 40.1888 82.0000
  endloop
 endfacet
 facet normal 0.00000 0.00000 1.00000
  outer loop
   vertex 0.0000 0.0000 84.0000
   vertex -16.6467 40.1888 84.0000
   vertex -21.7500 37.6721 84.0000
  endloop
 endfacet
 facet normal 0.00000 0.00000 -1.00000
  outer loop
   vertex 0.0000 0.0000 82.0000
   vertex -26.4811 34.5109 82.0000
   vertex -21.7500 37.6721 82.0000
  endloop
 endfacet
 facet normal 0.00000 0.00000 1.00000
  outer loop
   vertex 0.0000 0.0000 84.0000
   vertex -21.7500 37.6721 84.0000
   vertex -26.4811 34.5109 84.0000
  endloop
 endfacet
 facet normal 0.00000 0.00000 -1.00000
  outer loop
   vertex 0.0000 0.0000 82.0000
   vertex -30.7591 30.7591 82.0000
   vertex -26.4811 34.5109 82.0000
  endloop
 endfacet
 facet normal 0.00000 0.00000 1.00000
  outer loop
   vertex 0.0000 0.0000 84.0000
   vertex -26.4811 34.5109 84.0000
   vertex -30.7591 30.7591 84.0000
  endloop
 endfacet
 facet normal 0.00000 0.00000 -1.00000
  outer loop
   vertex 0.0000 0.0000 82.0000
   vertex -34.5109 26.4811 82.0000
   vertex -30.7591 30.7591 82.0000
  endloop
 endfacet
 facet normal 0.00000 0.00000 1.00000
  outer loop
   vertex 0.0000 0.0000 84.0000
   vertex -30.7591 30.7591 84.0000
   vertex -34.5109 26.4811 84.0000
  endloop
 endfacet
 facet normal 0.00000 0.00000 -1.00000
  outer loop
   vertex 0.0000 0.0000 82.0000
   vertex -37.6721 21.7500 82.0000
   vertex -34.5109 26.4811 82.0000
  endloop
 endfacet
 facet normal 0.00000 0.00000 1.00000
  outer loop
   vertex 0.0000 0.0000 84.0000
   vertex -34.5109 26.4811 84.0000
   vertex -37.6721 21.7500 84.0000
  endloop
 endfacet
 facet normal 0.00000 0.00000 -1.00000
  outer loop
   vertex 0.0000 0.0000 82.0000
   vertex -40.1888 16.6467 82.0000
   vertex -37.6721 21.7500 82.0000
  endloop
 endfacet
 facet normal 0.00000 0.00000 1.00000
  outer loop
   vertex 0.0000 0.0000 84.0000
   vertex -37.6721 21.7500 84.0000
   vertex -40.1888 16.6467 84.0000
  endloop
 endfacet
 facet normal 0.00000 0.00000 -1.00000
  outer loop
   vertex 0.0000 0.0000 82.0000
   vertex -42.0178 11.2586 82.0000
   vertex -40.1888 16.6467 82.0000
  endloop
 endfacet
 facet normal 0.00000 0.00000 1.00000
  outer loop
   vertex 0.0000 0.0000 84.0000
   vertex -40.1888 16.6467 84.0000
   vertex -42.0178 11.2586 84.0000
  endloop
 endfacet
 facet normal 0.00000 0.00000 -1.00000
  outer loop
   vertex 0.0000 0.0000 82.0000
   vertex -43.1279 5.6779 82.0000
   vertex -42.0178 11.2586 82.0000
  endloop
 endfacet
 facet normal 0.00000 0.00000 1.00000
  outer loop
   vertex 0.0000 0.0000 84.0000
   vertex -42.0178 11.2586 84.0000
   vertex -43.1279 5.6779 84.0000
  endloop
 endfacet
 facet normal 0.00000 0.00000 -1.00000
  outer loop
   vertex 0.0000 0.0000 82.0000
   vertex -43.5000 0.0000 82.0000
   vertex -43.1279 5.6779 82.0000
  endloop
 endfacet
 facet normal 0.00000 0.00000 1.00000
  outer loop
   vertex 0.0000 0.0000 84.0000
   vertex -43.1279 5.6779 84.0000
   vertex -43.5000 0.0000 84.0000
  endloop
 endfacet
 facet normal -0.00000 0.00000 -1.00000
  outer loop
   vertex 0.0000 0.0000 82.0000
   vertex -43.1279 -5.6779 82.0000
   vertex -43.5000 0.0000 82.0000
  endloop
 endfacet
 facet normal 0.00000 0.00000 1.00000
  outer loop
   vertex 0.0000 0.0000 84.0000
   vertex -43.5000 0.0000 84.0000
   vertex -43.1279 -5.6779 84.0000
  endloop
 endfacet
 facet normal 0.00000 0.00000 -1.00000
  outer loop
   vertex 0.0000 0.0000 82.0000
   vertex -42.0178 -11.2586 82.0000
   vertex -43.1279 -5.6779 82.0000
  endloop
 endfacet
 facet normal 0.00000 0.00000 1.00000
  outer loop
   vertex 0.0000 0.0000 84.0000
   vertex -43.1279 -5.6779 84.0000
   vertex -42.0178 -11.2586 84.0000
  endloop
 endfacet
 facet normal 0.00000 0.00000 -1.00000
  outer loop
   vertex 0.0000 0.0000 82.0000
   vertex -40.1888 -16.6467 82.0000
   vertex -42.0178 -11.2586 82.0000
  endloop
 endfacet
 facet normal 0.00000 0.00000 1.00000
  outer loop
   vertex 0.0000 0.0000 84.0000
   vertex -42.0178 -11.2586 84.0000
   vertex -40.1888 -16.6467 84.0000
  endloop
 endfacet
 facet normal 0.00000 0.00000 -1.00000
  outer loop
   vertex 0.0000 0.0000 82.0000
   vertex -37.6721 -21.7500 82.0000
   vertex -40.1888 -16.6467 82.0000
  endloop
 endfacet
 facet normal 0.00000 0.00000 1.00000
  outer loop
   vertex 0.0000 0.0000 84.0000
   vertex -40.1888 -16.6467 84.0000
   vertex -37.6721 -21.7500 84.0000
  endloop
 endfacet
 facet normal 0.00000 0.00000 -1.00000
  outer loop
   vertex 0.0000 0.0000 82.0000
   vertex -34.5109 -26.4811 82.0000
   vertex -37.6721 -21.7500 82.0000
  endloop
 endfacet
 facet normal 0.00000 0.00000 1.00000
  outer loop
   vertex 0.0000 0.0000 84.0000
   vertex -37.6721 -21.7500 84.0000
   vertex -34.5109 -26.4811 84.0000
  endloop
 endfacet
 facet normal 0.00000 0.00000 -1.00000
  outer loop
   vertex 0.0000 0.0000 82.0000
   vertex -30.7591 -30.7591 82.0000
   vertex -34.5109 -26.4811 82.0000
  endloop
 endfacet
 facet normal 0.00000 0.00000 1.00000
  outer loop
   vertex 0.0000 0.0000 84.0000
   vertex -34.5109 -26.4811 84.0000
   vertex -30.7591 -30.7591 84.0000
  endloop
 endfacet
 facet normal 0.00000 0.00000 -1.00000
  outer loop
   vertex 0.0000 0.0000 82.0000
   vertex -26.4811 -34.5109 82.0000
   vertex -30.7591 -30.7591 82.0000
  endloop
 endfacet
 facet normal 0.00000 0.00000 1.00000
  outer loop
   vertex 0.0000 0.0000 84.0000
   vertex -30.7591 -30.7591 84.0000
   vertex -26.4811 -34.5109 84.0000
  endloop
 endfacet
 facet normal 0.00000 0.00000 -1.00000
  outer loop
   vertex 0.0000 0.0000 82.0000
   vertex -21.7500 -37.6721 82.0000
   vertex -26.4811 -34.5109 82.0000
  endloop
 endfacet
 facet normal 0.00000 0.00000 1.00000
  outer loop
   vertex 0.0000 0.0000 84.0000
   vertex -26.4811 -34.5109 84.0000
   vertex -21.7500 -37.6721 84.0000
  endloop
 endfacet
 facet normal 0.00000 0.00000 -1.00000
  outer loop
   vertex 0.0000 0.0000 82.0000
   vertex -16.6467 -40.1888 82.0000
   vertex -21.7500 -37.6721 82.0000
  endloop
 endfacet
 facet normal 0.00000 0.00000 1.00000
  outer loop
   vertex 0.0000 0.0000 84.0000
   vertex -21.7500 -37.6721 84.0000
   vertex -16.6467 -40.1888 84.0000
  endloop
 endfacet
 facet normal 0.00000 0.00000 -1.00000
  outer loop
   vertex 0.0000 0.0000 82.0000
   vertex -11.2586 -42.0178 82.0000
   vertex -16.6467 -40.1888 82.0000
  endloop
 endfacet
 facet normal 0.00000 0.00000 1.00000
  outer loop
   vertex 0.0000 0.0000 84.0000
   vertex -16.6467 -40.1888 84.0000
   vertex -11.2586 -42.0178 84.0000
  endloop
 endfacet
 facet normal 0.00000 0.00000 -1.00000
  outer loop
   vertex 0.0000 0.0000 82.0000
   vertex -5.6779 -43.1279 82.0000
   vertex -11.2586 -42.0178 82.0000
  endloop
 endfacet
 facet normal 0.00000 0.00000 1.00000
  outer loop
   vertex 0.0000 0.0000 84.0000
   vertex -11.2586 -42.0178 84.0000
   vertex -5.6779 -43.1279 84.0000
  endloop
 endfacet
 facet normal 0.00000 0.00000 -1.00000
  outer loop
   vertex 0.0000 0.0000 82.0000
   vertex -0.0000 -43.5000 82.0000
   vertex -5.6779 -43.1279 82.0000
  endloop
 endfacet
 facet normal 0.00000 0.00000 1.00000
  outer loop
   vertex 0.0000 0.0000 84.0000
   vertex -5.6779 -43.1279 84.0000
   vertex -0.0000 -43.5000 84.0000
  endloop
 endfacet
 facet normal 0.00000 -0.00000 -1.00000
  outer loop
   vertex 0.0000 0.0000 82.0000
   vertex 5.6779 -43.1279 82.0000
   vertex -0.0000 -43.5000 82.0000
  endloop
 endfacet
 facet normal 0.00000 0.00000 1.00000
  outer loop
   vertex 0.0000 0.0000 84.0000
   vertex -0.0000 -43.5000 84.0000
   vertex 5.6779 -43.1279 84.0000
  endloop
 endfacet
 facet normal 0.00000 0.00000 -1.00000
  outer loop
   vertex 0.0000 0.0000 82.0000
   vertex 11.2586 -42.0178 82.0000
   vertex 5.6779 -43.1279 82.0000
  endloop
 endfacet
 facet normal 0.00000 0.00000 1.00000
  outer loop
   vertex 0.0000 0.0000 84.0000
   vertex 5.6779 -43.1279 84.0000
   vertex 11.2586 -42.0178 84.0000
  endloop
 endfacet
 facet normal 0.00000 0.00000 -1.00000
  outer loop
   vertex 0.0000 0.0000 82.0000
   vertex 16.6467 -40.1888 82.0000
   vertex 11.2586 -42.0178 82.0000
  endloop
 endfacet
 facet normal 0.00000 0.00000 1.00000
  outer loop
   vertex 0.0000 0.0000 84.0000
   vertex 11.2586 -42.0178 84.0000
   vertex 16.6467 -40.1888 84.0000
  endloop
 endfacet
 facet normal 0.00000 0.00000 -1.00000
  outer loop
   vertex 0.0000 0.0000 82.0000
   vertex 21.7500 -37.6721 82.0000
   vertex 16.6467 -40.1888 82.0000
  endloop
 endfacet
 facet normal 0.00000 0.00000 1.00000
  outer loop
   vertex 0.0000 0.0000 84.0000
   vertex 16.6467 -40.1888 84.0000
   vertex 21.7500 -37.6721 84.0000
  endloop
 endfacet
 facet normal 0.00000 0.00000 -1.00000
  outer loop
   vertex 0.0000 0.0000 82.0000
   vertex 26.4811 -34.5109 82.0000
   vertex 21.7500 -37.6721 82.0000
  endloop
 endfacet
 facet normal 0.00000 0.00000 1.00000
  outer loop
   vertex 0.0000 0.0000 84.0000
   vertex 21.7500 -37.6721 84.0000
   vertex 26.4811 -34.5109 84.0000
  endloop
 endfacet
 facet normal 0.00000 0.00000 -1.00000
  outer loop
   vertex 0.0000 0.0000 82.0000
   vertex 30.7591 -30.7591 82.0000
   vertex 26.4811 -34.5109 82.0000
  endloop
 endfacet
 facet normal 0.00000 0.00000 1.00000
  outer loop
   vertex 0.0000 0.0000 84.0000
   vertex 26.4811 -34.5109 84.0000
   vertex 30.7591 -30.7591 84.0000
  endloop
 endfacet
 facet normal 0.00000 0.00000 -1.00000
  outer loop
   vertex 0.0000 0.0000 82.0000
   vertex 34.5109 -26.4811 82.0000
   vertex 30.7591 -30.7591 82.0000
  endloop
 endfacet
 facet normal 0.00000 0.00000 1.00000
  outer loop
   vertex 0.0000 0.0000 84.0000
   vertex 30.7591 -30.7591 84.0000
   vertex 34.5109 -26.4811 84.0000
  endloop
 endfacet
 facet normal 0.00000 0.00000 -1.00000
  outer loop
   vertex 0.0000 0.0000 82.0000
   vertex 37.6721 -21.7500 82.0000
   vertex 34.5109 -26.4811 82.0000
  endloop
 endfacet
 facet normal 0.00000 0.00000 1.00000
  outer loop
   vertex 0.0000 0.0000 84.0000
   vertex 34.5109 -26.4811 84.0000
   vertex 37.6721 -21.7500 84.0000
  endloop
 endfacet
 facet normal 0.00000 0.00000 -1.00000
  outer loop
   vertex 0.0000 0.0000 82.0000
   vertex 40.1888 -16.6467 82.0000
   vertex 37.6721 -21.7500 82.0000
  endloop
 endfacet
 facet normal 0.00000 0.00000 1.00000
  outer loop
   vertex 0.0000 0.0000 84.0000
   vertex 37.6721 -21.7500 84.0000
   vertex 40.1888 -16.6467 84.0000
  endloop
 endfacet
 facet normal 0.00000 0.00000 -1.00000
  outer loop
   vertex 0.0000 0.0000 82.0000
   vertex 42.0178 -11.2586 82.0000
   vertex 40.1888 -16.6467 82.0000
  endloop
 endfacet
 facet normal 0.00000 0.00000 1.00000
  outer loop
   vertex 0.0000 0.0000 84.0000
   vertex 40.1888 -16.6467 84.0000
   vertex 42.0178 -11.2586 84.0000
  endloop
 endfacet
 facet normal 0.00000 0.00000 -1.00000
  outer loop
   vertex 0.0000 0.0000 82.0000
   vertex 43.1279 -5.6779 82.0000
   vertex 42.0178 -11.2586 82.0000
  endloop
 endfacet
 facet normal 0.00000 0.00000 1.00000
  outer loop
   vertex 0.0000 0.0000 84.0000
   vertex 42.0178 -11.2586 84.0000
   vertex 43.1279 -5.6779 84.0000
  endloop
 endfacet
 facet normal 0.00000 0.00000 -1.00000
  outer loop
   vertex 0.0000 0.0000 82.0000
   vertex 43.5000 0.0000 82.0000
   vertex 43.1279 -5.6779 82.0000
  endloop
 endfacet
 facet normal -0.00000 0.00000 1.00000
  outer loop
   vertex 0.0000 0.0000 84.0000
   vertex 43.1279 -5.6779 84.0000
   vertex 43.5000 0.0000 84.0000
  endloop
 endfacet
 facet normal 0.00000 0.00000 -1.00000
  outer loop
   vertex 43.1447 10.2944 85.5000
   vertex 39.4501 23.9175 85.5000
   vertex 44.8077 10.9832 85.5000
  endloop
 endfacet
 facet normal 0.00000 0.00000 -1.00000
  outer loop
   vertex 43.1447 10.2944 85.5000
   vertex 37.7871 23.2287 85.5000
   vertex 39.4501 23.9175 85.5000
  endloop
 endfacet
 facet normal 0.00000 -0.00000 1.00000
  outer loop
   vertex 43.1447 10.2944 90.5000
   vertex 44.8077 10.9832 90.5000
   vertex 39.4501 23.9175 90.5000
  endloop
 endfacet
 facet normal 0.00000 0.00000 1.00000
  outer loop
   vertex 43.1447 10.2944 90.5000
   vertex 39.4501 23.9175 90.5000
   vertex 37.7871 23.2287 90.5000
  endloop
 endfacet
 facet normal 0.38268 -0.92388 0.00000
  outer loop
   vertex 43.1447 10.2944 85.5000
   vertex 44.8077 10.9832 85.5000
   vertex 44.8077 10.9832 90.5000
  endloop
 endfacet
 facet normal 0.38268 -0.92388 0.00000
  outer loop
   vertex 43.1447 10.2944 85.5000
   vertex 44.8077 10.9832 90.5000
   vertex 43.1447 10.2944 90.5000
  endloop
 endfacet
 facet normal 0.92388 0.38268 0.00000
  outer loop
   vertex 44.8077 10.9832 85.5000
   vertex 39.4501 23.9175 85.5000
   vertex 39.4501 23.9175 90.5000
  endloop
 endfacet
 facet normal 0.92388 0.38268 -0.00000
  outer loop
   vertex 44.8077 10.9832 85.5000
   vertex 39.4501 23.9175 90.5000
   vertex 44.8077 10.9832 90.5000
  endloop
 endfacet
 facet normal -0.38268 0.92388 0.00000
  outer loop
   vertex 39.4501 23.9175 85.5000
   vertex 37.7871 23.2287 85.5000
   vertex 37.7871 23.2287 90.5000
  endloop
 endfacet
 facet normal -0.38268 0.92388 0.00000
  outer loop
   vertex 39.4501 23.9175 85.5000
   vertex 37.7871 23.2287 90.5000
   vertex 39.4501 23.9175 90.5000
  endloop
 endfacet
 facet normal -0.92388 -0.38268 0.00000
  outer loop
   vertex 37.7871 23.2287 85.5000
   vertex 43.1447 10.2944 85.5000
   vertex 43.1447 10.2944 90.5000
  endloop
 endfacet
 facet normal -0.92388 -0.38268 0.00000
  outer loop
   vertex 37.7871 23.2287 85.5000
   vertex 43.1447 10.2944 90.5000
   vertex 37.7871 23.2287 90.5000
  endloop
 endfacet
 facet normal 0.00000 0.00000 -1.00000
  outer loop
   vertex 23.2287 37.7871 85.5000
   vertex 10.9832 44.8077 85.5000
   vertex 23.9175 39.4501 85.5000
  endloop
 endfacet
 facet normal 0.00000 0.00000 -1.00000
  outer loop
   vertex 23.2287 37.7871 85.5000
   vertex 10.2944 43.1447 85.5000
   vertex 10.9832 44.8077 85.5000
  endloop
 endfacet
 facet normal 0.00000 -0.00000 1.00000
  outer loop
   vertex 23.2287 37.7871 90.5000
   vertex 23.9175 39.4501 90.5000
   vertex 10.9832 44.8077 90.5000
  endloop
 endfacet
 facet normal 0.00000 0.00000 1.00000
  outer loop
   vertex 23.2287 37.7871 90.5000
   vertex 10.9832 44.8077 90.5000
   vertex 10.2944 43.1447 90.5000
  endloop
 endfacet
 facet normal 0.92388 -0.38268 0.00000
  outer loop
   vertex 23.2287 37.7871 85.5000
   vertex 23.9175 39.4501 85.5000
   vertex 23.9175 39.4501 90.5000
  endloop
 endfacet
 facet normal 0.92388 -0.38268 0.00000
  outer loop
   vertex 23.2287 37.7871 85.5000
   vertex 23.9175 39.4501 90.5000
   vertex 23.2287 37.7871 90.5000
  endloop
 endfacet
 facet normal 0.38268 0.92388 0.00000
  outer loop
   vertex 23.9175 39.4501 85.5000
   vertex 10.9832 44.8077 85.5000
   vertex 10.9832 44.8077 90.5000
  endloop
 endfacet
 facet normal 0.38268 0.92388 -0.00000
  outer loop
   vertex 23.9175 39.4501 85.5000
   vertex 10.9832 44.8077 90.5000
   vertex 23.9175 39.4501 90.5000
  endloop
 endfacet
 facet normal -0.92388 0.38268 0.00000
  outer loop
   vertex 10.9832 44.8077 85.5000
   vertex 10.2944 43.1447 85.5000
   vertex 10.2944 43.1447 90.5000
  endloop
 endfacet
 facet normal -0.92388 0.38268 0.00000
  outer loop
   vertex 10.9832 44.8077 85.5000
   vertex 10.2944 43.1447 90.5000
   vertex 10.9832 44.8077 90.5000
  endloop
 endfacet
 facet normal -0.38268 -0.92388 0.00000
  outer loop
   vertex 10.2944 43.1447 85.5000
   vertex 23.2287 37.7871 85.5000
   vertex 23.2287 37.7871 90.5000
  endloop
 endfacet
 facet normal -0.38268 -0.92388 0.00000
  outer loop
   vertex 10.2944 43.1447 85.5000
   vertex 23.2287 37.7871 90.5000
   vertex 10.2944 43.1447 90.5000
  endloop
 endfacet
 facet normal -0.00000 0.00000 -1.00000
  outer loop
   vertex -10.2944 43.1447 85.5000
   vertex -23.9175 39.4501 85.5000
   vertex -10.9832 44.8077 85.5000
  endloop
 endfacet
 facet normal 0.00000 0.00000 -1.00000
  outer loop
   vertex -10.2944 43.1447 85.5000
   vertex -23.2287 37.7871 85.5000
   vertex -23.9175 39.4501 85.5000
  endloop
 endfacet
 facet normal 0.00000 0.00000 1.00000
  outer loop
   vertex -10.2944 43.1447 90.5000
   vertex -10.9832 44.8077 90.5000
   vertex -23.9175 39.4501 90.5000
  endloop
 endfacet
 facet normal 0.00000 0.00000 1.00000
  outer loop
   vertex -10.2944 43.1447 90.5000
   vertex -23.9175 39.4501 90.5000
   vertex -23.2287 37.7871 90.5000
  endloop
 endfacet
 facet normal 0.92388 0.38268 0.00000
  outer loop
   vertex -10.2944 43.1447 85.5000
   vertex -10.9832 44.8077 85.5000
   vertex -10.9832 44.8077 90.5000
  endloop
 endfacet
 facet normal 0.92388 0.38268 -0.00000
  outer loop
   vertex -10.2944 43.1447 85.5000
   vertex -10.9832 44.8077 90.5000
   vertex -10.2944 43.1447 90.5000
  endloop
 endfacet
 facet normal -0.38268 0.92388 0.00000
  outer loop
   vertex -10.9832 44.8077 85.5000
   vertex -23.9175 39.4501 85.5000
   vertex -23.9175 39.4501 90.5000
  endloop
 endfacet
 facet normal -0.38268 0.92388 0.00000
  outer loop
   vertex -10.9832 44.8077 85.5000
   vertex -23.9175 39.4501 90.5000
   vertex -10.9832 44.8077 90.5000
  endloop
 endfacet
 facet normal -0.92388 -0.38268 0.00000
  outer loop
   vertex -23.9175 39.4501 85.5000
   vertex -23.2287 37.7871 85.5000
   vertex -23.2287 37.7871 90.5000
  endloop
 endfacet
 facet normal -0.92388 -0.38268 0.00000
  outer loop
   vertex -23.9175 39.4501 85.5000
   vertex -23.2287 37.7871 90.5000
   vertex -23.9175 39.4501 90.5000
  endloop
 endfacet
 facet normal 0.38268 -0.92388 0.00000
  outer loop
   vertex -23.2287 37.7871 85.5000
   vertex -10.2944 43.1447 85.5000
   vertex -10.2944 43.1447 90.5000
  endloop
 endfacet
 facet normal 0.38268 -0.92388 0.00000
  outer loop
   vertex -23.2287 37.7871 85.5000
   vertex -10.2944 43.1447 90.5000
   vertex -23.2287 37.7871 90.5000
  endloop
 endfacet
 facet normal -0.00000 0.00000 -1.00000
  outer loop
   vertex -37.7871 23.2287 85.5000
   vertex -44.8077 10.9832 85.5000
   vertex -39.4501 23.9175 85.5000
  endloop
 endfacet
 facet normal 0.00000 0.00000 -1.00000
  outer loop
   vertex -37.7871 23.2287 85.5000
   vertex -43.1447 10.2944 85.5000
   vertex -44.8077 10.9832 85.5000
  endloop
 endfacet
 facet normal 0.00000 0.00000 1.00000
  outer loop
   vertex -37.7871 23.2287 90.5000
   vertex -39.4501 23.9175 90.5000
   vertex -44.8077 10.9832 90.5000
  endloop
 endfacet
 facet normal 0.00000 0.00000 1.00000
  outer loop
   vertex -37.7871 23.2287 90.5000
   vertex -44.8077 10.9832 90.5000
   vertex -43.1447 10.2944 90.5000
  endloop
 endfacet
 facet normal 0.38268 0.92388 0.00000
  outer loop
   vertex -37.7871 23.2287 85.5000
   vertex -39.4501 23.9175 85.5000
   vertex -39.4501 23.9175 90.5000
  endloop
 endfacet
 facet normal 0.38268 0.92388 -0.00000
  outer loop
   vertex -37.7871 23.2287 85.5000
   vertex -39.4501 23.9175 90.5000
   vertex -37.7871 23.2287 90.5000
  endloop
 endfacet
 facet normal -0.92388 0.38268 0.00000
  outer loop
   vertex -39.4501 23.9175 85.5000
   vertex -44.8077 10.9832 85.5000
   vertex -44.8077 10.9832 90.5000
  endloop
 endfacet
 facet normal -0.92388 0.38268 0.00000
  outer loop
   vertex -39.4501 23.9175 85.5000
   vertex -44.8077 10.9832 90.5000
   vertex -39.4501 23.9175 90.5000
  endloop
 endfacet
 facet normal -0.38268 -0.92388 0.00000
  outer loop
   vertex -44.8077 10.9832 85.5000
   vertex -43.1447 10.2944 85.5000
   vertex -43.1447 10.2944 90.5000
  endloop
 endfacet
 facet normal -0.38268 -0.92388 0.00000
  outer loop
   vertex -44.8077 10.9832 85.5000
   vertex -43.1447 10.2944 90.5000
   vertex -44.8077 10.9832 90.5000
  endloop
 endfacet
 facet normal 0.92388 -0.38268 0.00000
  outer loop
   vertex -43.1447 10.2944 85.5000
   vertex -37.7871 23.2287 85.5000
   vertex -37.7871 23.2287 90.5000
  endloop
 endfacet
 facet normal 0.92388 -0.38268 0.00000
  outer loop
   vertex -43.1447 10.2944 85.5000
   vertex -37.7871 23.2287 90.5000
   vertex -43.1447 10.2944 90.5000
  endloop
 endfacet
 facet normal 0.00000 -0.00000 -1.00000
  outer loop
   vertex -43.1447 -10.2944 85.5000
   vertex -39.4501 -23.9175 85.5000
   vertex -44.8077 -10.9832 85.5000
  endloop
 endfacet
 facet normal 0.00000 0.00000 -1.00000
  outer loop
   vertex -43.1447 -10.2944 85.5000
   vertex -37.7871 -23.2287 85.5000
   vertex -39.4501 -23.9175 85.5000
  endloop
 endfacet
 facet normal 0.00000 0.00000 1.00000
  outer loop
   vertex -43.1447 -10.2944 90.5000
   vertex -44.8077 -10.9832 90.5000
   vertex -39.4501 -23.9175 90.5000
  endloop
 endfacet
 facet normal 0.00000 0.00000 1.00000
  outer loop
   vertex -43.1447 -10.2944 90.5000
   vertex -39.4501 -23.9175 90.5000
   vertex -37.7871 -23.2287 90.5000
  endloop
 endfacet
 facet normal -0.38268 0.92388 0.00000
  outer loop
   vertex -43.1447 -10.2944 85.5000
   vertex -44.8077 -10.9832 85.5000
   vertex -44.8077 -10.9832 90.5000
  endloop
 endfacet
 facet normal -0.38268 0.92388 0.00000
  outer loop
   vertex -43.1447 -10.2944 85.5000
   vertex -44.8077 -10.9832 90.5000
   vertex -43.1447 -10.2944 90.5000
  endloop
 endfacet
 facet normal -0.92388 -0.38268 0.00000
  outer loop
   vertex -44.8077 -10.9832 85.5000
   vertex -39.4501 -23.9175 85.5000
   vertex -39.4501 -23.9175 90.5000
  endloop
 endfacet
 facet normal -0.92388 -0.38268 0.00000
  outer loop
   vertex -44.8077 -10.9832 85.5000
   vertex -39.4501 -23.9175 90.5000
   vertex -44.8077 -10.9832 90.5000
  endloop
 endfacet
 facet normal 0.38268 -0.92388 0.00000
  outer loop
   vertex -39.4501 -23.9175 85.5000
   vertex -37.7871 -23.2287 85.5000
   vertex -37.7871 -23.2287 90.5000
  endloop
 endfacet
 facet normal 0.38268 -0.92388 0.00000
  outer loop
   vertex -39.4501 -23.9175 85.5000
   vertex -37.7871 -23.2287 90.5000
   vertex -39.4501 -23.9175 90.5000
  endloop
 endfacet
 facet normal 0.92388 0.38268 0.00000
  outer loop
   vertex -37.7871 -23.2287 85.5000
   vertex -43.1447 -10.2944 85.5000
   vertex -43.1447 -10.2944 90.5000
  endloop
 endfacet
 facet normal 0.92388 0.38268 -0.00000
  outer loop
   vertex -37.7871 -23.2287 85.5000
   vertex -43.1447 -10.2944 90.5000
   vertex -37.7871 -23.2287 90.5000
  endloop
 endfacet
 facet normal 0.00000 -0.00000 -1.00000
  outer loop
   vertex -23.2287 -37.7871 85.5000
   vertex -10.9832 -44.8077 85.5000
   vertex -23.9175 -39.4501 85.5000
  endloop
 endfacet
 facet normal 0.00000 0.00000 -1.00000
  outer loop
   vertex -23.2287 -37.7871 85.5000
   vertex -10.2944 -43.1447 85.5000
   vertex -10.9832 -44.8077 85.5000
  endloop
 endfacet
 facet normal 0.00000 0.00000 1.00000
  outer loop
   vertex -23.2287 -37.7871 90.5000
   vertex -23.9175 -39.4501 90.5000
   vertex -10.9832 -44.8077 90.5000
  endloop
 endfacet
 facet normal 0.00000 0.00000 1.00000
  outer loop
   vertex -23.2287 -37.7871 90.5000
   vertex -10.9832 -44.8077 90.5000
   vertex -10.2944 -43.1447 90.5000
  endloop
 endfacet
 facet normal -0.92388 0.38268 0.00000
  outer loop
   vertex -23.2287 -37.7871 85.5000
   vertex -23.9175 -39.4501 85.5000
   vertex -23.9175 -39.4501 90.5000
  endloop
 endfacet
 facet normal -0.92388 0.38268 0.00000
  outer loop
   vertex -23.2287 -37.7871 85.5000
   vertex -23.9175 -39.4501 90.5000
   vertex -23.2287 -37.7871 90.5000
  endloop
 endfacet
 facet normal -0.38268 -0.92388 0.00000
  outer loop
   vertex -23.9175 -39.4501 85.5000
   vertex -10.9832 -44.8077 85.5000
   vertex -10.9832 -44.8077 90.5000
  endloop
 endfacet
 facet normal -0.38268 -0.92388 0.00000
  outer loop
   vertex -23.9175 -39.4501 85.5000
   vertex -10.9832 -44.8077 90.5000
   vertex -23.9175 -39.4501 90.5000
  endloop
 endfacet
 facet normal 0.92388 -0.38268 0.00000
  outer loop
   vertex -10.9832 -44.8077 85.5000
   vertex -10.2944 -43.1447 85.5000
   vertex -10.2944 -43.1447 90.5000
  endloop
 endfacet
 facet normal 0.92388 -0.38268 0.00000
  outer loop
   vertex -10.9832 -44.8077 85.5000
   vertex -10.2944 -43.1447 90.5000
   vertex -10.9832 -44.8077 90.5000
  endloop
 endfacet
 facet normal 0.38268 0.92388 0.00000
  outer loop
   vertex -10.2944 -43.1447 85.5000
   vertex -23.2287 -37.7871 85.5000
   vertex -23.2287 -37.7871 90.5000
  endloop
 endfacet
 facet normal 0.38268 0.92388 -0.00000
  outer loop
   vertex -10.2944 -43.1447 85.5000
   vertex -23.2287 -37.7871 90.5000
   vertex -10.2944 -43.1447 90.5000
  endloop
 endfacet
 facet normal 0.00000 0.00000 -1.00000
  outer loop
   vertex 10.2944 -43.1447 85.5000
   vertex 23.9175 -39.4501 85.5000
   vertex 10.9832 -44.8077 85.5000
  endloop
 endfacet
 facet normal 0.00000 0.00000 -1.00000
  outer loop
   vertex 10.2944 -43.1447 85.5000
   vertex 23.2287 -37.7871 85.5000
   vertex 23.9175 -39.4501 85.5000
  endloop
 endfacet
 facet normal -0.00000 0.00000 1.00000
  outer loop
   vertex 10.2944 -43.1447 90.5000
   vertex 10.9832 -44.8077 90.5000
   vertex 23.9175 -39.4501 90.5000
  endloop
 endfacet
 facet normal 0.00000 0.00000 1.00000
  outer loop
   vertex 10.2944 -43.1447 90.5000
   vertex 23.9175 -39.4501 90.5000
   vertex 23.2287 -37.7871 90.5000
  endloop
 endfacet
 facet normal -0.92388 -0.38268 0.00000
  outer loop
   vertex 10.2944 -43.1447 85.5000
   vertex 10.9832 -44.8077 85.5000
   vertex 10.9832 -44.8077 90.5000
  endloop
 endfacet
 facet normal -0.92388 -0.38268 0.00000
  outer loop
   vertex 10.2944 -43.1447 85.5000
   vertex 10.9832 -44.8077 90.5000
   vertex 10.2944 -43.1447 90.5000
  endloop
 endfacet
 facet normal 0.38268 -0.92388 0.00000
  outer loop
   vertex 10.9832 -44.8077 85.5000
   vertex 23.9175 -39.4501 85.5000
   vertex 23.9175 -39.4501 90.5000
  endloop
 endfacet
 facet normal 0.38268 -0.92388 0.00000
  outer loop
   vertex 10.9832 -44.8077 85.5000
   vertex 23.9175 -39.4501 90.5000
   vertex 10.9832 -44.8077 90.5000
  endloop
 endfacet
 facet normal 0.92388 0.38268 0.00000
  outer loop
   vertex 23.9175 -39.4501 85.5000
   vertex 23.2287 -37.7871 85.5000
   vertex 23.2287 -37.7871 90.5000
  endloop
 endfacet
 facet normal 0.92388 0.38268 -0.00000
  outer loop
   vertex 23.9175 -39.4501 85.5000
   vertex 23.2287 -37.7871 90.5000
   vertex 23.9175 -39.4501 90.5000
  endloop
 endfacet
 facet normal -0.38268 0.92388 0.00000
  outer loop
   vertex 23.2287 -37.7871 85.5000
   vertex 10.2944 -43.1447 85.5000
   vertex 10.2944 -43.1447 90.5000
  endloop
 endfacet
 facet normal -0.38268 0.92388 0.00000
  outer loop
   vertex 23.2287 -37.7871 85.5000
   vertex 10.2944 -43.1447 90.5000
   vertex 23.2287 -37.7871 90.5000
  endloop
 endfacet
 facet normal 0.00000 0.00000 -1.00000
  outer loop
   vertex 37.7871 -23.2287 85.5000
   vertex 44.8077 -10.9832 85.5000
   vertex 39.4501 -23.9175 85.5000
  endloop
 endfacet
 facet normal 0.00000 0.00000 -1.00000
  outer loop
   vertex 37.7871 -23.2287 85.5000
   vertex 43.1447 -10.2944 85.5000
   vertex 44.8077 -10.9832 85.5000
  endloop
 endfacet
 facet normal -0.00000 0.00000 1.00000
  outer loop
   vertex 37.7871 -23.2287 90.5000
   vertex 39.4501 -23.9175 90.5000
   vertex 44.8077 -10.9832 90.5000
  endloop
 endfacet
 facet normal 0.00000 0.00000 1.00000
  outer loop
   vertex 37.7871 -23.2287 90.5000
   vertex 44.8077 -10.9832 90.5000
   vertex 43.1447 -10.2944 90.5000
  endloop
 endfacet
 facet normal -0.38268 -0.92388 0.00000
  outer loop
   vertex 37.7871 -23.2287 85.5000
   vertex 39.4501 -23.9175 85.5000
   vertex 39.4501 -23.9175 90.5000
  endloop
 endfacet
 facet normal -0.38268 -0.92388 0.00000
  outer loop
   vertex 37.7871 -23.2287 85.5000
   vertex 39.4501 -23.9175 90.5000
   vertex 37.7871 -23.2287 90.5000
  endloop
 endfacet
 facet normal 0.92388 -0.38268 0.00000
  outer loop
   vertex 39.4501 -23.9175 85.5000
   vertex 44.8077 -10.9832 85.5000
   vertex 44.8077 -10.9832 90.5000
  endloop
 endfacet
 facet normal 0.92388 -0.38268 0.00000
  outer loop
   vertex 39.4501 -23.9175 85.5000
   vertex 44.8077 -10.9832 90.5000
   vertex 39.4501 -23.9175 90.5000
  endloop
 endfacet
 facet normal 0.38268 0.92388 0.00000
  outer loop
   vertex 44.8077 -10.9832 85.5000
   vertex 43.1447 -10.2944 85.5000
   vertex 43.1447 -10.2944 90.5000
  endloop
 endfacet
 facet normal 0.38268 0.92388 -0.00000
  outer loop
   vertex 44.8077 -10.9832 85.5000
   vertex 43.1447 -10.2944 90.5000
   vertex 44.8077 -10.9832 90.5000
  endloop
 endfacet
 facet normal -0.92388 0.38268 0.00000
  outer loop
   vertex 43.1447 -10.2944 85.5000
   vertex 37.7871 -23.2287 85.5000
   vertex 37.7871 -23.2287 90.5000
  endloop
 endfacet
 facet normal -0.92388 0.38268 0.00000
  outer loop
   vertex 43.1447 -10.2944 85.5000
   vertex 37.7871 -23.2287 90.5000
   vertex 43.1447 -10.2944 90.5000
  endloop
 endfacet
 facet normal 0.00000 0.00000 -1.00000
  outer loop
   vertex 43.8000 -18.0000 124.0000
   vertex 45.6000 18.0000 124.0000
   vertex 45.6000 -18.0000 124.0000
  endloop
 endfacet
 facet normal 0.00000 0.00000 -1.00000
  outer loop
   vertex 43.8000 -18.0000 124.0000
   vertex 43.8000 18.0000 124.0000
   vertex 45.6000 18.0000 124.0000
  endloop
 endfacet
 facet normal 0.00000 0.00000 1.00000
  outer loop
   vertex 43.8000 -18.0000 127.5000
   vertex 45.6000 -18.0000 127.5000
   vertex 45.6000 18.0000 127.5000
  endloop
 endfacet
 facet normal 0.00000 0.00000 1.00000
  outer loop
   vertex 43.8000 -18.0000 127.5000
   vertex 45.6000 18.0000 127.5000
   vertex 43.8000 18.0000 127.5000
  endloop
 endfacet
 facet normal 0.00000 -1.00000 0.00000
  outer loop
   vertex 43.8000 -18.0000 124.0000
   vertex 45.6000 -18.0000 124.0000
   vertex 45.6000 -18.0000 127.5000
  endloop
 endfacet
 facet normal 0.00000 -1.00000 0.00000
  outer loop
   vertex 43.8000 -18.0000 124.0000
   vertex 45.6000 -18.0000 127.5000
   vertex 43.8000 -18.0000 127.5000
  endloop
 endfacet
 facet normal 1.00000 0.00000 0.00000
  outer loop
   vertex 45.6000 -18.0000 124.0000
   vertex 45.6000 18.0000 124.0000
   vertex 45.6000 18.0000 127.5000
  endloop
 endfacet
 facet normal 1.00000 0.00000 0.00000
  outer loop
   vertex 45.6000 -18.0000 124.0000
   vertex 45.6000 18.0000 127.5000
   vertex 45.6000 -18.0000 127.5000
  endloop
 endfacet
 facet normal 0.00000 1.00000 0.00000
  outer loop
   vertex 45.6000 18.0000 124.0000
   vertex 43.8000 18.0000 124.0000
   vertex 43.8000 18.0000 127.5000
  endloop
 endfacet
 facet normal 0.00000 1.00000 -0.00000
  outer loop
   vertex 45.6000 18.0000 124.0000
   vertex 43.8000 18.0000 127.5000
   vertex 45.6000 18.0000 127.5000
  endloop
 endfacet
 facet normal -1.00000 0.00000 0.00000
  outer loop
   vertex 43.8000 18.0000 124.0000
   vertex 43.8000 -18.0000 124.0000
   vertex 43.8000 -18.0000 127.5000
  endloop
 endfacet
 facet normal -1.00000 0.00000 0.00000
  outer loop
   vertex 43.8000 18.0000 124.0000
   vertex 43.8000 -18.0000 127.5000
   vertex 43.8000 18.0000 127.5000
  endloop
 endfacet
 facet normal 0.00000 0.00000 -1.00000
  outer loop
   vertex 43.8000 -18.0000 129.5000
   vertex 45.6000 18.0000 129.5000
   vertex 45.6000 -18.0000 129.5000
  endloop
 endfacet
 facet normal 0.00000 0.00000 -1.00000
  outer loop
   vertex 43.8000 -18.0000 129.5000
   vertex 43.8000 18.0000 129.5000
   vertex 45.6000 18.0000 129.5000
  endloop
 endfacet
 facet normal 0.00000 0.00000 1.00000
  outer loop
   vertex 43.8000 -18.0000 133.0000
   vertex 45.6000 -18.0000 133.0000
   vertex 45.6000 18.0000 133.0000
  endloop
 endfacet
 facet normal 0.00000 0.00000 1.00000
  outer loop
   vertex 43.8000 -18.0000 133.0000
   vertex 45.6000 18.0000 133.0000
   vertex 43.8000 18.0000 133.0000
  endloop
 endfacet
 facet normal 0.00000 -1.00000 0.00000
  outer loop
   vertex 43.8000 -18.0000 129.5000
   vertex 45.6000 -18.0000 129.5000
   vertex 45.6000 -18.0000 133.0000
  endloop
 endfacet
 facet normal 0.00000 -1.00000 0.00000
  outer loop
   vertex 43.8000 -18.0000 129.5000
   vertex 45.6000 -18.0000 133.0000
   vertex 43.8000 -18.0000 133.0000
  endloop
 endfacet
 facet normal 1.00000 0.00000 0.00000
  outer loop
   vertex 45.6000 -18.0000 129.5000
   vertex 45.6000 18.0000 129.5000
   vertex 45.6000 18.0000 133.0000
  endloop
 endfacet
 facet normal 1.00000 0.00000 0.00000
  outer loop
   vertex 45.6000 -18.0000 129.5000
   vertex 45.6000 18.0000 133.0000
   vertex 45.6000 -18.0000 133.0000
  endloop
 endfacet
 facet normal 0.00000 1.00000 0.00000
  outer loop
   vertex 45.6000 18.0000 129.5000
   vertex 43.8000 18.0000 129.5000
   vertex 43.8000 18.0000 133.0000
  endloop
 endfacet
 facet normal 0.00000 1.00000 -0.00000
  outer loop
   vertex 45.6000 18.0000 129.5000
   vertex 43.8000 18.0000 133.0000
   vertex 45.6000 18.0000 133.0000
  endloop
 endfacet
 facet normal -1.00000 0.00000 0.00000
  outer loop
   vertex 43.8000 18.0000 129.5000
   vertex 43.8000 -18.0000 129.5000
   vertex 43.8000 -18.0000 133.0000
  endloop
 endfacet
 facet normal -1.00000 0.00000 0.00000
  outer loop
   vertex 43.8000 18.0000 129.5000
   vertex 43.8000 -18.0000 133.0000
   vertex 43.8000 18.0000 133.0000
  endloop
 endfacet
 facet normal 0.00000 0.00000 -1.00000
  outer loop
   vertex 43.8000 -18.0000 135.0000
   vertex 45.6000 18.0000 135.0000
   vertex 45.6000 -18.0000 135.0000
  endloop
 endfacet
 facet normal 0.00000 0.00000 -1.00000
  outer loop
   vertex 43.8000 -18.0000 135.0000
   vertex 43.8000 18.0000 135.0000
   vertex 45.6000 18.0000 135.0000
  endloop
 endfacet
 facet normal 0.00000 0.00000 1.00000
  outer loop
   vertex 43.8000 -18.0000 138.5000
   vertex 45.6000 -18.0000 138.5000
   vertex 45.6000 18.0000 138.5000
  endloop
 endfacet
 facet normal 0.00000 0.00000 1.00000
  outer loop
   vertex 43.8000 -18.0000 138.5000
   vertex 45.6000 18.0000 138.5000
   vertex 43.8000 18.0000 138.5000
  endloop
 endfacet
 facet normal 0.00000 -1.00000 0.00000
  outer loop
   vertex 43.8000 -18.0000 135.0000
   vertex 45.6000 -18.0000 135.0000
   vertex 45.6000 -18.0000 138.5000
  endloop
 endfacet
 facet normal 0.00000 -1.00000 0.00000
  outer loop
   vertex 43.8000 -18.0000 135.0000
   vertex 45.6000 -18.0000 138.5000
   vertex 43.8000 -18.0000 138.5000
  endloop
 endfacet
 facet normal 1.00000 0.00000 0.00000
  outer loop
   vertex 45.6000 -18.0000 135.0000
   vertex 45.6000 18.0000 135.0000
   vertex 45.6000 18.0000 138.5000
  endloop
 endfacet
 facet normal 1.00000 0.00000 0.00000
  outer loop
   vertex 45.6000 -18.0000 135.0000
   vertex 45.6000 18.0000 138.5000
   vertex 45.6000 -18.0000 138.5000
  endloop
 endfacet
 facet normal 0.00000 1.00000 0.00000
  outer loop
   vertex 45.6000 18.0000 135.0000
   vertex 43.8000 18.0000 135.0000
   vertex 43.8000 18.0000 138.5000
  endloop
 endfacet
 facet normal 0.00000 1.00000 -0.00000
  outer loop
   vertex 45.6000 18.0000 135.0000
   vertex 43.8000 18.0000 138.5000
   vertex 45.6000 18.0000 138.5000
  endloop
 endfacet
 facet normal -1.00000 0.00000 0.00000
  outer loop
   vertex 43.8000 18.0000 135.0000
   vertex 43.8000 -18.0000 135.0000
   vertex 43.8000 -18.0000 138.5000
  endloop
 endfacet
 facet normal -1.00000 0.00000 0.00000
  outer loop
   vertex 43.8000 18.0000 135.0000
   vertex 43.8000 -18.0000 138.5000
   vertex 43.8000 18.0000 138.5000
  endloop
 endfacet
 facet normal 0.00000 0.00000 -1.00000
  outer loop
   vertex 43.8000 -18.0000 140.5000
   vertex 45.6000 18.0000 140.5000
   vertex 45.6000 -18.0000 140.5000
  endloop
 endfacet
 facet normal 0.00000 0.00000 -1.00000
  outer loop
   vertex 43.8000 -18.0000 140.5000
   vertex 43.8000 18.0000 140.5000
   vertex 45.6000 18.0000 140.5000
  endloop
 endfacet
 facet normal 0.00000 0.00000 1.00000
  outer loop
   vertex 43.8000 -18.0000 144.0000
   vertex 45.6000 -18.0000 144.0000
   vertex 45.6000 18.0000 144.0000
  endloop
 endfacet
 facet normal 0.00000 0.00000 1.00000
  outer loop
   vertex 43.8000 -18.0000 144.0000
   vertex 45.6000 18.0000 144.0000
   vertex 43.8000 18.0000 144.0000
  endloop
 endfacet
 facet normal 0.00000 -1.00000 0.00000
  outer loop
   vertex 43.8000 -18.0000 140.5000
   vertex 45.6000 -18.0000 140.5000
   vertex 45.6000 -18.0000 144.0000
  endloop
 endfacet
 facet normal 0.00000 -1.00000 0.00000
  outer loop
   vertex 43.8000 -18.0000 140.5000
   vertex 45.6000 -18.0000 144.0000
   vertex 43.8000 -18.0000 144.0000
  endloop
 endfacet
 facet normal 1.00000 0.00000 0.00000
  outer loop
   vertex 45.6000 -18.0000 140.5000
   vertex 45.6000 18.0000 140.5000
   vertex 45.6000 18.0000 144.0000
  endloop
 endfacet
 facet normal 1.00000 0.00000 0.00000
  outer loop
   vertex 45.6000 -18.0000 140.5000
   vertex 45.6000 18.0000 144.0000
   vertex 45.6000 -18.0000 144.0000
  endloop
 endfacet
 facet normal 0.00000 1.00000 0.00000
  outer loop
   vertex 45.6000 18.0000 140.5000
   vertex 43.8000 18.0000 140.5000
   vertex 43.8000 18.0000 144.0000
  endloop
 endfacet
 facet normal 0.00000 1.00000 -0.00000
  outer loop
   vertex 45.6000 18.0000 140.5000
   vertex 43.8000 18.0000 144.0000
   vertex 45.6000 18.0000 144.0000
  endloop
 endfacet
 facet normal -1.00000 0.00000 0.00000
  outer loop
   vertex 43.8000 18.0000 140.5000
   vertex 43.8000 -18.0000 140.5000
   vertex 43.8000 -18.0000 144.0000
  endloop
 endfacet
 facet normal -1.00000 0.00000 0.00000
  outer loop
   vertex 43.8000 18.0000 140.5000
   vertex 43.8000 -18.0000 144.0000
   vertex 43.8000 18.0000 144.0000
  endloop
 endfacet
 facet normal -0.00000 0.00000 -1.00000
  outer loop
   vertex -43.8000 18.0000 124.0000
   vertex -45.6000 -18.0000 124.0000
   vertex -45.6000 18.0000 124.0000
  endloop
 endfacet
 facet normal 0.00000 -0.00000 -1.00000
  outer loop
   vertex -43.8000 18.0000 124.0000
   vertex -43.8000 -18.0000 124.0000
   vertex -45.6000 -18.0000 124.0000
  endloop
 endfacet
 facet normal 0.00000 0.00000 1.00000
  outer loop
   vertex -43.8000 18.0000 127.5000
   vertex -45.6000 18.0000 127.5000
   vertex -45.6000 -18.0000 127.5000
  endloop
 endfacet
 facet normal 0.00000 0.00000 1.00000
  outer loop
   vertex -43.8000 18.0000 127.5000
   vertex -45.6000 -18.0000 127.5000
   vertex -43.8000 -18.0000 127.5000
  endloop
 endfacet
 facet normal 0.00000 1.00000 0.00000
  outer loop
   vertex -43.8000 18.0000 124.0000
   vertex -45.6000 18.0000 124.0000
   vertex -45.6000 18.0000 127.5000
  endloop
 endfacet
 facet normal 0.00000 1.00000 -0.00000
  outer loop
   vertex -43.8000 18.0000 124.0000
   vertex -45.6000 18.0000 127.5000
   vertex -43.8000 18.0000 127.5000
  endloop
 endfacet
 facet normal -1.00000 0.00000 0.00000
  outer loop
   vertex -45.6000 18.0000 124.0000
   vertex -45.6000 -18.0000 124.0000
   vertex -45.6000 -18.0000 127.5000
  endloop
 endfacet
 facet normal -1.00000 0.00000 0.00000
  outer loop
   vertex -45.6000 18.0000 124.0000
   vertex -45.6000 -18.0000 127.5000
   vertex -45.6000 18.0000 127.5000
  endloop
 endfacet
 facet normal 0.00000 -1.00000 0.00000
  outer loop
   vertex -45.6000 -18.0000 124.0000
   vertex -43.8000 -18.0000 124.0000
   vertex -43.8000 -18.0000 127.5000
  endloop
 endfacet
 facet normal 0.00000 -1.00000 0.00000
  outer loop
   vertex -45.6000 -18.0000 124.0000
   vertex -43.8000 -18.0000 127.5000
   vertex -45.6000 -18.0000 127.5000
  endloop
 endfacet
 facet normal 1.00000 0.00000 0.00000
  outer loop
   vertex -43.8000 -18.0000 124.0000
   vertex -43.8000 18.0000 124.0000
   vertex -43.8000 18.0000 127.5000
  endloop
 endfacet
 facet normal 1.00000 0.00000 0.00000
  outer loop
   vertex -43.8000 -18.0000 124.0000
   vertex -43.8000 18.0000 127.5000
   vertex -43.8000 -18.0000 127.5000
  endloop
 endfacet
 facet normal -0.00000 0.00000 -1.00000
  outer loop
   vertex -43.8000 18.0000 129.5000
   vertex -45.6000 -18.0000 129.5000
   vertex -45.6000 18.0000 129.5000
  endloop
 endfacet
 facet normal 0.00000 -0.00000 -1.00000
  outer loop
   vertex -43.8000 18.0000 129.5000
   vertex -43.8000 -18.0000 129.5000
   vertex -45.6000 -18.0000 129.5000
  endloop
 endfacet
 facet normal 0.00000 0.00000 1.00000
  outer loop
   vertex -43.8000 18.0000 133.0000
   vertex -45.6000 18.0000 133.0000
   vertex -45.6000 -18.0000 133.0000
  endloop
 endfacet
 facet normal 0.00000 0.00000 1.00000
  outer loop
   vertex -43.8000 18.0000 133.0000
   vertex -45.6000 -18.0000 133.0000
   vertex -43.8000 -18.0000 133.0000
  endloop
 endfacet
 facet normal 0.00000 1.00000 0.00000
  outer loop
   vertex -43.8000 18.0000 129.5000
   vertex -45.6000 18.0000 129.5000
   vertex -45.6000 18.0000 133.0000
  endloop
 endfacet
 facet normal 0.00000 1.00000 -0.00000
  outer loop
   vertex -43.8000 18.0000 129.5000
   vertex -45.6000 18.0000 133.0000
   vertex -43.8000 18.0000 133.0000
  endloop
 endfacet
 facet normal -1.00000 0.00000 0.00000
  outer loop
   vertex -45.6000 18.0000 129.5000
   vertex -45.6000 -18.0000 129.5000
   vertex -45.6000 -18.0000 133.0000
  endloop
 endfacet
 facet normal -1.00000 0.00000 0.00000
  outer loop
   vertex -45.6000 18.0000 129.5000
   vertex -45.6000 -18.0000 133.0000
   vertex -45.6000 18.0000 133.0000
  endloop
 endfacet
 facet normal 0.00000 -1.00000 0.00000
  outer loop
   vertex -45.6000 -18.0000 129.5000
   vertex -43.8000 -18.0000 129.5000
   vertex -43.8000 -18.0000 133.0000
  endloop
 endfacet
 facet normal 0.00000 -1.00000 0.00000
  outer loop
   vertex -45.6000 -18.0000 129.5000
   vertex -43.8000 -18.0000 133.0000
   vertex -45.6000 -18.0000 133.0000
  endloop
 endfacet
 facet normal 1.00000 0.00000 0.00000
  outer loop
   vertex -43.8000 -18.0000 129.5000
   vertex -43.8000 18.0000 129.5000
   vertex -43.8000 18.0000 133.0000
  endloop
 endfacet
 facet normal 1.00000 0.00000 0.00000
  outer loop
   vertex -43.8000 -18.0000 129.5000
   vertex -43.8000 18.0000 133.0000
   vertex -43.8000 -18.0000 133.0000
  endloop
 endfacet
 facet normal -0.00000 0.00000 -1.00000
  outer loop
   vertex -43.8000 18.0000 135.0000
   vertex -45.6000 -18.0000 135.0000
   vertex -45.6000 18.0000 135.0000
  endloop
 endfacet
 facet normal 0.00000 -0.00000 -1.00000
  outer loop
   vertex -43.8000 18.0000 135.0000
   vertex -43.8000 -18.0000 135.0000
   vertex -45.6000 -18.0000 135.0000
  endloop
 endfacet
 facet normal 0.00000 0.00000 1.00000
  outer loop
   vertex -43.8000 18.0000 138.5000
   vertex -45.6000 18.0000 138.5000
   vertex -45.6000 -18.0000 138.5000
  endloop
 endfacet
 facet normal 0.00000 0.00000 1.00000
  outer loop
   vertex -43.8000 18.0000 138.5000
   vertex -45.6000 -18.0000 138.5000
   vertex -43.8000 -18.0000 138.5000
  endloop
 endfacet
 facet normal 0.00000 1.00000 0.00000
  outer loop
   vertex -43.8000 18.0000 135.0000
   vertex -45.6000 18.0000 135.0000
   vertex -45.6000 18.0000 138.5000
  endloop
 endfacet
 facet normal 0.00000 1.00000 -0.00000
  outer loop
   vertex -43.8000 18.0000 135.0000
   vertex -45.6000 18.0000 138.5000
   vertex -43.8000 18.0000 138.5000
  endloop
 endfacet
 facet normal -1.00000 0.00000 0.00000
  outer loop
   vertex -45.6000 18.0000 135.0000
   vertex -45.6000 -18.0000 135.0000
   vertex -45.6000 -18.0000 138.5000
  endloop
 endfacet
 facet normal -1.00000 0.00000 0.00000
  outer loop
   vertex -45.6000 18.0000 135.0000
   vertex -45.6000 -18.0000 138.5000
   vertex -45.6000 18.0000 138.5000
  endloop
 endfacet
 facet normal 0.00000 -1.00000 0.00000
  outer loop
   vertex -45.6000 -18.0000 135.0000
   vertex -43.8000 -18.0000 135.0000
   vertex -43.8000 -18.0000 138.5000
  endloop
 endfacet
 facet normal 0.00000 -1.00000 0.00000
  outer loop
   vertex -45.6000 -18.0000 135.0000
   vertex -43.8000 -18.0000 138.5000
   vertex -45.6000 -18.0000 138.5000
  endloop
 endfacet
 facet normal 1.00000 0.00000 0.00000
  outer loop
   vertex -43.8000 -18.0000 135.0000
   vertex -43.8000 18.0000 135.0000
   vertex -43.8000 18.0000 138.5000
  endloop
 endfacet
 facet normal 1.00000 0.00000 0.00000
  outer loop
   vertex -43.8000 -18.0000 135.0000
   vertex -43.8000 18.0000 138.5000
   vertex -43.8000 -18.0000 138.5000
  endloop
 endfacet
 facet normal -0.00000 0.00000 -1.00000
  outer loop
   vertex -43.8000 18.0000 140.5000
   vertex -45.6000 -18.0000 140.5000
   vertex -45.6000 18.0000 140.5000
  endloop
 endfacet
 facet normal 0.00000 -0.00000 -1.00000
  outer loop
   vertex -43.8000 18.0000 140.5000
   vertex -43.8000 -18.0000 140.5000
   vertex -45.6000 -18.0000 140.5000
  endloop
 endfacet
 facet normal 0.00000 0.00000 1.00000
  outer loop
   vertex -43.8000 18.0000 144.0000
   vertex -45.6000 18.0000 144.0000
   vertex -45.6000 -18.0000 144.0000
  endloop
 endfacet
 facet normal 0.00000 0.00000 1.00000
  outer loop
   vertex -43.8000 18.0000 144.0000
   vertex -45.6000 -18.0000 144.0000
   vertex -43.8000 -18.0000 144.0000
  endloop
 endfacet
 facet normal 0.00000 1.00000 0.00000
  outer loop
   vertex -43.8000 18.0000 140.5000
   vertex -45.6000 18.0000 140.5000
   vertex -45.6000 18.0000 144.0000
  endloop
 endfacet
 facet normal 0.00000 1.00000 -0.00000
  outer loop
   vertex -43.8000 18.0000 140.5000
   vertex -45.6000 18.0000 144.0000
   vertex -43.8000 18.0000 144.0000
  endloop
 endfacet
 facet normal -1.00000 0.00000 0.00000
  outer loop
   vertex -45.6000 18.0000 140.5000
   vertex -45.6000 -18.0000 140.5000
   vertex -45.6000 -18.0000 144.0000
  endloop
 endfacet
 facet normal -1.00000 0.00000 0.00000
  outer loop
   vertex -45.6000 18.0000 140.5000
   vertex -45.6000 -18.0000 144.0000
   vertex -45.6000 18.0000 144.0000
  endloop
 endfacet
 facet normal 0.00000 -1.00000 0.00000
  outer loop
   vertex -45.6000 -18.0000 140.5000
   vertex -43.8000 -18.0000 140.5000
   vertex -43.8000 -18.0000 144.0000
  endloop
 endfacet
 facet normal 0.00000 -1.00000 0.00000
  outer loop
   vertex -45.6000 -18.0000 140.5000
   vertex -43.8000 -18.0000 144.0000
   vertex -45.6000 -18.0000 144.0000
  endloop
 endfacet
 facet normal 1.00000 0.00000 0.00000
  outer loop
   vertex -43.8000 -18.0000 140.5000
   vertex -43.8000 18.0000 140.5000
   vertex -43.8000 18.0000 144.0000
  endloop
 endfacet
 facet normal 1.00000 0.00000 0.00000
  outer loop
   vertex -43.8000 -18.0000 140.5000
   vertex -43.8000 18.0000 144.0000
   vertex -43.8000 -18.0000 144.0000
  endloop
 endfacet
 facet normal 0.00000 0.00000 -1.00000
  outer loop
   vertex -20.0000 -20.0000 92.0000
   vertex 20.0000 -17.0000 92.0000
   vertex 20.0000 -20.0000 92.0000
  endloop
 endfacet
 facet normal 0.00000 0.00000 -1.00000
  outer loop
   vertex -20.0000 -20.0000 92.0000
   vertex -20.0000 -17.0000 92.0000
   vertex 20.0000 -17.0000 92.0000
  endloop
 endfacet
 facet normal 0.00000 0.00000 1.00000
  outer loop
   vertex -20.0000 -20.0000 120.0000
   vertex 20.0000 -20.0000 120.0000
   vertex 20.0000 -17.0000 120.0000
  endloop
 endfacet
 facet normal 0.00000 0.00000 1.00000
  outer loop
   vertex -20.0000 -20.0000 120.0000
   vertex 20.0000 -17.0000 120.0000
   vertex -20.0000 -17.0000 120.0000
  endloop
 endfacet
 facet normal 0.00000 -1.00000 0.00000
  outer loop
   vertex -20.0000 -20.0000 92.0000
   vertex 20.0000 -20.0000 92.0000
   vertex 20.0000 -20.0000 120.0000
  endloop
 endfacet
 facet normal 0.00000 -1.00000 0.00000
  outer loop
   vertex -20.0000 -20.0000 92.0000
   vertex 20.0000 -20.0000 120.0000
   vertex -20.0000 -20.0000 120.0000
  endloop
 endfacet
 facet normal 1.00000 0.00000 0.00000
  outer loop
   vertex 20.0000 -20.0000 92.0000
   vertex 20.0000 -17.0000 92.0000
   vertex 20.0000 -17.0000 120.0000
  endloop
 endfacet
 facet normal 1.00000 0.00000 0.00000
  outer loop
   vertex 20.0000 -20.0000 92.0000
   vertex 20.0000 -17.0000 120.0000
   vertex 20.0000 -20.0000 120.0000
  endloop
 endfacet
 facet normal 0.00000 1.00000 0.00000
  outer loop
   vertex 20.0000 -17.0000 92.0000
   vertex -20.0000 -17.0000 92.0000
   vertex -20.0000 -17.0000 120.0000
  endloop
 endfacet
 facet normal 0.00000 1.00000 -0.00000
  outer loop
   vertex 20.0000 -17.0000 92.0000
   vertex -20.0000 -17.0000 120.0000
   vertex 20.0000 -17.0000 120.0000
  endloop
 endfacet
 facet normal -1.00000 0.00000 0.00000
  outer loop
   vertex -20.0000 -17.0000 92.0000
   vertex -20.0000 -20.0000 92.0000
   vertex -20.0000 -20.0000 120.0000
  endloop
 endfacet
 facet normal -1.00000 0.00000 0.00000
  outer loop
   vertex -20.0000 -17.0000 92.0000
   vertex -20.0000 -20.0000 120.0000
   vertex -20.0000 -17.0000 120.0000
  endloop
 endfacet
 facet normal 0.00000 0.00000 -1.00000
  outer loop
   vertex -20.0000 17.0000 92.0000
   vertex 20.0000 20.0000 92.0000
   vertex 20.0000 17.0000 92.0000
  endloop
 endfacet
 facet normal 0.00000 0.00000 -1.00000
  outer loop
   vertex -20.0000 17.0000 92.0000
   vertex -20.0000 20.0000 92.0000
   vertex 20.0000 20.0000 92.0000
  endloop
 endfacet
 facet normal 0.00000 0.00000 1.00000
  outer loop
   vertex -20.0000 17.0000 120.0000
   vertex 20.0000 17.0000 120.0000
   vertex 20.0000 20.0000 120.0000
  endloop
 endfacet
 facet normal 0.00000 0.00000 1.00000
  outer loop
   vertex -20.0000 17.0000 120.0000
   vertex 20.0000 20.0000 120.0000
   vertex -20.0000 20.0000 120.0000
  endloop
 endfacet
 facet normal 0.00000 -1.00000 0.00000
  outer loop
   vertex -20.0000 17.0000 92.0000
   vertex 20.0000 17.0000 92.0000
   vertex 20.0000 17.0000 120.0000
  endloop
 endfacet
 facet normal 0.00000 -1.00000 0.00000
  outer loop
   vertex -20.0000 17.0000 92.0000
   vertex 20.0000 17.0000 120.0000
   vertex -20.0000 17.0000 120.0000
  endloop
 endfacet
 facet normal 1.00000 0.00000 0.00000
  outer loop
   vertex 20.0000 17.0000 92.0000
   vertex 20.0000 20.0000 92.0000
   vertex 20.0000 20.0000 120.0000
  endloop
 endfacet
 facet normal 1.00000 0.00000 0.00000
  outer loop
   vertex 20.0000 17.0000 92.0000
   vertex 20.0000 20.0000 120.0000
   vertex 20.0000 17.0000 120.0000
  endloop
 endfacet
 facet normal 0.00000 1.00000 0.00000
  outer loop
   vertex 20.0000 20.0000 92.0000
   vertex -20.0000 20.0000 92.0000
   vertex -20.0000 20.0000 120.0000
  endloop
 endfacet
 facet normal 0.00000 1.00000 -0.00000
  outer loop
   vertex 20.0000 20.0000 92.0000
   vertex -20.0000 20.0000 120.0000
   vertex 20.0000 20.0000 120.0000
  endloop
 endfacet
 facet normal -1.00000 0.00000 0.00000
  outer loop
   vertex -20.0000 20.0000 92.0000
   vertex -20.0000 17.0000 92.0000
   vertex -20.0000 17.0000 120.0000
  endloop
 endfacet
 facet normal -1.00000 0.00000 0.00000
  outer loop
   vertex -20.0000 20.0000 92.0000
   vertex -20.0000 17.0000 120.0000
   vertex -20.0000 20.0000 120.0000
  endloop
 endfacet
 facet normal 0.00000 0.00000 -1.00000
  outer loop
   vertex -20.0000 -17.0000 92.0000
   vertex -17.0000 17.0000 92.0000
   vertex -17.0000 -17.0000 92.0000
  endloop
 endfacet
 facet normal 0.00000 0.00000 -1.00000
  outer loop
   vertex -20.0000 -17.0000 92.0000
   vertex -20.0000 17.0000 92.0000
   vertex -17.0000 17.0000 92.0000
  endloop
 endfacet
 facet normal 0.00000 0.00000 1.00000
  outer loop
   vertex -20.0000 -17.0000 120.0000
   vertex -17.0000 -17.0000 120.0000
   vertex -17.0000 17.0000 120.0000
  endloop
 endfacet
 facet normal 0.00000 0.00000 1.00000
  outer loop
   vertex -20.0000 -17.0000 120.0000
   vertex -17.0000 17.0000 120.0000
   vertex -20.0000 17.0000 120.0000
  endloop
 endfacet
 facet normal 0.00000 -1.00000 0.00000
  outer loop
   vertex -20.0000 -17.0000 92.0000
   vertex -17.0000 -17.0000 92.0000
   vertex -17.0000 -17.0000 120.0000
  endloop
 endfacet
 facet normal 0.00000 -1.00000 0.00000
  outer loop
   vertex -20.0000 -17.0000 92.0000
   vertex -17.0000 -17.0000 120.0000
   vertex -20.0000 -17.0000 120.0000
  endloop
 endfacet
 facet normal 1.00000 0.00000 0.00000
  outer loop
   vertex -17.0000 -17.0000 92.0000
   vertex -17.0000 17.0000 92.0000
   vertex -17.0000 17.0000 120.0000
  endloop
 endfacet
 facet normal 1.00000 0.00000 0.00000
  outer loop
   vertex -17.0000 -17.0000 92.0000
   vertex -17.0000 17.0000 120.0000
   vertex -17.0000 -17.0000 120.0000
  endloop
 endfacet
 facet normal 0.00000 1.00000 0.00000
  outer loop
   vertex -17.0000 17.0000 92.0000
   vertex -20.0000 17.0000 92.0000
   vertex -20.0000 17.0000 120.0000
  endloop
 endfacet
 facet normal 0.00000 1.00000 -0.00000
  outer loop
   vertex -17.0000 17.0000 92.0000
   vertex -20.0000 17.0000 120.0000
   vertex -17.0000 17.0000 120.0000
  endloop
 endfacet
 facet normal -1.00000 0.00000 0.00000
  outer loop
   vertex -20.0000 17.0000 92.0000
   vertex -20.0000 -17.0000 92.0000
   vertex -20.0000 -17.0000 120.0000
  endloop
 endfacet
 facet normal -1.00000 0.00000 0.00000
  outer loop
   vertex -20.0000 17.0000 92.0000
   vertex -20.0000 -17.0000 120.0000
   vertex -20.0000 17.0000 120.0000
  endloop
 endfacet
 facet normal 0.00000 0.00000 -1.00000
  outer loop
   vertex 17.0000 -17.0000 92.0000
   vertex 20.0000 17.0000 92.0000
   vertex 20.0000 -17.0000 92.0000
  endloop
 endfacet
 facet normal 0.00000 0.00000 -1.00000
  outer loop
   vertex 17.0000 -17.0000 92.0000
   vertex 17.0000 17.0000 92.0000
   vertex 20.0000 17.0000 92.0000
  endloop
 endfacet
 facet normal 0.00000 0.00000 1.00000
  outer loop
   vertex 17.0000 -17.0000 120.0000
   vertex 20.0000 -17.0000 120.0000
   vertex 20.0000 17.0000 120.0000
  endloop
 endfacet
 facet normal 0.00000 0.00000 1.00000
  outer loop
   vertex 17.0000 -17.0000 120.0000
   vertex 20.0000 17.0000 120.0000
   vertex 17.0000 17.0000 120.0000
  endloop
 endfacet
 facet normal 0.00000 -1.00000 0.00000
  outer loop
   vertex 17.0000 -17.0000 92.0000
   vertex 20.0000 -17.0000 92.0000
   vertex 20.0000 -17.0000 120.0000
  endloop
 endfacet
 facet normal 0.00000 -1.00000 0.00000
  outer loop
   vertex 17.0000 -17.0000 92.0000
   vertex 20.0000 -17.0000 120.0000
   vertex 17.0000 -17.0000 120.0000
  endloop
 endfacet
 facet normal 1.00000 0.00000 0.00000
  outer loop
   vertex 20.0000 -17.0000 92.0000
   vertex 20.0000 17.0000 92.0000
   vertex 20.0000 17.0000 120.0000
  endloop
 endfacet
 facet normal 1.00000 0.00000 0.00000
  outer loop
   vertex 20.0000 -17.0000 92.0000
   vertex 20.0000 17.0000 120.0000
   vertex 20.0000 -17.0000 120.0000
  endloop
 endfacet
 facet normal 0.00000 1.00000 0.00000
  outer loop
   vertex 20.0000 17.0000 92.0000
   vertex 17.0000 17.0000 92.0000
   vertex 17.0000 17.0000 120.0000
  endloop
 endfacet
 facet normal 0.00000 1.00000 -0.00000
  outer loop
   vertex 20.0000 17.0000 92.0000
   vertex 17.0000 17.0000 120.0000
   vertex 20.0000 17.0000 120.0000
  endloop
 endfacet
 facet normal -1.00000 0.00000 0.00000
  outer loop
   vertex 17.0000 17.0000 92.0000
   vertex 17.0000 -17.0000 92.0000
   vertex 17.0000 -17.0000 120.0000
  endloop
 endfacet
 facet normal -1.00000 0.00000 0.00000
  outer loop
   vertex 17.0000 17.0000 92.0000
   vertex 17.0000 -17.0000 120.0000
   vertex 17.0000 17.0000 120.0000
  endloop
 endfacet
 facet normal 0.99786 0.06540 0.00000
  outer loop
   vertex 8.0000 0.0000 93.0000
   vertex 7.9316 1.0442 93.0000
   vertex 7.9316 1.0442 119.0000
  endloop
 endfacet
 facet normal 0.99786 0.06540 -0.00000
  outer loop
   vertex 8.0000 0.0000 93.0000
   vertex 7.9316 1.0442 119.0000
   vertex 8.0000 0.0000 119.0000
  endloop
 endfacet
 facet normal 0.98079 0.19509 0.00000
  outer loop
   vertex 7.9316 1.0442 93.0000
   vertex 7.7274 2.0706 93.0000
   vertex 7.7274 2.0706 119.0000
  endloop
 endfacet
 facet normal 0.98079 0.19509 -0.00000
  outer loop
   vertex 7.9316 1.0442 93.0000
   vertex 7.7274 2.0706 119.0000
   vertex 7.9316 1.0442 119.0000
  endloop
 endfacet
 facet normal 0.94693 0.32144 0.00000
  outer loop
   vertex 7.7274 2.0706 93.0000
   vertex 7.3910 3.0615 93.0000
   vertex 7.3910 3.0615 119.0000
  endloop
 endfacet
 facet normal 0.94693 0.32144 -0.00000
  outer loop
   vertex 7.7274 2.0706 93.0000
   vertex 7.3910 3.0615 119.0000
   vertex 7.7274 2.0706 119.0000
  endloop
 endfacet
 facet normal 0.89687 0.44229 0.00000
  outer loop
   vertex 7.3910 3.0615 93.0000
   vertex 6.9282 4.0000 93.0000
   vertex 6.9282 4.0000 119.0000
  endloop
 endfacet
 facet normal 0.89687 0.44229 -0.00000
  outer loop
   vertex 7.3910 3.0615 93.0000
   vertex 6.9282 4.0000 119.0000
   vertex 7.3910 3.0615 119.0000
  endloop
 endfacet
 facet normal 0.83147 0.55557 0.00000
  outer loop
   vertex 6.9282 4.0000 93.0000
   vertex 6.3468 4.8701 93.0000
   vertex 6.3468 4.8701 119.0000
  endloop
 endfacet
 facet normal 0.83147 0.55557 -0.00000
  outer loop
   vertex 6.9282 4.0000 93.0000
   vertex 6.3468 4.8701 119.0000
   vertex 6.9282 4.0000 119.0000
  endloop
 endfacet
 facet normal 0.75184 0.65935 0.00000
  outer loop
   vertex 6.3468 4.8701 93.0000
   vertex 5.6569 5.6569 93.0000
   vertex 5.6569 5.6569 119.0000
  endloop
 endfacet
 facet normal 0.75184 0.65935 -0.00000
  outer loop
   vertex 6.3468 4.8701 93.0000
   vertex 5.6569 5.6569 119.0000
   vertex 6.3468 4.8701 119.0000
  endloop
 endfacet
 facet normal 0.65935 0.75184 0.00000
  outer loop
   vertex 5.6569 5.6569 93.0000
   vertex 4.8701 6.3468 93.0000
   vertex 4.8701 6.3468 119.0000
  endloop
 endfacet
 facet normal 0.65935 0.75184 -0.00000
  outer loop
   vertex 5.6569 5.6569 93.0000
   vertex 4.8701 6.3468 119.0000
   vertex 5.6569 5.6569 119.0000
  endloop
 endfacet
 facet normal 0.55557 0.83147 0.00000
  outer loop
   vertex 4.8701 6.3468 93.0000
   vertex 4.0000 6.9282 93.0000
   vertex 4.0000 6.9282 119.0000
  endloop
 endfacet
 facet normal 0.55557 0.83147 -0.00000
  outer loop
   vertex 4.8701 6.3468 93.0000
   vertex 4.0000 6.9282 119.0000
   vertex 4.8701 6.3468 119.0000
  endloop
 endfacet
 facet normal 0.44229 0.89687 0.00000
  outer loop
   vertex 4.0000 6.9282 93.0000
   vertex 3.0615 7.3910 93.0000
   vertex 3.0615 7.3910 119.0000
  endloop
 endfacet
 facet normal 0.44229 0.89687 -0.00000
  outer loop
   vertex 4.0000 6.9282 93.0000
   vertex 3.0615 7.3910 119.0000
   vertex 4.0000 6.9282 119.0000
  endloop
 endfacet
 facet normal 0.32144 0.94693 0.00000
  outer loop
   vertex 3.0615 7.3910 93.0000
   vertex 2.0706 7.7274 93.0000
   vertex 2.0706 7.7274 119.0000
  endloop
 endfacet
 facet normal 0.32144 0.94693 -0.00000
  outer loop
   vertex 3.0615 7.3910 93.0000
   vertex 2.0706 7.7274 119.0000
   vertex 3.0615 7.3910 119.0000
  endloop
 endfacet
 facet normal 0.19509 0.98079 0.00000
  outer loop
   vertex 2.0706 7.7274 93.0000
   vertex 1.0442 7.9316 93.0000
   vertex 1.0442 7.9316 119.0000
  endloop
 endfacet
 facet normal 0.19509 0.98079 -0.00000
  outer loop
   vertex 2.0706 7.7274 93.0000
   vertex 1.0442 7.9316 119.0000
   vertex 2.0706 7.7274 119.0000
  endloop
 endfacet
 facet normal 0.06540 0.99786 0.00000
  outer loop
   vertex 1.0442 7.9316 93.0000
   vertex 0.0000 8.0000 93.0000
   vertex 0.0000 8.0000 119.0000
  endloop
 endfacet
 facet normal 0.06540 0.99786 -0.00000
  outer loop
   vertex 1.0442 7.9316 93.0000
   vertex 0.0000 8.0000 119.0000
   vertex 1.0442 7.9316 119.0000
  endloop
 endfacet
 facet normal -0.06540 0.99786 0.00000
  outer loop
   vertex 0.0000 8.0000 93.0000
   vertex -1.0442 7.9316 93.0000
   vertex -1.0442 7.9316 119.0000
  endloop
 endfacet
 facet normal -0.06540 0.99786 0.00000
  outer loop
   vertex 0.0000 8.0000 93.0000
   vertex -1.0442 7.9316 119.0000
   vertex 0.0000 8.0000 119.0000
  endloop
 endfacet
 facet normal -0.19509 0.98079 0.00000
  outer loop
   vertex -1.0442 7.9316 93.0000
   vertex -2.0706 7.7274 93.0000
   vertex -2.0706 7.7274 119.0000
  endloop
 endfacet
 facet normal -0.19509 0.98079 0.00000
  outer loop
   vertex -1.0442 7.9316 93.0000
   vertex -2.0706 7.7274 119.0000
   vertex -1.0442 7.9316 119.0000
  endloop
 endfacet
 facet normal -0.32144 0.94693 0.00000
  outer loop
   vertex -2.0706 7.7274 93.0000
   vertex -3.0615 7.3910 93.0000
   vertex -3.0615 7.3910 119.0000
  endloop
 endfacet
 facet normal -0.32144 0.94693 0.00000
  outer loop
   vertex -2.0706 7.7274 93.0000
   vertex -3.0615 7.3910 119.0000
   vertex -2.0706 7.7274 119.0000
  endloop
 endfacet
 facet normal -0.44229 0.89687 0.00000
  outer loop
   vertex -3.0615 7.3910 93.0000
   vertex -4.0000 6.9282 93.0000
   vertex -4.0000 6.9282 119.0000
  endloop
 endfacet
 facet normal -0.44229 0.89687 0.00000
  outer loop
   vertex -3.0615 7.3910 93.0000
   vertex -4.0000 6.9282 119.0000
   vertex -3.0615 7.3910 119.0000
  endloop
 endfacet
 facet normal -0.55557 0.83147 0.00000
  outer loop
   vertex -4.0000 6.9282 93.0000
   vertex -4.8701 6.3468 93.0000
   vertex -4.8701 6.3468 119.0000
  endloop
 endfacet
 facet normal -0.55557 0.83147 0.00000
  outer loop
   vertex -4.0000 6.9282 93.0000
   vertex -4.8701 6.3468 119.0000
   vertex -4.0000 6.9282 119.0000
  endloop
 endfacet
 facet normal -0.65935 0.75184 0.00000
  outer loop
   vertex -4.8701 6.3468 93.0000
   vertex -5.6569 5.6569 93.0000
   vertex -5.6569 5.6569 119.0000
  endloop
 endfacet
 facet normal -0.65935 0.75184 0.00000
  outer loop
   vertex -4.8701 6.3468 93.0000
   vertex -5.6569 5.6569 119.0000
   vertex -4.8701 6.3468 119.0000
  endloop
 endfacet
 facet normal -0.75184 0.65935 0.00000
  outer loop
   vertex -5.6569 5.6569 93.0000
   vertex -6.3468 4.8701 93.0000
   vertex -6.3468 4.8701 119.0000
  endloop
 endfacet
 facet normal -0.75184 0.65935 0.00000
  outer loop
   vertex -5.6569 5.6569 93.0000
   vertex -6.3468 4.8701 119.0000
   vertex -5.6569 5.6569 119.0000
  endloop
 endfacet
 facet normal -0.83147 0.55557 0.00000
  outer loop
   vertex -6.3468 4.8701 93.0000
   vertex -6.9282 4.0000 93.0000
   vertex -6.9282 4.0000 119.0000
  endloop
 endfacet
 facet normal -0.83147 0.55557 0.00000
  outer loop
   vertex -6.3468 4.8701 93.0000
   vertex -6.9282 4.0000 119.0000
   vertex -6.3468 4.8701 119.0000
  endloop
 endfacet
 facet normal -0.89687 0.44229 0.00000
  outer loop
   vertex -6.9282 4.0000 93.0000
   vertex -7.3910 3.0615 93.0000
   vertex -7.3910 3.0615 119.0000
  endloop
 endfacet
 facet normal -0.89687 0.44229 0.00000
  outer loop
   vertex -6.9282 4.0000 93.0000
   vertex -7.3910 3.0615 119.0000
   vertex -6.9282 4.0000 119.0000
  endloop
 endfacet
 facet normal -0.94693 0.32144 0.00000
  outer loop
   vertex -7.3910 3.0615 93.0000
   vertex -7.7274 2.0706 93.0000
   vertex -7.7274 2.0706 119.0000
  endloop
 endfacet
 facet normal -0.94693 0.32144 0.00000
  outer loop
   vertex -7.3910 3.0615 93.0000
   vertex -7.7274 2.0706 119.0000
   vertex -7.3910 3.0615 119.0000
  endloop
 endfacet
 facet normal -0.98079 0.19509 0.00000
  outer loop
   vertex -7.7274 2.0706 93.0000
   vertex -7.9316 1.0442 93.0000
   vertex -7.9316 1.0442 119.0000
  endloop
 endfacet
 facet normal -0.98079 0.19509 0.00000
  outer loop
   vertex -7.7274 2.0706 93.0000
   vertex -7.9316 1.0442 119.0000
   vertex -7.7274 2.0706 119.0000
  endloop
 endfacet
 facet normal -0.99786 0.06540 0.00000
  outer loop
   vertex -7.9316 1.0442 93.0000
   vertex -8.0000 0.0000 93.0000
   vertex -8.0000 0.0000 119.0000
  endloop
 endfacet
 facet normal -0.99786 0.06540 0.00000
  outer loop
   vertex -7.9316 1.0442 93.0000
   vertex -8.0000 0.0000 119.0000
   vertex -7.9316 1.0442 119.0000
  endloop
 endfacet
 facet normal -0.99786 -0.06540 0.00000
  outer loop
   vertex -8.0000 0.0000 93.0000
   vertex -7.9316 -1.0442 93.0000
   vertex -7.9316 -1.0442 119.0000
  endloop
 endfacet
 facet normal -0.99786 -0.06540 0.00000
  outer loop
   vertex -8.0000 0.0000 93.0000
   vertex -7.9316 -1.0442 119.0000
   vertex -8.0000 0.0000 119.0000
  endloop
 endfacet
 facet normal -0.98079 -0.19509 0.00000
  outer loop
   vertex -7.9316 -1.0442 93.0000
   vertex -7.7274 -2.0706 93.0000
   vertex -7.7274 -2.0706 119.0000
  endloop
 endfacet
 facet normal -0.98079 -0.19509 0.00000
  outer loop
   vertex -7.9316 -1.0442 93.0000
   vertex -7.7274 -2.0706 119.0000
   vertex -7.9316 -1.0442 119.0000
  endloop
 endfacet
 facet normal -0.94693 -0.32144 0.00000
  outer loop
   vertex -7.7274 -2.0706 93.0000
   vertex -7.3910 -3.0615 93.0000
   vertex -7.3910 -3.0615 119.0000
  endloop
 endfacet
 facet normal -0.94693 -0.32144 0.00000
  outer loop
   vertex -7.7274 -2.0706 93.0000
   vertex -7.3910 -3.0615 119.0000
   vertex -7.7274 -2.0706 119.0000
  endloop
 endfacet
 facet normal -0.89687 -0.44229 0.00000
  outer loop
   vertex -7.3910 -3.0615 93.0000
   vertex -6.9282 -4.0000 93.0000
   vertex -6.9282 -4.0000 119.0000
  endloop
 endfacet
 facet normal -0.89687 -0.44229 0.00000
  outer loop
   vertex -7.3910 -3.0615 93.0000
   vertex -6.9282 -4.0000 119.0000
   vertex -7.3910 -3.0615 119.0000
  endloop
 endfacet
 facet normal -0.83147 -0.55557 0.00000
  outer loop
   vertex -6.9282 -4.0000 93.0000
   vertex -6.3468 -4.8701 93.0000
   vertex -6.3468 -4.8701 119.0000
  endloop
 endfacet
 facet normal -0.83147 -0.55557 0.00000
  outer loop
   vertex -6.9282 -4.0000 93.0000
   vertex -6.3468 -4.8701 119.0000
   vertex -6.9282 -4.0000 119.0000
  endloop
 endfacet
 facet normal -0.75184 -0.65935 0.00000
  outer loop
   vertex -6.3468 -4.8701 93.0000
   vertex -5.6569 -5.6569 93.0000
   vertex -5.6569 -5.6569 119.0000
  endloop
 endfacet
 facet normal -0.75184 -0.65935 0.00000
  outer loop
   vertex -6.3468 -4.8701 93.0000
   vertex -5.6569 -5.6569 119.0000
   vertex -6.3468 -4.8701 119.0000
  endloop
 endfacet
 facet normal -0.65935 -0.75184 0.00000
  outer loop
   vertex -5.6569 -5.6569 93.0000
   vertex -4.8701 -6.3468 93.0000
   vertex -4.8701 -6.3468 119.0000
  endloop
 endfacet
 facet normal -0.65935 -0.75184 0.00000
  outer loop
   vertex -5.6569 -5.6569 93.0000
   vertex -4.8701 -6.3468 119.0000
   vertex -5.6569 -5.6569 119.0000
  endloop
 endfacet
 facet normal -0.55557 -0.83147 0.00000
  outer loop
   vertex -4.8701 -6.3468 93.0000
   vertex -4.0000 -6.9282 93.0000
   vertex -4.0000 -6.9282 119.0000
  endloop
 endfacet
 facet normal -0.55557 -0.83147 0.00000
  outer loop
   vertex -4.8701 -6.3468 93.0000
   vertex -4.0000 -6.9282 119.0000
   vertex -4.8701 -6.3468 119.0000
  endloop
 endfacet
 facet normal -0.44229 -0.89687 0.00000
  outer loop
   vertex -4.0000 -6.9282 93.0000
   vertex -3.0615 -7.3910 93.0000
   vertex -3.0615 -7.3910 119.0000
  endloop
 endfacet
 facet normal -0.44229 -0.89687 0.00000
  outer loop
   vertex -4.0000 -6.9282 93.0000
   vertex -3.0615 -7.3910 119.0000
   vertex -4.0000 -6.9282 119.0000
  endloop
 endfacet
 facet normal -0.32144 -0.94693 0.00000
  outer loop
   vertex -3.0615 -7.3910 93.0000
   vertex -2.0706 -7.7274 93.0000
   vertex -2.0706 -7.7274 119.0000
  endloop
 endfacet
 facet normal -0.32144 -0.94693 0.00000
  outer loop
   vertex -3.0615 -7.3910 93.0000
   vertex -2.0706 -7.7274 119.0000
   vertex -3.0615 -7.3910 119.0000
  endloop
 endfacet
 facet normal -0.19509 -0.98079 0.00000
  outer loop
   vertex -2.0706 -7.7274 93.0000
   vertex -1.0442 -7.9316 93.0000
   vertex -1.0442 -7.9316 119.0000
  endloop
 endfacet
 facet normal -0.19509 -0.98079 0.00000
  outer loop
   vertex -2.0706 -7.7274 93.0000
   vertex -1.0442 -7.9316 119.0000
   vertex -2.0706 -7.7274 119.0000
  endloop
 endfacet
 facet normal -0.06540 -0.99786 0.00000
  outer loop
   vertex -1.0442 -7.9316 93.0000
   vertex -0.0000 -8.0000 93.0000
   vertex -0.0000 -8.0000 119.0000
  endloop
 endfacet
 facet normal -0.06540 -0.99786 0.00000
  outer loop
   vertex -1.0442 -7.9316 93.0000
   vertex -0.0000 -8.0000 119.0000
   vertex -1.0442 -7.9316 119.0000
  endloop
 endfacet
 facet normal 0.06540 -0.99786 0.00000
  outer loop
   vertex -0.0000 -8.0000 93.0000
   vertex 1.0442 -7.9316 93.0000
   vertex 1.0442 -7.9316 119.0000
  endloop
 endfacet
 facet normal 0.06540 -0.99786 0.00000
  outer loop
   vertex -0.0000 -8.0000 93.0000
   vertex 1.0442 -7.9316 119.0000
   vertex -0.0000 -8.0000 119.0000
  endloop
 endfacet
 facet normal 0.19509 -0.98079 0.00000
  outer loop
   vertex 1.0442 -7.9316 93.0000
   vertex 2.0706 -7.7274 93.0000
   vertex 2.0706 -7.7274 119.0000
  endloop
 endfacet
 facet normal 0.19509 -0.98079 0.00000
  outer loop
   vertex 1.0442 -7.9316 93.0000
   vertex 2.0706 -7.7274 119.0000
   vertex 1.0442 -7.9316 119.0000
  endloop
 endfacet
 facet normal 0.32144 -0.94693 0.00000
  outer loop
   vertex 2.0706 -7.7274 93.0000
   vertex 3.0615 -7.3910 93.0000
   vertex 3.0615 -7.3910 119.0000
  endloop
 endfacet
 facet normal 0.32144 -0.94693 0.00000
  outer loop
   vertex 2.0706 -7.7274 93.0000
   vertex 3.0615 -7.3910 119.0000
   vertex 2.0706 -7.7274 119.0000
  endloop
 endfacet
 facet normal 0.44229 -0.89687 0.00000
  outer loop
   vertex 3.0615 -7.3910 93.0000
   vertex 4.0000 -6.9282 93.0000
   vertex 4.0000 -6.9282 119.0000
  endloop
 endfacet
 facet normal 0.44229 -0.89687 0.00000
  outer loop
   vertex 3.0615 -7.3910 93.0000
   vertex 4.0000 -6.9282 119.0000
   vertex 3.0615 -7.3910 119.0000
  endloop
 endfacet
 facet normal 0.55557 -0.83147 0.00000
  outer loop
   vertex 4.0000 -6.9282 93.0000
   vertex 4.8701 -6.3468 93.0000
   vertex 4.8701 -6.3468 119.0000
  endloop
 endfacet
 facet normal 0.55557 -0.83147 0.00000
  outer loop
   vertex 4.0000 -6.9282 93.0000
   vertex 4.8701 -6.3468 119.0000
   vertex 4.0000 -6.9282 119.0000
  endloop
 endfacet
 facet normal 0.65935 -0.75184 0.00000
  outer loop
   vertex 4.8701 -6.3468 93.0000
   vertex 5.6569 -5.6569 93.0000
   vertex 5.6569 -5.6569 119.0000
  endloop
 endfacet
 facet normal 0.65935 -0.75184 0.00000
  outer loop
   vertex 4.8701 -6.3468 93.0000
   vertex 5.6569 -5.6569 119.0000
   vertex 4.8701 -6.3468 119.0000
  endloop
 endfacet
 facet normal 0.75184 -0.65935 0.00000
  outer loop
   vertex 5.6569 -5.6569 93.0000
   vertex 6.3468 -4.8701 93.0000
   vertex 6.3468 -4.8701 119.0000
  endloop
 endfacet
 facet normal 0.75184 -0.65935 0.00000
  outer loop
   vertex 5.6569 -5.6569 93.0000
   vertex 6.3468 -4.8701 119.0000
   vertex 5.6569 -5.6569 119.0000
  endloop
 endfacet
 facet normal 0.83147 -0.55557 0.00000
  outer loop
   vertex 6.3468 -4.8701 93.0000
   vertex 6.9282 -4.0000 93.0000
   vertex 6.9282 -4.0000 119.0000
  endloop
 endfacet
 facet normal 0.83147 -0.55557 0.00000
  outer loop
   vertex 6.3468 -4.8701 93.0000
   vertex 6.9282 -4.0000 119.0000
   vertex 6.3468 -4.8701 119.0000
  endloop
 endfacet
 facet normal 0.89687 -0.44229 0.00000
  outer loop
   vertex 6.9282 -4.0000 93.0000
   vertex 7.3910 -3.0615 93.0000
   vertex 7.3910 -3.0615 119.0000
  endloop
 endfacet
 facet normal 0.89687 -0.44229 0.00000
  outer loop
   vertex 6.9282 -4.0000 93.0000
   vertex 7.3910 -3.0615 119.0000
   vertex 6.9282 -4.0000 119.0000
  endloop
 endfacet
 facet normal 0.94693 -0.32144 0.00000
  outer loop
   vertex 7.3910 -3.0615 93.0000
   vertex 7.7274 -2.0706 93.0000
   vertex 7.7274 -2.0706 119.0000
  endloop
 endfacet
 facet normal 0.94693 -0.32144 0.00000
  outer loop
   vertex 7.3910 -3.0615 93.0000
   vertex 7.7274 -2.0706 119.0000
   vertex 7.3910 -3.0615 119.0000
  endloop
 endfacet
 facet normal 0.98079 -0.19509 0.00000
  outer loop
   vertex 7.7274 -2.0706 93.0000
   vertex 7.9316 -1.0442 93.0000
   vertex 7.9316 -1.0442 119.0000
  endloop
 endfacet
 facet normal 0.98079 -0.19509 0.00000
  outer loop
   vertex 7.7274 -2.0706 93.0000
   vertex 7.9316 -1.0442 119.0000
   vertex 7.7274 -2.0706 119.0000
  endloop
 endfacet
 facet normal 0.99786 -0.06540 0.00000
  outer loop
   vertex 7.9316 -1.0442 93.0000
   vertex 8.0000 0.0000 93.0000
   vertex 8.0000 0.0000 119.0000
  endloop
 endfacet
 facet normal 0.99786 -0.06540 0.00000
  outer loop
   vertex 7.9316 -1.0442 93.0000
   vertex 8.0000 0.0000 119.0000
   vertex 7.9316 -1.0442 119.0000
  endloop
 endfacet
 facet normal 0.00000 0.00000 -1.00000
  outer loop
   vertex 0.0000 0.0000 93.0000
   vertex 7.9316 1.0442 93.0000
   vertex 8.0000 0.0000 93.0000
  endloop
 endfacet
 facet normal 0.00000 0.00000 1.00000
  outer loop
   vertex 0.0000 0.0000 119.0000
   vertex 8.0000 0.0000 119.0000
   vertex 7.9316 1.0442 119.0000
  endloop
 endfacet
 facet normal 0.00000 0.00000 -1.00000
  outer loop
   vertex 0.0000 0.0000 93.0000
   vertex 7.7274 2.0706 93.0000
   vertex 7.9316 1.0442 93.0000
  endloop
 endfacet
 facet normal 0.00000 0.00000 1.00000
  outer loop
   vertex 0.0000 0.0000 119.0000
   vertex 7.9316 1.0442 119.0000
   vertex 7.7274 2.0706 119.0000
  endloop
 endfacet
 facet normal 0.00000 0.00000 -1.00000
  outer loop
   vertex 0.0000 0.0000 93.0000
   vertex 7.3910 3.0615 93.0000
   vertex 7.7274 2.0706 93.0000
  endloop
 endfacet
 facet normal 0.00000 0.00000 1.00000
  outer loop
   vertex 0.0000 0.0000 119.0000
   vertex 7.7274 2.0706 119.0000
   vertex 7.3910 3.0615 119.0000
  endloop
 endfacet
 facet normal 0.00000 0.00000 -1.00000
  outer loop
   vertex 0.0000 0.0000 93.0000
   vertex 6.9282 4.0000 93.0000
   vertex 7.3910 3.0615 93.0000
  endloop
 endfacet
 facet normal 0.00000 0.00000 1.00000
  outer loop
   vertex 0.0000 0.0000 119.0000
   vertex 7.3910 3.0615 119.0000
   vertex 6.9282 4.0000 119.0000
  endloop
 endfacet
 facet normal 0.00000 0.00000 -1.00000
  outer loop
   vertex 0.0000 0.0000 93.0000
   vertex 6.3468 4.8701 93.0000
   vertex 6.9282 4.0000 93.0000
  endloop
 endfacet
 facet normal 0.00000 0.00000 1.00000
  outer loop
   vertex 0.0000 0.0000 119.0000
   vertex 6.9282 4.0000 119.0000
   vertex 6.3468 4.8701 119.0000
  endloop
 endfacet
 facet normal 0.00000 0.00000 -1.00000
  outer loop
   vertex 0.0000 0.0000 93.0000
   vertex 5.6569 5.6569 93.0000
   vertex 6.3468 4.8701 93.0000
  endloop
 endfacet
 facet normal 0.00000 0.00000 1.00000
  outer loop
   vertex 0.0000 0.0000 119.0000
   vertex 6.3468 4.8701 119.0000
   vertex 5.6569 5.6569 119.0000
  endloop
 endfacet
 facet normal 0.00000 0.00000 -1.00000
  outer loop
   vertex 0.0000 0.0000 93.0000
   vertex 4.8701 6.3468 93.0000
   vertex 5.6569 5.6569 93.0000
  endloop
 endfacet
 facet normal 0.00000 0.00000 1.00000
  outer loop
   vertex 0.0000 0.0000 119.0000
   vertex 5.6569 5.6569 119.0000
   vertex 4.8701 6.3468 119.0000
  endloop
 endfacet
 facet normal 0.00000 0.00000 -1.00000
  outer loop
   vertex 0.0000 0.0000 93.0000
   vertex 4.0000 6.9282 93.0000
   vertex 4.8701 6.3468 93.0000
  endloop
 endfacet
 facet normal 0.00000 0.00000 1.00000
  outer loop
   vertex 0.0000 0.0000 119.0000
   vertex 4.8701 6.3468 119.0000
   vertex 4.0000 6.9282 119.0000
  endloop
 endfacet
 facet normal 0.00000 0.00000 -1.00000
  outer loop
   vertex 0.0000 0.0000 93.0000
   vertex 3.0615 7.3910 93.0000
   vertex 4.0000 6.9282 93.0000
  endloop
 endfacet
 facet normal 0.00000 0.00000 1.00000
  outer loop
   vertex 0.0000 0.0000 119.0000
   vertex 4.0000 6.9282 119.0000
   vertex 3.0615 7.3910 119.0000
  endloop
 endfacet
 facet normal 0.00000 0.00000 -1.00000
  outer loop
   vertex 0.0000 0.0000 93.0000
   vertex 2.0706 7.7274 93.0000
   vertex 3.0615 7.3910 93.0000
  endloop
 endfacet
 facet normal 0.00000 0.00000 1.00000
  outer loop
   vertex 0.0000 0.0000 119.0000
   vertex 3.0615 7.3910 119.0000
   vertex 2.0706 7.7274 119.0000
  endloop
 endfacet
 facet normal 0.00000 0.00000 -1.00000
  outer loop
   vertex 0.0000 0.0000 93.0000
   vertex 1.0442 7.9316 93.0000
   vertex 2.0706 7.7274 93.0000
  endloop
 endfacet
 facet normal 0.00000 0.00000 1.00000
  outer loop
   vertex 0.0000 0.0000 119.0000
   vertex 2.0706 7.7274 119.0000
   vertex 1.0442 7.9316 119.0000
  endloop
 endfacet
 facet normal 0.00000 0.00000 -1.00000
  outer loop
   vertex 0.0000 0.0000 93.0000
   vertex 0.0000 8.0000 93.0000
   vertex 1.0442 7.9316 93.0000
  endloop
 endfacet
 facet normal 0.00000 0.00000 1.00000
  outer loop
   vertex 0.0000 0.0000 119.0000
   vertex 1.0442 7.9316 119.0000
   vertex 0.0000 8.0000 119.0000
  endloop
 endfacet
 facet normal 0.00000 0.00000 -1.00000
  outer loop
   vertex 0.0000 0.0000 93.0000
   vertex -1.0442 7.9316 93.0000
   vertex 0.0000 8.0000 93.0000
  endloop
 endfacet
 facet normal 0.00000 -0.00000 1.00000
  outer loop
   vertex 0.0000 0.0000 119.0000
   vertex 0.0000 8.0000 119.0000
   vertex -1.0442 7.9316 119.0000
  endloop
 endfacet
 facet normal 0.00000 0.00000 -1.00000
  outer loop
   vertex 0.0000 0.0000 93.0000
   vertex -2.0706 7.7274 93.0000
   vertex -1.0442 7.9316 93.0000
  endloop
 endfacet
 facet normal 0.00000 0.00000 1.00000
  outer loop
   vertex 0.0000 0.0000 119.0000
   vertex -1.0442 7.9316 119.0000
   vertex -2.0706 7.7274 119.0000
  endloop
 endfacet
 facet normal 0.00000 0.00000 -1.00000
  outer loop
   vertex 0.0000 0.0000 93.0000
   vertex -3.0615 7.3910 93.0000
   vertex -2.0706 7.7274 93.0000
  endloop
 endfacet
 facet normal 0.00000 0.00000 1.00000
  outer loop
   vertex 0.0000 0.0000 119.0000
   vertex -2.0706 7.7274 119.0000
   vertex -3.0615 7.3910 119.0000
  endloop
 endfacet
 facet normal 0.00000 0.00000 -1.00000
  outer loop
   vertex 0.0000 0.0000 93.0000
   vertex -4.0000 6.9282 93.0000
   vertex -3.0615 7.3910 93.0000
  endloop
 endfacet
 facet normal 0.00000 0.00000 1.00000
  outer loop
   vertex 0.0000 0.0000 119.0000
   vertex -3.0615 7.3910 119.0000
   vertex -4.0000 6.9282 119.0000
  endloop
 endfacet
 facet normal 0.00000 0.00000 -1.00000
  outer loop
   vertex 0.0000 0.0000 93.0000
   vertex -4.8701 6.3468 93.0000
   vertex -4.0000 6.9282 93.0000
  endloop
 endfacet
 facet normal 0.00000 0.00000 1.00000
  outer loop
   vertex 0.0000 0.0000 119.0000
   vertex -4.0000 6.9282 119.0000
   vertex -4.8701 6.3468 119.0000
  endloop
 endfacet
 facet normal 0.00000 0.00000 -1.00000
  outer loop
   vertex 0.0000 0.0000 93.0000
   vertex -5.6569 5.6569 93.0000
   vertex -4.8701 6.3468 93.0000
  endloop
 endfacet
 facet normal 0.00000 0.00000 1.00000
  outer loop
   vertex 0.0000 0.0000 119.0000
   vertex -4.8701 6.3468 119.0000
   vertex -5.6569 5.6569 119.0000
  endloop
 endfacet
 facet normal 0.00000 0.00000 -1.00000
  outer loop
   vertex 0.0000 0.0000 93.0000
   vertex -6.3468 4.8701 93.0000
   vertex -5.6569 5.6569 93.0000
  endloop
 endfacet
 facet normal 0.00000 0.00000 1.00000
  outer loop
   vertex 0.0000 0.0000 119.0000
   vertex -5.6569 5.6569 119.0000
   vertex -6.3468 4.8701 119.0000
  endloop
 endfacet
 facet normal 0.00000 0.00000 -1.00000
  outer loop
   vertex 0.0000 0.0000 93.0000
   vertex -6.9282 4.0000 93.0000
   vertex -6.3468 4.8701 93.0000
  endloop
 endfacet
 facet normal 0.00000 0.00000 1.00000
  outer loop
   vertex 0.0000 0.0000 119.0000
   vertex -6.3468 4.8701 119.0000
   vertex -6.9282 4.0000 119.0000
  endloop
 endfacet
 facet normal 0.00000 0.00000 -1.00000
  outer loop
   vertex 0.0000 0.0000 93.0000
   vertex -7.3910 3.0615 93.0000
   vertex -6.9282 4.0000 93.0000
  endloop
 endfacet
 facet normal 0.00000 0.00000 1.00000
  outer loop
   vertex 0.0000 0.0000 119.0000
   vertex -6.9282 4.0000 119.0000
   vertex -7.3910 3.0615 119.0000
  endloop
 endfacet
 facet normal 0.00000 0.00000 -1.00000
  outer loop
   vertex 0.0000 0.0000 93.0000
   vertex -7.7274 2.0706 93.0000
   vertex -7.3910 3.0615 93.0000
  endloop
 endfacet
 facet normal 0.00000 0.00000 1.00000
  outer loop
   vertex 0.0000 0.0000 119.0000
   vertex -7.3910 3.0615 119.0000
   vertex -7.7274 2.0706 119.0000
  endloop
 endfacet
 facet normal 0.00000 0.00000 -1.00000
  outer loop
   vertex 0.0000 0.0000 93.0000
   vertex -7.9316 1.0442 93.0000
   vertex -7.7274 2.0706 93.0000
  endloop
 endfacet
 facet normal 0.00000 0.00000 1.00000
  outer loop
   vertex 0.0000 0.0000 119.0000
   vertex -7.7274 2.0706 119.0000
   vertex -7.9316 1.0442 119.0000
  endloop
 endfacet
 facet normal 0.00000 0.00000 -1.00000
  outer loop
   vertex 0.0000 0.0000 93.0000
   vertex -8.0000 0.0000 93.0000
   vertex -7.9316 1.0442 93.0000
  endloop
 endfacet
 facet normal 0.00000 0.00000 1.00000
  outer loop
   vertex 0.0000 0.0000 119.0000
   vertex -7.9316 1.0442 119.0000
   vertex -8.0000 0.0000 119.0000
  endloop
 endfacet
 facet normal -0.00000 0.00000 -1.00000
  outer loop
   vertex 0.0000 0.0000 93.0000
   vertex -7.9316 -1.0442 93.0000
   vertex -8.0000 0.0000 93.0000
  endloop
 endfacet
 facet normal 0.00000 0.00000 1.00000
  outer loop
   vertex 0.0000 0.0000 119.0000
   vertex -8.0000 0.0000 119.0000
   vertex -7.9316 -1.0442 119.0000
  endloop
 endfacet
 facet normal 0.00000 0.00000 -1.00000
  outer loop
   vertex 0.0000 0.0000 93.0000
   vertex -7.7274 -2.0706 93.0000
   vertex -7.9316 -1.0442 93.0000
  endloop
 endfacet
 facet normal 0.00000 0.00000 1.00000
  outer loop
   vertex 0.0000 0.0000 119.0000
   vertex -7.9316 -1.0442 119.0000
   vertex -7.7274 -2.0706 119.0000
  endloop
 endfacet
 facet normal 0.00000 0.00000 -1.00000
  outer loop
   vertex 0.0000 0.0000 93.0000
   vertex -7.3910 -3.0615 93.0000
   vertex -7.7274 -2.0706 93.0000
  endloop
 endfacet
 facet normal 0.00000 0.00000 1.00000
  outer loop
   vertex 0.0000 0.0000 119.0000
   vertex -7.7274 -2.0706 119.0000
   vertex -7.3910 -3.0615 119.0000
  endloop
 endfacet
 facet normal 0.00000 0.00000 -1.00000
  outer loop
   vertex 0.0000 0.0000 93.0000
   vertex -6.9282 -4.0000 93.0000
   vertex -7.3910 -3.0615 93.0000
  endloop
 endfacet
 facet normal 0.00000 0.00000 1.00000
  outer loop
   vertex 0.0000 0.0000 119.0000
   vertex -7.3910 -3.0615 119.0000
   vertex -6.9282 -4.0000 119.0000
  endloop
 endfacet
 facet normal 0.00000 0.00000 -1.00000
  outer loop
   vertex 0.0000 0.0000 93.0000
   vertex -6.3468 -4.8701 93.0000
   vertex -6.9282 -4.0000 93.0000
  endloop
 endfacet
 facet normal 0.00000 0.00000 1.00000
  outer loop
   vertex 0.0000 0.0000 119.0000
   vertex -6.9282 -4.0000 119.0000
   vertex -6.3468 -4.8701 119.0000
  endloop
 endfacet
 facet normal 0.00000 0.00000 -1.00000
  outer loop
   vertex 0.0000 0.0000 93.0000
   vertex -5.6569 -5.6569 93.0000
   vertex -6.3468 -4.8701 93.0000
  endloop
 endfacet
 facet normal 0.00000 0.00000 1.00000
  outer loop
   vertex 0.0000 0.0000 119.0000
   vertex -6.3468 -4.8701 119.0000
   vertex -5.6569 -5.6569 119.0000
  endloop
 endfacet
 facet normal 0.00000 0.00000 -1.00000
  outer loop
   vertex 0.0000 0.0000 93.0000
   vertex -4.8701 -6.3468 93.0000
   vertex -5.6569 -5.6569 93.0000
  endloop
 endfacet
 facet normal 0.00000 0.00000 1.00000
  outer loop
   vertex 0.0000 0.0000 119.0000
   vertex -5.6569 -5.6569 119.0000
   vertex -4.8701 -6.3468 119.0000
  endloop
 endfacet
 facet normal 0.00000 0.00000 -1.00000
  outer loop
   vertex 0.0000 0.0000 93.0000
   vertex -4.0000 -6.9282 93.0000
   vertex -4.8701 -6.3468 93.0000
  endloop
 endfacet
 facet normal 0.00000 0.00000 1.00000
  outer loop
   vertex 0.0000 0.0000 119.0000
   vertex -4.8701 -6.3468 119.0000
   vertex -4.0000 -6.9282 119.0000
  endloop
 endfacet
 facet normal 0.00000 0.00000 -1.00000
  outer loop
   vertex 0.0000 0.0000 93.0000
   vertex -3.0615 -7.3910 93.0000
   vertex -4.0000 -6.9282 93.0000
  endloop
 endfacet
 facet normal 0.00000 0.00000 1.00000
  outer loop
   vertex 0.0000 0.0000 119.0000
   vertex -4.0000 -6.9282 119.0000
   vertex -3.0615 -7.3910 119.0000
  endloop
 endfacet
 facet normal 0.00000 0.00000 -1.00000
  outer loop
   vertex 0.0000 0.0000 93.0000
   vertex -2.0706 -7.7274 93.0000
   vertex -3.0615 -7.3910 93.0000
  endloop
 endfacet
 facet normal 0.00000 0.00000 1.00000
  outer loop
   vertex 0.0000 0.0000 119.0000
   vertex -3.0615 -7.3910 119.0000
   vertex -2.0706 -7.7274 119.0000
  endloop
 endfacet
 facet normal 0.00000 0.00000 -1.00000
  outer loop
   vertex 0.0000 0.0000 93.0000
   vertex -1.0442 -7.9316 93.0000
   vertex -2.0706 -7.7274 93.0000
  endloop
 endfacet
 facet normal 0.00000 0.00000 1.00000
  outer loop
   vertex 0.0000 0.0000 119.0000
   vertex -2.0706 -7.7274 119.0000
   vertex -1.0442 -7.9316 119.0000
  endloop
 endfacet
 facet normal 0.00000 0.00000 -1.00000
  outer loop
   vertex 0.0000 0.0000 93.0000
   vertex -0.0000 -8.0000 93.0000
   vertex -1.0442 -7.9316 93.0000
  endloop
 endfacet
 facet normal 0.00000 0.00000 1.00000
  outer loop
   vertex 0.0000 0.0000 119.0000
   vertex -1.0442 -7.9316 119.0000
   vertex -0.0000 -8.0000 119.0000
  endloop
 endfacet
 facet normal 0.00000 -0.00000 -1.00000
  outer loop
   vertex 0.0000 0.0000 93.0000
   vertex 1.0442 -7.9316 93.0000
   vertex -0.0000 -8.0000 93.0000
  endloop
 endfacet
 facet normal 0.00000 0.00000 1.00000
  outer loop
   vertex 0.0000 0.0000 119.0000
   vertex -0.0000 -8.0000 119.0000
   vertex 1.0442 -7.9316 119.0000
  endloop
 endfacet
 facet normal 0.00000 0.00000 -1.00000
  outer loop
   vertex 0.0000 0.0000 93.0000
   vertex 2.0706 -7.7274 93.0000
   vertex 1.0442 -7.9316 93.0000
  endloop
 endfacet
 facet normal 0.00000 0.00000 1.00000
  outer loop
   vertex 0.0000 0.0000 119.0000
   vertex 1.0442 -7.9316 119.0000
   vertex 2.0706 -7.7274 119.0000
  endloop
 endfacet
 facet normal 0.00000 0.00000 -1.00000
  outer loop
   vertex 0.0000 0.0000 93.0000
   vertex 3.0615 -7.3910 93.0000
   vertex 2.0706 -7.7274 93.0000
  endloop
 endfacet
 facet normal 0.00000 0.00000 1.00000
  outer loop
   vertex 0.0000 0.0000 119.0000
   vertex 2.0706 -7.7274 119.0000
   vertex 3.0615 -7.3910 119.0000
  endloop
 endfacet
 facet normal 0.00000 0.00000 -1.00000
  outer loop
   vertex 0.0000 0.0000 93.0000
   vertex 4.0000 -6.9282 93.0000
   vertex 3.0615 -7.3910 93.0000
  endloop
 endfacet
 facet normal 0.00000 0.00000 1.00000
  outer loop
   vertex 0.0000 0.0000 119.0000
   vertex 3.0615 -7.3910 119.0000
   vertex 4.0000 -6.9282 119.0000
  endloop
 endfacet
 facet normal 0.00000 0.00000 -1.00000
  outer loop
   vertex 0.0000 0.0000 93.0000
   vertex 4.8701 -6.3468 93.0000
   vertex 4.0000 -6.9282 93.0000
  endloop
 endfacet
 facet normal 0.00000 0.00000 1.00000
  outer loop
   vertex 0.0000 0.0000 119.0000
   vertex 4.0000 -6.9282 119.0000
   vertex 4.8701 -6.3468 119.0000
  endloop
 endfacet
 facet normal 0.00000 0.00000 -1.00000
  outer loop
   vertex 0.0000 0.0000 93.0000
   vertex 5.6569 -5.6569 93.0000
   vertex 4.8701 -6.3468 93.0000
  endloop
 endfacet
 facet normal 0.00000 0.00000 1.00000
  outer loop
   vertex 0.0000 0.0000 119.0000
   vertex 4.8701 -6.3468 119.0000
   vertex 5.6569 -5.6569 119.0000
  endloop
 endfacet
 facet normal 0.00000 0.00000 -1.00000
  outer loop
   vertex 0.0000 0.0000 93.0000
   vertex 6.3468 -4.8701 93.0000
   vertex 5.6569 -5.6569 93.0000
  endloop
 endfacet
 facet normal 0.00000 0.00000 1.00000
  outer loop
   vertex 0.0000 0.0000 119.0000
   vertex 5.6569 -5.6569 119.0000
   vertex 6.3468 -4.8701 119.0000
  endloop
 endfacet
 facet normal 0.00000 0.00000 -1.00000
  outer loop
   vertex 0.0000 0.0000 93.0000
   vertex 6.9282 -4.0000 93.0000
   vertex 6.3468 -4.8701 93.0000
  endloop
 endfacet
 facet normal 0.00000 0.00000 1.00000
  outer loop
   vertex 0.0000 0.0000 119.0000
   vertex 6.3468 -4.8701 119.0000
   vertex 6.9282 -4.0000 119.0000
  endloop
 endfacet
 facet normal 0.00000 0.00000 -1.00000
  outer loop
   vertex 0.0000 0.0000 93.0000
   vertex 7.3910 -3.0615 93.0000
   vertex 6.9282 -4.0000 93.0000
  endloop
 endfacet
 facet normal 0.00000 0.00000 1.00000
  outer loop
   vertex 0.0000 0.0000 119.0000
   vertex 6.9282 -4.0000 119.0000
   vertex 7.3910 -3.0615 119.0000
  endloop
 endfacet
 facet normal 0.00000 0.00000 -1.00000
  outer loop
   vertex 0.0000 0.0000 93.0000
   vertex 7.7274 -2.0706 93.0000
   vertex 7.3910 -3.0615 93.0000
  endloop
 endfacet
 facet normal 0.00000 0.00000 1.00000
  outer loop
   vertex 0.0000 0.0000 119.0000
   vertex 7.3910 -3.0615 119.0000
   vertex 7.7274 -2.0706 119.0000
  endloop
 endfacet
 facet normal 0.00000 0.00000 -1.00000
  outer loop
   vertex 0.0000 0.0000 93.0000
   vertex 7.9316 -1.0442 93.0000
   vertex 7.7274 -2.0706 93.0000
  endloop
 endfacet
 facet normal 0.00000 0.00000 1.00000
  outer loop
   vertex 0.0000 0.0000 119.0000
   vertex 7.7274 -2.0706 119.0000
   vertex 7.9316 -1.0442 119.0000
  endloop
 endfacet
 facet normal 0.00000 0.00000 -1.00000
  outer loop
   vertex 0.0000 0.0000 93.0000
   vertex 8.0000 0.0000 93.0000
   vertex 7.9316 -1.0442 93.0000
  endloop
 endfacet
 facet normal -0.00000 0.00000 1.00000
  outer loop
   vertex 0.0000 0.0000 119.0000
   vertex 7.9316 -1.0442 119.0000
   vertex 8.0000 0.0000 119.0000
  endloop
 endfacet
 facet normal 0.00000 0.00000 -1.00000
  outer loop
   vertex 8.0000 -0.8000 96.0000
   vertex 16.5000 0.8000 96.0000
   vertex 16.5000 -0.8000 96.0000
  endloop
 endfacet
 facet normal 0.00000 0.00000 -1.00000
  outer loop
   vertex 8.0000 -0.8000 96.0000
   vertex 8.0000 0.8000 96.0000
   vertex 16.5000 0.8000 96.0000
  endloop
 endfacet
 facet normal 0.00000 0.00000 1.00000
  outer loop
   vertex 8.0000 -0.8000 116.0000
   vertex 16.5000 -0.8000 116.0000
   vertex 16.5000 0.8000 116.0000
  endloop
 endfacet
 facet normal 0.00000 0.00000 1.00000
  outer loop
   vertex 8.0000 -0.8000 116.0000
   vertex 16.5000 0.8000 116.0000
   vertex 8.0000 0.8000 116.0000
  endloop
 endfacet
 facet normal 0.00000 -1.00000 0.00000
  outer loop
   vertex 8.0000 -0.8000 96.0000
   vertex 16.5000 -0.8000 96.0000
   vertex 16.5000 -0.8000 116.0000
  endloop
 endfacet
 facet normal 0.00000 -1.00000 0.00000
  outer loop
   vertex 8.0000 -0.8000 96.0000
   vertex 16.5000 -0.8000 116.0000
   vertex 8.0000 -0.8000 116.0000
  endloop
 endfacet
 facet normal 1.00000 0.00000 0.00000
  outer loop
   vertex 16.5000 -0.8000 96.0000
   vertex 16.5000 0.8000 96.0000
   vertex 16.5000 0.8000 116.0000
  endloop
 endfacet
 facet normal 1.00000 0.00000 0.00000
  outer loop
   vertex 16.5000 -0.8000 96.0000
   vertex 16.5000 0.8000 116.0000
   vertex 16.5000 -0.8000 116.0000
  endloop
 endfacet
 facet normal 0.00000 1.00000 0.00000
  outer loop
   vertex 16.5000 0.8000 96.0000
   vertex 8.0000 0.8000 96.0000
   vertex 8.0000 0.8000 116.0000
  endloop
 endfacet
 facet normal 0.00000 1.00000 -0.00000
  outer loop
   vertex 16.5000 0.8000 96.0000
   vertex 8.0000 0.8000 116.0000
   vertex 16.5000 0.8000 116.0000
  endloop
 endfacet
 facet normal -1.00000 0.00000 0.00000
  outer loop
   vertex 8.0000 0.8000 96.0000
   vertex 8.0000 -0.8000 96.0000
   vertex 8.0000 -0.8000 116.0000
  endloop
 endfacet
 facet normal -1.00000 0.00000 0.00000
  outer loop
   vertex 8.0000 0.8000 96.0000
   vertex 8.0000 -0.8000 116.0000
   vertex 8.0000 0.8000 116.0000
  endloop
 endfacet
 facet normal 0.00000 0.00000 -1.00000
  outer loop
   vertex 5.6134 5.7559 96.0000
   vertex 9.6621 13.3990 96.0000
   vertex 10.9130 12.4014 96.0000
  endloop
 endfacet
 facet normal 0.00000 0.00000 -1.00000
  outer loop
   vertex 5.6134 5.7559 96.0000
   vertex 4.3625 6.7534 96.0000
   vertex 9.6621 13.3990 96.0000
  endloop
 endfacet
 facet normal 0.00000 0.00000 1.00000
  outer loop
   vertex 5.6134 5.7559 116.0000
   vertex 10.9130 12.4014 116.0000
   vertex 9.6621 13.3990 116.0000
  endloop
 endfacet
 facet normal 0.00000 -0.00000 1.00000
  outer loop
   vertex 5.6134 5.7559 116.0000
   vertex 9.6621 13.3990 116.0000
   vertex 4.3625 6.7534 116.0000
  endloop
 endfacet
 facet normal 0.78183 -0.62349 0.00000
  outer loop
   vertex 5.6134 5.7559 96.0000
   vertex 10.9130 12.4014 96.0000
   vertex 10.9130 12.4014 116.0000
  endloop
 endfacet
 facet normal 0.78183 -0.62349 0.00000
  outer loop
   vertex 5.6134 5.7559 96.0000
   vertex 10.9130 12.4014 116.0000
   vertex 5.6134 5.7559 116.0000
  endloop
 endfacet
 facet normal 0.62349 0.78183 0.00000
  outer loop
   vertex 10.9130 12.4014 96.0000
   vertex 9.6621 13.3990 96.0000
   vertex 9.6621 13.3990 116.0000
  endloop
 endfacet
 facet normal 0.62349 0.78183 -0.00000
  outer loop
   vertex 10.9130 12.4014 96.0000
   vertex 9.6621 13.3990 116.0000
   vertex 10.9130 12.4014 116.0000
  endloop
 endfacet
 facet normal -0.78183 0.62349 0.00000
  outer loop
   vertex 9.6621 13.3990 96.0000
   vertex 4.3625 6.7534 96.0000
   vertex 4.3625 6.7534 116.0000
  endloop
 endfacet
 facet normal -0.78183 0.62349 0.00000
  outer loop
   vertex 9.6621 13.3990 96.0000
   vertex 4.3625 6.7534 116.0000
   vertex 9.6621 13.3990 116.0000
  endloop
 endfacet
 facet normal -0.62349 -0.78183 0.00000
  outer loop
   vertex 4.3625 6.7534 96.0000
   vertex 5.6134 5.7559 96.0000
   vertex 5.6134 5.7559 116.0000
  endloop
 endfacet
 facet normal -0.62349 -0.78183 0.00000
  outer loop
   vertex 4.3625 6.7534 96.0000
   vertex 5.6134 5.7559 116.0000
   vertex 4.3625 6.7534 116.0000
  endloop
 endfacet
 facet normal 0.00000 0.00000 -1.00000
  outer loop
   vertex -1.0002 7.9774 96.0000
   vertex -4.4515 15.9083 96.0000
   vertex -2.8917 16.2643 96.0000
  endloop
 endfacet
 facet normal -0.00000 0.00000 -1.00000
  outer loop
   vertex -1.0002 7.9774 96.0000
   vertex -2.5601 7.6214 96.0000
   vertex -4.4515 15.9083 96.0000
  endloop
 endfacet
 facet normal 0.00000 0.00000 1.00000
  outer loop
   vertex -1.0002 7.9774 116.0000
   vertex -2.8917 16.2643 116.0000
   vertex -4.4515 15.9083 116.0000
  endloop
 endfacet
 facet normal 0.00000 0.00000 1.00000
  outer loop
   vertex -1.0002 7.9774 116.0000
   vertex -4.4515 15.9083 116.0000
   vertex -2.5601 7.6214 116.0000
  endloop
 endfacet
 facet normal 0.97493 0.22252 0.00000
  outer loop
   vertex -1.0002 7.9774 96.0000
   vertex -2.8917 16.2643 96.0000
   vertex -2.8917 16.2643 116.0000
  endloop
 endfacet
 facet normal 0.97493 0.22252 -0.00000
  outer loop
   vertex -1.0002 7.9774 96.0000
   vertex -2.8917 16.2643 116.0000
   vertex -1.0002 7.9774 116.0000
  endloop
 endfacet
 facet normal -0.22252 0.97493 0.00000
  outer loop
   vertex -2.8917 16.2643 96.0000
   vertex -4.4515 15.9083 96.0000
   vertex -4.4515 15.9083 116.0000
  endloop
 endfacet
 facet normal -0.22252 0.97493 0.00000
  outer loop
   vertex -2.8917 16.2643 96.0000
   vertex -4.4515 15.9083 116.0000
   vertex -2.8917 16.2643 116.0000
  endloop
 endfacet
 facet normal -0.97493 -0.22252 0.00000
  outer loop
   vertex -4.4515 15.9083 96.0000
   vertex -2.5601 7.6214 96.0000
   vertex -2.5601 7.6214 116.0000
  endloop
 endfacet
 facet normal -0.97493 -0.22252 0.00000
  outer loop
   vertex -4.4515 15.9083 96.0000
   vertex -2.5601 7.6214 116.0000
   vertex -4.4515 15.9083 116.0000
  endloop
 endfacet
 facet normal 0.22252 -0.97493 0.00000
  outer loop
   vertex -2.5601 7.6214 96.0000
   vertex -1.0002 7.9774 96.0000
   vertex -1.0002 7.9774 116.0000
  endloop
 endfacet
 facet normal 0.22252 -0.97493 0.00000
  outer loop
   vertex -2.5601 7.6214 96.0000
   vertex -1.0002 7.9774 116.0000
   vertex -2.5601 7.6214 116.0000
  endloop
 endfacet
 facet normal 0.00000 0.00000 -1.00000
  outer loop
   vertex -6.8606 4.1918 96.0000
   vertex -15.2131 6.4383 96.0000
   vertex -14.5189 7.8799 96.0000
  endloop
 endfacet
 facet normal -0.00000 0.00000 -1.00000
  outer loop
   vertex -6.8606 4.1918 96.0000
   vertex -7.5549 2.7503 96.0000
   vertex -15.2131 6.4383 96.0000
  endloop
 endfacet
 facet normal 0.00000 0.00000 1.00000
  outer loop
   vertex -6.8606 4.1918 116.0000
   vertex -14.5189 7.8799 116.0000
   vertex -15.2131 6.4383 116.0000
  endloop
 endfacet
 facet normal 0.00000 0.00000 1.00000
  outer loop
   vertex -6.8606 4.1918 116.0000
   vertex -15.2131 6.4383 116.0000
   vertex -7.5549 2.7503 116.0000
  endloop
 endfacet
 facet normal 0.43388 0.90097 0.00000
  outer loop
   vertex -6.8606 4.1918 96.0000
   vertex -14.5189 7.8799 96.0000
   vertex -14.5189 7.8799 116.0000
  endloop
 endfacet
 facet normal 0.43388 0.90097 -0.00000
  outer loop
   vertex -6.8606 4.1918 96.0000
   vertex -14.5189 7.8799 116.0000
   vertex -6.8606 4.1918 116.0000
  endloop
 endfacet
 facet normal -0.90097 0.43388 0.00000
  outer loop
   vertex -14.5189 7.8799 96.0000
   vertex -15.2131 6.4383 96.0000
   vertex -15.2131 6.4383 116.0000
  endloop
 endfacet
 facet normal -0.90097 0.43388 0.00000
  outer loop
   vertex -14.5189 7.8799 96.0000
   vertex -15.2131 6.4383 116.0000
   vertex -14.5189 7.8799 116.0000
  endloop
 endfacet
 facet normal -0.43388 -0.90097 0.00000
  outer loop
   vertex -15.2131 6.4383 96.0000
   vertex -7.5549 2.7503 96.0000
   vertex -7.5549 2.7503 116.0000
  endloop
 endfacet
 facet normal -0.43388 -0.90097 0.00000
  outer loop
   vertex -15.2131 6.4383 96.0000
   vertex -7.5549 2.7503 116.0000
   vertex -15.2131 6.4383 116.0000
  endloop
 endfacet
 facet normal 0.90097 -0.43388 0.00000
  outer loop
   vertex -7.5549 2.7503 96.0000
   vertex -6.8606 4.1918 96.0000
   vertex -6.8606 4.1918 116.0000
  endloop
 endfacet
 facet normal 0.90097 -0.43388 0.00000
  outer loop
   vertex -7.5549 2.7503 96.0000
   vertex -6.8606 4.1918 116.0000
   vertex -7.5549 2.7503 116.0000
  endloop
 endfacet
 facet normal 0.00000 0.00000 -1.00000
  outer loop
   vertex -7.5549 -2.7503 96.0000
   vertex -14.5189 -7.8799 96.0000
   vertex -15.2131 -6.4383 96.0000
  endloop
 endfacet
 facet normal 0.00000 -0.00000 -1.00000
  outer loop
   vertex -7.5549 -2.7503 96.0000
   vertex -6.8606 -4.1918 96.0000
   vertex -14.5189 -7.8799 96.0000
  endloop
 endfacet
 facet normal 0.00000 0.00000 1.00000
  outer loop
   vertex -7.5549 -2.7503 116.0000
   vertex -15.2131 -6.4383 116.0000
   vertex -14.5189 -7.8799 116.0000
  endloop
 endfacet
 facet normal 0.00000 0.00000 1.00000
  outer loop
   vertex -7.5549 -2.7503 116.0000
   vertex -14.5189 -7.8799 116.0000
   vertex -6.8606 -4.1918 116.0000
  endloop
 endfacet
 facet normal -0.43388 0.90097 0.00000
  outer loop
   vertex -7.5549 -2.7503 96.0000
   vertex -15.2131 -6.4383 96.0000
   vertex -15.2131 -6.4383 116.0000
  endloop
 endfacet
 facet normal -0.43388 0.90097 0.00000
  outer loop
   vertex -7.5549 -2.7503 96.0000
   vertex -15.2131 -6.4383 116.0000
   vertex -7.5549 -2.7503 116.0000
  endloop
 endfacet
 facet normal -0.90097 -0.43388 0.00000
  outer loop
   vertex -15.2131 -6.4383 96.0000
   vertex -14.5189 -7.8799 96.0000
   vertex -14.5189 -7.8799 116.0000
  endloop
 endfacet
 facet normal -0.90097 -0.43388 0.00000
  outer loop
   vertex -15.2131 -6.4383 96.0000
   vertex -14.5189 -7.8799 116.0000
   vertex -15.2131 -6.4383 116.0000
  endloop
 endfacet
 facet normal 0.43388 -0.90097 0.00000
  outer loop
   vertex -14.5189 -7.8799 96.0000
   vertex -6.8606 -4.1918 96.0000
   vertex -6.8606 -4.1918 116.0000
  endloop
 endfacet
 facet normal 0.43388 -0.90097 0.00000
  outer loop
   vertex -14.5189 -7.8799 96.0000
   vertex -6.8606 -4.1918 116.0000
   vertex -14.5189 -7.8799 116.0000
  endloop
 endfacet
 facet normal 0.90097 0.43388 0.00000
  outer loop
   vertex -6.8606 -4.1918 96.0000
   vertex -7.5549 -2.7503 96.0000
   vertex -7.5549 -2.7503 116.0000
  endloop
 endfacet
 facet normal 0.90097 0.43388 -0.00000
  outer loop
   vertex -6.8606 -4.1918 96.0000
   vertex -7.5549 -2.7503 116.0000
   vertex -6.8606 -4.1918 116.0000
  endloop
 endfacet
 facet normal 0.00000 0.00000 -1.00000
  outer loop
   vertex -2.5601 -7.6214 96.0000
   vertex -2.8917 -16.2643 96.0000
   vertex -4.4515 -15.9083 96.0000
  endloop
 endfacet
 facet normal 0.00000 -0.00000 -1.00000
  outer loop
   vertex -2.5601 -7.6214 96.0000
   vertex -1.0002 -7.9774 96.0000
   vertex -2.8917 -16.2643 96.0000
  endloop
 endfacet
 facet normal 0.00000 0.00000 1.00000
  outer loop
   vertex -2.5601 -7.6214 116.0000
   vertex -4.4515 -15.9083 116.0000
   vertex -2.8917 -16.2643 116.0000
  endloop
 endfacet
 facet normal 0.00000 0.00000 1.00000
  outer loop
   vertex -2.5601 -7.6214 116.0000
   vertex -2.8917 -16.2643 116.0000
   vertex -1.0002 -7.9774 116.0000
  endloop
 endfacet
 facet normal -0.97493 0.22252 0.00000
  outer loop
   vertex -2.5601 -7.6214 96.0000
   vertex -4.4515 -15.9083 96.0000
   vertex -4.4515 -15.9083 116.0000
  endloop
 endfacet
 facet normal -0.97493 0.22252 0.00000
  outer loop
   vertex -2.5601 -7.6214 96.0000
   vertex -4.4515 -15.9083 116.0000
   vertex -2.5601 -7.6214 116.0000
  endloop
 endfacet
 facet normal -0.22252 -0.97493 0.00000
  outer loop
   vertex -4.4515 -15.9083 96.0000
   vertex -2.8917 -16.2643 96.0000
   vertex -2.8917 -16.2643 116.0000
  endloop
 endfacet
 facet normal -0.22252 -0.97493 0.00000
  outer loop
   vertex -4.4515 -15.9083 96.0000
   vertex -2.8917 -16.2643 116.0000
   vertex -4.4515 -15.9083 116.0000
  endloop
 endfacet
 facet normal 0.97493 -0.22252 0.00000
  outer loop
   vertex -2.8917 -16.2643 96.0000
   vertex -1.0002 -7.9774 96.0000
   vertex -1.0002 -7.9774 116.0000
  endloop
 endfacet
 facet normal 0.97493 -0.22252 0.00000
  outer loop
   vertex -2.8917 -16.2643 96.0000
   vertex -1.0002 -7.9774 116.0000
   vertex -2.8917 -16.2643 116.0000
  endloop
 endfacet
 facet normal 0.22252 0.97493 0.00000
  outer loop
   vertex -1.0002 -7.9774 96.0000
   vertex -2.5601 -7.6214 96.0000
   vertex -2.5601 -7.6214 116.0000
  endloop
 endfacet
 facet normal 0.22252 0.97493 -0.00000
  outer loop
   vertex -1.0002 -7.9774 96.0000
   vertex -2.5601 -7.6214 116.0000
   vertex -1.0002 -7.9774 116.0000
  endloop
 endfacet
 facet normal 0.00000 0.00000 -1.00000
  outer loop
   vertex 4.3625 -6.7534 96.0000
   vertex 10.9130 -12.4014 96.0000
   vertex 9.6621 -13.3990 96.0000
  endloop
 endfacet
 facet normal 0.00000 0.00000 -1.00000
  outer loop
   vertex 4.3625 -6.7534 96.0000
   vertex 5.6134 -5.7559 96.0000
   vertex 10.9130 -12.4014 96.0000
  endloop
 endfacet
 facet normal 0.00000 0.00000 1.00000
  outer loop
   vertex 4.3625 -6.7534 116.0000
   vertex 9.6621 -13.3990 116.0000
   vertex 10.9130 -12.4014 116.0000
  endloop
 endfacet
 facet normal -0.00000 0.00000 1.00000
  outer loop
   vertex 4.3625 -6.7534 116.0000
   vertex 10.9130 -12.4014 116.0000
   vertex 5.6134 -5.7559 116.0000
  endloop
 endfacet
 facet normal -0.78183 -0.62349 0.00000
  outer loop
   vertex 4.3625 -6.7534 96.0000
   vertex 9.6621 -13.3990 96.0000
   vertex 9.6621 -13.3990 116.0000
  endloop
 endfacet
 facet normal -0.78183 -0.62349 0.00000
  outer loop
   vertex 4.3625 -6.7534 96.0000
   vertex 9.6621 -13.3990 116.0000
   vertex 4.3625 -6.7534 116.0000
  endloop
 endfacet
 facet normal 0.62349 -0.78183 0.00000
  outer loop
   vertex 9.6621 -13.3990 96.0000
   vertex 10.9130 -12.4014 96.0000
   vertex 10.9130 -12.4014 116.0000
  endloop
 endfacet
 facet normal 0.62349 -0.78183 0.00000
  outer loop
   vertex 9.6621 -13.3990 96.0000
   vertex 10.9130 -12.4014 116.0000
   vertex 9.6621 -13.3990 116.0000
  endloop
 endfacet
 facet normal 0.78183 0.62349 0.00000
  outer loop
   vertex 10.9130 -12.4014 96.0000
   vertex 5.6134 -5.7559 96.0000
   vertex 5.6134 -5.7559 116.0000
  endloop
 endfacet
 facet normal 0.78183 0.62349 -0.00000
  outer loop
   vertex 10.9130 -12.4014 96.0000
   vertex 5.6134 -5.7559 116.0000
   vertex 10.9130 -12.4014 116.0000
  endloop
 endfacet
 facet normal -0.62349 0.78183 0.00000
  outer loop
   vertex 5.6134 -5.7559 96.0000
   vertex 4.3625 -6.7534 96.0000
   vertex 4.3625 -6.7534 116.0000
  endloop
 endfacet
 facet normal -0.62349 0.78183 0.00000
  outer loop
   vertex 5.6134 -5.7559 96.0000
   vertex 4.3625 -6.7534 116.0000
   vertex 5.6134 -5.7559 116.0000
  endloop
 endfacet
 facet normal 0.00000 0.00000 -1.00000
  outer loop
   vertex -25.0000 -24.4500 120.0000
   vertex 25.0000 -23.5500 120.0000
   vertex 25.0000 -24.4500 120.0000
  endloop
 endfacet
 facet normal 0.00000 0.00000 -1.00000
  outer loop
   vertex -25.0000 -24.4500 120.0000
   vertex -25.0000 -23.5500 120.0000
   vertex 25.0000 -23.5500 120.0000
  endloop
 endfacet
 facet normal 0.00000 0.00000 1.00000
  outer loop
   vertex -25.0000 -24.4500 145.0000
   vertex 25.0000 -24.4500 145.0000
   vertex 25.0000 -23.5500 145.0000
  endloop
 endfacet
 facet normal 0.00000 0.00000 1.00000
  outer loop
   vertex -25.0000 -24.4500 145.0000
   vertex 25.0000 -23.5500 145.0000
   vertex -25.0000 -23.5500 145.0000
  endloop
 endfacet
 facet normal 0.00000 -1.00000 0.00000
  outer loop
   vertex -25.0000 -24.4500 120.0000
   vertex 25.0000 -24.4500 120.0000
   vertex 25.0000 -24.4500 145.0000
  endloop
 endfacet
 facet normal 0.00000 -1.00000 0.00000
  outer loop
   vertex -25.0000 -24.4500 120.0000
   vertex 25.0000 -24.4500 145.0000
   vertex -25.0000 -24.4500 145.0000
  endloop
 endfacet
 facet normal 1.00000 0.00000 0.00000
  outer loop
   vertex 25.0000 -24.4500 120.0000
   vertex 25.0000 -23.5500 120.0000
   vertex 25.0000 -23.5500 145.0000
  endloop
 endfacet
 facet normal 1.00000 0.00000 0.00000
  outer loop
   vertex 25.0000 -24.4500 120.0000
   vertex 25.0000 -23.5500 145.0000
   vertex 25.0000 -24.4500 145.0000
  endloop
 endfacet
 facet normal 0.00000 1.00000 0.00000
  outer loop
   vertex 25.0000 -23.5500 120.0000
   vertex -25.0000 -23.5500 120.0000
   vertex -25.0000 -23.5500 145.0000
  endloop
 endfacet
 facet normal 0.00000 1.00000 -0.00000
  outer loop
   vertex 25.0000 -23.5500 120.0000
   vertex -25.0000 -23.5500 145.0000
   vertex 25.0000 -23.5500 145.0000
  endloop
 endfacet
 facet normal -1.00000 0.00000 0.00000
  outer loop
   vertex -25.0000 -23.5500 120.0000
   vertex -25.0000 -24.4500 120.0000
   vertex -25.0000 -24.4500 145.0000
  endloop
 endfacet
 facet normal -1.00000 0.00000 0.00000
  outer loop
   vertex -25.0000 -23.5500 120.0000
   vertex -25.0000 -24.4500 145.0000
   vertex -25.0000 -23.5500 145.0000
  endloop
 endfacet
 facet normal 0.00000 0.00000 -1.00000
  outer loop
   vertex -25.0000 -21.4500 120.0000
   vertex 25.0000 -20.5500 120.0000
   vertex 25.0000 -21.4500 120.0000
  endloop
 endfacet
 facet normal 0.00000 0.00000 -1.00000
  outer loop
   vertex -25.0000 -21.4500 120.0000
   vertex -25.0000 -20.5500 120.0000
   vertex 25.0000 -20.5500 120.0000
  endloop
 endfacet
 facet normal 0.00000 0.00000 1.00000
  outer loop
   vertex -25.0000 -21.4500 145.0000
   vertex 25.0000 -21.4500 145.0000
   vertex 25.0000 -20.5500 145.0000
  endloop
 endfacet
 facet normal 0.00000 0.00000 1.00000
  outer loop
   vertex -25.0000 -21.4500 145.0000
   vertex 25.0000 -20.5500 145.0000
   vertex -25.0000 -20.5500 145.0000
  endloop
 endfacet
 facet normal 0.00000 -1.00000 0.00000
  outer loop
   vertex -25.0000 -21.4500 120.0000
   vertex 25.0000 -21.4500 120.0000
   vertex 25.0000 -21.4500 145.0000
  endloop
 endfacet
 facet normal 0.00000 -1.00000 0.00000
  outer loop
   vertex -25.0000 -21.4500 120.0000
   vertex 25.0000 -21.4500 145.0000
   vertex -25.0000 -21.4500 145.0000
  endloop
 endfacet
 facet normal 1.00000 0.00000 0.00000
  outer loop
   vertex 25.0000 -21.4500 120.0000
   vertex 25.0000 -20.5500 120.0000
   vertex 25.0000 -20.5500 145.0000
  endloop
 endfacet
 facet normal 1.00000 0.00000 0.00000
  outer loop
   vertex 25.0000 -21.4500 120.0000
   vertex 25.0000 -20.5500 145.0000
   vertex 25.0000 -21.4500 145.0000
  endloop
 endfacet
 facet normal 0.00000 1.00000 0.00000
  outer loop
   vertex 25.0000 -20.5500 120.0000
   vertex -25.0000 -20.5500 120.0000
   vertex -25.0000 -20.5500 145.0000
  endloop
 endfacet
 facet normal 0.00000 1.00000 -0.00000
  outer loop
   vertex 25.0000 -20.5500 120.0000
   vertex -25.0000 -20.5500 145.0000
   vertex 25.0000 -20.5500 145.0000
  endloop
 endfacet
 facet normal -1.00000 0.00000 0.00000
  outer loop
   vertex -25.0000 -20.5500 120.0000
   vertex -25.0000 -21.4500 120.0000
   vertex -25.0000 -21.4500 145.0000
  endloop
 endfacet
 facet normal -1.00000 0.00000 0.00000
  outer loop
   vertex -25.0000 -20.5500 120.0000
   vertex -25.0000 -21.4500 145.0000
   vertex -25.0000 -20.5500 145.0000
  endloop
 endfacet
 facet normal 0.00000 0.00000 -1.00000
  outer loop
   vertex -25.0000 -18.4500 120.0000
   vertex 25.0000 -17.5500 120.0000
   vertex 25.0000 -18.4500 120.0000
  endloop
 endfacet
 facet normal 0.00000 0.00000 -1.00000
  outer loop
   vertex -25.0000 -18.4500 120.0000
   vertex -25.0000 -17.5500 120.0000
   vertex 25.0000 -17.5500 120.0000
  endloop
 endfacet
 facet normal 0.00000 0.00000 1.00000
  outer loop
   vertex -25.0000 -18.4500 145.0000
   vertex 25.0000 -18.4500 145.0000
   vertex 25.0000 -17.5500 145.0000
  endloop
 endfacet
 facet normal 0.00000 0.00000 1.00000
  outer loop
   vertex -25.0000 -18.4500 145.0000
   vertex 25.0000 -17.5500 145.0000
   vertex -25.0000 -17.5500 145.0000
  endloop
 endfacet
 facet normal 0.00000 -1.00000 0.00000
  outer loop
   vertex -25.0000 -18.4500 120.0000
   vertex 25.0000 -18.4500 120.0000
   vertex 25.0000 -18.4500 145.0000
  endloop
 endfacet
 facet normal 0.00000 -1.00000 0.00000
  outer loop
   vertex -25.0000 -18.4500 120.0000
   vertex 25.0000 -18.4500 145.0000
   vertex -25.0000 -18.4500 145.0000
  endloop
 endfacet
 facet normal 1.00000 0.00000 0.00000
  outer loop
   vertex 25.0000 -18.4500 120.0000
   vertex 25.0000 -17.5500 120.0000
   vertex 25.0000 -17.5500 145.0000
  endloop
 endfacet
 facet normal 1.00000 0.00000 0.00000
  outer loop
   vertex 25.0000 -18.4500 120.0000
   vertex 25.0000 -17.5500 145.0000
   vertex 25.0000 -18.4500 145.0000
  endloop
 endfacet
 facet normal 0.00000 1.00000 0.00000
  outer loop
   vertex 25.0000 -17.5500 120.0000
   vertex -25.0000 -17.5500 120.0000
   vertex -25.0000 -17.5500 145.0000
  endloop
 endfacet
 facet normal 0.00000 1.00000 -0.00000
  outer loop
   vertex 25.0000 -17.5500 120.0000
   vertex -25.0000 -17.5500 145.0000
   vertex 25.0000 -17.5500 145.0000
  endloop
 endfacet
 facet normal -1.00000 0.00000 0.00000
  outer loop
   vertex -25.0000 -17.5500 120.0000
   vertex -25.0000 -18.4500 120.0000
   vertex -25.0000 -18.4500 145.0000
  endloop
 endfacet
 facet normal -1.00000 0.00000 0.00000
  outer loop
   vertex -25.0000 -17.5500 120.0000
   vertex -25.0000 -18.4500 145.0000
   vertex -25.0000 -17.5500 145.0000
  endloop
 endfacet
 facet normal 0.00000 0.00000 -1.00000
  outer loop
   vertex -25.0000 -15.4500 120.0000
   vertex 25.0000 -14.5500 120.0000
   vertex 25.0000 -15.4500 120.0000
  endloop
 endfacet
 facet normal 0.00000 0.00000 -1.00000
  outer loop
   vertex -25.0000 -15.4500 120.0000
   vertex -25.0000 -14.5500 120.0000
   vertex 25.0000 -14.5500 120.0000
  endloop
 endfacet
 facet normal 0.00000 0.00000 1.00000
  outer loop
   vertex -25.0000 -15.4500 145.0000
   vertex 25.0000 -15.4500 145.0000
   vertex 25.0000 -14.5500 145.0000
  endloop
 endfacet
 facet normal 0.00000 0.00000 1.00000
  outer loop
   vertex -25.0000 -15.4500 145.0000
   vertex 25.0000 -14.5500 145.0000
   vertex -25.0000 -14.5500 145.0000
  endloop
 endfacet
 facet normal 0.00000 -1.00000 0.00000
  outer loop
   vertex -25.0000 -15.4500 120.0000
   vertex 25.0000 -15.4500 120.0000
   vertex 25.0000 -15.4500 145.0000
  endloop
 endfacet
 facet normal 0.00000 -1.00000 0.00000
  outer loop
   vertex -25.0000 -15.4500 120.0000
   vertex 25.0000 -15.4500 145.0000
   vertex -25.0000 -15.4500 145.0000
  endloop
 endfacet
 facet normal 1.00000 0.00000 0.00000
  outer loop
   vertex 25.0000 -15.4500 120.0000
   vertex 25.0000 -14.5500 120.0000
   vertex 25.0000 -14.5500 145.0000
  endloop
 endfacet
 facet normal 1.00000 0.00000 0.00000
  outer loop
   vertex 25.0000 -15.4500 120.0000
   vertex 25.0000 -14.5500 145.0000
   vertex 25.0000 -15.4500 145.0000
  endloop
 endfacet
 facet normal 0.00000 1.00000 0.00000
  outer loop
   vertex 25.0000 -14.5500 120.0000
   vertex -25.0000 -14.5500 120.0000
   vertex -25.0000 -14.5500 145.0000
  endloop
 endfacet
 facet normal 0.00000 1.00000 -0.00000
  outer loop
   vertex 25.0000 -14.5500 120.0000
   vertex -25.0000 -14.5500 145.0000
   vertex 25.0000 -14.5500 145.0000
  endloop
 endfacet
 facet normal -1.00000 0.00000 0.00000
  outer loop
   vertex -25.0000 -14.5500 120.0000
   vertex -25.0000 -15.4500 120.0000
   vertex -25.0000 -15.4500 145.0000
  endloop
 endfacet
 facet normal -1.00000 0.00000 0.00000
  outer loop
   vertex -25.0000 -14.5500 120.0000
   vertex -25.0000 -15.4500 145.0000
   vertex -25.0000 -14.5500 145.0000
  endloop
 endfacet
 facet normal 0.00000 0.00000 -1.00000
  outer loop
   vertex -25.0000 -12.4500 120.0000
   vertex 25.0000 -11.5500 120.0000
   vertex 25.0000 -12.4500 120.0000
  endloop
 endfacet
 facet normal 0.00000 0.00000 -1.00000
  outer loop
   vertex -25.0000 -12.4500 120.0000
   vertex -25.0000 -11.5500 120.0000
   vertex 25.0000 -11.5500 120.0000
  endloop
 endfacet
 facet normal 0.00000 0.00000 1.00000
  outer loop
   vertex -25.0000 -12.4500 145.0000
   vertex 25.0000 -12.4500 145.0000
   vertex 25.0000 -11.5500 145.0000
  endloop
 endfacet
 facet normal 0.00000 0.00000 1.00000
  outer loop
   vertex -25.0000 -12.4500 145.0000
   vertex 25.0000 -11.5500 145.0000
   vertex -25.0000 -11.5500 145.0000
  endloop
 endfacet
 facet normal 0.00000 -1.00000 0.00000
  outer loop
   vertex -25.0000 -12.4500 120.0000
   vertex 25.0000 -12.4500 120.0000
   vertex 25.0000 -12.4500 145.0000
  endloop
 endfacet
 facet normal 0.00000 -1.00000 0.00000
  outer loop
   vertex -25.0000 -12.4500 120.0000
   vertex 25.0000 -12.4500 145.0000
   vertex -25.0000 -12.4500 145.0000
  endloop
 endfacet
 facet normal 1.00000 0.00000 0.00000
  outer loop
   vertex 25.0000 -12.4500 120.0000
   vertex 25.0000 -11.5500 120.0000
   vertex 25.0000 -11.5500 145.0000
  endloop
 endfacet
 facet normal 1.00000 0.00000 0.00000
  outer loop
   vertex 25.0000 -12.4500 120.0000
   vertex 25.0000 -11.5500 145.0000
   vertex 25.0000 -12.4500 145.0000
  endloop
 endfacet
 facet normal 0.00000 1.00000 0.00000
  outer loop
   vertex 25.0000 -11.5500 120.0000
   vertex -25.0000 -11.5500 120.0000
   vertex -25.0000 -11.5500 145.0000
  endloop
 endfacet
 facet normal 0.00000 1.00000 -0.00000
  outer loop
   vertex 25.0000 -11.5500 120.0000
   vertex -25.0000 -11.5500 145.0000
   vertex 25.0000 -11.5500 145.0000
  endloop
 endfacet
 facet normal -1.00000 0.00000 0.00000
  outer loop
   vertex -25.0000 -11.5500 120.0000
   vertex -25.0000 -12.4500 120.0000
   vertex -25.0000 -12.4500 145.0000
  endloop
 endfacet
 facet normal -1.00000 0.00000 0.00000
  outer loop
   vertex -25.0000 -11.5500 120.0000
   vertex -25.0000 -12.4500 145.0000
   vertex -25.0000 -11.5500 145.0000
  endloop
 endfacet
 facet normal 0.00000 0.00000 -1.00000
  outer loop
   vertex -25.0000 -9.4500 120.0000
   vertex 25.0000 -8.5500 120.0000
   vertex 25.0000 -9.4500 120.0000
  endloop
 endfacet
 facet normal 0.00000 0.00000 -1.00000
  outer loop
   vertex -25.0000 -9.4500 120.0000
   vertex -25.0000 -8.5500 120.0000
   vertex 25.0000 -8.5500 120.0000
  endloop
 endfacet
 facet normal 0.00000 0.00000 1.00000
  outer loop
   vertex -25.0000 -9.4500 145.0000
   vertex 25.0000 -9.4500 145.0000
   vertex 25.0000 -8.5500 145.0000
  endloop
 endfacet
 facet normal 0.00000 0.00000 1.00000
  outer loop
   vertex -25.0000 -9.4500 145.0000
   vertex 25.0000 -8.5500 145.0000
   vertex -25.0000 -8.5500 145.0000
  endloop
 endfacet
 facet normal 0.00000 -1.00000 0.00000
  outer loop
   vertex -25.0000 -9.4500 120.0000
   vertex 25.0000 -9.4500 120.0000
   vertex 25.0000 -9.4500 145.0000
  endloop
 endfacet
 facet normal 0.00000 -1.00000 0.00000
  outer loop
   vertex -25.0000 -9.4500 120.0000
   vertex 25.0000 -9.4500 145.0000
   vertex -25.0000 -9.4500 145.0000
  endloop
 endfacet
 facet normal 1.00000 0.00000 0.00000
  outer loop
   vertex 25.0000 -9.4500 120.0000
   vertex 25.0000 -8.5500 120.0000
   vertex 25.0000 -8.5500 145.0000
  endloop
 endfacet
 facet normal 1.00000 0.00000 0.00000
  outer loop
   vertex 25.0000 -9.4500 120.0000
   vertex 25.0000 -8.5500 145.0000
   vertex 25.0000 -9.4500 145.0000
  endloop
 endfacet
 facet normal 0.00000 1.00000 0.00000
  outer loop
   vertex 25.0000 -8.5500 120.0000
   vertex -25.0000 -8.5500 120.0000
   vertex -25.0000 -8.5500 145.0000
  endloop
 endfacet
 facet normal 0.00000 1.00000 -0.00000
  outer loop
   vertex 25.0000 -8.5500 120.0000
   vertex -25.0000 -8.5500 145.0000
   vertex 25.0000 -8.5500 145.0000
  endloop
 endfacet
 facet normal -1.00000 0.00000 0.00000
  outer loop
   vertex -25.0000 -8.5500 120.0000
   vertex -25.0000 -9.4500 120.0000
   vertex -25.0000 -9.4500 145.0000
  endloop
 endfacet
 facet normal -1.00000 0.00000 0.00000
  outer loop
   vertex -25.0000 -8.5500 120.0000
   vertex -25.0000 -9.4500 145.0000
   vertex -25.0000 -8.5500 145.0000
  endloop
 endfacet
 facet normal 0.00000 0.00000 -1.00000
  outer loop
   vertex -25.0000 -6.4500 120.0000
   vertex 25.0000 -5.5500 120.0000
   vertex 25.0000 -6.4500 120.0000
  endloop
 endfacet
 facet normal 0.00000 0.00000 -1.00000
  outer loop
   vertex -25.0000 -6.4500 120.0000
   vertex -25.0000 -5.5500 120.0000
   vertex 25.0000 -5.5500 120.0000
  endloop
 endfacet
 facet normal 0.00000 0.00000 1.00000
  outer loop
   vertex -25.0000 -6.4500 145.0000
   vertex 25.0000 -6.4500 145.0000
   vertex 25.0000 -5.5500 145.0000
  endloop
 endfacet
 facet normal 0.00000 0.00000 1.00000
  outer loop
   vertex -25.0000 -6.4500 145.0000
   vertex 25.0000 -5.5500 145.0000
   vertex -25.0000 -5.5500 145.0000
  endloop
 endfacet
 facet normal 0.00000 -1.00000 0.00000
  outer loop
   vertex -25.0000 -6.4500 120.0000
   vertex 25.0000 -6.4500 120.0000
   vertex 25.0000 -6.4500 145.0000
  endloop
 endfacet
 facet normal 0.00000 -1.00000 0.00000
  outer loop
   vertex -25.0000 -6.4500 120.0000
   vertex 25.0000 -6.4500 145.0000
   vertex -25.0000 -6.4500 145.0000
  endloop
 endfacet
 facet normal 1.00000 0.00000 0.00000
  outer loop
   vertex 25.0000 -6.4500 120.0000
   vertex 25.0000 -5.5500 120.0000
   vertex 25.0000 -5.5500 145.0000
  endloop
 endfacet
 facet normal 1.00000 0.00000 0.00000
  outer loop
   vertex 25.0000 -6.4500 120.0000
   vertex 25.0000 -5.5500 145.0000
   vertex 25.0000 -6.4500 145.0000
  endloop
 endfacet
 facet normal 0.00000 1.00000 0.00000
  outer loop
   vertex 25.0000 -5.5500 120.0000
   vertex -25.0000 -5.5500 120.0000
   vertex -25.0000 -5.5500 145.0000
  endloop
 endfacet
 facet normal 0.00000 1.00000 -0.00000
  outer loop
   vertex 25.0000 -5.5500 120.0000
   vertex -25.0000 -5.5500 145.0000
   vertex 25.0000 -5.5500 145.0000
  endloop
 endfacet
 facet normal -1.00000 0.00000 0.00000
  outer loop
   vertex -25.0000 -5.5500 120.0000
   vertex -25.0000 -6.4500 120.0000
   vertex -25.0000 -6.4500 145.0000
  endloop
 endfacet
 facet normal -1.00000 0.00000 0.00000
  outer loop
   vertex -25.0000 -5.5500 120.0000
   vertex -25.0000 -6.4500 145.0000
   vertex -25.0000 -5.5500 145.0000
  endloop
 endfacet
 facet normal 0.00000 0.00000 -1.00000
  outer loop
   vertex -25.0000 -3.4500 120.0000
   vertex 25.0000 -2.5500 120.0000
   vertex 25.0000 -3.4500 120.0000
  endloop
 endfacet
 facet normal 0.00000 0.00000 -1.00000
  outer loop
   vertex -25.0000 -3.4500 120.0000
   vertex -25.0000 -2.5500 120.0000
   vertex 25.0000 -2.5500 120.0000
  endloop
 endfacet
 facet normal 0.00000 0.00000 1.00000
  outer loop
   vertex -25.0000 -3.4500 145.0000
   vertex 25.0000 -3.4500 145.0000
   vertex 25.0000 -2.5500 145.0000
  endloop
 endfacet
 facet normal 0.00000 0.00000 1.00000
  outer loop
   vertex -25.0000 -3.4500 145.0000
   vertex 25.0000 -2.5500 145.0000
   vertex -25.0000 -2.5500 145.0000
  endloop
 endfacet
 facet normal 0.00000 -1.00000 0.00000
  outer loop
   vertex -25.0000 -3.4500 120.0000
   vertex 25.0000 -3.4500 120.0000
   vertex 25.0000 -3.4500 145.0000
  endloop
 endfacet
 facet normal 0.00000 -1.00000 0.00000
  outer loop
   vertex -25.0000 -3.4500 120.0000
   vertex 25.0000 -3.4500 145.0000
   vertex -25.0000 -3.4500 145.0000
  endloop
 endfacet
 facet normal 1.00000 0.00000 0.00000
  outer loop
   vertex 25.0000 -3.4500 120.0000
   vertex 25.0000 -2.5500 120.0000
   vertex 25.0000 -2.5500 145.0000
  endloop
 endfacet
 facet normal 1.00000 0.00000 0.00000
  outer loop
   vertex 25.0000 -3.4500 120.0000
   vertex 25.0000 -2.5500 145.0000
   vertex 25.0000 -3.4500 145.0000
  endloop
 endfacet
 facet normal 0.00000 1.00000 0.00000
  outer loop
   vertex 25.0000 -2.5500 120.0000
   vertex -25.0000 -2.5500 120.0000
   vertex -25.0000 -2.5500 145.0000
  endloop
 endfacet
 facet normal 0.00000 1.00000 -0.00000
  outer loop
   vertex 25.0000 -2.5500 120.0000
   vertex -25.0000 -2.5500 145.0000
   vertex 25.0000 -2.5500 145.0000
  endloop
 endfacet
 facet normal -1.00000 0.00000 0.00000
  outer loop
   vertex -25.0000 -2.5500 120.0000
   vertex -25.0000 -3.4500 120.0000
   vertex -25.0000 -3.4500 145.0000
  endloop
 endfacet
 facet normal -1.00000 0.00000 0.00000
  outer loop
   vertex -25.0000 -2.5500 120.0000
   vertex -25.0000 -3.4500 145.0000
   vertex -25.0000 -2.5500 145.0000
  endloop
 endfacet
 facet normal 0.00000 0.00000 -1.00000
  outer loop
   vertex -25.0000 -0.4500 120.0000
   vertex 25.0000 0.4500 120.0000
   vertex 25.0000 -0.4500 120.0000
  endloop
 endfacet
 facet normal 0.00000 0.00000 -1.00000
  outer loop
   vertex -25.0000 -0.4500 120.0000
   vertex -25.0000 0.4500 120.0000
   vertex 25.0000 0.4500 120.0000
  endloop
 endfacet
 facet normal 0.00000 0.00000 1.00000
  outer loop
   vertex -25.0000 -0.4500 145.0000
   vertex 25.0000 -0.4500 145.0000
   vertex 25.0000 0.4500 145.0000
  endloop
 endfacet
 facet normal 0.00000 0.00000 1.00000
  outer loop
   vertex -25.0000 -0.4500 145.0000
   vertex 25.0000 0.4500 145.0000
   vertex -25.0000 0.4500 145.0000
  endloop
 endfacet
 facet normal 0.00000 -1.00000 0.00000
  outer loop
   vertex -25.0000 -0.4500 120.0000
   vertex 25.0000 -0.4500 120.0000
   vertex 25.0000 -0.4500 145.0000
  endloop
 endfacet
 facet normal 0.00000 -1.00000 0.00000
  outer loop
   vertex -25.0000 -0.4500 120.0000
   vertex 25.0000 -0.4500 145.0000
   vertex -25.0000 -0.4500 145.0000
  endloop
 endfacet
 facet normal 1.00000 0.00000 0.00000
  outer loop
   vertex 25.0000 -0.4500 120.0000
   vertex 25.0000 0.4500 120.0000
   vertex 25.0000 0.4500 145.0000
  endloop
 endfacet
 facet normal 1.00000 0.00000 0.00000
  outer loop
   vertex 25.0000 -0.4500 120.0000
   vertex 25.0000 0.4500 145.0000
   vertex 25.0000 -0.4500 145.0000
  endloop
 endfacet
 facet normal 0.00000 1.00000 0.00000
  outer loop
   vertex 25.0000 0.4500 120.0000
   vertex -25.0000 0.4500 120.0000
   vertex -25.0000 0.4500 145.0000
  endloop
 endfacet
 facet normal 0.00000 1.00000 -0.00000
  outer loop
   vertex 25.0000 0.4500 120.0000
   vertex -25.0000 0.4500 145.0000
   vertex 25.0000 0.4500 145.0000
  endloop
 endfacet
 facet normal -1.00000 0.00000 0.00000
  outer loop
   vertex -25.0000 0.4500 120.0000
   vertex -25.0000 -0.4500 120.0000
   vertex -25.0000 -0.4500 145.0000
  endloop
 endfacet
 facet normal -1.00000 0.00000 0.00000
  outer loop
   vertex -25.0000 0.4500 120.0000
   vertex -25.0000 -0.4500 145.0000
   vertex -25.0000 0.4500 145.0000
  endloop
 endfacet
 facet normal 0.00000 0.00000 -1.00000
  outer loop
   vertex -25.0000 2.5500 120.0000
   vertex 25.0000 3.4500 120.0000
   vertex 25.0000 2.5500 120.0000
  endloop
 endfacet
 facet normal 0.00000 0.00000 -1.00000
  outer loop
   vertex -25.0000 2.5500 120.0000
   vertex -25.0000 3.4500 120.0000
   vertex 25.0000 3.4500 120.0000
  endloop
 endfacet
 facet normal 0.00000 0.00000 1.00000
  outer loop
   vertex -25.0000 2.5500 145.0000
   vertex 25.0000 2.5500 145.0000
   vertex 25.0000 3.4500 145.0000
  endloop
 endfacet
 facet normal 0.00000 0.00000 1.00000
  outer loop
   vertex -25.0000 2.5500 145.0000
   vertex 25.0000 3.4500 145.0000
   vertex -25.0000 3.4500 145.0000
  endloop
 endfacet
 facet normal 0.00000 -1.00000 0.00000
  outer loop
   vertex -25.0000 2.5500 120.0000
   vertex 25.0000 2.5500 120.0000
   vertex 25.0000 2.5500 145.0000
  endloop
 endfacet
 facet normal 0.00000 -1.00000 0.00000
  outer loop
   vertex -25.0000 2.5500 120.0000
   vertex 25.0000 2.5500 145.0000
   vertex -25.0000 2.5500 145.0000
  endloop
 endfacet
 facet normal 1.00000 0.00000 0.00000
  outer loop
   vertex 25.0000 2.5500 120.0000
   vertex 25.0000 3.4500 120.0000
   vertex 25.0000 3.4500 145.0000
  endloop
 endfacet
 facet normal 1.00000 0.00000 0.00000
  outer loop
   vertex 25.0000 2.5500 120.0000
   vertex 25.0000 3.4500 145.0000
   vertex 25.0000 2.5500 145.0000
  endloop
 endfacet
 facet normal 0.00000 1.00000 0.00000
  outer loop
   vertex 25.0000 3.4500 120.0000
   vertex -25.0000 3.4500 120.0000
   vertex -25.0000 3.4500 145.0000
  endloop
 endfacet
 facet normal 0.00000 1.00000 -0.00000
  outer loop
   vertex 25.0000 3.4500 120.0000
   vertex -25.0000 3.4500 145.0000
   vertex 25.0000 3.4500 145.0000
  endloop
 endfacet
 facet normal -1.00000 0.00000 0.00000
  outer loop
   vertex -25.0000 3.4500 120.0000
   vertex -25.0000 2.5500 120.0000
   vertex -25.0000 2.5500 145.0000
  endloop
 endfacet
 facet normal -1.00000 0.00000 0.00000
  outer loop
   vertex -25.0000 3.4500 120.0000
   vertex -25.0000 2.5500 145.0000
   vertex -25.0000 3.4500 145.0000
  endloop
 endfacet
 facet normal 0.00000 0.00000 -1.00000
  outer loop
   vertex -25.0000 5.5500 120.0000
   vertex 25.0000 6.4500 120.0000
   vertex 25.0000 5.5500 120.0000
  endloop
 endfacet
 facet normal 0.00000 0.00000 -1.00000
  outer loop
   vertex -25.0000 5.5500 120.0000
   vertex -25.0000 6.4500 120.0000
   vertex 25.0000 6.4500 120.0000
  endloop
 endfacet
 facet normal 0.00000 0.00000 1.00000
  outer loop
   vertex -25.0000 5.5500 145.0000
   vertex 25.0000 5.5500 145.0000
   vertex 25.0000 6.4500 145.0000
  endloop
 endfacet
 facet normal 0.00000 0.00000 1.00000
  outer loop
   vertex -25.0000 5.5500 145.0000
   vertex 25.0000 6.4500 145.0000
   vertex -25.0000 6.4500 145.0000
  endloop
 endfacet
 facet normal 0.00000 -1.00000 0.00000
  outer loop
   vertex -25.0000 5.5500 120.0000
   vertex 25.0000 5.5500 120.0000
   vertex 25.0000 5.5500 145.0000
  endloop
 endfacet
 facet normal 0.00000 -1.00000 0.00000
  outer loop
   vertex -25.0000 5.5500 120.0000
   vertex 25.0000 5.5500 145.0000
   vertex -25.0000 5.5500 145.0000
  endloop
 endfacet
 facet normal 1.00000 0.00000 0.00000
  outer loop
   vertex 25.0000 5.5500 120.0000
   vertex 25.0000 6.4500 120.0000
   vertex 25.0000 6.4500 145.0000
  endloop
 endfacet
 facet normal 1.00000 0.00000 0.00000
  outer loop
   vertex 25.0000 5.5500 120.0000
   vertex 25.0000 6.4500 145.0000
   vertex 25.0000 5.5500 145.0000
  endloop
 endfacet
 facet normal 0.00000 1.00000 0.00000
  outer loop
   vertex 25.0000 6.4500 120.0000
   vertex -25.0000 6.4500 120.0000
   vertex -25.0000 6.4500 145.0000
  endloop
 endfacet
 facet normal 0.00000 1.00000 -0.00000
  outer loop
   vertex 25.0000 6.4500 120.0000
   vertex -25.0000 6.4500 145.0000
   vertex 25.0000 6.4500 145.0000
  endloop
 endfacet
 facet normal -1.00000 0.00000 0.00000
  outer loop
   vertex -25.0000 6.4500 120.0000
   vertex -25.0000 5.5500 120.0000
   vertex -25.0000 5.5500 145.0000
  endloop
 endfacet
 facet normal -1.00000 0.00000 0.00000
  outer loop
   vertex -25.0000 6.4500 120.0000
   vertex -25.0000 5.5500 145.0000
   vertex -25.0000 6.4500 145.0000
  endloop
 endfacet
 facet normal 0.00000 0.00000 -1.00000
  outer loop
   vertex -25.0000 8.5500 120.0000
   vertex 25.0000 9.4500 120.0000
   vertex 25.0000 8.5500 120.0000
  endloop
 endfacet
 facet normal 0.00000 0.00000 -1.00000
  outer loop
   vertex -25.0000 8.5500 120.0000
   vertex -25.0000 9.4500 120.0000
   vertex 25.0000 9.4500 120.0000
  endloop
 endfacet
 facet normal 0.00000 0.00000 1.00000
  outer loop
   vertex -25.0000 8.5500 145.0000
   vertex 25.0000 8.5500 145.0000
   vertex 25.0000 9.4500 145.0000
  endloop
 endfacet
 facet normal 0.00000 0.00000 1.00000
  outer loop
   vertex -25.0000 8.5500 145.0000
   vertex 25.0000 9.4500 145.0000
   vertex -25.0000 9.4500 145.0000
  endloop
 endfacet
 facet normal 0.00000 -1.00000 0.00000
  outer loop
   vertex -25.0000 8.5500 120.0000
   vertex 25.0000 8.5500 120.0000
   vertex 25.0000 8.5500 145.0000
  endloop
 endfacet
 facet normal 0.00000 -1.00000 0.00000
  outer loop
   vertex -25.0000 8.5500 120.0000
   vertex 25.0000 8.5500 145.0000
   vertex -25.0000 8.5500 145.0000
  endloop
 endfacet
 facet normal 1.00000 0.00000 0.00000
  outer loop
   vertex 25.0000 8.5500 120.0000
   vertex 25.0000 9.4500 120.0000
   vertex 25.0000 9.4500 145.0000
  endloop
 endfacet
 facet normal 1.00000 0.00000 0.00000
  outer loop
   vertex 25.0000 8.5500 120.0000
   vertex 25.0000 9.4500 145.0000
   vertex 25.0000 8.5500 145.0000
  endloop
 endfacet
 facet normal 0.00000 1.00000 0.00000
  outer loop
   vertex 25.0000 9.4500 120.0000
   vertex -25.0000 9.4500 120.0000
   vertex -25.0000 9.4500 145.0000
  endloop
 endfacet
 facet normal 0.00000 1.00000 -0.00000
  outer loop
   vertex 25.0000 9.4500 120.0000
   vertex -25.0000 9.4500 145.0000
   vertex 25.0000 9.4500 145.0000
  endloop
 endfacet
 facet normal -1.00000 0.00000 0.00000
  outer loop
   vertex -25.0000 9.4500 120.0000
   vertex -25.0000 8.5500 120.0000
   vertex -25.0000 8.5500 145.0000
  endloop
 endfacet
 facet normal -1.00000 0.00000 0.00000
  outer loop
   vertex -25.0000 9.4500 120.0000
   vertex -25.0000 8.5500 145.0000
   vertex -25.0000 9.4500 145.0000
  endloop
 endfacet
 facet normal 0.00000 0.00000 -1.00000
  outer loop
   vertex -25.0000 11.5500 120.0000
   vertex 25.0000 12.4500 120.0000
   vertex 25.0000 11.5500 120.0000
  endloop
 endfacet
 facet normal 0.00000 0.00000 -1.00000
  outer loop
   vertex -25.0000 11.5500 120.0000
   vertex -25.0000 12.4500 120.0000
   vertex 25.0000 12.4500 120.0000
  endloop
 endfacet
 facet normal 0.00000 0.00000 1.00000
  outer loop
   vertex -25.0000 11.5500 145.0000
   vertex 25.0000 11.5500 145.0000
   vertex 25.0000 12.4500 145.0000
  endloop
 endfacet
 facet normal 0.00000 0.00000 1.00000
  outer loop
   vertex -25.0000 11.5500 145.0000
   vertex 25.0000 12.4500 145.0000
   vertex -25.0000 12.4500 145.0000
  endloop
 endfacet
 facet normal 0.00000 -1.00000 0.00000
  outer loop
   vertex -25.0000 11.5500 120.0000
   vertex 25.0000 11.5500 120.0000
   vertex 25.0000 11.5500 145.0000
  endloop
 endfacet
 facet normal 0.00000 -1.00000 0.00000
  outer loop
   vertex -25.0000 11.5500 120.0000
   vertex 25.0000 11.5500 145.0000
   vertex -25.0000 11.5500 145.0000
  endloop
 endfacet
 facet normal 1.00000 0.00000 0.00000
  outer loop
   vertex 25.0000 11.5500 120.0000
   vertex 25.0000 12.4500 120.0000
   vertex 25.0000 12.4500 145.0000
  endloop
 endfacet
 facet normal 1.00000 0.00000 0.00000
  outer loop
   vertex 25.0000 11.5500 120.0000
   vertex 25.0000 12.4500 145.0000
   vertex 25.0000 11.5500 145.0000
  endloop
 endfacet
 facet normal 0.00000 1.00000 0.00000
  outer loop
   vertex 25.0000 12.4500 120.0000
   vertex -25.0000 12.4500 120.0000
   vertex -25.0000 12.4500 145.0000
  endloop
 endfacet
 facet normal 0.00000 1.00000 -0.00000
  outer loop
   vertex 25.0000 12.4500 120.0000
   vertex -25.0000 12.4500 145.0000
   vertex 25.0000 12.4500 145.0000
  endloop
 endfacet
 facet normal -1.00000 0.00000 0.00000
  outer loop
   vertex -25.0000 12.4500 120.0000
   vertex -25.0000 11.5500 120.0000
   vertex -25.0000 11.5500 145.0000
  endloop
 endfacet
 facet normal -1.00000 0.00000 0.00000
  outer loop
   vertex -25.0000 12.4500 120.0000
   vertex -25.0000 11.5500 145.0000
   vertex -25.0000 12.4500 145.0000
  endloop
 endfacet
 facet normal 0.00000 0.00000 -1.00000
  outer loop
   vertex -25.0000 14.5500 120.0000
   vertex 25.0000 15.4500 120.0000
   vertex 25.0000 14.5500 120.0000
  endloop
 endfacet
 facet normal 0.00000 0.00000 -1.00000
  outer loop
   vertex -25.0000 14.5500 120.0000
   vertex -25.0000 15.4500 120.0000
   vertex 25.0000 15.4500 120.0000
  endloop
 endfacet
 facet normal 0.00000 0.00000 1.00000
  outer loop
   vertex -25.0000 14.5500 145.0000
   vertex 25.0000 14.5500 145.0000
   vertex 25.0000 15.4500 145.0000
  endloop
 endfacet
 facet normal 0.00000 0.00000 1.00000
  outer loop
   vertex -25.0000 14.5500 145.0000
   vertex 25.0000 15.4500 145.0000
   vertex -25.0000 15.4500 145.0000
  endloop
 endfacet
 facet normal 0.00000 -1.00000 0.00000
  outer loop
   vertex -25.0000 14.5500 120.0000
   vertex 25.0000 14.5500 120.0000
   vertex 25.0000 14.5500 145.0000
  endloop
 endfacet
 facet normal 0.00000 -1.00000 0.00000
  outer loop
   vertex -25.0000 14.5500 120.0000
   vertex 25.0000 14.5500 145.0000
   vertex -25.0000 14.5500 145.0000
  endloop
 endfacet
 facet normal 1.00000 0.00000 0.00000
  outer loop
   vertex 25.0000 14.5500 120.0000
   vertex 25.0000 15.4500 120.0000
   vertex 25.0000 15.4500 145.0000
  endloop
 endfacet
 facet normal 1.00000 0.00000 0.00000
  outer loop
   vertex 25.0000 14.5500 120.0000
   vertex 25.0000 15.4500 145.0000
   vertex 25.0000 14.5500 145.0000
  endloop
 endfacet
 facet normal 0.00000 1.00000 0.00000
  outer loop
   vertex 25.0000 15.4500 120.0000
   vertex -25.0000 15.4500 120.0000
   vertex -25.0000 15.4500 145.0000
  endloop
 endfacet
 facet normal 0.00000 1.00000 -0.00000
  outer loop
   vertex 25.0000 15.4500 120.0000
   vertex -25.0000 15.4500 145.0000
   vertex 25.0000 15.4500 145.0000
  endloop
 endfacet
 facet normal -1.00000 0.00000 0.00000
  outer loop
   vertex -25.0000 15.4500 120.0000
   vertex -25.0000 14.5500 120.0000
   vertex -25.0000 14.5500 145.0000
  endloop
 endfacet
 facet normal -1.00000 0.00000 0.00000
  outer loop
   vertex -25.0000 15.4500 120.0000
   vertex -25.0000 14.5500 145.0000
   vertex -25.0000 15.4500 145.0000
  endloop
 endfacet
 facet normal 0.00000 0.00000 -1.00000
  outer loop
   vertex -25.0000 17.5500 120.0000
   vertex 25.0000 18.4500 120.0000
   vertex 25.0000 17.5500 120.0000
  endloop
 endfacet
 facet normal 0.00000 0.00000 -1.00000
  outer loop
   vertex -25.0000 17.5500 120.0000
   vertex -25.0000 18.4500 120.0000
   vertex 25.0000 18.4500 120.0000
  endloop
 endfacet
 facet normal 0.00000 0.00000 1.00000
  outer loop
   vertex -25.0000 17.5500 145.0000
   vertex 25.0000 17.5500 145.0000
   vertex 25.0000 18.4500 145.0000
  endloop
 endfacet
 facet normal 0.00000 0.00000 1.00000
  outer loop
   vertex -25.0000 17.5500 145.0000
   vertex 25.0000 18.4500 145.0000
   vertex -25.0000 18.4500 145.0000
  endloop
 endfacet
 facet normal 0.00000 -1.00000 0.00000
  outer loop
   vertex -25.0000 17.5500 120.0000
   vertex 25.0000 17.5500 120.0000
   vertex 25.0000 17.5500 145.0000
  endloop
 endfacet
 facet normal 0.00000 -1.00000 0.00000
  outer loop
   vertex -25.0000 17.5500 120.0000
   vertex 25.0000 17.5500 145.0000
   vertex -25.0000 17.5500 145.0000
  endloop
 endfacet
 facet normal 1.00000 0.00000 0.00000
  outer loop
   vertex 25.0000 17.5500 120.0000
   vertex 25.0000 18.4500 120.0000
   vertex 25.0000 18.4500 145.0000
  endloop
 endfacet
 facet normal 1.00000 0.00000 0.00000
  outer loop
   vertex 25.0000 17.5500 120.0000
   vertex 25.0000 18.4500 145.0000
   vertex 25.0000 17.5500 145.0000
  endloop
 endfacet
 facet normal 0.00000 1.00000 0.00000
  outer loop
   vertex 25.0000 18.4500 120.0000
   vertex -25.0000 18.4500 120.0000
   vertex -25.0000 18.4500 145.0000
  endloop
 endfacet
 facet normal 0.00000 1.00000 -0.00000
  outer loop
   vertex 25.0000 18.4500 120.0000
   vertex -25.0000 18.4500 145.0000
   vertex 25.0000 18.4500 145.0000
  endloop
 endfacet
 facet normal -1.00000 0.00000 0.00000
  outer loop
   vertex -25.0000 18.4500 120.0000
   vertex -25.0000 17.5500 120.0000
   vertex -25.0000 17.5500 145.0000
  endloop
 endfacet
 facet normal -1.00000 0.00000 0.00000
  outer loop
   vertex -25.0000 18.4500 120.0000
   vertex -25.0000 17.5500 145.0000
   vertex -25.0000 18.4500 145.0000
  endloop
 endfacet
 facet normal 0.00000 0.00000 -1.00000
  outer loop
   vertex -25.0000 20.5500 120.0000
   vertex 25.0000 21.4500 120.0000
   vertex 25.0000 20.5500 120.0000
  endloop
 endfacet
 facet normal 0.00000 0.00000 -1.00000
  outer loop
   vertex -25.0000 20.5500 120.0000
   vertex -25.0000 21.4500 120.0000
   vertex 25.0000 21.4500 120.0000
  endloop
 endfacet
 facet normal 0.00000 0.00000 1.00000
  outer loop
   vertex -25.0000 20.5500 145.0000
   vertex 25.0000 20.5500 145.0000
   vertex 25.0000 21.4500 145.0000
  endloop
 endfacet
 facet normal 0.00000 0.00000 1.00000
  outer loop
   vertex -25.0000 20.5500 145.0000
   vertex 25.0000 21.4500 145.0000
   vertex -25.0000 21.4500 145.0000
  endloop
 endfacet
 facet normal 0.00000 -1.00000 0.00000
  outer loop
   vertex -25.0000 20.5500 120.0000
   vertex 25.0000 20.5500 120.0000
   vertex 25.0000 20.5500 145.0000
  endloop
 endfacet
 facet normal 0.00000 -1.00000 0.00000
  outer loop
   vertex -25.0000 20.5500 120.0000
   vertex 25.0000 20.5500 145.0000
   vertex -25.0000 20.5500 145.0000
  endloop
 endfacet
 facet normal 1.00000 0.00000 0.00000
  outer loop
   vertex 25.0000 20.5500 120.0000
   vertex 25.0000 21.4500 120.0000
   vertex 25.0000 21.4500 145.0000
  endloop
 endfacet
 facet normal 1.00000 0.00000 0.00000
  outer loop
   vertex 25.0000 20.5500 120.0000
   vertex 25.0000 21.4500 145.0000
   vertex 25.0000 20.5500 145.0000
  endloop
 endfacet
 facet normal 0.00000 1.00000 0.00000
  outer loop
   vertex 25.0000 21.4500 120.0000
   vertex -25.0000 21.4500 120.0000
   vertex -25.0000 21.4500 145.0000
  endloop
 endfacet
 facet normal 0.00000 1.00000 -0.00000
  outer loop
   vertex 25.0000 21.4500 120.0000
   vertex -25.0000 21.4500 145.0000
   vertex 25.0000 21.4500 145.0000
  endloop
 endfacet
 facet normal -1.00000 0.00000 0.00000
  outer loop
   vertex -25.0000 21.4500 120.0000
   vertex -25.0000 20.5500 120.0000
   vertex -25.0000 20.5500 145.0000
  endloop
 endfacet
 facet normal -1.00000 0.00000 0.00000
  outer loop
   vertex -25.0000 21.4500 120.0000
   vertex -25.0000 20.5500 145.0000
   vertex -25.0000 21.4500 145.0000
  endloop
 endfacet
 facet normal 0.00000 0.00000 -1.00000
  outer loop
   vertex -25.0000 23.5500 120.0000
   vertex 25.0000 24.4500 120.0000
   vertex 25.0000 23.5500 120.0000
  endloop
 endfacet
 facet normal 0.00000 0.00000 -1.00000
  outer loop
   vertex -25.0000 23.5500 120.0000
   vertex -25.0000 24.4500 120.0000
   vertex 25.0000 24.4500 120.0000
  endloop
 endfacet
 facet normal 0.00000 0.00000 1.00000
  outer loop
   vertex -25.0000 23.5500 145.0000
   vertex 25.0000 23.5500 145.0000
   vertex 25.0000 24.4500 145.0000
  endloop
 endfacet
 facet normal 0.00000 0.00000 1.00000
  outer loop
   vertex -25.0000 23.5500 145.0000
   vertex 25.0000 24.4500 145.0000
   vertex -25.0000 24.4500 145.0000
  endloop
 endfacet
 facet normal 0.00000 -1.00000 0.00000
  outer loop
   vertex -25.0000 23.5500 120.0000
   vertex 25.0000 23.5500 120.0000
   vertex 25.0000 23.5500 145.0000
  endloop
 endfacet
 facet normal 0.00000 -1.00000 0.00000
  outer loop
   vertex -25.0000 23.5500 120.0000
   vertex 25.0000 23.5500 145.0000
   vertex -25.0000 23.5500 145.0000
  endloop
 endfacet
 facet normal 1.00000 0.00000 0.00000
  outer loop
   vertex 25.0000 23.5500 120.0000
   vertex 25.0000 24.4500 120.0000
   vertex 25.0000 24.4500 145.0000
  endloop
 endfacet
 facet normal 1.00000 0.00000 0.00000
  outer loop
   vertex 25.0000 23.5500 120.0000
   vertex 25.0000 24.4500 145.0000
   vertex 25.0000 23.5500 145.0000
  endloop
 endfacet
 facet normal 0.00000 1.00000 0.00000
  outer loop
   vertex 25.0000 24.4500 120.0000
   vertex -25.0000 24.4500 120.0000
   vertex -25.0000 24.4500 145.0000
  endloop
 endfacet
 facet normal 0.00000 1.00000 -0.00000
  outer loop
   vertex 25.0000 24.4500 120.0000
   vertex -25.0000 24.4500 145.0000
   vertex 25.0000 24.4500 145.0000
  endloop
 endfacet
 facet normal -1.00000 0.00000 0.00000
  outer loop
   vertex -25.0000 24.4500 120.0000
   vertex -25.0000 23.5500 120.0000
   vertex -25.0000 23.5500 145.0000
  endloop
 endfacet
 facet normal -1.00000 0.00000 0.00000
  outer loop
   vertex -25.0000 24.4500 120.0000
   vertex -25.0000 23.5500 145.0000
   vertex -25.0000 24.4500 145.0000
  endloop
 endfacet
 facet normal 0.00000 0.00000 -1.00000
  outer loop
   vertex -25.0000 -25.0000 145.0000
   vertex 25.0000 25.0000 145.0000
   vertex 25.0000 -25.0000 145.0000
  endloop
 endfacet
 facet normal 0.00000 0.00000 -1.00000
  outer loop
   vertex -25.0000 -25.0000 145.0000
   vertex -25.0000 25.0000 145.0000
   vertex 25.0000 25.0000 145.0000
  endloop
 endfacet
 facet normal 0.00000 0.00000 1.00000
  outer loop
   vertex -25.0000 -25.0000 150.0000
   vertex 25.0000 -25.0000 150.0000
   vertex 25.0000 25.0000 150.0000
  endloop
 endfacet
 facet normal 0.00000 0.00000 1.00000
  outer loop
   vertex -25.0000 -25.0000 150.0000
   vertex 25.0000 25.0000 150.0000
   vertex -25.0000 25.0000 150.0000
  endloop
 endfacet
 facet normal 0.00000 -1.00000 0.00000
  outer loop
   vertex -25.0000 -25.0000 145.0000
   vertex 25.0000 -25.0000 145.0000
   vertex 25.0000 -25.0000 150.0000
  endloop
 endfacet
 facet normal 0.00000 -1.00000 0.00000
  outer loop
   vertex -25.0000 -25.0000 145.0000
   vertex 25.0000 -25.0000 150.0000
   vertex -25.0000 -25.0000 150.0000
  endloop
 endfacet
 facet normal 1.00000 0.00000 0.00000
  outer loop
   vertex 25.0000 -25.0000 145.0000
   vertex 25.0000 25.0000 145.0000
   vertex 25.0000 25.0000 150.0000
  endloop
 endfacet
 facet normal 1.00000 0.00000 0.00000
  outer loop
   vertex 25.0000 -25.0000 145.0000
   vertex 25.0000 25.0000 150.0000
   vertex 25.0000 -25.0000 150.0000
  endloop
 endfacet
 facet normal 0.00000 1.00000 0.00000
  outer loop
   vertex 25.0000 25.0000 145.0000
   vertex -25.0000 25.0000 145.0000
   vertex -25.0000 25.0000 150.0000
  endloop
 endfacet
 facet normal 0.00000 1.00000 -0.00000
  outer loop
   vertex 25.0000 25.0000 145.0000
   vertex -25.0000 25.0000 150.0000
   vertex 25.0000 25.0000 150.0000
  endloop
 endfacet
 facet normal -1.00000 0.00000 0.00000
  outer loop
   vertex -25.0000 25.0000 145.0000
   vertex -25.0000 -25.0000 145.0000
   vertex -25.0000 -25.0000 150.0000
  endloop
 endfacet
 facet normal -1.00000 0.00000 0.00000
  outer loop
   vertex -25.0000 25.0000 145.0000
   vertex -25.0000 -25.0000 150.0000
   vertex -25.0000 25.0000 150.0000
  endloop
 endfacet
 facet normal 0.00000 0.00000 -1.00000
  outer loop
   vertex -25.0000 -25.0000 150.0000
   vertex -20.0000 25.0000 150.0000
   vertex -20.0000 -25.0000 150.0000
  endloop
 endfacet
 facet normal 0.00000 0.00000 -1.00000
  outer loop
   vertex -25.0000 -25.0000 150.0000
   vertex -25.0000 25.0000 150.0000
   vertex -20.0000 25.0000 150.0000
  endloop
 endfacet
 facet normal 0.00000 0.00000 1.00000
  outer loop
   vertex -25.0000 -25.0000 154.0000
   vertex -20.0000 -25.0000 154.0000
   vertex -20.0000 25.0000 154.0000
  endloop
 endfacet
 facet normal 0.00000 0.00000 1.00000
  outer loop
   vertex -25.0000 -25.0000 154.0000
   vertex -20.0000 25.0000 154.0000
   vertex -25.0000 25.0000 154.0000
  endloop
 endfacet
 facet normal 0.00000 -1.00000 0.00000
  outer loop
   vertex -25.0000 -25.0000 150.0000
   vertex -20.0000 -25.0000 150.0000
   vertex -20.0000 -25.0000 154.0000
  endloop
 endfacet
 facet normal 0.00000 -1.00000 0.00000
  outer loop
   vertex -25.0000 -25.0000 150.0000
   vertex -20.0000 -25.0000 154.0000
   vertex -25.0000 -25.0000 154.0000
  endloop
 endfacet
 facet normal 1.00000 0.00000 0.00000
  outer loop
   vertex -20.0000 -25.0000 150.0000
   vertex -20.0000 25.0000 150.0000
   vertex -20.0000 25.0000 154.0000
  endloop
 endfacet
 facet normal 1.00000 0.00000 0.00000
  outer loop
   vertex -20.0000 -25.0000 150.0000
   vertex -20.0000 25.0000 154.0000
   vertex -20.0000 -25.0000 154.0000
  endloop
 endfacet
 facet normal 0.00000 1.00000 0.00000
  outer loop
   vertex -20.0000 25.0000 150.0000
   vertex -25.0000 25.0000 150.0000
   vertex -25.0000 25.0000 154.0000
  endloop
 endfacet
 facet normal 0.00000 1.00000 -0.00000
  outer loop
   vertex -20.0000 25.0000 150.0000
   vertex -25.0000 25.0000 154.0000
   vertex -20.0000 25.0000 154.0000
  endloop
 endfacet
 facet normal -1.00000 0.00000 0.00000
  outer loop
   vertex -25.0000 25.0000 150.0000
   vertex -25.0000 -25.0000 150.0000
   vertex -25.0000 -25.0000 154.0000
  endloop
 endfacet
 facet normal -1.00000 0.00000 0.00000
  outer loop
   vertex -25.0000 25.0000 150.0000
   vertex -25.0000 -25.0000 154.0000
   vertex -25.0000 25.0000 154.0000
  endloop
 endfacet
 facet normal 0.00000 0.00000 -1.00000
  outer loop
   vertex 20.0000 -25.0000 150.0000
   vertex 25.0000 25.0000 150.0000
   vertex 25.0000 -25.0000 150.0000
  endloop
 endfacet
 facet normal 0.00000 0.00000 -1.00000
  outer loop
   vertex 20.0000 -25.0000 150.0000
   vertex 20.0000 25.0000 150.0000
   vertex 25.0000 25.0000 150.0000
  endloop
 endfacet
 facet normal 0.00000 0.00000 1.00000
  outer loop
   vertex 20.0000 -25.0000 154.0000
   vertex 25.0000 -25.0000 154.0000
   vertex 25.0000 25.0000 154.0000
  endloop
 endfacet
 facet normal 0.00000 0.00000 1.00000
  outer loop
   vertex 20.0000 -25.0000 154.0000
   vertex 25.0000 25.0000 154.0000
   vertex 20.0000 25.0000 154.0000
  endloop
 endfacet
 facet normal 0.00000 -1.00000 0.00000
  outer loop
   vertex 20.0000 -25.0000 150.0000
   vertex 25.0000 -25.0000 150.0000
   vertex 25.0000 -25.0000 154.0000
  endloop
 endfacet
 facet normal 0.00000 -1.00000 0.00000
  outer loop
   vertex 20.0000 -25.0000 150.0000
   vertex 25.0000 -25.0000 154.0000
   vertex 20.0000 -25.0000 154.0000
  endloop
 endfacet
 facet normal 1.00000 0.00000 0.00000
  outer loop
   vertex 25.0000 -25.0000 150.0000
   vertex 25.0000 25.0000 150.0000
   vertex 25.0000 25.0000 154.0000
  endloop
 endfacet
 facet normal 1.00000 0.00000 0.00000
  outer loop
   vertex 25.0000 -25.0000 150.0000
   vertex 25.0000 25.0000 154.0000
   vertex 25.0000 -25.0000 154.0000
  endloop
 endfacet
 facet normal 0.00000 1.00000 0.00000
  outer loop
   vertex 25.0000 25.0000 150.0000
   vertex 20.0000 25.0000 150.0000
   vertex 20.0000 25.0000 154.0000
  endloop
 endfacet
 facet normal 0.00000 1.00000 -0.00000
  outer loop
   vertex 25.0000 25.0000 150.0000
   vertex 20.0000 25.0000 154.0000
   vertex 25.0000 25.0000 154.0000
  endloop
 endfacet
 facet normal -1.00000 0.00000 0.00000
  outer loop
   vertex 20.0000 25.0000 150.0000
   vertex 20.0000 -25.0000 150.0000
   vertex 20.0000 -25.0000 154.0000
  endloop
 endfacet
 facet normal -1.00000 0.00000 0.00000
  outer loop
   vertex 20.0000 25.0000 150.0000
   vertex 20.0000 -25.0000 154.0000
   vertex 20.0000 25.0000 154.0000
  endloop
 endfacet
 facet normal 0.00000 0.00000 -1.00000
  outer loop
   vertex -20.0000 -25.0000 150.0000
   vertex 20.0000 -20.0000 150.0000
   vertex 20.0000 -25.0000 150.0000
  endloop
 endfacet
 facet normal 0.00000 0.00000 -1.00000
  outer loop
   vertex -20.0000 -25.0000 150.0000
   vertex -20.0000 -20.0000 150.0000
   vertex 20.0000 -20.0000 150.0000
  endloop
 endfacet
 facet normal 0.00000 0.00000 1.00000
  outer loop
   vertex -20.0000 -25.0000 154.0000
   vertex 20.0000 -25.0000 154.0000
   vertex 20.0000 -20.0000 154.0000
  endloop
 endfacet
 facet normal 0.00000 0.00000 1.00000
  outer loop
   vertex -20.0000 -25.0000 154.0000
   vertex 20.0000 -20.0000 154.0000
   vertex -20.0000 -20.0000 154.0000
  endloop
 endfacet
 facet normal 0.00000 -1.00000 0.00000
  outer loop
   vertex -20.0000 -25.0000 150.0000
   vertex 20.0000 -25.0000 150.0000
   vertex 20.0000 -25.0000 154.0000
  endloop
 endfacet
 facet normal 0.00000 -1.00000 0.00000
  outer loop
   vertex -20.0000 -25.0000 150.0000
   vertex 20.0000 -25.0000 154.0000
   vertex -20.0000 -25.0000 154.0000
  endloop
 endfacet
 facet normal 1.00000 0.00000 0.00000
  outer loop
   vertex 20.0000 -25.0000 150.0000
   vertex 20.0000 -20.0000 150.0000
   vertex 20.0000 -20.0000 154.0000
  endloop
 endfacet
 facet normal 1.00000 0.00000 0.00000
  outer loop
   vertex 20.0000 -25.0000 150.0000
   vertex 20.0000 -20.0000 154.0000
   vertex 20.0000 -25.0000 154.0000
  endloop
 endfacet
 facet normal 0.00000 1.00000 0.00000
  outer loop
   vertex 20.0000 -20.0000 150.0000
   vertex -20.0000 -20.0000 150.0000
   vertex -20.0000 -20.0000 154.0000
  endloop
 endfacet
 facet normal 0.00000 1.00000 -0.00000
  outer loop
   vertex 20.0000 -20.0000 150.0000
   vertex -20.0000 -20.0000 154.0000
   vertex 20.0000 -20.0000 154.0000
  endloop
 endfacet
 facet normal -1.00000 0.00000 0.00000
  outer loop
   vertex -20.0000 -20.0000 150.0000
   vertex -20.0000 -25.0000 150.0000
   vertex -20.0000 -25.0000 154.0000
  endloop
 endfacet
 facet normal -1.00000 0.00000 0.00000
  outer loop
   vertex -20.0000 -20.0000 150.0000
   vertex -20.0000 -25.0000 154.0000
   vertex -20.0000 -20.0000 154.0000
  endloop
 endfacet
 facet normal 0.00000 0.00000 -1.00000
  outer loop
   vertex -20.0000 20.0000 150.0000
   vertex 20.0000 25.0000 150.0000
   vertex 20.0000 20.0000 150.0000
  endloop
 endfacet
 facet normal 0.00000 0.00000 -1.00000
  outer loop
   vertex -20.0000 20.0000 150.0000
   vertex -20.0000 25.0000 150.0000
   vertex 20.0000 25.0000 150.0000
  endloop
 endfacet
 facet normal 0.00000 0.00000 1.00000
  outer loop
   vertex -20.0000 20.0000 154.0000
   vertex 20.0000 20.0000 154.0000
   vertex 20.0000 25.0000 154.0000
  endloop
 endfacet
 facet normal 0.00000 0.00000 1.00000
  outer loop
   vertex -20.0000 20.0000 154.0000
   vertex 20.0000 25.0000 154.0000
   vertex -20.0000 25.0000 154.0000
  endloop
 endfacet
 facet normal 0.00000 -1.00000 0.00000
  outer loop
   vertex -20.0000 20.0000 150.0000
   vertex 20.0000 20.0000 150.0000
   vertex 20.0000 20.0000 154.0000
  endloop
 endfacet
 facet normal 0.00000 -1.00000 0.00000
  outer loop
   vertex -20.0000 20.0000 150.0000
   vertex 20.0000 20.0000 154.0000
   vertex -20.0000 20.0000 154.0000
  endloop
 endfacet
 facet normal 1.00000 0.00000 0.00000
  outer loop
   vertex 20.0000 20.0000 150.0000
   vertex 20.0000 25.0000 150.0000
   vertex 20.0000 25.0000 154.0000
  endloop
 endfacet
 facet normal 1.00000 0.00000 0.00000
  outer loop
   vertex 20.0000 20.0000 150.0000
   vertex 20.0000 25.0000 154.0000
   vertex 20.0000 20.0000 154.0000
  endloop
 endfacet
 facet normal 0.00000 1.00000 0.00000
  outer loop
   vertex 20.0000 25.0000 150.0000
   vertex -20.0000 25.0000 150.0000
   vertex -20.0000 25.0000 154.0000
  endloop
 endfacet
 facet normal 0.00000 1.00000 -0.00000
  outer loop
   vertex 20.0000 25.0000 150.0000
   vertex -20.0000 25.0000 154.0000
   vertex 20.0000 25.0000 154.0000
  endloop
 endfacet
 facet normal -1.00000 0.00000 0.00000
  outer loop
   vertex -20.0000 25.0000 150.0000
   vertex -20.0000 20.0000 150.0000
   vertex -20.0000 20.0000 154.0000
  endloop
 endfacet
 facet normal -1.00000 0.00000 0.00000
  outer loop
   vertex -20.0000 25.0000 150.0000
   vertex -20.0000 20.0000 154.0000
   vertex -20.0000 25.0000 154.0000
  endloop
 endfacet
 facet normal 0.00000 0.00000 -1.00000
  outer loop
   vertex -20.0000 -20.0000 150.0000
   vertex 20.0000 20.0000 150.0000
   vertex 20.0000 -20.0000 150.0000
  endloop
 endfacet
 facet normal 0.00000 0.00000 -1.00000
  outer loop
   vertex -20.0000 -20.0000 150.0000
   vertex -20.0000 20.0000 150.0000
   vertex 20.0000 20.0000 150.0000
  endloop
 endfacet
 facet normal 0.00000 0.00000 1.00000
  outer loop
   vertex -20.0000 -20.0000 151.0000
   vertex 20.0000 -20.0000 151.0000
   vertex 20.0000 20.0000 151.0000
  endloop
 endfacet
 facet normal 0.00000 0.00000 1.00000
  outer loop
   vertex -20.0000 -20.0000 151.0000
   vertex 20.0000 20.0000 151.0000
   vertex -20.0000 20.0000 151.0000
  endloop
 endfacet
 facet normal 0.00000 -1.00000 0.00000
  outer loop
   vertex -20.0000 -20.0000 150.0000
   vertex 20.0000 -20.0000 150.0000
   vertex 20.0000 -20.0000 151.0000
  endloop
 endfacet
 facet normal 0.00000 -1.00000 0.00000
  outer loop
   vertex -20.0000 -20.0000 150.0000
   vertex 20.0000 -20.0000 151.0000
   vertex -20.0000 -20.0000 151.0000
  endloop
 endfacet
 facet normal 1.00000 0.00000 0.00000
  outer loop
   vertex 20.0000 -20.0000 150.0000
   vertex 20.0000 20.0000 150.0000
   vertex 20.0000 20.0000 151.0000
  endloop
 endfacet
 facet normal 1.00000 0.00000 0.00000
  outer loop
   vertex 20.0000 -20.0000 150.0000
   vertex 20.0000 20.0000 151.0000
   vertex 20.0000 -20.0000 151.0000
  endloop
 endfacet
 facet normal 0.00000 1.00000 0.00000
  outer loop
   vertex 20.0000 20.0000 150.0000
   vertex -20.0000 20.0000 150.0000
   vertex -20.0000 20.0000 151.0000
  endloop
 endfacet
 facet normal 0.00000 1.00000 -0.00000
  outer loop
   vertex 20.0000 20.0000 150.0000
   vertex -20.0000 20.0000 151.0000
   vertex 20.0000 20.0000 151.0000
  endloop
 endfacet
 facet normal -1.00000 0.00000 0.00000
  outer loop
   vertex -20.0000 20.0000 150.0000
   vertex -20.0000 -20.0000 150.0000
   vertex -20.0000 -20.0000 151.0000
  endloop
 endfacet
 facet normal -1.00000 0.00000 0.00000
  outer loop
   vertex -20.0000 20.0000 150.0000
   vertex -20.0000 -20.0000 151.0000
   vertex -20.0000 20.0000 151.0000
  endloop
 endfacet
 facet normal 0.00000 0.00000 -1.00000
  outer loop
   vertex -20.0000 -20.0000 151.0000
   vertex 20.0000 20.0000 151.0000
   vertex 20.0000 -20.0000 151.0000
  endloop
 endfacet
 facet normal 0.00000 0.00000 -1.00000
  outer loop
   vertex -20.0000 -20.0000 151.0000
   vertex -20.0000 20.0000 151.0000
   vertex 20.0000 20.0000 151.0000
  endloop
 endfacet
 facet normal 0.00000 0.00000 1.00000
  outer loop
   vertex -20.0000 -20.0000 152.8000
   vertex 20.0000 -20.0000 152.8000
   vertex 20.0000 20.0000 152.8000
  endloop
 endfacet
 facet normal 0.00000 0.00000 1.00000
  outer loop
   vertex -20.0000 -20.0000 152.8000
   vertex 20.0000 20.0000 152.8000
   vertex -20.0000 20.0000 152.8000
  endloop
 endfacet
 facet normal 0.00000 -1.00000 0.00000
  outer loop
   vertex -20.0000 -20.0000 151.0000
   vertex 20.0000 -20.0000 151.0000
   vertex 20.0000 -20.0000 152.8000
  endloop
 endfacet
 facet normal 0.00000 -1.00000 0.00000
  outer loop
   vertex -20.0000 -20.0000 151.0000
   vertex 20.0000 -20.0000 152.8000
   vertex -20.0000 -20.0000 152.8000
  endloop
 endfacet
 facet normal 1.00000 0.00000 0.00000
  outer loop
   vertex 20.0000 -20.0000 151.0000
   vertex 20.0000 20.0000 151.0000
   vertex 20.0000 20.0000 152.8000
  endloop
 endfacet
 facet normal 1.00000 0.00000 0.00000
  outer loop
   vertex 20.0000 -20.0000 151.0000
   vertex 20.0000 20.0000 152.8000
   vertex 20.0000 -20.0000 152.8000
  endloop
 endfacet
 facet normal 0.00000 1.00000 0.00000
  outer loop
   vertex 20.0000 20.0000 151.0000
   vertex -20.0000 20.0000 151.0000
   vertex -20.0000 20.0000 152.8000
  endloop
 endfacet
 facet normal 0.00000 1.00000 -0.00000
  outer loop
   vertex 20.0000 20.0000 151.0000
   vertex -20.0000 20.0000 152.8000
   vertex 20.0000 20.0000 152.8000
  endloop
 endfacet
 facet normal -1.00000 0.00000 0.00000
  outer loop
   vertex -20.0000 20.0000 151.0000
   vertex -20.0000 -20.0000 151.0000
   vertex -20.0000 -20.0000 152.8000
  endloop
 endfacet
 facet normal -1.00000 0.00000 0.00000
  outer loop
   vertex -20.0000 20.0000 151.0000
   vertex -20.0000 -20.0000 152.8000
   vertex -20.0000 20.0000 152.8000
  endloop
 endfacet
 facet normal 0.00000 0.00000 -1.00000
  outer loop
   vertex -20.0000 -20.0000 152.8000
   vertex 20.0000 20.0000 152.8000
   vertex 20.0000 -20.0000 152.8000
  endloop
 endfacet
 facet normal 0.00000 0.00000 -1.00000
  outer loop
   vertex -20.0000 -20.0000 152.8000
   vertex -20.0000 20.0000 152.8000
   vertex 20.0000 20.0000 152.8000
  endloop
 endfacet
 facet normal 0.00000 0.00000 1.00000
  outer loop
   vertex -20.0000 -20.0000 153.8000
   vertex 20.0000 -20.0000 153.8000
   vertex 20.0000 20.0000 153.8000
  endloop
 endfacet
 facet normal 0.00000 0.00000 1.00000
  outer loop
   vertex -20.0000 -20.0000 153.8000
   vertex 20.0000 20.0000 153.8000
   vertex -20.0000 20.0000 153.8000
  endloop
 endfacet
 facet normal 0.00000 -1.00000 0.00000
  outer loop
   vertex -20.0000 -20.0000 152.8000
   vertex 20.0000 -20.0000 152.8000
   vertex 20.0000 -20.0000 153.8000
  endloop
 endfacet
 facet normal 0.00000 -1.00000 0.00000
  outer loop
   vertex -20.0000 -20.0000 152.8000
   vertex 20.0000 -20.0000 153.8000
   vertex -20.0000 -20.0000 153.8000
  endloop
 endfacet
 facet normal 1.00000 0.00000 0.00000
  outer loop
   vertex 20.0000 -20.0000 152.8000
   vertex 20.0000 20.0000 152.8000
   vertex 20.0000 20.0000 153.8000
  endloop
 endfacet
 facet normal 1.00000 0.00000 0.00000
  outer loop
   vertex 20.0000 -20.0000 152.8000
   vertex 20.0000 20.0000 153.8000
   vertex 20.0000 -20.0000 153.8000
  endloop
 endfacet
 facet normal 0.00000 1.00000 0.00000
  outer loop
   vertex 20.0000 20.0000 152.8000
   vertex -20.0000 20.0000 152.8000
   vertex -20.0000 20.0000 153.8000
  endloop
 endfacet
 facet normal 0.00000 1.00000 -0.00000
  outer loop
   vertex 20.0000 20.0000 152.8000
   vertex -20.0000 20.0000 153.8000
   vertex 20.0000 20.0000 153.8000
  endloop
 endfacet
 facet normal -1.00000 0.00000 0.00000
  outer loop
   vertex -20.0000 20.0000 152.8000
   vertex -20.0000 -20.0000 152.8000
   vertex -20.0000 -20.0000 153.8000
  endloop
 endfacet
 facet normal -1.00000 0.00000 0.00000
  outer loop
   vertex -20.0000 20.0000 152.8000
   vertex -20.0000 -20.0000 153.8000
   vertex -20.0000 20.0000 153.8000
  endloop
 endfacet
 facet normal 0.00000 0.00000 -1.00000
  outer loop
   vertex -20.0000 -20.0000 154.0000
   vertex 20.0000 20.0000 154.0000
   vertex 20.0000 -20.0000 154.0000
  endloop
 endfacet
 facet normal 0.00000 0.00000 -1.00000
  outer loop
   vertex -20.0000 -20.0000 154.0000
   vertex -20.0000 20.0000 154.0000
   vertex 20.0000 20.0000 154.0000
  endloop
 endfacet
 facet normal 0.00000 0.00000 1.00000
  outer loop
   vertex -20.0000 -20.0000 162.0000
   vertex 20.0000 -20.0000 162.0000
   vertex 20.0000 20.0000 162.0000
  endloop
 endfacet
 facet normal 0.00000 0.00000 1.00000
  outer loop
   vertex -20.0000 -20.0000 162.0000
   vertex 20.0000 20.0000 162.0000
   vertex -20.0000 20.0000 162.0000
  endloop
 endfacet
 facet normal 0.00000 -1.00000 0.00000
  outer loop
   vertex -20.0000 -20.0000 154.0000
   vertex 20.0000 -20.0000 154.0000
   vertex 20.0000 -20.0000 162.0000
  endloop
 endfacet
 facet normal 0.00000 -1.00000 0.00000
  outer loop
   vertex -20.0000 -20.0000 154.0000
   vertex 20.0000 -20.0000 162.0000
   vertex -20.0000 -20.0000 162.0000
  endloop
 endfacet
 facet normal 1.00000 0.00000 0.00000
  outer loop
   vertex 20.0000 -20.0000 154.0000
   vertex 20.0000 20.0000 154.0000
   vertex 20.0000 20.0000 162.0000
  endloop
 endfacet
 facet normal 1.00000 0.00000 0.00000
  outer loop
   vertex 20.0000 -20.0000 154.0000
   vertex 20.0000 20.0000 162.0000
   vertex 20.0000 -20.0000 162.0000
  endloop
 endfacet
 facet normal 0.00000 1.00000 0.00000
  outer loop
   vertex 20.0000 20.0000 154.0000
   vertex -20.0000 20.0000 154.0000
   vertex -20.0000 20.0000 162.0000
  endloop
 endfacet
 facet normal 0.00000 1.00000 -0.00000
  outer loop
   vertex 20.0000 20.0000 154.0000
   vertex -20.0000 20.0000 162.0000
   vertex 20.0000 20.0000 162.0000
  endloop
 endfacet
 facet normal -1.00000 0.00000 0.00000
  outer loop
   vertex -20.0000 20.0000 154.0000
   vertex -20.0000 -20.0000 154.0000
   vertex -20.0000 -20.0000 162.0000
  endloop
 endfacet
 facet normal -1.00000 0.00000 0.00000
  outer loop
   vertex -20.0000 20.0000 154.0000
   vertex -20.0000 -20.0000 162.0000
   vertex -20.0000 20.0000 162.0000
  endloop
 endfacet
 facet normal 0.99786 0.06540 0.00000
  outer loop
   vertex 37.0000 0.0000 162.0000
   vertex 36.6835 4.8295 162.0000
   vertex 36.6835 4.8295 165.0000
  endloop
 endfacet
 facet normal 0.99786 0.06540 -0.00000
  outer loop
   vertex 37.0000 0.0000 162.0000
   vertex 36.6835 4.8295 165.0000
   vertex 37.0000 0.0000 165.0000
  endloop
 endfacet
 facet normal 0.98079 0.19509 0.00000
  outer loop
   vertex 36.6835 4.8295 162.0000
   vertex 35.7393 9.5763 162.0000
   vertex 35.7393 9.5763 165.0000
  endloop
 endfacet
 facet normal 0.98079 0.19509 -0.00000
  outer loop
   vertex 36.6835 4.8295 162.0000
   vertex 35.7393 9.5763 165.0000
   vertex 36.6835 4.8295 165.0000
  endloop
 endfacet
 facet normal 0.94693 0.32144 0.00000
  outer loop
   vertex 35.7393 9.5763 162.0000
   vertex 34.1835 14.1593 162.0000
   vertex 34.1835 14.1593 165.0000
  endloop
 endfacet
 facet normal 0.94693 0.32144 -0.00000
  outer loop
   vertex 35.7393 9.5763 162.0000
   vertex 34.1835 14.1593 165.0000
   vertex 35.7393 9.5763 165.0000
  endloop
 endfacet
 facet normal 0.89687 0.44229 0.00000
  outer loop
   vertex 34.1835 14.1593 162.0000
   vertex 32.0429 18.5000 162.0000
   vertex 32.0429 18.5000 165.0000
  endloop
 endfacet
 facet normal 0.89687 0.44229 -0.00000
  outer loop
   vertex 34.1835 14.1593 162.0000
   vertex 32.0429 18.5000 165.0000
   vertex 34.1835 14.1593 165.0000
  endloop
 endfacet
 facet normal 0.83147 0.55557 0.00000
  outer loop
   vertex 32.0429 18.5000 162.0000
   vertex 29.3541 22.5242 162.0000
   vertex 29.3541 22.5242 165.0000
  endloop
 endfacet
 facet normal 0.83147 0.55557 -0.00000
  outer loop
   vertex 32.0429 18.5000 162.0000
   vertex 29.3541 22.5242 165.0000
   vertex 32.0429 18.5000 165.0000
  endloop
 endfacet
 facet normal 0.75184 0.65935 0.00000
  outer loop
   vertex 29.3541 22.5242 162.0000
   vertex 26.1630 26.1630 162.0000
   vertex 26.1630 26.1630 165.0000
  endloop
 endfacet
 facet normal 0.75184 0.65935 -0.00000
  outer loop
   vertex 29.3541 22.5242 162.0000
   vertex 26.1630 26.1630 165.0000
   vertex 29.3541 22.5242 165.0000
  endloop
 endfacet
 facet normal 0.65935 0.75184 0.00000
  outer loop
   vertex 26.1630 26.1630 162.0000
   vertex 22.5242 29.3541 162.0000
   vertex 22.5242 29.3541 165.0000
  endloop
 endfacet
 facet normal 0.65935 0.75184 -0.00000
  outer loop
   vertex 26.1630 26.1630 162.0000
   vertex 22.5242 29.3541 165.0000
   vertex 26.1630 26.1630 165.0000
  endloop
 endfacet
 facet normal 0.55557 0.83147 0.00000
  outer loop
   vertex 22.5242 29.3541 162.0000
   vertex 18.5000 32.0429 162.0000
   vertex 18.5000 32.0429 165.0000
  endloop
 endfacet
 facet normal 0.55557 0.83147 -0.00000
  outer loop
   vertex 22.5242 29.3541 162.0000
   vertex 18.5000 32.0429 165.0000
   vertex 22.5242 29.3541 165.0000
  endloop
 endfacet
 facet normal 0.44229 0.89687 0.00000
  outer loop
   vertex 18.5000 32.0429 162.0000
   vertex 14.1593 34.1835 162.0000
   vertex 14.1593 34.1835 165.0000
  endloop
 endfacet
 facet normal 0.44229 0.89687 -0.00000
  outer loop
   vertex 18.5000 32.0429 162.0000
   vertex 14.1593 34.1835 165.0000
   vertex 18.5000 32.0429 165.0000
  endloop
 endfacet
 facet normal 0.32144 0.94693 0.00000
  outer loop
   vertex 14.1593 34.1835 162.0000
   vertex 9.5763 35.7393 162.0000
   vertex 9.5763 35.7393 165.0000
  endloop
 endfacet
 facet normal 0.32144 0.94693 -0.00000
  outer loop
   vertex 14.1593 34.1835 162.0000
   vertex 9.5763 35.7393 165.0000
   vertex 14.1593 34.1835 165.0000
  endloop
 endfacet
 facet normal 0.19509 0.98079 0.00000
  outer loop
   vertex 9.5763 35.7393 162.0000
   vertex 4.8295 36.6835 162.0000
   vertex 4.8295 36.6835 165.0000
  endloop
 endfacet
 facet normal 0.19509 0.98079 -0.00000
  outer loop
   vertex 9.5763 35.7393 162.0000
   vertex 4.8295 36.6835 165.0000
   vertex 9.5763 35.7393 165.0000
  endloop
 endfacet
 facet normal 0.06540 0.99786 0.00000
  outer loop
   vertex 4.8295 36.6835 162.0000
   vertex 0.0000 37.0000 162.0000
   vertex 0.0000 37.0000 165.0000
  endloop
 endfacet
 facet normal 0.06540 0.99786 -0.00000
  outer loop
   vertex 4.8295 36.6835 162.0000
   vertex 0.0000 37.0000 165.0000
   vertex 4.8295 36.6835 165.0000
  endloop
 endfacet
 facet normal -0.06540 0.99786 0.00000
  outer loop
   vertex 0.0000 37.0000 162.0000
   vertex -4.8295 36.6835 162.0000
   vertex -4.8295 36.6835 165.0000
  endloop
 endfacet
 facet normal -0.06540 0.99786 0.00000
  outer loop
   vertex 0.0000 37.0000 162.0000
   vertex -4.8295 36.6835 165.0000
   vertex 0.0000 37.0000 165.0000
  endloop
 endfacet
 facet normal -0.19509 0.98079 0.00000
  outer loop
   vertex -4.8295 36.6835 162.0000
   vertex -9.5763 35.7393 162.0000
   vertex -9.5763 35.7393 165.0000
  endloop
 endfacet
 facet normal -0.19509 0.98079 0.00000
  outer loop
   vertex -4.8295 36.6835 162.0000
   vertex -9.5763 35.7393 165.0000
   vertex -4.8295 36.6835 165.0000
  endloop
 endfacet
 facet normal -0.32144 0.94693 0.00000
  outer loop
   vertex -9.5763 35.7393 162.0000
   vertex -14.1593 34.1835 162.0000
   vertex -14.1593 34.1835 165.0000
  endloop
 endfacet
 facet normal -0.32144 0.94693 0.00000
  outer loop
   vertex -9.5763 35.7393 162.0000
   vertex -14.1593 34.1835 165.0000
   vertex -9.5763 35.7393 165.0000
  endloop
 endfacet
 facet normal -0.44229 0.89687 0.00000
  outer loop
   vertex -14.1593 34.1835 162.0000
   vertex -18.5000 32.0429 162.0000
   vertex -18.5000 32.0429 165.0000
  endloop
 endfacet
 facet normal -0.44229 0.89687 0.00000
  outer loop
   vertex -14.1593 34.1835 162.0000
   vertex -18.5000 32.0429 165.0000
   vertex -14.1593 34.1835 165.0000
  endloop
 endfacet
 facet normal -0.55557 0.83147 0.00000
  outer loop
   vertex -18.5000 32.0429 162.0000
   vertex -22.5242 29.3541 162.0000
   vertex -22.5242 29.3541 165.0000
  endloop
 endfacet
 facet normal -0.55557 0.83147 0.00000
  outer loop
   vertex -18.5000 32.0429 162.0000
   vertex -22.5242 29.3541 165.0000
   vertex -18.5000 32.0429 165.0000
  endloop
 endfacet
 facet normal -0.65935 0.75184 0.00000
  outer loop
   vertex -22.5242 29.3541 162.0000
   vertex -26.1630 26.1630 162.0000
   vertex -26.1630 26.1630 165.0000
  endloop
 endfacet
 facet normal -0.65935 0.75184 0.00000
  outer loop
   vertex -22.5242 29.3541 162.0000
   vertex -26.1630 26.1630 165.0000
   vertex -22.5242 29.3541 165.0000
  endloop
 endfacet
 facet normal -0.75184 0.65935 0.00000
  outer loop
   vertex -26.1630 26.1630 162.0000
   vertex -29.3541 22.5242 162.0000
   vertex -29.3541 22.5242 165.0000
  endloop
 endfacet
 facet normal -0.75184 0.65935 0.00000
  outer loop
   vertex -26.1630 26.1630 162.0000
   vertex -29.3541 22.5242 165.0000
   vertex -26.1630 26.1630 165.0000
  endloop
 endfacet
 facet normal -0.83147 0.55557 0.00000
  outer loop
   vertex -29.3541 22.5242 162.0000
   vertex -32.0429 18.5000 162.0000
   vertex -32.0429 18.5000 165.0000
  endloop
 endfacet
 facet normal -0.83147 0.55557 0.00000
  outer loop
   vertex -29.3541 22.5242 162.0000
   vertex -32.0429 18.5000 165.0000
   vertex -29.3541 22.5242 165.0000
  endloop
 endfacet
 facet normal -0.89687 0.44229 0.00000
  outer loop
   vertex -32.0429 18.5000 162.0000
   vertex -34.1835 14.1593 162.0000
   vertex -34.1835 14.1593 165.0000
  endloop
 endfacet
 facet normal -0.89687 0.44229 0.00000
  outer loop
   vertex -32.0429 18.5000 162.0000
   vertex -34.1835 14.1593 165.0000
   vertex -32.0429 18.5000 165.0000
  endloop
 endfacet
 facet normal -0.94693 0.32144 0.00000
  outer loop
   vertex -34.1835 14.1593 162.0000
   vertex -35.7393 9.5763 162.0000
   vertex -35.7393 9.5763 165.0000
  endloop
 endfacet
 facet normal -0.94693 0.32144 0.00000
  outer loop
   vertex -34.1835 14.1593 162.0000
   vertex -35.7393 9.5763 165.0000
   vertex -34.1835 14.1593 165.0000
  endloop
 endfacet
 facet normal -0.98079 0.19509 0.00000
  outer loop
   vertex -35.7393 9.5763 162.0000
   vertex -36.6835 4.8295 162.0000
   vertex -36.6835 4.8295 165.0000
  endloop
 endfacet
 facet normal -0.98079 0.19509 0.00000
  outer loop
   vertex -35.7393 9.5763 162.0000
   vertex -36.6835 4.8295 165.0000
   vertex -35.7393 9.5763 165.0000
  endloop
 endfacet
 facet normal -0.99786 0.06540 0.00000
  outer loop
   vertex -36.6835 4.8295 162.0000
   vertex -37.0000 0.0000 162.0000
   vertex -37.0000 0.0000 165.0000
  endloop
 endfacet
 facet normal -0.99786 0.06540 0.00000
  outer loop
   vertex -36.6835 4.8295 162.0000
   vertex -37.0000 0.0000 165.0000
   vertex -36.6835 4.8295 165.0000
  endloop
 endfacet
 facet normal -0.99786 -0.06540 0.00000
  outer loop
   vertex -37.0000 0.0000 162.0000
   vertex -36.6835 -4.8295 162.0000
   vertex -36.6835 -4.8295 165.0000
  endloop
 endfacet
 facet normal -0.99786 -0.06540 0.00000
  outer loop
   vertex -37.0000 0.0000 162.0000
   vertex -36.6835 -4.8295 165.0000
   vertex -37.0000 0.0000 165.0000
  endloop
 endfacet
 facet normal -0.98079 -0.19509 0.00000
  outer loop
   vertex -36.6835 -4.8295 162.0000
   vertex -35.7393 -9.5763 162.0000
   vertex -35.7393 -9.5763 165.0000
  endloop
 endfacet
 facet normal -0.98079 -0.19509 0.00000
  outer loop
   vertex -36.6835 -4.8295 162.0000
   vertex -35.7393 -9.5763 165.0000
   vertex -36.6835 -4.8295 165.0000
  endloop
 endfacet
 facet normal -0.94693 -0.32144 0.00000
  outer loop
   vertex -35.7393 -9.5763 162.0000
   vertex -34.1835 -14.1593 162.0000
   vertex -34.1835 -14.1593 165.0000
  endloop
 endfacet
 facet normal -0.94693 -0.32144 0.00000
  outer loop
   vertex -35.7393 -9.5763 162.0000
   vertex -34.1835 -14.1593 165.0000
   vertex -35.7393 -9.5763 165.0000
  endloop
 endfacet
 facet normal -0.89687 -0.44229 0.00000
  outer loop
   vertex -34.1835 -14.1593 162.0000
   vertex -32.0429 -18.5000 162.0000
   vertex -32.0429 -18.5000 165.0000
  endloop
 endfacet
 facet normal -0.89687 -0.44229 0.00000
  outer loop
   vertex -34.1835 -14.1593 162.0000
   vertex -32.0429 -18.5000 165.0000
   vertex -34.1835 -14.1593 165.0000
  endloop
 endfacet
 facet normal -0.83147 -0.55557 0.00000
  outer loop
   vertex -32.0429 -18.5000 162.0000
   vertex -29.3541 -22.5242 162.0000
   vertex -29.3541 -22.5242 165.0000
  endloop
 endfacet
 facet normal -0.83147 -0.55557 0.00000
  outer loop
   vertex -32.0429 -18.5000 162.0000
   vertex -29.3541 -22.5242 165.0000
   vertex -32.0429 -18.5000 165.0000
  endloop
 endfacet
 facet normal -0.75184 -0.65935 0.00000
  outer loop
   vertex -29.3541 -22.5242 162.0000
   vertex -26.1630 -26.1630 162.0000
   vertex -26.1630 -26.1630 165.0000
  endloop
 endfacet
 facet normal -0.75184 -0.65935 0.00000
  outer loop
   vertex -29.3541 -22.5242 162.0000
   vertex -26.1630 -26.1630 165.0000
   vertex -29.3541 -22.5242 165.0000
  endloop
 endfacet
 facet normal -0.65935 -0.75184 0.00000
  outer loop
   vertex -26.1630 -26.1630 162.0000
   vertex -22.5242 -29.3541 162.0000
   vertex -22.5242 -29.3541 165.0000
  endloop
 endfacet
 facet normal -0.65935 -0.75184 0.00000
  outer loop
   vertex -26.1630 -26.1630 162.0000
   vertex -22.5242 -29.3541 165.0000
   vertex -26.1630 -26.1630 165.0000
  endloop
 endfacet
 facet normal -0.55557 -0.83147 0.00000
  outer loop
   vertex -22.5242 -29.3541 162.0000
   vertex -18.5000 -32.0429 162.0000
   vertex -18.5000 -32.0429 165.0000
  endloop
 endfacet
 facet normal -0.55557 -0.83147 0.00000
  outer loop
   vertex -22.5242 -29.3541 162.0000
   vertex -18.5000 -32.0429 165.0000
   vertex -22.5242 -29.3541 165.0000
  endloop
 endfacet
 facet normal -0.44229 -0.89687 0.00000
  outer loop
   vertex -18.5000 -32.0429 162.0000
   vertex -14.1593 -34.1835 162.0000
   vertex -14.1593 -34.1835 165.0000
  endloop
 endfacet
 facet normal -0.44229 -0.89687 0.00000
  outer loop
   vertex -18.5000 -32.0429 162.0000
   vertex -14.1593 -34.1835 165.0000
   vertex -18.5000 -32.0429 165.0000
  endloop
 endfacet
 facet normal -0.32144 -0.94693 0.00000
  outer loop
   vertex -14.1593 -34.1835 162.0000
   vertex -9.5763 -35.7393 162.0000
   vertex -9.5763 -35.7393 165.0000
  endloop
 endfacet
 facet normal -0.32144 -0.94693 0.00000
  outer loop
   vertex -14.1593 -34.1835 162.0000
   vertex -9.5763 -35.7393 165.0000
   vertex -14.1593 -34.1835 165.0000
  endloop
 endfacet
 facet normal -0.19509 -0.98079 0.00000
  outer loop
   vertex -9.5763 -35.7393 162.0000
   vertex -4.8295 -36.6835 162.0000
   vertex -4.8295 -36.6835 165.0000
  endloop
 endfacet
 facet normal -0.19509 -0.98079 0.00000
  outer loop
   vertex -9.5763 -35.7393 162.0000
   vertex -4.8295 -36.6835 165.0000
   vertex -9.5763 -35.7393 165.0000
  endloop
 endfacet
 facet normal -0.06540 -0.99786 0.00000
  outer loop
   vertex -4.8295 -36.6835 162.0000
   vertex -0.0000 -37.0000 162.0000
   vertex -0.0000 -37.0000 165.0000
  endloop
 endfacet
 facet normal -0.06540 -0.99786 0.00000
  outer loop
   vertex -4.8295 -36.6835 162.0000
   vertex -0.0000 -37.0000 165.0000
   vertex -4.8295 -36.6835 165.0000
  endloop
 endfacet
 facet normal 0.06540 -0.99786 0.00000
  outer loop
   vertex -0.0000 -37.0000 162.0000
   vertex 4.8295 -36.6835 162.0000
   vertex 4.8295 -36.6835 165.0000
  endloop
 endfacet
 facet normal 0.06540 -0.99786 0.00000
  outer loop
   vertex -0.0000 -37.0000 162.0000
   vertex 4.8295 -36.6835 165.0000
   vertex -0.0000 -37.0000 165.0000
  endloop
 endfacet
 facet normal 0.19509 -0.98079 0.00000
  outer loop
   vertex 4.8295 -36.6835 162.0000
   vertex 9.5763 -35.7393 162.0000
   vertex 9.5763 -35.7393 165.0000
  endloop
 endfacet
 facet normal 0.19509 -0.98079 0.00000
  outer loop
   vertex 4.8295 -36.6835 162.0000
   vertex 9.5763 -35.7393 165.0000
   vertex 4.8295 -36.6835 165.0000
  endloop
 endfacet
 facet normal 0.32144 -0.94693 0.00000
  outer loop
   vertex 9.5763 -35.7393 162.0000
   vertex 14.1593 -34.1835 162.0000
   vertex 14.1593 -34.1835 165.0000
  endloop
 endfacet
 facet normal 0.32144 -0.94693 0.00000
  outer loop
   vertex 9.5763 -35.7393 162.0000
   vertex 14.1593 -34.1835 165.0000
   vertex 9.5763 -35.7393 165.0000
  endloop
 endfacet
 facet normal 0.44229 -0.89687 0.00000
  outer loop
   vertex 14.1593 -34.1835 162.0000
   vertex 18.5000 -32.0429 162.0000
   vertex 18.5000 -32.0429 165.0000
  endloop
 endfacet
 facet normal 0.44229 -0.89687 0.00000
  outer loop
   vertex 14.1593 -34.1835 162.0000
   vertex 18.5000 -32.0429 165.0000
   vertex 14.1593 -34.1835 165.0000
  endloop
 endfacet
 facet normal 0.55557 -0.83147 0.00000
  outer loop
   vertex 18.5000 -32.0429 162.0000
   vertex 22.5242 -29.3541 162.0000
   vertex 22.5242 -29.3541 165.0000
  endloop
 endfacet
 facet normal 0.55557 -0.83147 0.00000
  outer loop
   vertex 18.5000 -32.0429 162.0000
   vertex 22.5242 -29.3541 165.0000
   vertex 18.5000 -32.0429 165.0000
  endloop
 endfacet
 facet normal 0.65935 -0.75184 0.00000
  outer loop
   vertex 22.5242 -29.3541 162.0000
   vertex 26.1630 -26.1630 162.0000
   vertex 26.1630 -26.1630 165.0000
  endloop
 endfacet
 facet normal 0.65935 -0.75184 0.00000
  outer loop
   vertex 22.5242 -29.3541 162.0000
   vertex 26.1630 -26.1630 165.0000
   vertex 22.5242 -29.3541 165.0000
  endloop
 endfacet
 facet normal 0.75184 -0.65935 0.00000
  outer loop
   vertex 26.1630 -26.1630 162.0000
   vertex 29.3541 -22.5242 162.0000
   vertex 29.3541 -22.5242 165.0000
  endloop
 endfacet
 facet normal 0.75184 -0.65935 0.00000
  outer loop
   vertex 26.1630 -26.1630 162.0000
   vertex 29.3541 -22.5242 165.0000
   vertex 26.1630 -26.1630 165.0000
  endloop
 endfacet
 facet normal 0.83147 -0.55557 0.00000
  outer loop
   vertex 29.3541 -22.5242 162.0000
   vertex 32.0429 -18.5000 162.0000
   vertex 32.0429 -18.5000 165.0000
  endloop
 endfacet
 facet normal 0.83147 -0.55557 0.00000
  outer loop
   vertex 29.3541 -22.5242 162.0000
   vertex 32.0429 -18.5000 165.0000
   vertex 29.3541 -22.5242 165.0000
  endloop
 endfacet
 facet normal 0.89687 -0.44229 0.00000
  outer loop
   vertex 32.0429 -18.5000 162.0000
   vertex 34.1835 -14.1593 162.0000
   vertex 34.1835 -14.1593 165.0000
  endloop
 endfacet
 facet normal 0.89687 -0.44229 0.00000
  outer loop
   vertex 32.0429 -18.5000 162.0000
   vertex 34.1835 -14.1593 165.0000
   vertex 32.0429 -18.5000 165.0000
  endloop
 endfacet
 facet normal 0.94693 -0.32144 0.00000
  outer loop
   vertex 34.1835 -14.1593 162.0000
   vertex 35.7393 -9.5763 162.0000
   vertex 35.7393 -9.5763 165.0000
  endloop
 endfacet
 facet normal 0.94693 -0.32144 0.00000
  outer loop
   vertex 34.1835 -14.1593 162.0000
   vertex 35.7393 -9.5763 165.0000
   vertex 34.1835 -14.1593 165.0000
  endloop
 endfacet
 facet normal 0.98079 -0.19509 0.00000
  outer loop
   vertex 35.7393 -9.5763 162.0000
   vertex 36.6835 -4.8295 162.0000
   vertex 36.6835 -4.8295 165.0000
  endloop
 endfacet
 facet normal 0.98079 -0.19509 0.00000
  outer loop
   vertex 35.7393 -9.5763 162.0000
   vertex 36.6835 -4.8295 165.0000
   vertex 35.7393 -9.5763 165.0000
  endloop
 endfacet
 facet normal 0.99786 -0.06540 0.00000
  outer loop
   vertex 36.6835 -4.8295 162.0000
   vertex 37.0000 0.0000 162.0000
   vertex 37.0000 0.0000 165.0000
  endloop
 endfacet
 facet normal 0.99786 -0.06540 0.00000
  outer loop
   vertex 36.6835 -4.8295 162.0000
   vertex 37.0000 0.0000 165.0000
   vertex 36.6835 -4.8295 165.0000
  endloop
 endfacet
 facet normal 0.00000 0.00000 -1.00000
  outer loop
   vertex 0.0000 0.0000 162.0000
   vertex 36.6835 4.8295 162.0000
   vertex 37.0000 0.0000 162.0000
  endloop
 endfacet
 facet normal 0.00000 0.00000 1.00000
  outer loop
   vertex 0.0000 0.0000 165.0000
   vertex 37.0000 0.0000 165.0000
   vertex 36.6835 4.8295 165.0000
  endloop
 endfacet
 facet normal 0.00000 0.00000 -1.00000
  outer loop
   vertex 0.0000 0.0000 162.0000
   vertex 35.7393 9.5763 162.0000
   vertex 36.6835 4.8295 162.0000
  endloop
 endfacet
 facet normal 0.00000 0.00000 1.00000
  outer loop
   vertex 0.0000 0.0000 165.0000
   vertex 36.6835 4.8295 165.0000
   vertex 35.7393 9.5763 165.0000
  endloop
 endfacet
 facet normal 0.00000 0.00000 -1.00000
  outer loop
   vertex 0.0000 0.0000 162.0000
   vertex 34.1835 14.1593 162.0000
   vertex 35.7393 9.5763 162.0000
  endloop
 endfacet
 facet normal 0.00000 0.00000 1.00000
  outer loop
   vertex 0.0000 0.0000 165.0000
   vertex 35.7393 9.5763 165.0000
   vertex 34.1835 14.1593 165.0000
  endloop
 endfacet
 facet normal 0.00000 0.00000 -1.00000
  outer loop
   vertex 0.0000 0.0000 162.0000
   vertex 32.0429 18.5000 162.0000
   vertex 34.1835 14.1593 162.0000
  endloop
 endfacet
 facet normal 0.00000 0.00000 1.00000
  outer loop
   vertex 0.0000 0.0000 165.0000
   vertex 34.1835 14.1593 165.0000
   vertex 32.0429 18.5000 165.0000
  endloop
 endfacet
 facet normal 0.00000 0.00000 -1.00000
  outer loop
   vertex 0.0000 0.0000 162.0000
   vertex 29.3541 22.5242 162.0000
   vertex 32.0429 18.5000 162.0000
  endloop
 endfacet
 facet normal 0.00000 0.00000 1.00000
  outer loop
   vertex 0.0000 0.0000 165.0000
   vertex 32.0429 18.5000 165.0000
   vertex 29.3541 22.5242 165.0000
  endloop
 endfacet
 facet normal 0.00000 0.00000 -1.00000
  outer loop
   vertex 0.0000 0.0000 162.0000
   vertex 26.1630 26.1630 162.0000
   vertex 29.3541 22.5242 162.0000
  endloop
 endfacet
 facet normal 0.00000 0.00000 1.00000
  outer loop
   vertex 0.0000 0.0000 165.0000
   vertex 29.3541 22.5242 165.0000
   vertex 26.1630 26.1630 165.0000
  endloop
 endfacet
 facet normal 0.00000 0.00000 -1.00000
  outer loop
   vertex 0.0000 0.0000 162.0000
   vertex 22.5242 29.3541 162.0000
   vertex 26.1630 26.1630 162.0000
  endloop
 endfacet
 facet normal 0.00000 0.00000 1.00000
  outer loop
   vertex 0.0000 0.0000 165.0000
   vertex 26.1630 26.1630 165.0000
   vertex 22.5242 29.3541 165.0000
  endloop
 endfacet
 facet normal 0.00000 0.00000 -1.00000
  outer loop
   vertex 0.0000 0.0000 162.0000
   vertex 18.5000 32.0429 162.0000
   vertex 22.5242 29.3541 162.0000
  endloop
 endfacet
 facet normal 0.00000 0.00000 1.00000
  outer loop
   vertex 0.0000 0.0000 165.0000
   vertex 22.5242 29.3541 165.0000
   vertex 18.5000 32.0429 165.0000
  endloop
 endfacet
 facet normal 0.00000 0.00000 -1.00000
  outer loop
   vertex 0.0000 0.0000 162.0000
   vertex 14.1593 34.1835 162.0000
   vertex 18.5000 32.0429 162.0000
  endloop
 endfacet
 facet normal 0.00000 0.00000 1.00000
  outer loop
   vertex 0.0000 0.0000 165.0000
   vertex 18.5000 32.0429 165.0000
   vertex 14.1593 34.1835 165.0000
  endloop
 endfacet
 facet normal 0.00000 0.00000 -1.00000
  outer loop
   vertex 0.0000 0.0000 162.0000
   vertex 9.5763 35.7393 162.0000
   vertex 14.1593 34.1835 162.0000
  endloop
 endfacet
 facet normal 0.00000 0.00000 1.00000
  outer loop
   vertex 0.0000 0.0000 165.0000
   vertex 14.1593 34.1835 165.0000
   vertex 9.5763 35.7393 165.0000
  endloop
 endfacet
 facet normal 0.00000 0.00000 -1.00000
  outer loop
   vertex 0.0000 0.0000 162.0000
   vertex 4.8295 36.6835 162.0000
   vertex 9.5763 35.7393 162.0000
  endloop
 endfacet
 facet normal 0.00000 0.00000 1.00000
  outer loop
   vertex 0.0000 0.0000 165.0000
   vertex 9.5763 35.7393 165.0000
   vertex 4.8295 36.6835 165.0000
  endloop
 endfacet
 facet normal 0.00000 0.00000 -1.00000
  outer loop
   vertex 0.0000 0.0000 162.0000
   vertex 0.0000 37.0000 162.0000
   vertex 4.8295 36.6835 162.0000
  endloop
 endfacet
 facet normal 0.00000 0.00000 1.00000
  outer loop
   vertex 0.0000 0.0000 165.0000
   vertex 4.8295 36.6835 165.0000
   vertex 0.0000 37.0000 165.0000
  endloop
 endfacet
 facet normal 0.00000 0.00000 -1.00000
  outer loop
   vertex 0.0000 0.0000 162.0000
   vertex -4.8295 36.6835 162.0000
   vertex 0.0000 37.0000 162.0000
  endloop
 endfacet
 facet normal 0.00000 -0.00000 1.00000
  outer loop
   vertex 0.0000 0.0000 165.0000
   vertex 0.0000 37.0000 165.0000
   vertex -4.8295 36.6835 165.0000
  endloop
 endfacet
 facet normal 0.00000 0.00000 -1.00000
  outer loop
   vertex 0.0000 0.0000 162.0000
   vertex -9.5763 35.7393 162.0000
   vertex -4.8295 36.6835 162.0000
  endloop
 endfacet
 facet normal 0.00000 0.00000 1.00000
  outer loop
   vertex 0.0000 0.0000 165.0000
   vertex -4.8295 36.6835 165.0000
   vertex -9.5763 35.7393 165.0000
  endloop
 endfacet
 facet normal 0.00000 0.00000 -1.00000
  outer loop
   vertex 0.0000 0.0000 162.0000
   vertex -14.1593 34.1835 162.0000
   vertex -9.5763 35.7393 162.0000
  endloop
 endfacet
 facet normal 0.00000 0.00000 1.00000
  outer loop
   vertex 0.0000 0.0000 165.0000
   vertex -9.5763 35.7393 165.0000
   vertex -14.1593 34.1835 165.0000
  endloop
 endfacet
 facet normal 0.00000 0.00000 -1.00000
  outer loop
   vertex 0.0000 0.0000 162.0000
   vertex -18.5000 32.0429 162.0000
   vertex -14.1593 34.1835 162.0000
  endloop
 endfacet
 facet normal 0.00000 0.00000 1.00000
  outer loop
   vertex 0.0000 0.0000 165.0000
   vertex -14.1593 34.1835 165.0000
   vertex -18.5000 32.0429 165.0000
  endloop
 endfacet
 facet normal 0.00000 0.00000 -1.00000
  outer loop
   vertex 0.0000 0.0000 162.0000
   vertex -22.5242 29.3541 162.0000
   vertex -18.5000 32.0429 162.0000
  endloop
 endfacet
 facet normal 0.00000 0.00000 1.00000
  outer loop
   vertex 0.0000 0.0000 165.0000
   vertex -18.5000 32.0429 165.0000
   vertex -22.5242 29.3541 165.0000
  endloop
 endfacet
 facet normal 0.00000 0.00000 -1.00000
  outer loop
   vertex 0.0000 0.0000 162.0000
   vertex -26.1630 26.1630 162.0000
   vertex -22.5242 29.3541 162.0000
  endloop
 endfacet
 facet normal 0.00000 0.00000 1.00000
  outer loop
   vertex 0.0000 0.0000 165.0000
   vertex -22.5242 29.3541 165.0000
   vertex -26.1630 26.1630 165.0000
  endloop
 endfacet
 facet normal 0.00000 0.00000 -1.00000
  outer loop
   vertex 0.0000 0.0000 162.0000
   vertex -29.3541 22.5242 162.0000
   vertex -26.1630 26.1630 162.0000
  endloop
 endfacet
 facet normal 0.00000 0.00000 1.00000
  outer loop
   vertex 0.0000 0.0000 165.0000
   vertex -26.1630 26.1630 165.0000
   vertex -29.3541 22.5242 165.0000
  endloop
 endfacet
 facet normal 0.00000 0.00000 -1.00000
  outer loop
   vertex 0.0000 0.0000 162.0000
   vertex -32.0429 18.5000 162.0000
   vertex -29.3541 22.5242 162.0000
  endloop
 endfacet
 facet normal 0.00000 0.00000 1.00000
  outer loop
   vertex 0.0000 0.0000 165.0000
   vertex -29.3541 22.5242 165.0000
   vertex -32.0429 18.5000 165.0000
  endloop
 endfacet
 facet normal 0.00000 0.00000 -1.00000
  outer loop
   vertex 0.0000 0.0000 162.0000
   vertex -34.1835 14.1593 162.0000
   vertex -32.0429 18.5000 162.0000
  endloop
 endfacet
 facet normal 0.00000 0.00000 1.00000
  outer loop
   vertex 0.0000 0.0000 165.0000
   vertex -32.0429 18.5000 165.0000
   vertex -34.1835 14.1593 165.0000
  endloop
 endfacet
 facet normal 0.00000 0.00000 -1.00000
  outer loop
   vertex 0.0000 0.0000 162.0000
   vertex -35.7393 9.5763 162.0000
   vertex -34.1835 14.1593 162.0000
  endloop
 endfacet
 facet normal 0.00000 0.00000 1.00000
  outer loop
   vertex 0.0000 0.0000 165.0000
   vertex -34.1835 14.1593 165.0000
   vertex -35.7393 9.5763 165.0000
  endloop
 endfacet
 facet normal 0.00000 0.00000 -1.00000
  outer loop
   vertex 0.0000 0.0000 162.0000
   vertex -36.6835 4.8295 162.0000
   vertex -35.7393 9.5763 162.0000
  endloop
 endfacet
 facet normal 0.00000 0.00000 1.00000
  outer loop
   vertex 0.0000 0.0000 165.0000
   vertex -35.7393 9.5763 165.0000
   vertex -36.6835 4.8295 165.0000
  endloop
 endfacet
 facet normal 0.00000 0.00000 -1.00000
  outer loop
   vertex 0.0000 0.0000 162.0000
   vertex -37.0000 0.0000 162.0000
   vertex -36.6835 4.8295 162.0000
  endloop
 endfacet
 facet normal 0.00000 0.00000 1.00000
  outer loop
   vertex 0.0000 0.0000 165.0000
   vertex -36.6835 4.8295 165.0000
   vertex -37.0000 0.0000 165.0000
  endloop
 endfacet
 facet normal -0.00000 0.00000 -1.00000
  outer loop
   vertex 0.0000 0.0000 162.0000
   vertex -36.6835 -4.8295 162.0000
   vertex -37.0000 0.0000 162.0000
  endloop
 endfacet
 facet normal 0.00000 0.00000 1.00000
  outer loop
   vertex 0.0000 0.0000 165.0000
   vertex -37.0000 0.0000 165.0000
   vertex -36.6835 -4.8295 165.0000
  endloop
 endfacet
 facet normal 0.00000 0.00000 -1.00000
  outer loop
   vertex 0.0000 0.0000 162.0000
   vertex -35.7393 -9.5763 162.0000
   vertex -36.6835 -4.8295 162.0000
  endloop
 endfacet
 facet normal 0.00000 0.00000 1.00000
  outer loop
   vertex 0.0000 0.0000 165.0000
   vertex -36.6835 -4.8295 165.0000
   vertex -35.7393 -9.5763 165.0000
  endloop
 endfacet
 facet normal 0.00000 0.00000 -1.00000
  outer loop
   vertex 0.0000 0.0000 162.0000
   vertex -34.1835 -14.1593 162.0000
   vertex -35.7393 -9.5763 162.0000
  endloop
 endfacet
 facet normal 0.00000 0.00000 1.00000
  outer loop
   vertex 0.0000 0.0000 165.0000
   vertex -35.7393 -9.5763 165.0000
   vertex -34.1835 -14.1593 165.0000
  endloop
 endfacet
 facet normal 0.00000 0.00000 -1.00000
  outer loop
   vertex 0.0000 0.0000 162.0000
   vertex -32.0429 -18.5000 162.0000
   vertex -34.1835 -14.1593 162.0000
  endloop
 endfacet
 facet normal 0.00000 0.00000 1.00000
  outer loop
   vertex 0.0000 0.0000 165.0000
   vertex -34.1835 -14.1593 165.0000
   vertex -32.0429 -18.5000 165.0000
  endloop
 endfacet
 facet normal 0.00000 0.00000 -1.00000
  outer loop
   vertex 0.0000 0.0000 162.0000
   vertex -29.3541 -22.5242 162.0000
   vertex -32.0429 -18.5000 162.0000
  endloop
 endfacet
 facet normal 0.00000 0.00000 1.00000
  outer loop
   vertex 0.0000 0.0000 165.0000
   vertex -32.0429 -18.5000 165.0000
   vertex -29.3541 -22.5242 165.0000
  endloop
 endfacet
 facet normal 0.00000 0.00000 -1.00000
  outer loop
   vertex 0.0000 0.0000 162.0000
   vertex -26.1630 -26.1630 162.0000
   vertex -29.3541 -22.5242 162.0000
  endloop
 endfacet
 facet normal 0.00000 0.00000 1.00000
  outer loop
   vertex 0.0000 0.0000 165.0000
   vertex -29.3541 -22.5242 165.0000
   vertex -26.1630 -26.1630 165.0000
  endloop
 endfacet
 facet normal 0.00000 0.00000 -1.00000
  outer loop
   vertex 0.0000 0.0000 162.0000
   vertex -22.5242 -29.3541 162.0000
   vertex -26.1630 -26.1630 162.0000
  endloop
 endfacet
 facet normal 0.00000 0.00000 1.00000
  outer loop
   vertex 0.0000 0.0000 165.0000
   vertex -26.1630 -26.1630 165.0000
   vertex -22.5242 -29.3541 165.0000
  endloop
 endfacet
 facet normal 0.00000 0.00000 -1.00000
  outer loop
   vertex 0.0000 0.0000 162.0000
   vertex -18.5000 -32.0429 162.0000
   vertex -22.5242 -29.3541 162.0000
  endloop
 endfacet
 facet normal 0.00000 0.00000 1.00000
  outer loop
   vertex 0.0000 0.0000 165.0000
   vertex -22.5242 -29.3541 165.0000
   vertex -18.5000 -32.0429 165.0000
  endloop
 endfacet
 facet normal 0.00000 0.00000 -1.00000
  outer loop
   vertex 0.0000 0.0000 162.0000
   vertex -14.1593 -34.1835 162.0000
   vertex -18.5000 -32.0429 162.0000
  endloop
 endfacet
 facet normal 0.00000 0.00000 1.00000
  outer loop
   vertex 0.0000 0.0000 165.0000
   vertex -18.5000 -32.0429 165.0000
   vertex -14.1593 -34.1835 165.0000
  endloop
 endfacet
 facet normal 0.00000 0.00000 -1.00000
  outer loop
   vertex 0.0000 0.0000 162.0000
   vertex -9.5763 -35.7393 162.0000
   vertex -14.1593 -34.1835 162.0000
  endloop
 endfacet
 facet normal 0.00000 0.00000 1.00000
  outer loop
   vertex 0.0000 0.0000 165.0000
   vertex -14.1593 -34.1835 165.0000
   vertex -9.5763 -35.7393 165.0000
  endloop
 endfacet
 facet normal 0.00000 0.00000 -1.00000
  outer loop
   vertex 0.0000 0.0000 162.0000
   vertex -4.8295 -36.6835 162.0000
   vertex -9.5763 -35.7393 162.0000
  endloop
 endfacet
 facet normal 0.00000 0.00000 1.00000
  outer loop
   vertex 0.0000 0.0000 165.0000
   vertex -9.5763 -35.7393 165.0000
   vertex -4.8295 -36.6835 165.0000
  endloop
 endfacet
 facet normal 0.00000 0.00000 -1.00000
  outer loop
   vertex 0.0000 0.0000 162.0000
   vertex -0.0000 -37.0000 162.0000
   vertex -4.8295 -36.6835 162.0000
  endloop
 endfacet
 facet normal 0.00000 0.00000 1.00000
  outer loop
   vertex 0.0000 0.0000 165.0000
   vertex -4.8295 -36.6835 165.0000
   vertex -0.0000 -37.0000 165.0000
  endloop
 endfacet
 facet normal 0.00000 -0.00000 -1.00000
  outer loop
   vertex 0.0000 0.0000 162.0000
   vertex 4.8295 -36.6835 162.0000
   vertex -0.0000 -37.0000 162.0000
  endloop
 endfacet
 facet normal 0.00000 0.00000 1.00000
  outer loop
   vertex 0.0000 0.0000 165.0000
   vertex -0.0000 -37.0000 165.0000
   vertex 4.8295 -36.6835 165.0000
  endloop
 endfacet
 facet normal 0.00000 0.00000 -1.00000
  outer loop
   vertex 0.0000 0.0000 162.0000
   vertex 9.5763 -35.7393 162.0000
   vertex 4.8295 -36.6835 162.0000
  endloop
 endfacet
 facet normal 0.00000 0.00000 1.00000
  outer loop
   vertex 0.0000 0.0000 165.0000
   vertex 4.8295 -36.6835 165.0000
   vertex 9.5763 -35.7393 165.0000
  endloop
 endfacet
 facet normal 0.00000 0.00000 -1.00000
  outer loop
   vertex 0.0000 0.0000 162.0000
   vertex 14.1593 -34.1835 162.0000
   vertex 9.5763 -35.7393 162.0000
  endloop
 endfacet
 facet normal 0.00000 0.00000 1.00000
  outer loop
   vertex 0.0000 0.0000 165.0000
   vertex 9.5763 -35.7393 165.0000
   vertex 14.1593 -34.1835 165.0000
  endloop
 endfacet
 facet normal 0.00000 0.00000 -1.00000
  outer loop
   vertex 0.0000 0.0000 162.0000
   vertex 18.5000 -32.0429 162.0000
   vertex 14.1593 -34.1835 162.0000
  endloop
 endfacet
 facet normal 0.00000 0.00000 1.00000
  outer loop
   vertex 0.0000 0.0000 165.0000
   vertex 14.1593 -34.1835 165.0000
   vertex 18.5000 -32.0429 165.0000
  endloop
 endfacet
 facet normal 0.00000 0.00000 -1.00000
  outer loop
   vertex 0.0000 0.0000 162.0000
   vertex 22.5242 -29.3541 162.0000
   vertex 18.5000 -32.0429 162.0000
  endloop
 endfacet
 facet normal 0.00000 0.00000 1.00000
  outer loop
   vertex 0.0000 0.0000 165.0000
   vertex 18.5000 -32.0429 165.0000
   vertex 22.5242 -29.3541 165.0000
  endloop
 endfacet
 facet normal 0.00000 0.00000 -1.00000
  outer loop
   vertex 0.0000 0.0000 162.0000
   vertex 26.1630 -26.1630 162.0000
   vertex 22.5242 -29.3541 162.0000
  endloop
 endfacet
 facet normal 0.00000 0.00000 1.00000
  outer loop
   vertex 0.0000 0.0000 165.0000
   vertex 22.5242 -29.3541 165.0000
   vertex 26.1630 -26.1630 165.0000
  endloop
 endfacet
 facet normal 0.00000 0.00000 -1.00000
  outer loop
   vertex 0.0000 0.0000 162.0000
   vertex 29.3541 -22.5242 162.0000
   vertex 26.1630 -26.1630 162.0000
  endloop
 endfacet
 facet normal 0.00000 0.00000 1.00000
  outer loop
   vertex 0.0000 0.0000 165.0000
   vertex 26.1630 -26.1630 165.0000
   vertex 29.3541 -22.5242 165.0000
  endloop
 endfacet
 facet normal 0.00000 0.00000 -1.00000
  outer loop
   vertex 0.0000 0.0000 162.0000
   vertex 32.0429 -18.5000 162.0000
   vertex 29.3541 -22.5242 162.0000
  endloop
 endfacet
 facet normal 0.00000 0.00000 1.00000
  outer loop
   vertex 0.0000 0.0000 165.0000
   vertex 29.3541 -22.5242 165.0000
   vertex 32.0429 -18.5000 165.0000
  endloop
 endfacet
 facet normal 0.00000 0.00000 -1.00000
  outer loop
   vertex 0.0000 0.0000 162.0000
   vertex 34.1835 -14.1593 162.0000
   vertex 32.0429 -18.5000 162.0000
  endloop
 endfacet
 facet normal 0.00000 0.00000 1.00000
  outer loop
   vertex 0.0000 0.0000 165.0000
   vertex 32.0429 -18.5000 165.0000
   vertex 34.1835 -14.1593 165.0000
  endloop
 endfacet
 facet normal 0.00000 0.00000 -1.00000
  outer loop
   vertex 0.0000 0.0000 162.0000
   vertex 35.7393 -9.5763 162.0000
   vertex 34.1835 -14.1593 162.0000
  endloop
 endfacet
 facet normal 0.00000 0.00000 1.00000
  outer loop
   vertex 0.0000 0.0000 165.0000
   vertex 34.1835 -14.1593 165.0000
   vertex 35.7393 -9.5763 165.0000
  endloop
 endfacet
 facet normal 0.00000 0.00000 -1.00000
  outer loop
   vertex 0.0000 0.0000 162.0000
   vertex 36.6835 -4.8295 162.0000
   vertex 35.7393 -9.5763 162.0000
  endloop
 endfacet
 facet normal 0.00000 0.00000 1.00000
  outer loop
   vertex 0.0000 0.0000 165.0000
   vertex 35.7393 -9.5763 165.0000
   vertex 36.6835 -4.8295 165.0000
  endloop
 endfacet
 facet normal 0.00000 0.00000 -1.00000
  outer loop
   vertex 0.0000 0.0000 162.0000
   vertex 37.0000 0.0000 162.0000
   vertex 36.6835 -4.8295 162.0000
  endloop
 endfacet
 facet normal -0.00000 0.00000 1.00000
  outer loop
   vertex 0.0000 0.0000 165.0000
   vertex 36.6835 -4.8295 165.0000
   vertex 37.0000 0.0000 165.0000
  endloop
 endfacet
 facet normal 0.99786 0.06540 0.00000
  outer loop
   vertex 37.0000 0.0000 165.0000
   vertex 36.6835 4.8295 165.0000
   vertex 36.6835 4.8295 241.0000
  endloop
 endfacet
 facet normal 0.99786 0.06540 -0.00000
  outer loop
   vertex 37.0000 0.0000 165.0000
   vertex 36.6835 4.8295 241.0000
   vertex 37.0000 0.0000 241.0000
  endloop
 endfacet
 facet normal 0.98079 0.19509 0.00000
  outer loop
   vertex 36.6835 4.8295 165.0000
   vertex 35.7393 9.5763 165.0000
   vertex 35.7393 9.5763 241.0000
  endloop
 endfacet
 facet normal 0.98079 0.19509 -0.00000
  outer loop
   vertex 36.6835 4.8295 165.0000
   vertex 35.7393 9.5763 241.0000
   vertex 36.6835 4.8295 241.0000
  endloop
 endfacet
 facet normal 0.94693 0.32144 0.00000
  outer loop
   vertex 35.7393 9.5763 165.0000
   vertex 34.1835 14.1593 165.0000
   vertex 34.1835 14.1593 241.0000
  endloop
 endfacet
 facet normal 0.94693 0.32144 -0.00000
  outer loop
   vertex 35.7393 9.5763 165.0000
   vertex 34.1835 14.1593 241.0000
   vertex 35.7393 9.5763 241.0000
  endloop
 endfacet
 facet normal 0.89687 0.44229 0.00000
  outer loop
   vertex 34.1835 14.1593 165.0000
   vertex 32.0429 18.5000 165.0000
   vertex 32.0429 18.5000 241.0000
  endloop
 endfacet
 facet normal 0.89687 0.44229 -0.00000
  outer loop
   vertex 34.1835 14.1593 165.0000
   vertex 32.0429 18.5000 241.0000
   vertex 34.1835 14.1593 241.0000
  endloop
 endfacet
 facet normal 0.83147 0.55557 0.00000
  outer loop
   vertex 32.0429 18.5000 165.0000
   vertex 29.3541 22.5242 165.0000
   vertex 29.3541 22.5242 241.0000
  endloop
 endfacet
 facet normal 0.83147 0.55557 -0.00000
  outer loop
   vertex 32.0429 18.5000 165.0000
   vertex 29.3541 22.5242 241.0000
   vertex 32.0429 18.5000 241.0000
  endloop
 endfacet
 facet normal 0.75184 0.65935 0.00000
  outer loop
   vertex 29.3541 22.5242 165.0000
   vertex 26.1630 26.1630 165.0000
   vertex 26.1630 26.1630 241.0000
  endloop
 endfacet
 facet normal 0.75184 0.65935 -0.00000
  outer loop
   vertex 29.3541 22.5242 165.0000
   vertex 26.1630 26.1630 241.0000
   vertex 29.3541 22.5242 241.0000
  endloop
 endfacet
 facet normal 0.65935 0.75184 0.00000
  outer loop
   vertex 26.1630 26.1630 165.0000
   vertex 22.5242 29.3541 165.0000
   vertex 22.5242 29.3541 241.0000
  endloop
 endfacet
 facet normal 0.65935 0.75184 -0.00000
  outer loop
   vertex 26.1630 26.1630 165.0000
   vertex 22.5242 29.3541 241.0000
   vertex 26.1630 26.1630 241.0000
  endloop
 endfacet
 facet normal 0.55557 0.83147 0.00000
  outer loop
   vertex 22.5242 29.3541 165.0000
   vertex 18.5000 32.0429 165.0000
   vertex 18.5000 32.0429 241.0000
  endloop
 endfacet
 facet normal 0.55557 0.83147 -0.00000
  outer loop
   vertex 22.5242 29.3541 165.0000
   vertex 18.5000 32.0429 241.0000
   vertex 22.5242 29.3541 241.0000
  endloop
 endfacet
 facet normal 0.44229 0.89687 0.00000
  outer loop
   vertex 18.5000 32.0429 165.0000
   vertex 14.1593 34.1835 165.0000
   vertex 14.1593 34.1835 241.0000
  endloop
 endfacet
 facet normal 0.44229 0.89687 -0.00000
  outer loop
   vertex 18.5000 32.0429 165.0000
   vertex 14.1593 34.1835 241.0000
   vertex 18.5000 32.0429 241.0000
  endloop
 endfacet
 facet normal 0.32144 0.94693 0.00000
  outer loop
   vertex 14.1593 34.1835 165.0000
   vertex 9.5763 35.7393 165.0000
   vertex 9.5763 35.7393 241.0000
  endloop
 endfacet
 facet normal 0.32144 0.94693 -0.00000
  outer loop
   vertex 14.1593 34.1835 165.0000
   vertex 9.5763 35.7393 241.0000
   vertex 14.1593 34.1835 241.0000
  endloop
 endfacet
 facet normal 0.19509 0.98079 0.00000
  outer loop
   vertex 9.5763 35.7393 165.0000
   vertex 4.8295 36.6835 165.0000
   vertex 4.8295 36.6835 241.0000
  endloop
 endfacet
 facet normal 0.19509 0.98079 -0.00000
  outer loop
   vertex 9.5763 35.7393 165.0000
   vertex 4.8295 36.6835 241.0000
   vertex 9.5763 35.7393 241.0000
  endloop
 endfacet
 facet normal 0.06540 0.99786 0.00000
  outer loop
   vertex 4.8295 36.6835 165.0000
   vertex 0.0000 37.0000 165.0000
   vertex 0.0000 37.0000 241.0000
  endloop
 endfacet
 facet normal 0.06540 0.99786 -0.00000
  outer loop
   vertex 4.8295 36.6835 165.0000
   vertex 0.0000 37.0000 241.0000
   vertex 4.8295 36.6835 241.0000
  endloop
 endfacet
 facet normal -0.06540 0.99786 0.00000
  outer loop
   vertex 0.0000 37.0000 165.0000
   vertex -4.8295 36.6835 165.0000
   vertex -4.8295 36.6835 241.0000
  endloop
 endfacet
 facet normal -0.06540 0.99786 0.00000
  outer loop
   vertex 0.0000 37.0000 165.0000
   vertex -4.8295 36.6835 241.0000
   vertex 0.0000 37.0000 241.0000
  endloop
 endfacet
 facet normal -0.19509 0.98079 0.00000
  outer loop
   vertex -4.8295 36.6835 165.0000
   vertex -9.5763 35.7393 165.0000
   vertex -9.5763 35.7393 241.0000
  endloop
 endfacet
 facet normal -0.19509 0.98079 0.00000
  outer loop
   vertex -4.8295 36.6835 165.0000
   vertex -9.5763 35.7393 241.0000
   vertex -4.8295 36.6835 241.0000
  endloop
 endfacet
 facet normal -0.32144 0.94693 0.00000
  outer loop
   vertex -9.5763 35.7393 165.0000
   vertex -14.1593 34.1835 165.0000
   vertex -14.1593 34.1835 241.0000
  endloop
 endfacet
 facet normal -0.32144 0.94693 0.00000
  outer loop
   vertex -9.5763 35.7393 165.0000
   vertex -14.1593 34.1835 241.0000
   vertex -9.5763 35.7393 241.0000
  endloop
 endfacet
 facet normal -0.44229 0.89687 0.00000
  outer loop
   vertex -14.1593 34.1835 165.0000
   vertex -18.5000 32.0429 165.0000
   vertex -18.5000 32.0429 241.0000
  endloop
 endfacet
 facet normal -0.44229 0.89687 0.00000
  outer loop
   vertex -14.1593 34.1835 165.0000
   vertex -18.5000 32.0429 241.0000
   vertex -14.1593 34.1835 241.0000
  endloop
 endfacet
 facet normal -0.55557 0.83147 0.00000
  outer loop
   vertex -18.5000 32.0429 165.0000
   vertex -22.5242 29.3541 165.0000
   vertex -22.5242 29.3541 241.0000
  endloop
 endfacet
 facet normal -0.55557 0.83147 0.00000
  outer loop
   vertex -18.5000 32.0429 165.0000
   vertex -22.5242 29.3541 241.0000
   vertex -18.5000 32.0429 241.0000
  endloop
 endfacet
 facet normal -0.65935 0.75184 0.00000
  outer loop
   vertex -22.5242 29.3541 165.0000
   vertex -26.1630 26.1630 165.0000
   vertex -26.1630 26.1630 241.0000
  endloop
 endfacet
 facet normal -0.65935 0.75184 0.00000
  outer loop
   vertex -22.5242 29.3541 165.0000
   vertex -26.1630 26.1630 241.0000
   vertex -22.5242 29.3541 241.0000
  endloop
 endfacet
 facet normal -0.75184 0.65935 0.00000
  outer loop
   vertex -26.1630 26.1630 165.0000
   vertex -29.3541 22.5242 165.0000
   vertex -29.3541 22.5242 241.0000
  endloop
 endfacet
 facet normal -0.75184 0.65935 0.00000
  outer loop
   vertex -26.1630 26.1630 165.0000
   vertex -29.3541 22.5242 241.0000
   vertex -26.1630 26.1630 241.0000
  endloop
 endfacet
 facet normal -0.83147 0.55557 0.00000
  outer loop
   vertex -29.3541 22.5242 165.0000
   vertex -32.0429 18.5000 165.0000
   vertex -32.0429 18.5000 241.0000
  endloop
 endfacet
 facet normal -0.83147 0.55557 0.00000
  outer loop
   vertex -29.3541 22.5242 165.0000
   vertex -32.0429 18.5000 241.0000
   vertex -29.3541 22.5242 241.0000
  endloop
 endfacet
 facet normal -0.89687 0.44229 0.00000
  outer loop
   vertex -32.0429 18.5000 165.0000
   vertex -34.1835 14.1593 165.0000
   vertex -34.1835 14.1593 241.0000
  endloop
 endfacet
 facet normal -0.89687 0.44229 0.00000
  outer loop
   vertex -32.0429 18.5000 165.0000
   vertex -34.1835 14.1593 241.0000
   vertex -32.0429 18.5000 241.0000
  endloop
 endfacet
 facet normal -0.94693 0.32144 0.00000
  outer loop
   vertex -34.1835 14.1593 165.0000
   vertex -35.7393 9.5763 165.0000
   vertex -35.7393 9.5763 241.0000
  endloop
 endfacet
 facet normal -0.94693 0.32144 0.00000
  outer loop
   vertex -34.1835 14.1593 165.0000
   vertex -35.7393 9.5763 241.0000
   vertex -34.1835 14.1593 241.0000
  endloop
 endfacet
 facet normal -0.98079 0.19509 0.00000
  outer loop
   vertex -35.7393 9.5763 165.0000
   vertex -36.6835 4.8295 165.0000
   vertex -36.6835 4.8295 241.0000
  endloop
 endfacet
 facet normal -0.98079 0.19509 0.00000
  outer loop
   vertex -35.7393 9.5763 165.0000
   vertex -36.6835 4.8295 241.0000
   vertex -35.7393 9.5763 241.0000
  endloop
 endfacet
 facet normal -0.99786 0.06540 0.00000
  outer loop
   vertex -36.6835 4.8295 165.0000
   vertex -37.0000 0.0000 165.0000
   vertex -37.0000 0.0000 241.0000
  endloop
 endfacet
 facet normal -0.99786 0.06540 0.00000
  outer loop
   vertex -36.6835 4.8295 165.0000
   vertex -37.0000 0.0000 241.0000
   vertex -36.6835 4.8295 241.0000
  endloop
 endfacet
 facet normal -0.99786 -0.06540 0.00000
  outer loop
   vertex -37.0000 0.0000 165.0000
   vertex -36.6835 -4.8295 165.0000
   vertex -36.6835 -4.8295 241.0000
  endloop
 endfacet
 facet normal -0.99786 -0.06540 0.00000
  outer loop
   vertex -37.0000 0.0000 165.0000
   vertex -36.6835 -4.8295 241.0000
   vertex -37.0000 0.0000 241.0000
  endloop
 endfacet
 facet normal -0.98079 -0.19509 0.00000
  outer loop
   vertex -36.6835 -4.8295 165.0000
   vertex -35.7393 -9.5763 165.0000
   vertex -35.7393 -9.5763 241.0000
  endloop
 endfacet
 facet normal -0.98079 -0.19509 0.00000
  outer loop
   vertex -36.6835 -4.8295 165.0000
   vertex -35.7393 -9.5763 241.0000
   vertex -36.6835 -4.8295 241.0000
  endloop
 endfacet
 facet normal -0.94693 -0.32144 0.00000
  outer loop
   vertex -35.7393 -9.5763 165.0000
   vertex -34.1835 -14.1593 165.0000
   vertex -34.1835 -14.1593 241.0000
  endloop
 endfacet
 facet normal -0.94693 -0.32144 0.00000
  outer loop
   vertex -35.7393 -9.5763 165.0000
   vertex -34.1835 -14.1593 241.0000
   vertex -35.7393 -9.5763 241.0000
  endloop
 endfacet
 facet normal -0.89687 -0.44229 0.00000
  outer loop
   vertex -34.1835 -14.1593 165.0000
   vertex -32.0429 -18.5000 165.0000
   vertex -32.0429 -18.5000 241.0000
  endloop
 endfacet
 facet normal -0.89687 -0.44229 0.00000
  outer loop
   vertex -34.1835 -14.1593 165.0000
   vertex -32.0429 -18.5000 241.0000
   vertex -34.1835 -14.1593 241.0000
  endloop
 endfacet
 facet normal -0.83147 -0.55557 0.00000
  outer loop
   vertex -32.0429 -18.5000 165.0000
   vertex -29.3541 -22.5242 165.0000
   vertex -29.3541 -22.5242 241.0000
  endloop
 endfacet
 facet normal -0.83147 -0.55557 0.00000
  outer loop
   vertex -32.0429 -18.5000 165.0000
   vertex -29.3541 -22.5242 241.0000
   vertex -32.0429 -18.5000 241.0000
  endloop
 endfacet
 facet normal -0.75184 -0.65935 0.00000
  outer loop
   vertex -29.3541 -22.5242 165.0000
   vertex -26.1630 -26.1630 165.0000
   vertex -26.1630 -26.1630 241.0000
  endloop
 endfacet
 facet normal -0.75184 -0.65935 0.00000
  outer loop
   vertex -29.3541 -22.5242 165.0000
   vertex -26.1630 -26.1630 241.0000
   vertex -29.3541 -22.5242 241.0000
  endloop
 endfacet
 facet normal -0.65935 -0.75184 0.00000
  outer loop
   vertex -26.1630 -26.1630 165.0000
   vertex -22.5242 -29.3541 165.0000
   vertex -22.5242 -29.3541 241.0000
  endloop
 endfacet
 facet normal -0.65935 -0.75184 0.00000
  outer loop
   vertex -26.1630 -26.1630 165.0000
   vertex -22.5242 -29.3541 241.0000
   vertex -26.1630 -26.1630 241.0000
  endloop
 endfacet
 facet normal -0.55557 -0.83147 0.00000
  outer loop
   vertex -22.5242 -29.3541 165.0000
   vertex -18.5000 -32.0429 165.0000
   vertex -18.5000 -32.0429 241.0000
  endloop
 endfacet
 facet normal -0.55557 -0.83147 0.00000
  outer loop
   vertex -22.5242 -29.3541 165.0000
   vertex -18.5000 -32.0429 241.0000
   vertex -22.5242 -29.3541 241.0000
  endloop
 endfacet
 facet normal -0.44229 -0.89687 0.00000
  outer loop
   vertex -18.5000 -32.0429 165.0000
   vertex -14.1593 -34.1835 165.0000
   vertex -14.1593 -34.1835 241.0000
  endloop
 endfacet
 facet normal -0.44229 -0.89687 0.00000
  outer loop
   vertex -18.5000 -32.0429 165.0000
   vertex -14.1593 -34.1835 241.0000
   vertex -18.5000 -32.0429 241.0000
  endloop
 endfacet
 facet normal -0.32144 -0.94693 0.00000
  outer loop
   vertex -14.1593 -34.1835 165.0000
   vertex -9.5763 -35.7393 165.0000
   vertex -9.5763 -35.7393 241.0000
  endloop
 endfacet
 facet normal -0.32144 -0.94693 0.00000
  outer loop
   vertex -14.1593 -34.1835 165.0000
   vertex -9.5763 -35.7393 241.0000
   vertex -14.1593 -34.1835 241.0000
  endloop
 endfacet
 facet normal -0.19509 -0.98079 0.00000
  outer loop
   vertex -9.5763 -35.7393 165.0000
   vertex -4.8295 -36.6835 165.0000
   vertex -4.8295 -36.6835 241.0000
  endloop
 endfacet
 facet normal -0.19509 -0.98079 0.00000
  outer loop
   vertex -9.5763 -35.7393 165.0000
   vertex -4.8295 -36.6835 241.0000
   vertex -9.5763 -35.7393 241.0000
  endloop
 endfacet
 facet normal -0.06540 -0.99786 0.00000
  outer loop
   vertex -4.8295 -36.6835 165.0000
   vertex -0.0000 -37.0000 165.0000
   vertex -0.0000 -37.0000 241.0000
  endloop
 endfacet
 facet normal -0.06540 -0.99786 0.00000
  outer loop
   vertex -4.8295 -36.6835 165.0000
   vertex -0.0000 -37.0000 241.0000
   vertex -4.8295 -36.6835 241.0000
  endloop
 endfacet
 facet normal 0.06540 -0.99786 0.00000
  outer loop
   vertex -0.0000 -37.0000 165.0000
   vertex 4.8295 -36.6835 165.0000
   vertex 4.8295 -36.6835 241.0000
  endloop
 endfacet
 facet normal 0.06540 -0.99786 0.00000
  outer loop
   vertex -0.0000 -37.0000 165.0000
   vertex 4.8295 -36.6835 241.0000
   vertex -0.0000 -37.0000 241.0000
  endloop
 endfacet
 facet normal 0.19509 -0.98079 0.00000
  outer loop
   vertex 4.8295 -36.6835 165.0000
   vertex 9.5763 -35.7393 165.0000
   vertex 9.5763 -35.7393 241.0000
  endloop
 endfacet
 facet normal 0.19509 -0.98079 0.00000
  outer loop
   vertex 4.8295 -36.6835 165.0000
   vertex 9.5763 -35.7393 241.0000
   vertex 4.8295 -36.6835 241.0000
  endloop
 endfacet
 facet normal 0.32144 -0.94693 0.00000
  outer loop
   vertex 9.5763 -35.7393 165.0000
   vertex 14.1593 -34.1835 165.0000
   vertex 14.1593 -34.1835 241.0000
  endloop
 endfacet
 facet normal 0.32144 -0.94693 0.00000
  outer loop
   vertex 9.5763 -35.7393 165.0000
   vertex 14.1593 -34.1835 241.0000
   vertex 9.5763 -35.7393 241.0000
  endloop
 endfacet
 facet normal 0.44229 -0.89687 0.00000
  outer loop
   vertex 14.1593 -34.1835 165.0000
   vertex 18.5000 -32.0429 165.0000
   vertex 18.5000 -32.0429 241.0000
  endloop
 endfacet
 facet normal 0.44229 -0.89687 0.00000
  outer loop
   vertex 14.1593 -34.1835 165.0000
   vertex 18.5000 -32.0429 241.0000
   vertex 14.1593 -34.1835 241.0000
  endloop
 endfacet
 facet normal 0.55557 -0.83147 0.00000
  outer loop
   vertex 18.5000 -32.0429 165.0000
   vertex 22.5242 -29.3541 165.0000
   vertex 22.5242 -29.3541 241.0000
  endloop
 endfacet
 facet normal 0.55557 -0.83147 0.00000
  outer loop
   vertex 18.5000 -32.0429 165.0000
   vertex 22.5242 -29.3541 241.0000
   vertex 18.5000 -32.0429 241.0000
  endloop
 endfacet
 facet normal 0.65935 -0.75184 0.00000
  outer loop
   vertex 22.5242 -29.3541 165.0000
   vertex 26.1630 -26.1630 165.0000
   vertex 26.1630 -26.1630 241.0000
  endloop
 endfacet
 facet normal 0.65935 -0.75184 0.00000
  outer loop
   vertex 22.5242 -29.3541 165.0000
   vertex 26.1630 -26.1630 241.0000
   vertex 22.5242 -29.3541 241.0000
  endloop
 endfacet
 facet normal 0.75184 -0.65935 0.00000
  outer loop
   vertex 26.1630 -26.1630 165.0000
   vertex 29.3541 -22.5242 165.0000
   vertex 29.3541 -22.5242 241.0000
  endloop
 endfacet
 facet normal 0.75184 -0.65935 0.00000
  outer loop
   vertex 26.1630 -26.1630 165.0000
   vertex 29.3541 -22.5242 241.0000
   vertex 26.1630 -26.1630 241.0000
  endloop
 endfacet
 facet normal 0.83147 -0.55557 0.00000
  outer loop
   vertex 29.3541 -22.5242 165.0000
   vertex 32.0429 -18.5000 165.0000
   vertex 32.0429 -18.5000 241.0000
  endloop
 endfacet
 facet normal 0.83147 -0.55557 0.00000
  outer loop
   vertex 29.3541 -22.5242 165.0000
   vertex 32.0429 -18.5000 241.0000
   vertex 29.3541 -22.5242 241.0000
  endloop
 endfacet
 facet normal 0.89687 -0.44229 0.00000
  outer loop
   vertex 32.0429 -18.5000 165.0000
   vertex 34.1835 -14.1593 165.0000
   vertex 34.1835 -14.1593 241.0000
  endloop
 endfacet
 facet normal 0.89687 -0.44229 0.00000
  outer loop
   vertex 32.0429 -18.5000 165.0000
   vertex 34.1835 -14.1593 241.0000
   vertex 32.0429 -18.5000 241.0000
  endloop
 endfacet
 facet normal 0.94693 -0.32144 0.00000
  outer loop
   vertex 34.1835 -14.1593 165.0000
   vertex 35.7393 -9.5763 165.0000
   vertex 35.7393 -9.5763 241.0000
  endloop
 endfacet
 facet normal 0.94693 -0.32144 0.00000
  outer loop
   vertex 34.1835 -14.1593 165.0000
   vertex 35.7393 -9.5763 241.0000
   vertex 34.1835 -14.1593 241.0000
  endloop
 endfacet
 facet normal 0.98079 -0.19509 0.00000
  outer loop
   vertex 35.7393 -9.5763 165.0000
   vertex 36.6835 -4.8295 165.0000
   vertex 36.6835 -4.8295 241.0000
  endloop
 endfacet
 facet normal 0.98079 -0.19509 0.00000
  outer loop
   vertex 35.7393 -9.5763 165.0000
   vertex 36.6835 -4.8295 241.0000
   vertex 35.7393 -9.5763 241.0000
  endloop
 endfacet
 facet normal 0.99786 -0.06540 0.00000
  outer loop
   vertex 36.6835 -4.8295 165.0000
   vertex 37.0000 0.0000 165.0000
   vertex 37.0000 0.0000 241.0000
  endloop
 endfacet
 facet normal 0.99786 -0.06540 0.00000
  outer loop
   vertex 36.6835 -4.8295 165.0000
   vertex 37.0000 0.0000 241.0000
   vertex 36.6835 -4.8295 241.0000
  endloop
 endfacet
 facet normal -0.99786 -0.06540 0.00000
  outer loop
   vertex 36.0000 0.0000 165.0000
   vertex 35.6920 4.6989 241.0000
   vertex 35.6920 4.6989 165.0000
  endloop
 endfacet
 facet normal -0.99786 -0.06540 0.00000
  outer loop
   vertex 36.0000 0.0000 165.0000
   vertex 36.0000 0.0000 241.0000
   vertex 35.6920 4.6989 241.0000
  endloop
 endfacet
 facet normal 0.00000 0.00000 -1.00000
  outer loop
   vertex 37.0000 0.0000 165.0000
   vertex 36.0000 0.0000 165.0000
   vertex 35.6920 4.6989 165.0000
  endloop
 endfacet
 facet normal 0.00000 0.00000 -1.00000
  outer loop
   vertex 37.0000 0.0000 165.0000
   vertex 35.6920 4.6989 165.0000
   vertex 36.6835 4.8295 165.0000
  endloop
 endfacet
 facet normal 0.00000 0.00000 1.00000
  outer loop
   vertex 37.0000 0.0000 241.0000
   vertex 36.6835 4.8295 241.0000
   vertex 35.6920 4.6989 241.0000
  endloop
 endfacet
 facet normal 0.00000 0.00000 1.00000
  outer loop
   vertex 37.0000 0.0000 241.0000
   vertex 35.6920 4.6989 241.0000
   vertex 36.0000 0.0000 241.0000
  endloop
 endfacet
 facet normal -0.98079 -0.19509 0.00000
  outer loop
   vertex 35.6920 4.6989 165.0000
   vertex 34.7733 9.3175 241.0000
   vertex 34.7733 9.3175 165.0000
  endloop
 endfacet
 facet normal -0.98079 -0.19509 0.00000
  outer loop
   vertex 35.6920 4.6989 165.0000
   vertex 35.6920 4.6989 241.0000
   vertex 34.7733 9.3175 241.0000
  endloop
 endfacet
 facet normal -0.00000 0.00000 -1.00000
  outer loop
   vertex 36.6835 4.8295 165.0000
   vertex 35.6920 4.6989 165.0000
   vertex 34.7733 9.3175 165.0000
  endloop
 endfacet
 facet normal 0.00000 0.00000 -1.00000
  outer loop
   vertex 36.6835 4.8295 165.0000
   vertex 34.7733 9.3175 165.0000
   vertex 35.7393 9.5763 165.0000
  endloop
 endfacet
 facet normal 0.00000 0.00000 1.00000
  outer loop
   vertex 36.6835 4.8295 241.0000
   vertex 35.7393 9.5763 241.0000
   vertex 34.7733 9.3175 241.0000
  endloop
 endfacet
 facet normal 0.00000 0.00000 1.00000
  outer loop
   vertex 36.6835 4.8295 241.0000
   vertex 34.7733 9.3175 241.0000
   vertex 35.6920 4.6989 241.0000
  endloop
 endfacet
 facet normal -0.94693 -0.32144 0.00000
  outer loop
   vertex 34.7733 9.3175 165.0000
   vertex 33.2597 13.7766 241.0000
   vertex 33.2597 13.7766 165.0000
  endloop
 endfacet
 facet normal -0.94693 -0.32144 0.00000
  outer loop
   vertex 34.7733 9.3175 165.0000
   vertex 34.7733 9.3175 241.0000
   vertex 33.2597 13.7766 241.0000
  endloop
 endfacet
 facet normal -0.00000 0.00000 -1.00000
  outer loop
   vertex 35.7393 9.5763 165.0000
   vertex 34.7733 9.3175 165.0000
   vertex 33.2597 13.7766 165.0000
  endloop
 endfacet
 facet normal 0.00000 0.00000 -1.00000
  outer loop
   vertex 35.7393 9.5763 165.0000
   vertex 33.2597 13.7766 165.0000
   vertex 34.1835 14.1593 165.0000
  endloop
 endfacet
 facet normal 0.00000 0.00000 1.00000
  outer loop
   vertex 35.7393 9.5763 241.0000
   vertex 34.1835 14.1593 241.0000
   vertex 33.2597 13.7766 241.0000
  endloop
 endfacet
 facet normal 0.00000 0.00000 1.00000
  outer loop
   vertex 35.7393 9.5763 241.0000
   vertex 33.2597 13.7766 241.0000
   vertex 34.7733 9.3175 241.0000
  endloop
 endfacet
 facet normal -0.89687 -0.44229 0.00000
  outer loop
   vertex 33.2597 13.7766 165.0000
   vertex 31.1769 18.0000 241.0000
   vertex 31.1769 18.0000 165.0000
  endloop
 endfacet
 facet normal -0.89687 -0.44229 0.00000
  outer loop
   vertex 33.2597 13.7766 165.0000
   vertex 33.2597 13.7766 241.0000
   vertex 31.1769 18.0000 241.0000
  endloop
 endfacet
 facet normal -0.00000 0.00000 -1.00000
  outer loop
   vertex 34.1835 14.1593 165.0000
   vertex 33.2597 13.7766 165.0000
   vertex 31.1769 18.0000 165.0000
  endloop
 endfacet
 facet normal 0.00000 0.00000 -1.00000
  outer loop
   vertex 34.1835 14.1593 165.0000
   vertex 31.1769 18.0000 165.0000
   vertex 32.0429 18.5000 165.0000
  endloop
 endfacet
 facet normal 0.00000 0.00000 1.00000
  outer loop
   vertex 34.1835 14.1593 241.0000
   vertex 32.0429 18.5000 241.0000
   vertex 31.1769 18.0000 241.0000
  endloop
 endfacet
 facet normal 0.00000 0.00000 1.00000
  outer loop
   vertex 34.1835 14.1593 241.0000
   vertex 31.1769 18.0000 241.0000
   vertex 33.2597 13.7766 241.0000
  endloop
 endfacet
 facet normal -0.83147 -0.55557 0.00000
  outer loop
   vertex 31.1769 18.0000 165.0000
   vertex 28.5607 21.9154 241.0000
   vertex 28.5607 21.9154 165.0000
  endloop
 endfacet
 facet normal -0.83147 -0.55557 0.00000
  outer loop
   vertex 31.1769 18.0000 165.0000
   vertex 31.1769 18.0000 241.0000
   vertex 28.5607 21.9154 241.0000
  endloop
 endfacet
 facet normal -0.00000 0.00000 -1.00000
  outer loop
   vertex 32.0429 18.5000 165.0000
   vertex 31.1769 18.0000 165.0000
   vertex 28.5607 21.9154 165.0000
  endloop
 endfacet
 facet normal 0.00000 0.00000 -1.00000
  outer loop
   vertex 32.0429 18.5000 165.0000
   vertex 28.5607 21.9154 165.0000
   vertex 29.3541 22.5242 165.0000
  endloop
 endfacet
 facet normal 0.00000 0.00000 1.00000
  outer loop
   vertex 32.0429 18.5000 241.0000
   vertex 29.3541 22.5242 241.0000
   vertex 28.5607 21.9154 241.0000
  endloop
 endfacet
 facet normal 0.00000 0.00000 1.00000
  outer loop
   vertex 32.0429 18.5000 241.0000
   vertex 28.5607 21.9154 241.0000
   vertex 31.1769 18.0000 241.0000
  endloop
 endfacet
 facet normal -0.75184 -0.65935 0.00000
  outer loop
   vertex 28.5607 21.9154 165.0000
   vertex 25.4558 25.4558 241.0000
   vertex 25.4558 25.4558 165.0000
  endloop
 endfacet
 facet normal -0.75184 -0.65935 0.00000
  outer loop
   vertex 28.5607 21.9154 165.0000
   vertex 28.5607 21.9154 241.0000
   vertex 25.4558 25.4558 241.0000
  endloop
 endfacet
 facet normal -0.00000 0.00000 -1.00000
  outer loop
   vertex 29.3541 22.5242 165.0000
   vertex 28.5607 21.9154 165.0000
   vertex 25.4558 25.4558 165.0000
  endloop
 endfacet
 facet normal 0.00000 0.00000 -1.00000
  outer loop
   vertex 29.3541 22.5242 165.0000
   vertex 25.4558 25.4558 165.0000
   vertex 26.1630 26.1630 165.0000
  endloop
 endfacet
 facet normal 0.00000 0.00000 1.00000
  outer loop
   vertex 29.3541 22.5242 241.0000
   vertex 26.1630 26.1630 241.0000
   vertex 25.4558 25.4558 241.0000
  endloop
 endfacet
 facet normal 0.00000 0.00000 1.00000
  outer loop
   vertex 29.3541 22.5242 241.0000
   vertex 25.4558 25.4558 241.0000
   vertex 28.5607 21.9154 241.0000
  endloop
 endfacet
 facet normal -0.65935 -0.75184 0.00000
  outer loop
   vertex 25.4558 25.4558 165.0000
   vertex 21.9154 28.5607 241.0000
   vertex 21.9154 28.5607 165.0000
  endloop
 endfacet
 facet normal -0.65935 -0.75184 0.00000
  outer loop
   vertex 25.4558 25.4558 165.0000
   vertex 25.4558 25.4558 241.0000
   vertex 21.9154 28.5607 241.0000
  endloop
 endfacet
 facet normal -0.00000 0.00000 -1.00000
  outer loop
   vertex 26.1630 26.1630 165.0000
   vertex 25.4558 25.4558 165.0000
   vertex 21.9154 28.5607 165.0000
  endloop
 endfacet
 facet normal 0.00000 0.00000 -1.00000
  outer loop
   vertex 26.1630 26.1630 165.0000
   vertex 21.9154 28.5607 165.0000
   vertex 22.5242 29.3541 165.0000
  endloop
 endfacet
 facet normal 0.00000 0.00000 1.00000
  outer loop
   vertex 26.1630 26.1630 241.0000
   vertex 22.5242 29.3541 241.0000
   vertex 21.9154 28.5607 241.0000
  endloop
 endfacet
 facet normal 0.00000 0.00000 1.00000
  outer loop
   vertex 26.1630 26.1630 241.0000
   vertex 21.9154 28.5607 241.0000
   vertex 25.4558 25.4558 241.0000
  endloop
 endfacet
 facet normal -0.55557 -0.83147 0.00000
  outer loop
   vertex 21.9154 28.5607 165.0000
   vertex 18.0000 31.1769 241.0000
   vertex 18.0000 31.1769 165.0000
  endloop
 endfacet
 facet normal -0.55557 -0.83147 0.00000
  outer loop
   vertex 21.9154 28.5607 165.0000
   vertex 21.9154 28.5607 241.0000
   vertex 18.0000 31.1769 241.0000
  endloop
 endfacet
 facet normal -0.00000 0.00000 -1.00000
  outer loop
   vertex 22.5242 29.3541 165.0000
   vertex 21.9154 28.5607 165.0000
   vertex 18.0000 31.1769 165.0000
  endloop
 endfacet
 facet normal 0.00000 0.00000 -1.00000
  outer loop
   vertex 22.5242 29.3541 165.0000
   vertex 18.0000 31.1769 165.0000
   vertex 18.5000 32.0429 165.0000
  endloop
 endfacet
 facet normal 0.00000 0.00000 1.00000
  outer loop
   vertex 22.5242 29.3541 241.0000
   vertex 18.5000 32.0429 241.0000
   vertex 18.0000 31.1769 241.0000
  endloop
 endfacet
 facet normal 0.00000 0.00000 1.00000
  outer loop
   vertex 22.5242 29.3541 241.0000
   vertex 18.0000 31.1769 241.0000
   vertex 21.9154 28.5607 241.0000
  endloop
 endfacet
 facet normal -0.44229 -0.89687 0.00000
  outer loop
   vertex 18.0000 31.1769 165.0000
   vertex 13.7766 33.2597 241.0000
   vertex 13.7766 33.2597 165.0000
  endloop
 endfacet
 facet normal -0.44229 -0.89687 0.00000
  outer loop
   vertex 18.0000 31.1769 165.0000
   vertex 18.0000 31.1769 241.0000
   vertex 13.7766 33.2597 241.0000
  endloop
 endfacet
 facet normal -0.00000 0.00000 -1.00000
  outer loop
   vertex 18.5000 32.0429 165.0000
   vertex 18.0000 31.1769 165.0000
   vertex 13.7766 33.2597 165.0000
  endloop
 endfacet
 facet normal 0.00000 0.00000 -1.00000
  outer loop
   vertex 18.5000 32.0429 165.0000
   vertex 13.7766 33.2597 165.0000
   vertex 14.1593 34.1835 165.0000
  endloop
 endfacet
 facet normal 0.00000 0.00000 1.00000
  outer loop
   vertex 18.5000 32.0429 241.0000
   vertex 14.1593 34.1835 241.0000
   vertex 13.7766 33.2597 241.0000
  endloop
 endfacet
 facet normal 0.00000 0.00000 1.00000
  outer loop
   vertex 18.5000 32.0429 241.0000
   vertex 13.7766 33.2597 241.0000
   vertex 18.0000 31.1769 241.0000
  endloop
 endfacet
 facet normal -0.32144 -0.94693 0.00000
  outer loop
   vertex 13.7766 33.2597 165.0000
   vertex 9.3175 34.7733 241.0000
   vertex 9.3175 34.7733 165.0000
  endloop
 endfacet
 facet normal -0.32144 -0.94693 0.00000
  outer loop
   vertex 13.7766 33.2597 165.0000
   vertex 13.7766 33.2597 241.0000
   vertex 9.3175 34.7733 241.0000
  endloop
 endfacet
 facet normal -0.00000 0.00000 -1.00000
  outer loop
   vertex 14.1593 34.1835 165.0000
   vertex 13.7766 33.2597 165.0000
   vertex 9.3175 34.7733 165.0000
  endloop
 endfacet
 facet normal 0.00000 0.00000 -1.00000
  outer loop
   vertex 14.1593 34.1835 165.0000
   vertex 9.3175 34.7733 165.0000
   vertex 9.5763 35.7393 165.0000
  endloop
 endfacet
 facet normal 0.00000 0.00000 1.00000
  outer loop
   vertex 14.1593 34.1835 241.0000
   vertex 9.5763 35.7393 241.0000
   vertex 9.3175 34.7733 241.0000
  endloop
 endfacet
 facet normal 0.00000 0.00000 1.00000
  outer loop
   vertex 14.1593 34.1835 241.0000
   vertex 9.3175 34.7733 241.0000
   vertex 13.7766 33.2597 241.0000
  endloop
 endfacet
 facet normal -0.19509 -0.98079 0.00000
  outer loop
   vertex 9.3175 34.7733 165.0000
   vertex 4.6989 35.6920 241.0000
   vertex 4.6989 35.6920 165.0000
  endloop
 endfacet
 facet normal -0.19509 -0.98079 0.00000
  outer loop
   vertex 9.3175 34.7733 165.0000
   vertex 9.3175 34.7733 241.0000
   vertex 4.6989 35.6920 241.0000
  endloop
 endfacet
 facet normal 0.00000 0.00000 -1.00000
  outer loop
   vertex 9.5763 35.7393 165.0000
   vertex 9.3175 34.7733 165.0000
   vertex 4.6989 35.6920 165.0000
  endloop
 endfacet
 facet normal -0.00000 0.00000 -1.00000
  outer loop
   vertex 9.5763 35.7393 165.0000
   vertex 4.6989 35.6920 165.0000
   vertex 4.8295 36.6835 165.0000
  endloop
 endfacet
 facet normal 0.00000 0.00000 1.00000
  outer loop
   vertex 9.5763 35.7393 241.0000
   vertex 4.8295 36.6835 241.0000
   vertex 4.6989 35.6920 241.0000
  endloop
 endfacet
 facet normal 0.00000 0.00000 1.00000
  outer loop
   vertex 9.5763 35.7393 241.0000
   vertex 4.6989 35.6920 241.0000
   vertex 9.3175 34.7733 241.0000
  endloop
 endfacet
 facet normal -0.06540 -0.99786 0.00000
  outer loop
   vertex 4.6989 35.6920 165.0000
   vertex 0.0000 36.0000 241.0000
   vertex 0.0000 36.0000 165.0000
  endloop
 endfacet
 facet normal -0.06540 -0.99786 0.00000
  outer loop
   vertex 4.6989 35.6920 165.0000
   vertex 4.6989 35.6920 241.0000
   vertex 0.0000 36.0000 241.0000
  endloop
 endfacet
 facet normal 0.00000 0.00000 -1.00000
  outer loop
   vertex 4.8295 36.6835 165.0000
   vertex 4.6989 35.6920 165.0000
   vertex 0.0000 36.0000 165.0000
  endloop
 endfacet
 facet normal -0.00000 0.00000 -1.00000
  outer loop
   vertex 4.8295 36.6835 165.0000
   vertex 0.0000 36.0000 165.0000
   vertex 0.0000 37.0000 165.0000
  endloop
 endfacet
 facet normal 0.00000 0.00000 1.00000
  outer loop
   vertex 4.8295 36.6835 241.0000
   vertex 0.0000 37.0000 241.0000
   vertex 0.0000 36.0000 241.0000
  endloop
 endfacet
 facet normal 0.00000 0.00000 1.00000
  outer loop
   vertex 4.8295 36.6835 241.0000
   vertex 0.0000 36.0000 241.0000
   vertex 4.6989 35.6920 241.0000
  endloop
 endfacet
 facet normal 0.06540 -0.99786 0.00000
  outer loop
   vertex 0.0000 36.0000 165.0000
   vertex -4.6989 35.6920 241.0000
   vertex -4.6989 35.6920 165.0000
  endloop
 endfacet
 facet normal 0.06540 -0.99786 0.00000
  outer loop
   vertex 0.0000 36.0000 165.0000
   vertex 0.0000 36.0000 241.0000
   vertex -4.6989 35.6920 241.0000
  endloop
 endfacet
 facet normal 0.00000 0.00000 -1.00000
  outer loop
   vertex 0.0000 37.0000 165.0000
   vertex 0.0000 36.0000 165.0000
   vertex -4.6989 35.6920 165.0000
  endloop
 endfacet
 facet normal 0.00000 0.00000 -1.00000
  outer loop
   vertex 0.0000 37.0000 165.0000
   vertex -4.6989 35.6920 165.0000
   vertex -4.8295 36.6835 165.0000
  endloop
 endfacet
 facet normal 0.00000 0.00000 1.00000
  outer loop
   vertex 0.0000 37.0000 241.0000
   vertex -4.8295 36.6835 241.0000
   vertex -4.6989 35.6920 241.0000
  endloop
 endfacet
 facet normal 0.00000 0.00000 1.00000
  outer loop
   vertex 0.0000 37.0000 241.0000
   vertex -4.6989 35.6920 241.0000
   vertex 0.0000 36.0000 241.0000
  endloop
 endfacet
 facet normal 0.19509 -0.98079 0.00000
  outer loop
   vertex -4.6989 35.6920 165.0000
   vertex -9.3175 34.7733 241.0000
   vertex -9.3175 34.7733 165.0000
  endloop
 endfacet
 facet normal 0.19509 -0.98079 0.00000
  outer loop
   vertex -4.6989 35.6920 165.0000
   vertex -4.6989 35.6920 241.0000
   vertex -9.3175 34.7733 241.0000
  endloop
 endfacet
 facet normal 0.00000 -0.00000 -1.00000
  outer loop
   vertex -4.8295 36.6835 165.0000
   vertex -4.6989 35.6920 165.0000
   vertex -9.3175 34.7733 165.0000
  endloop
 endfacet
 facet normal 0.00000 0.00000 -1.00000
  outer loop
   vertex -4.8295 36.6835 165.0000
   vertex -9.3175 34.7733 165.0000
   vertex -9.5763 35.7393 165.0000
  endloop
 endfacet
 facet normal 0.00000 0.00000 1.00000
  outer loop
   vertex -4.8295 36.6835 241.0000
   vertex -9.5763 35.7393 241.0000
   vertex -9.3175 34.7733 241.0000
  endloop
 endfacet
 facet normal 0.00000 0.00000 1.00000
  outer loop
   vertex -4.8295 36.6835 241.0000
   vertex -9.3175 34.7733 241.0000
   vertex -4.6989 35.6920 241.0000
  endloop
 endfacet
 facet normal 0.32144 -0.94693 0.00000
  outer loop
   vertex -9.3175 34.7733 165.0000
   vertex -13.7766 33.2597 241.0000
   vertex -13.7766 33.2597 165.0000
  endloop
 endfacet
 facet normal 0.32144 -0.94693 0.00000
  outer loop
   vertex -9.3175 34.7733 165.0000
   vertex -9.3175 34.7733 241.0000
   vertex -13.7766 33.2597 241.0000
  endloop
 endfacet
 facet normal 0.00000 -0.00000 -1.00000
  outer loop
   vertex -9.5763 35.7393 165.0000
   vertex -9.3175 34.7733 165.0000
   vertex -13.7766 33.2597 165.0000
  endloop
 endfacet
 facet normal 0.00000 0.00000 -1.00000
  outer loop
   vertex -9.5763 35.7393 165.0000
   vertex -13.7766 33.2597 165.0000
   vertex -14.1593 34.1835 165.0000
  endloop
 endfacet
 facet normal 0.00000 0.00000 1.00000
  outer loop
   vertex -9.5763 35.7393 241.0000
   vertex -14.1593 34.1835 241.0000
   vertex -13.7766 33.2597 241.0000
  endloop
 endfacet
 facet normal 0.00000 0.00000 1.00000
  outer loop
   vertex -9.5763 35.7393 241.0000
   vertex -13.7766 33.2597 241.0000
   vertex -9.3175 34.7733 241.0000
  endloop
 endfacet
 facet normal 0.44229 -0.89687 0.00000
  outer loop
   vertex -13.7766 33.2597 165.0000
   vertex -18.0000 31.1769 241.0000
   vertex -18.0000 31.1769 165.0000
  endloop
 endfacet
 facet normal 0.44229 -0.89687 0.00000
  outer loop
   vertex -13.7766 33.2597 165.0000
   vertex -13.7766 33.2597 241.0000
   vertex -18.0000 31.1769 241.0000
  endloop
 endfacet
 facet normal 0.00000 -0.00000 -1.00000
  outer loop
   vertex -14.1593 34.1835 165.0000
   vertex -13.7766 33.2597 165.0000
   vertex -18.0000 31.1769 165.0000
  endloop
 endfacet
 facet normal 0.00000 0.00000 -1.00000
  outer loop
   vertex -14.1593 34.1835 165.0000
   vertex -18.0000 31.1769 165.0000
   vertex -18.5000 32.0429 165.0000
  endloop
 endfacet
 facet normal 0.00000 0.00000 1.00000
  outer loop
   vertex -14.1593 34.1835 241.0000
   vertex -18.5000 32.0429 241.0000
   vertex -18.0000 31.1769 241.0000
  endloop
 endfacet
 facet normal 0.00000 0.00000 1.00000
  outer loop
   vertex -14.1593 34.1835 241.0000
   vertex -18.0000 31.1769 241.0000
   vertex -13.7766 33.2597 241.0000
  endloop
 endfacet
 facet normal 0.55557 -0.83147 0.00000
  outer loop
   vertex -18.0000 31.1769 165.0000
   vertex -21.9154 28.5607 241.0000
   vertex -21.9154 28.5607 165.0000
  endloop
 endfacet
 facet normal 0.55557 -0.83147 0.00000
  outer loop
   vertex -18.0000 31.1769 165.0000
   vertex -18.0000 31.1769 241.0000
   vertex -21.9154 28.5607 241.0000
  endloop
 endfacet
 facet normal 0.00000 -0.00000 -1.00000
  outer loop
   vertex -18.5000 32.0429 165.0000
   vertex -18.0000 31.1769 165.0000
   vertex -21.9154 28.5607 165.0000
  endloop
 endfacet
 facet normal 0.00000 0.00000 -1.00000
  outer loop
   vertex -18.5000 32.0429 165.0000
   vertex -21.9154 28.5607 165.0000
   vertex -22.5242 29.3541 165.0000
  endloop
 endfacet
 facet normal 0.00000 0.00000 1.00000
  outer loop
   vertex -18.5000 32.0429 241.0000
   vertex -22.5242 29.3541 241.0000
   vertex -21.9154 28.5607 241.0000
  endloop
 endfacet
 facet normal 0.00000 0.00000 1.00000
  outer loop
   vertex -18.5000 32.0429 241.0000
   vertex -21.9154 28.5607 241.0000
   vertex -18.0000 31.1769 241.0000
  endloop
 endfacet
 facet normal 0.65935 -0.75184 0.00000
  outer loop
   vertex -21.9154 28.5607 165.0000
   vertex -25.4558 25.4558 241.0000
   vertex -25.4558 25.4558 165.0000
  endloop
 endfacet
 facet normal 0.65935 -0.75184 0.00000
  outer loop
   vertex -21.9154 28.5607 165.0000
   vertex -21.9154 28.5607 241.0000
   vertex -25.4558 25.4558 241.0000
  endloop
 endfacet
 facet normal 0.00000 -0.00000 -1.00000
  outer loop
   vertex -22.5242 29.3541 165.0000
   vertex -21.9154 28.5607 165.0000
   vertex -25.4558 25.4558 165.0000
  endloop
 endfacet
 facet normal 0.00000 0.00000 -1.00000
  outer loop
   vertex -22.5242 29.3541 165.0000
   vertex -25.4558 25.4558 165.0000
   vertex -26.1630 26.1630 165.0000
  endloop
 endfacet
 facet normal 0.00000 0.00000 1.00000
  outer loop
   vertex -22.5242 29.3541 241.0000
   vertex -26.1630 26.1630 241.0000
   vertex -25.4558 25.4558 241.0000
  endloop
 endfacet
 facet normal 0.00000 0.00000 1.00000
  outer loop
   vertex -22.5242 29.3541 241.0000
   vertex -25.4558 25.4558 241.0000
   vertex -21.9154 28.5607 241.0000
  endloop
 endfacet
 facet normal 0.75184 -0.65935 0.00000
  outer loop
   vertex -25.4558 25.4558 165.0000
   vertex -28.5607 21.9154 241.0000
   vertex -28.5607 21.9154 165.0000
  endloop
 endfacet
 facet normal 0.75184 -0.65935 0.00000
  outer loop
   vertex -25.4558 25.4558 165.0000
   vertex -25.4558 25.4558 241.0000
   vertex -28.5607 21.9154 241.0000
  endloop
 endfacet
 facet normal 0.00000 -0.00000 -1.00000
  outer loop
   vertex -26.1630 26.1630 165.0000
   vertex -25.4558 25.4558 165.0000
   vertex -28.5607 21.9154 165.0000
  endloop
 endfacet
 facet normal 0.00000 0.00000 -1.00000
  outer loop
   vertex -26.1630 26.1630 165.0000
   vertex -28.5607 21.9154 165.0000
   vertex -29.3541 22.5242 165.0000
  endloop
 endfacet
 facet normal 0.00000 0.00000 1.00000
  outer loop
   vertex -26.1630 26.1630 241.0000
   vertex -29.3541 22.5242 241.0000
   vertex -28.5607 21.9154 241.0000
  endloop
 endfacet
 facet normal 0.00000 0.00000 1.00000
  outer loop
   vertex -26.1630 26.1630 241.0000
   vertex -28.5607 21.9154 241.0000
   vertex -25.4558 25.4558 241.0000
  endloop
 endfacet
 facet normal 0.83147 -0.55557 0.00000
  outer loop
   vertex -28.5607 21.9154 165.0000
   vertex -31.1769 18.0000 241.0000
   vertex -31.1769 18.0000 165.0000
  endloop
 endfacet
 facet normal 0.83147 -0.55557 0.00000
  outer loop
   vertex -28.5607 21.9154 165.0000
   vertex -28.5607 21.9154 241.0000
   vertex -31.1769 18.0000 241.0000
  endloop
 endfacet
 facet normal 0.00000 -0.00000 -1.00000
  outer loop
   vertex -29.3541 22.5242 165.0000
   vertex -28.5607 21.9154 165.0000
   vertex -31.1769 18.0000 165.0000
  endloop
 endfacet
 facet normal 0.00000 0.00000 -1.00000
  outer loop
   vertex -29.3541 22.5242 165.0000
   vertex -31.1769 18.0000 165.0000
   vertex -32.0429 18.5000 165.0000
  endloop
 endfacet
 facet normal 0.00000 0.00000 1.00000
  outer loop
   vertex -29.3541 22.5242 241.0000
   vertex -32.0429 18.5000 241.0000
   vertex -31.1769 18.0000 241.0000
  endloop
 endfacet
 facet normal 0.00000 0.00000 1.00000
  outer loop
   vertex -29.3541 22.5242 241.0000
   vertex -31.1769 18.0000 241.0000
   vertex -28.5607 21.9154 241.0000
  endloop
 endfacet
 facet normal 0.89687 -0.44229 0.00000
  outer loop
   vertex -31.1769 18.0000 165.0000
   vertex -33.2597 13.7766 241.0000
   vertex -33.2597 13.7766 165.0000
  endloop
 endfacet
 facet normal 0.89687 -0.44229 0.00000
  outer loop
   vertex -31.1769 18.0000 165.0000
   vertex -31.1769 18.0000 241.0000
   vertex -33.2597 13.7766 241.0000
  endloop
 endfacet
 facet normal 0.00000 -0.00000 -1.00000
  outer loop
   vertex -32.0429 18.5000 165.0000
   vertex -31.1769 18.0000 165.0000
   vertex -33.2597 13.7766 165.0000
  endloop
 endfacet
 facet normal 0.00000 0.00000 -1.00000
  outer loop
   vertex -32.0429 18.5000 165.0000
   vertex -33.2597 13.7766 165.0000
   vertex -34.1835 14.1593 165.0000
  endloop
 endfacet
 facet normal 0.00000 0.00000 1.00000
  outer loop
   vertex -32.0429 18.5000 241.0000
   vertex -34.1835 14.1593 241.0000
   vertex -33.2597 13.7766 241.0000
  endloop
 endfacet
 facet normal 0.00000 0.00000 1.00000
  outer loop
   vertex -32.0429 18.5000 241.0000
   vertex -33.2597 13.7766 241.0000
   vertex -31.1769 18.0000 241.0000
  endloop
 endfacet
 facet normal 0.94693 -0.32144 0.00000
  outer loop
   vertex -33.2597 13.7766 165.0000
   vertex -34.7733 9.3175 241.0000
   vertex -34.7733 9.3175 165.0000
  endloop
 endfacet
 facet normal 0.94693 -0.32144 0.00000
  outer loop
   vertex -33.2597 13.7766 165.0000
   vertex -33.2597 13.7766 241.0000
   vertex -34.7733 9.3175 241.0000
  endloop
 endfacet
 facet normal 0.00000 -0.00000 -1.00000
  outer loop
   vertex -34.1835 14.1593 165.0000
   vertex -33.2597 13.7766 165.0000
   vertex -34.7733 9.3175 165.0000
  endloop
 endfacet
 facet normal 0.00000 0.00000 -1.00000
  outer loop
   vertex -34.1835 14.1593 165.0000
   vertex -34.7733 9.3175 165.0000
   vertex -35.7393 9.5763 165.0000
  endloop
 endfacet
 facet normal 0.00000 0.00000 1.00000
  outer loop
   vertex -34.1835 14.1593 241.0000
   vertex -35.7393 9.5763 241.0000
   vertex -34.7733 9.3175 241.0000
  endloop
 endfacet
 facet normal 0.00000 0.00000 1.00000
  outer loop
   vertex -34.1835 14.1593 241.0000
   vertex -34.7733 9.3175 241.0000
   vertex -33.2597 13.7766 241.0000
  endloop
 endfacet
 facet normal 0.98079 -0.19509 0.00000
  outer loop
   vertex -34.7733 9.3175 165.0000
   vertex -35.6920 4.6989 241.0000
   vertex -35.6920 4.6989 165.0000
  endloop
 endfacet
 facet normal 0.98079 -0.19509 0.00000
  outer loop
   vertex -34.7733 9.3175 165.0000
   vertex -34.7733 9.3175 241.0000
   vertex -35.6920 4.6989 241.0000
  endloop
 endfacet
 facet normal 0.00000 0.00000 -1.00000
  outer loop
   vertex -35.7393 9.5763 165.0000
   vertex -34.7733 9.3175 165.0000
   vertex -35.6920 4.6989 165.0000
  endloop
 endfacet
 facet normal 0.00000 -0.00000 -1.00000
  outer loop
   vertex -35.7393 9.5763 165.0000
   vertex -35.6920 4.6989 165.0000
   vertex -36.6835 4.8295 165.0000
  endloop
 endfacet
 facet normal 0.00000 0.00000 1.00000
  outer loop
   vertex -35.7393 9.5763 241.0000
   vertex -36.6835 4.8295 241.0000
   vertex -35.6920 4.6989 241.0000
  endloop
 endfacet
 facet normal 0.00000 0.00000 1.00000
  outer loop
   vertex -35.7393 9.5763 241.0000
   vertex -35.6920 4.6989 241.0000
   vertex -34.7733 9.3175 241.0000
  endloop
 endfacet
 facet normal 0.99786 -0.06540 0.00000
  outer loop
   vertex -35.6920 4.6989 165.0000
   vertex -36.0000 0.0000 241.0000
   vertex -36.0000 0.0000 165.0000
  endloop
 endfacet
 facet normal 0.99786 -0.06540 0.00000
  outer loop
   vertex -35.6920 4.6989 165.0000
   vertex -35.6920 4.6989 241.0000
   vertex -36.0000 0.0000 241.0000
  endloop
 endfacet
 facet normal 0.00000 0.00000 -1.00000
  outer loop
   vertex -36.6835 4.8295 165.0000
   vertex -35.6920 4.6989 165.0000
   vertex -36.0000 0.0000 165.0000
  endloop
 endfacet
 facet normal 0.00000 -0.00000 -1.00000
  outer loop
   vertex -36.6835 4.8295 165.0000
   vertex -36.0000 0.0000 165.0000
   vertex -37.0000 0.0000 165.0000
  endloop
 endfacet
 facet normal 0.00000 0.00000 1.00000
  outer loop
   vertex -36.6835 4.8295 241.0000
   vertex -37.0000 0.0000 241.0000
   vertex -36.0000 0.0000 241.0000
  endloop
 endfacet
 facet normal 0.00000 0.00000 1.00000
  outer loop
   vertex -36.6835 4.8295 241.0000
   vertex -36.0000 0.0000 241.0000
   vertex -35.6920 4.6989 241.0000
  endloop
 endfacet
 facet normal 0.99786 0.06540 0.00000
  outer loop
   vertex -36.0000 0.0000 165.0000
   vertex -35.6920 -4.6989 241.0000
   vertex -35.6920 -4.6989 165.0000
  endloop
 endfacet
 facet normal 0.99786 0.06540 -0.00000
  outer loop
   vertex -36.0000 0.0000 165.0000
   vertex -36.0000 0.0000 241.0000
   vertex -35.6920 -4.6989 241.0000
  endloop
 endfacet
 facet normal 0.00000 0.00000 -1.00000
  outer loop
   vertex -37.0000 0.0000 165.0000
   vertex -36.0000 0.0000 165.0000
   vertex -35.6920 -4.6989 165.0000
  endloop
 endfacet
 facet normal 0.00000 0.00000 -1.00000
  outer loop
   vertex -37.0000 0.0000 165.0000
   vertex -35.6920 -4.6989 165.0000
   vertex -36.6835 -4.8295 165.0000
  endloop
 endfacet
 facet normal 0.00000 0.00000 1.00000
  outer loop
   vertex -37.0000 0.0000 241.0000
   vertex -36.6835 -4.8295 241.0000
   vertex -35.6920 -4.6989 241.0000
  endloop
 endfacet
 facet normal 0.00000 0.00000 1.00000
  outer loop
   vertex -37.0000 0.0000 241.0000
   vertex -35.6920 -4.6989 241.0000
   vertex -36.0000 0.0000 241.0000
  endloop
 endfacet
 facet normal 0.98079 0.19509 0.00000
  outer loop
   vertex -35.6920 -4.6989 165.0000
   vertex -34.7733 -9.3175 241.0000
   vertex -34.7733 -9.3175 165.0000
  endloop
 endfacet
 facet normal 0.98079 0.19509 -0.00000
  outer loop
   vertex -35.6920 -4.6989 165.0000
   vertex -35.6920 -4.6989 241.0000
   vertex -34.7733 -9.3175 241.0000
  endloop
 endfacet
 facet normal 0.00000 0.00000 -1.00000
  outer loop
   vertex -36.6835 -4.8295 165.0000
   vertex -35.6920 -4.6989 165.0000
   vertex -34.7733 -9.3175 165.0000
  endloop
 endfacet
 facet normal 0.00000 0.00000 -1.00000
  outer loop
   vertex -36.6835 -4.8295 165.0000
   vertex -34.7733 -9.3175 165.0000
   vertex -35.7393 -9.5763 165.0000
  endloop
 endfacet
 facet normal 0.00000 0.00000 1.00000
  outer loop
   vertex -36.6835 -4.8295 241.0000
   vertex -35.7393 -9.5763 241.0000
   vertex -34.7733 -9.3175 241.0000
  endloop
 endfacet
 facet normal -0.00000 0.00000 1.00000
  outer loop
   vertex -36.6835 -4.8295 241.0000
   vertex -34.7733 -9.3175 241.0000
   vertex -35.6920 -4.6989 241.0000
  endloop
 endfacet
 facet normal 0.94693 0.32144 0.00000
  outer loop
   vertex -34.7733 -9.3175 165.0000
   vertex -33.2597 -13.7766 241.0000
   vertex -33.2597 -13.7766 165.0000
  endloop
 endfacet
 facet normal 0.94693 0.32144 -0.00000
  outer loop
   vertex -34.7733 -9.3175 165.0000
   vertex -34.7733 -9.3175 241.0000
   vertex -33.2597 -13.7766 241.0000
  endloop
 endfacet
 facet normal 0.00000 0.00000 -1.00000
  outer loop
   vertex -35.7393 -9.5763 165.0000
   vertex -34.7733 -9.3175 165.0000
   vertex -33.2597 -13.7766 165.0000
  endloop
 endfacet
 facet normal 0.00000 0.00000 -1.00000
  outer loop
   vertex -35.7393 -9.5763 165.0000
   vertex -33.2597 -13.7766 165.0000
   vertex -34.1835 -14.1593 165.0000
  endloop
 endfacet
 facet normal 0.00000 0.00000 1.00000
  outer loop
   vertex -35.7393 -9.5763 241.0000
   vertex -34.1835 -14.1593 241.0000
   vertex -33.2597 -13.7766 241.0000
  endloop
 endfacet
 facet normal -0.00000 0.00000 1.00000
  outer loop
   vertex -35.7393 -9.5763 241.0000
   vertex -33.2597 -13.7766 241.0000
   vertex -34.7733 -9.3175 241.0000
  endloop
 endfacet
 facet normal 0.89687 0.44229 0.00000
  outer loop
   vertex -33.2597 -13.7766 165.0000
   vertex -31.1769 -18.0000 241.0000
   vertex -31.1769 -18.0000 165.0000
  endloop
 endfacet
 facet normal 0.89687 0.44229 -0.00000
  outer loop
   vertex -33.2597 -13.7766 165.0000
   vertex -33.2597 -13.7766 241.0000
   vertex -31.1769 -18.0000 241.0000
  endloop
 endfacet
 facet normal 0.00000 0.00000 -1.00000
  outer loop
   vertex -34.1835 -14.1593 165.0000
   vertex -33.2597 -13.7766 165.0000
   vertex -31.1769 -18.0000 165.0000
  endloop
 endfacet
 facet normal 0.00000 0.00000 -1.00000
  outer loop
   vertex -34.1835 -14.1593 165.0000
   vertex -31.1769 -18.0000 165.0000
   vertex -32.0429 -18.5000 165.0000
  endloop
 endfacet
 facet normal 0.00000 0.00000 1.00000
  outer loop
   vertex -34.1835 -14.1593 241.0000
   vertex -32.0429 -18.5000 241.0000
   vertex -31.1769 -18.0000 241.0000
  endloop
 endfacet
 facet normal -0.00000 0.00000 1.00000
  outer loop
   vertex -34.1835 -14.1593 241.0000
   vertex -31.1769 -18.0000 241.0000
   vertex -33.2597 -13.7766 241.0000
  endloop
 endfacet
 facet normal 0.83147 0.55557 0.00000
  outer loop
   vertex -31.1769 -18.0000 165.0000
   vertex -28.5607 -21.9154 241.0000
   vertex -28.5607 -21.9154 165.0000
  endloop
 endfacet
 facet normal 0.83147 0.55557 -0.00000
  outer loop
   vertex -31.1769 -18.0000 165.0000
   vertex -31.1769 -18.0000 241.0000
   vertex -28.5607 -21.9154 241.0000
  endloop
 endfacet
 facet normal 0.00000 0.00000 -1.00000
  outer loop
   vertex -32.0429 -18.5000 165.0000
   vertex -31.1769 -18.0000 165.0000
   vertex -28.5607 -21.9154 165.0000
  endloop
 endfacet
 facet normal 0.00000 0.00000 -1.00000
  outer loop
   vertex -32.0429 -18.5000 165.0000
   vertex -28.5607 -21.9154 165.0000
   vertex -29.3541 -22.5242 165.0000
  endloop
 endfacet
 facet normal 0.00000 0.00000 1.00000
  outer loop
   vertex -32.0429 -18.5000 241.0000
   vertex -29.3541 -22.5242 241.0000
   vertex -28.5607 -21.9154 241.0000
  endloop
 endfacet
 facet normal -0.00000 0.00000 1.00000
  outer loop
   vertex -32.0429 -18.5000 241.0000
   vertex -28.5607 -21.9154 241.0000
   vertex -31.1769 -18.0000 241.0000
  endloop
 endfacet
 facet normal 0.75184 0.65935 0.00000
  outer loop
   vertex -28.5607 -21.9154 165.0000
   vertex -25.4558 -25.4558 241.0000
   vertex -25.4558 -25.4558 165.0000
  endloop
 endfacet
 facet normal 0.75184 0.65935 -0.00000
  outer loop
   vertex -28.5607 -21.9154 165.0000
   vertex -28.5607 -21.9154 241.0000
   vertex -25.4558 -25.4558 241.0000
  endloop
 endfacet
 facet normal 0.00000 0.00000 -1.00000
  outer loop
   vertex -29.3541 -22.5242 165.0000
   vertex -28.5607 -21.9154 165.0000
   vertex -25.4558 -25.4558 165.0000
  endloop
 endfacet
 facet normal 0.00000 0.00000 -1.00000
  outer loop
   vertex -29.3541 -22.5242 165.0000
   vertex -25.4558 -25.4558 165.0000
   vertex -26.1630 -26.1630 165.0000
  endloop
 endfacet
 facet normal 0.00000 0.00000 1.00000
  outer loop
   vertex -29.3541 -22.5242 241.0000
   vertex -26.1630 -26.1630 241.0000
   vertex -25.4558 -25.4558 241.0000
  endloop
 endfacet
 facet normal -0.00000 0.00000 1.00000
  outer loop
   vertex -29.3541 -22.5242 241.0000
   vertex -25.4558 -25.4558 241.0000
   vertex -28.5607 -21.9154 241.0000
  endloop
 endfacet
 facet normal 0.65935 0.75184 0.00000
  outer loop
   vertex -25.4558 -25.4558 165.0000
   vertex -21.9154 -28.5607 241.0000
   vertex -21.9154 -28.5607 165.0000
  endloop
 endfacet
 facet normal 0.65935 0.75184 -0.00000
  outer loop
   vertex -25.4558 -25.4558 165.0000
   vertex -25.4558 -25.4558 241.0000
   vertex -21.9154 -28.5607 241.0000
  endloop
 endfacet
 facet normal 0.00000 0.00000 -1.00000
  outer loop
   vertex -26.1630 -26.1630 165.0000
   vertex -25.4558 -25.4558 165.0000
   vertex -21.9154 -28.5607 165.0000
  endloop
 endfacet
 facet normal 0.00000 0.00000 -1.00000
  outer loop
   vertex -26.1630 -26.1630 165.0000
   vertex -21.9154 -28.5607 165.0000
   vertex -22.5242 -29.3541 165.0000
  endloop
 endfacet
 facet normal 0.00000 0.00000 1.00000
  outer loop
   vertex -26.1630 -26.1630 241.0000
   vertex -22.5242 -29.3541 241.0000
   vertex -21.9154 -28.5607 241.0000
  endloop
 endfacet
 facet normal -0.00000 0.00000 1.00000
  outer loop
   vertex -26.1630 -26.1630 241.0000
   vertex -21.9154 -28.5607 241.0000
   vertex -25.4558 -25.4558 241.0000
  endloop
 endfacet
 facet normal 0.55557 0.83147 0.00000
  outer loop
   vertex -21.9154 -28.5607 165.0000
   vertex -18.0000 -31.1769 241.0000
   vertex -18.0000 -31.1769 165.0000
  endloop
 endfacet
 facet normal 0.55557 0.83147 -0.00000
  outer loop
   vertex -21.9154 -28.5607 165.0000
   vertex -21.9154 -28.5607 241.0000
   vertex -18.0000 -31.1769 241.0000
  endloop
 endfacet
 facet normal 0.00000 0.00000 -1.00000
  outer loop
   vertex -22.5242 -29.3541 165.0000
   vertex -21.9154 -28.5607 165.0000
   vertex -18.0000 -31.1769 165.0000
  endloop
 endfacet
 facet normal 0.00000 0.00000 -1.00000
  outer loop
   vertex -22.5242 -29.3541 165.0000
   vertex -18.0000 -31.1769 165.0000
   vertex -18.5000 -32.0429 165.0000
  endloop
 endfacet
 facet normal 0.00000 0.00000 1.00000
  outer loop
   vertex -22.5242 -29.3541 241.0000
   vertex -18.5000 -32.0429 241.0000
   vertex -18.0000 -31.1769 241.0000
  endloop
 endfacet
 facet normal -0.00000 0.00000 1.00000
  outer loop
   vertex -22.5242 -29.3541 241.0000
   vertex -18.0000 -31.1769 241.0000
   vertex -21.9154 -28.5607 241.0000
  endloop
 endfacet
 facet normal 0.44229 0.89687 0.00000
  outer loop
   vertex -18.0000 -31.1769 165.0000
   vertex -13.7766 -33.2597 241.0000
   vertex -13.7766 -33.2597 165.0000
  endloop
 endfacet
 facet normal 0.44229 0.89687 -0.00000
  outer loop
   vertex -18.0000 -31.1769 165.0000
   vertex -18.0000 -31.1769 241.0000
   vertex -13.7766 -33.2597 241.0000
  endloop
 endfacet
 facet normal 0.00000 0.00000 -1.00000
  outer loop
   vertex -18.5000 -32.0429 165.0000
   vertex -18.0000 -31.1769 165.0000
   vertex -13.7766 -33.2597 165.0000
  endloop
 endfacet
 facet normal 0.00000 0.00000 -1.00000
  outer loop
   vertex -18.5000 -32.0429 165.0000
   vertex -13.7766 -33.2597 165.0000
   vertex -14.1593 -34.1835 165.0000
  endloop
 endfacet
 facet normal 0.00000 0.00000 1.00000
  outer loop
   vertex -18.5000 -32.0429 241.0000
   vertex -14.1593 -34.1835 241.0000
   vertex -13.7766 -33.2597 241.0000
  endloop
 endfacet
 facet normal -0.00000 0.00000 1.00000
  outer loop
   vertex -18.5000 -32.0429 241.0000
   vertex -13.7766 -33.2597 241.0000
   vertex -18.0000 -31.1769 241.0000
  endloop
 endfacet
 facet normal 0.32144 0.94693 0.00000
  outer loop
   vertex -13.7766 -33.2597 165.0000
   vertex -9.3175 -34.7733 241.0000
   vertex -9.3175 -34.7733 165.0000
  endloop
 endfacet
 facet normal 0.32144 0.94693 -0.00000
  outer loop
   vertex -13.7766 -33.2597 165.0000
   vertex -13.7766 -33.2597 241.0000
   vertex -9.3175 -34.7733 241.0000
  endloop
 endfacet
 facet normal 0.00000 0.00000 -1.00000
  outer loop
   vertex -14.1593 -34.1835 165.0000
   vertex -13.7766 -33.2597 165.0000
   vertex -9.3175 -34.7733 165.0000
  endloop
 endfacet
 facet normal 0.00000 0.00000 -1.00000
  outer loop
   vertex -14.1593 -34.1835 165.0000
   vertex -9.3175 -34.7733 165.0000
   vertex -9.5763 -35.7393 165.0000
  endloop
 endfacet
 facet normal 0.00000 0.00000 1.00000
  outer loop
   vertex -14.1593 -34.1835 241.0000
   vertex -9.5763 -35.7393 241.0000
   vertex -9.3175 -34.7733 241.0000
  endloop
 endfacet
 facet normal -0.00000 0.00000 1.00000
  outer loop
   vertex -14.1593 -34.1835 241.0000
   vertex -9.3175 -34.7733 241.0000
   vertex -13.7766 -33.2597 241.0000
  endloop
 endfacet
 facet normal 0.19509 0.98079 0.00000
  outer loop
   vertex -9.3175 -34.7733 165.0000
   vertex -4.6989 -35.6920 241.0000
   vertex -4.6989 -35.6920 165.0000
  endloop
 endfacet
 facet normal 0.19509 0.98079 -0.00000
  outer loop
   vertex -9.3175 -34.7733 165.0000
   vertex -9.3175 -34.7733 241.0000
   vertex -4.6989 -35.6920 241.0000
  endloop
 endfacet
 facet normal 0.00000 0.00000 -1.00000
  outer loop
   vertex -9.5763 -35.7393 165.0000
   vertex -9.3175 -34.7733 165.0000
   vertex -4.6989 -35.6920 165.0000
  endloop
 endfacet
 facet normal 0.00000 0.00000 -1.00000
  outer loop
   vertex -9.5763 -35.7393 165.0000
   vertex -4.6989 -35.6920 165.0000
   vertex -4.8295 -36.6835 165.0000
  endloop
 endfacet
 facet normal -0.00000 0.00000 1.00000
  outer loop
   vertex -9.5763 -35.7393 241.0000
   vertex -4.8295 -36.6835 241.0000
   vertex -4.6989 -35.6920 241.0000
  endloop
 endfacet
 facet normal 0.00000 0.00000 1.00000
  outer loop
   vertex -9.5763 -35.7393 241.0000
   vertex -4.6989 -35.6920 241.0000
   vertex -9.3175 -34.7733 241.0000
  endloop
 endfacet
 facet normal 0.06540 0.99786 0.00000
  outer loop
   vertex -4.6989 -35.6920 165.0000
   vertex -0.0000 -36.0000 241.0000
   vertex -0.0000 -36.0000 165.0000
  endloop
 endfacet
 facet normal 0.06540 0.99786 -0.00000
  outer loop
   vertex -4.6989 -35.6920 165.0000
   vertex -4.6989 -35.6920 241.0000
   vertex -0.0000 -36.0000 241.0000
  endloop
 endfacet
 facet normal 0.00000 0.00000 -1.00000
  outer loop
   vertex -4.8295 -36.6835 165.0000
   vertex -4.6989 -35.6920 165.0000
   vertex -0.0000 -36.0000 165.0000
  endloop
 endfacet
 facet normal 0.00000 0.00000 -1.00000
  outer loop
   vertex -4.8295 -36.6835 165.0000
   vertex -0.0000 -36.0000 165.0000
   vertex -0.0000 -37.0000 165.0000
  endloop
 endfacet
 facet normal -0.00000 0.00000 1.00000
  outer loop
   vertex -4.8295 -36.6835 241.0000
   vertex -0.0000 -37.0000 241.0000
   vertex -0.0000 -36.0000 241.0000
  endloop
 endfacet
 facet normal 0.00000 0.00000 1.00000
  outer loop
   vertex -4.8295 -36.6835 241.0000
   vertex -0.0000 -36.0000 241.0000
   vertex -4.6989 -35.6920 241.0000
  endloop
 endfacet
 facet normal -0.06540 0.99786 0.00000
  outer loop
   vertex -0.0000 -36.0000 165.0000
   vertex 4.6989 -35.6920 241.0000
   vertex 4.6989 -35.6920 165.0000
  endloop
 endfacet
 facet normal -0.06540 0.99786 0.00000
  outer loop
   vertex -0.0000 -36.0000 165.0000
   vertex -0.0000 -36.0000 241.0000
   vertex 4.6989 -35.6920 241.0000
  endloop
 endfacet
 facet normal 0.00000 0.00000 -1.00000
  outer loop
   vertex -0.0000 -37.0000 165.0000
   vertex -0.0000 -36.0000 165.0000
   vertex 4.6989 -35.6920 165.0000
  endloop
 endfacet
 facet normal 0.00000 0.00000 -1.00000
  outer loop
   vertex -0.0000 -37.0000 165.0000
   vertex 4.6989 -35.6920 165.0000
   vertex 4.8295 -36.6835 165.0000
  endloop
 endfacet
 facet normal 0.00000 0.00000 1.00000
  outer loop
   vertex -0.0000 -37.0000 241.0000
   vertex 4.8295 -36.6835 241.0000
   vertex 4.6989 -35.6920 241.0000
  endloop
 endfacet
 facet normal 0.00000 0.00000 1.00000
  outer loop
   vertex -0.0000 -37.0000 241.0000
   vertex 4.6989 -35.6920 241.0000
   vertex -0.0000 -36.0000 241.0000
  endloop
 endfacet
 facet normal -0.19509 0.98079 0.00000
  outer loop
   vertex 4.6989 -35.6920 165.0000
   vertex 9.3175 -34.7733 241.0000
   vertex 9.3175 -34.7733 165.0000
  endloop
 endfacet
 facet normal -0.19509 0.98079 0.00000
  outer loop
   vertex 4.6989 -35.6920 165.0000
   vertex 4.6989 -35.6920 241.0000
   vertex 9.3175 -34.7733 241.0000
  endloop
 endfacet
 facet normal 0.00000 0.00000 -1.00000
  outer loop
   vertex 4.8295 -36.6835 165.0000
   vertex 4.6989 -35.6920 165.0000
   vertex 9.3175 -34.7733 165.0000
  endloop
 endfacet
 facet normal 0.00000 0.00000 -1.00000
  outer loop
   vertex 4.8295 -36.6835 165.0000
   vertex 9.3175 -34.7733 165.0000
   vertex 9.5763 -35.7393 165.0000
  endloop
 endfacet
 facet normal 0.00000 0.00000 1.00000
  outer loop
   vertex 4.8295 -36.6835 241.0000
   vertex 9.5763 -35.7393 241.0000
   vertex 9.3175 -34.7733 241.0000
  endloop
 endfacet
 facet normal 0.00000 -0.00000 1.00000
  outer loop
   vertex 4.8295 -36.6835 241.0000
   vertex 9.3175 -34.7733 241.0000
   vertex 4.6989 -35.6920 241.0000
  endloop
 endfacet
 facet normal -0.32144 0.94693 0.00000
  outer loop
   vertex 9.3175 -34.7733 165.0000
   vertex 13.7766 -33.2597 241.0000
   vertex 13.7766 -33.2597 165.0000
  endloop
 endfacet
 facet normal -0.32144 0.94693 0.00000
  outer loop
   vertex 9.3175 -34.7733 165.0000
   vertex 9.3175 -34.7733 241.0000
   vertex 13.7766 -33.2597 241.0000
  endloop
 endfacet
 facet normal 0.00000 0.00000 -1.00000
  outer loop
   vertex 9.5763 -35.7393 165.0000
   vertex 9.3175 -34.7733 165.0000
   vertex 13.7766 -33.2597 165.0000
  endloop
 endfacet
 facet normal 0.00000 0.00000 -1.00000
  outer loop
   vertex 9.5763 -35.7393 165.0000
   vertex 13.7766 -33.2597 165.0000
   vertex 14.1593 -34.1835 165.0000
  endloop
 endfacet
 facet normal 0.00000 0.00000 1.00000
  outer loop
   vertex 9.5763 -35.7393 241.0000
   vertex 14.1593 -34.1835 241.0000
   vertex 13.7766 -33.2597 241.0000
  endloop
 endfacet
 facet normal 0.00000 -0.00000 1.00000
  outer loop
   vertex 9.5763 -35.7393 241.0000
   vertex 13.7766 -33.2597 241.0000
   vertex 9.3175 -34.7733 241.0000
  endloop
 endfacet
 facet normal -0.44229 0.89687 0.00000
  outer loop
   vertex 13.7766 -33.2597 165.0000
   vertex 18.0000 -31.1769 241.0000
   vertex 18.0000 -31.1769 165.0000
  endloop
 endfacet
 facet normal -0.44229 0.89687 0.00000
  outer loop
   vertex 13.7766 -33.2597 165.0000
   vertex 13.7766 -33.2597 241.0000
   vertex 18.0000 -31.1769 241.0000
  endloop
 endfacet
 facet normal 0.00000 0.00000 -1.00000
  outer loop
   vertex 14.1593 -34.1835 165.0000
   vertex 13.7766 -33.2597 165.0000
   vertex 18.0000 -31.1769 165.0000
  endloop
 endfacet
 facet normal 0.00000 0.00000 -1.00000
  outer loop
   vertex 14.1593 -34.1835 165.0000
   vertex 18.0000 -31.1769 165.0000
   vertex 18.5000 -32.0429 165.0000
  endloop
 endfacet
 facet normal 0.00000 0.00000 1.00000
  outer loop
   vertex 14.1593 -34.1835 241.0000
   vertex 18.5000 -32.0429 241.0000
   vertex 18.0000 -31.1769 241.0000
  endloop
 endfacet
 facet normal 0.00000 -0.00000 1.00000
  outer loop
   vertex 14.1593 -34.1835 241.0000
   vertex 18.0000 -31.1769 241.0000
   vertex 13.7766 -33.2597 241.0000
  endloop
 endfacet
 facet normal -0.55557 0.83147 0.00000
  outer loop
   vertex 18.0000 -31.1769 165.0000
   vertex 21.9154 -28.5607 241.0000
   vertex 21.9154 -28.5607 165.0000
  endloop
 endfacet
 facet normal -0.55557 0.83147 0.00000
  outer loop
   vertex 18.0000 -31.1769 165.0000
   vertex 18.0000 -31.1769 241.0000
   vertex 21.9154 -28.5607 241.0000
  endloop
 endfacet
 facet normal 0.00000 0.00000 -1.00000
  outer loop
   vertex 18.5000 -32.0429 165.0000
   vertex 18.0000 -31.1769 165.0000
   vertex 21.9154 -28.5607 165.0000
  endloop
 endfacet
 facet normal 0.00000 0.00000 -1.00000
  outer loop
   vertex 18.5000 -32.0429 165.0000
   vertex 21.9154 -28.5607 165.0000
   vertex 22.5242 -29.3541 165.0000
  endloop
 endfacet
 facet normal 0.00000 0.00000 1.00000
  outer loop
   vertex 18.5000 -32.0429 241.0000
   vertex 22.5242 -29.3541 241.0000
   vertex 21.9154 -28.5607 241.0000
  endloop
 endfacet
 facet normal 0.00000 -0.00000 1.00000
  outer loop
   vertex 18.5000 -32.0429 241.0000
   vertex 21.9154 -28.5607 241.0000
   vertex 18.0000 -31.1769 241.0000
  endloop
 endfacet
 facet normal -0.65935 0.75184 0.00000
  outer loop
   vertex 21.9154 -28.5607 165.0000
   vertex 25.4558 -25.4558 241.0000
   vertex 25.4558 -25.4558 165.0000
  endloop
 endfacet
 facet normal -0.65935 0.75184 0.00000
  outer loop
   vertex 21.9154 -28.5607 165.0000
   vertex 21.9154 -28.5607 241.0000
   vertex 25.4558 -25.4558 241.0000
  endloop
 endfacet
 facet normal 0.00000 0.00000 -1.00000
  outer loop
   vertex 22.5242 -29.3541 165.0000
   vertex 21.9154 -28.5607 165.0000
   vertex 25.4558 -25.4558 165.0000
  endloop
 endfacet
 facet normal 0.00000 0.00000 -1.00000
  outer loop
   vertex 22.5242 -29.3541 165.0000
   vertex 25.4558 -25.4558 165.0000
   vertex 26.1630 -26.1630 165.0000
  endloop
 endfacet
 facet normal 0.00000 0.00000 1.00000
  outer loop
   vertex 22.5242 -29.3541 241.0000
   vertex 26.1630 -26.1630 241.0000
   vertex 25.4558 -25.4558 241.0000
  endloop
 endfacet
 facet normal 0.00000 -0.00000 1.00000
  outer loop
   vertex 22.5242 -29.3541 241.0000
   vertex 25.4558 -25.4558 241.0000
   vertex 21.9154 -28.5607 241.0000
  endloop
 endfacet
 facet normal -0.75184 0.65935 0.00000
  outer loop
   vertex 25.4558 -25.4558 165.0000
   vertex 28.5607 -21.9154 241.0000
   vertex 28.5607 -21.9154 165.0000
  endloop
 endfacet
 facet normal -0.75184 0.65935 0.00000
  outer loop
   vertex 25.4558 -25.4558 165.0000
   vertex 25.4558 -25.4558 241.0000
   vertex 28.5607 -21.9154 241.0000
  endloop
 endfacet
 facet normal 0.00000 0.00000 -1.00000
  outer loop
   vertex 26.1630 -26.1630 165.0000
   vertex 25.4558 -25.4558 165.0000
   vertex 28.5607 -21.9154 165.0000
  endloop
 endfacet
 facet normal 0.00000 0.00000 -1.00000
  outer loop
   vertex 26.1630 -26.1630 165.0000
   vertex 28.5607 -21.9154 165.0000
   vertex 29.3541 -22.5242 165.0000
  endloop
 endfacet
 facet normal 0.00000 0.00000 1.00000
  outer loop
   vertex 26.1630 -26.1630 241.0000
   vertex 29.3541 -22.5242 241.0000
   vertex 28.5607 -21.9154 241.0000
  endloop
 endfacet
 facet normal 0.00000 -0.00000 1.00000
  outer loop
   vertex 26.1630 -26.1630 241.0000
   vertex 28.5607 -21.9154 241.0000
   vertex 25.4558 -25.4558 241.0000
  endloop
 endfacet
 facet normal -0.83147 0.55557 0.00000
  outer loop
   vertex 28.5607 -21.9154 165.0000
   vertex 31.1769 -18.0000 241.0000
   vertex 31.1769 -18.0000 165.0000
  endloop
 endfacet
 facet normal -0.83147 0.55557 0.00000
  outer loop
   vertex 28.5607 -21.9154 165.0000
   vertex 28.5607 -21.9154 241.0000
   vertex 31.1769 -18.0000 241.0000
  endloop
 endfacet
 facet normal 0.00000 0.00000 -1.00000
  outer loop
   vertex 29.3541 -22.5242 165.0000
   vertex 28.5607 -21.9154 165.0000
   vertex 31.1769 -18.0000 165.0000
  endloop
 endfacet
 facet normal 0.00000 0.00000 -1.00000
  outer loop
   vertex 29.3541 -22.5242 165.0000
   vertex 31.1769 -18.0000 165.0000
   vertex 32.0429 -18.5000 165.0000
  endloop
 endfacet
 facet normal 0.00000 0.00000 1.00000
  outer loop
   vertex 29.3541 -22.5242 241.0000
   vertex 32.0429 -18.5000 241.0000
   vertex 31.1769 -18.0000 241.0000
  endloop
 endfacet
 facet normal 0.00000 -0.00000 1.00000
  outer loop
   vertex 29.3541 -22.5242 241.0000
   vertex 31.1769 -18.0000 241.0000
   vertex 28.5607 -21.9154 241.0000
  endloop
 endfacet
 facet normal -0.89687 0.44229 0.00000
  outer loop
   vertex 31.1769 -18.0000 165.0000
   vertex 33.2597 -13.7766 241.0000
   vertex 33.2597 -13.7766 165.0000
  endloop
 endfacet
 facet normal -0.89687 0.44229 0.00000
  outer loop
   vertex 31.1769 -18.0000 165.0000
   vertex 31.1769 -18.0000 241.0000
   vertex 33.2597 -13.7766 241.0000
  endloop
 endfacet
 facet normal 0.00000 0.00000 -1.00000
  outer loop
   vertex 32.0429 -18.5000 165.0000
   vertex 31.1769 -18.0000 165.0000
   vertex 33.2597 -13.7766 165.0000
  endloop
 endfacet
 facet normal 0.00000 0.00000 -1.00000
  outer loop
   vertex 32.0429 -18.5000 165.0000
   vertex 33.2597 -13.7766 165.0000
   vertex 34.1835 -14.1593 165.0000
  endloop
 endfacet
 facet normal 0.00000 0.00000 1.00000
  outer loop
   vertex 32.0429 -18.5000 241.0000
   vertex 34.1835 -14.1593 241.0000
   vertex 33.2597 -13.7766 241.0000
  endloop
 endfacet
 facet normal 0.00000 -0.00000 1.00000
  outer loop
   vertex 32.0429 -18.5000 241.0000
   vertex 33.2597 -13.7766 241.0000
   vertex 31.1769 -18.0000 241.0000
  endloop
 endfacet
 facet normal -0.94693 0.32144 0.00000
  outer loop
   vertex 33.2597 -13.7766 165.0000
   vertex 34.7733 -9.3175 241.0000
   vertex 34.7733 -9.3175 165.0000
  endloop
 endfacet
 facet normal -0.94693 0.32144 0.00000
  outer loop
   vertex 33.2597 -13.7766 165.0000
   vertex 33.2597 -13.7766 241.0000
   vertex 34.7733 -9.3175 241.0000
  endloop
 endfacet
 facet normal 0.00000 0.00000 -1.00000
  outer loop
   vertex 34.1835 -14.1593 165.0000
   vertex 33.2597 -13.7766 165.0000
   vertex 34.7733 -9.3175 165.0000
  endloop
 endfacet
 facet normal 0.00000 0.00000 -1.00000
  outer loop
   vertex 34.1835 -14.1593 165.0000
   vertex 34.7733 -9.3175 165.0000
   vertex 35.7393 -9.5763 165.0000
  endloop
 endfacet
 facet normal 0.00000 0.00000 1.00000
  outer loop
   vertex 34.1835 -14.1593 241.0000
   vertex 35.7393 -9.5763 241.0000
   vertex 34.7733 -9.3175 241.0000
  endloop
 endfacet
 facet normal 0.00000 -0.00000 1.00000
  outer loop
   vertex 34.1835 -14.1593 241.0000
   vertex 34.7733 -9.3175 241.0000
   vertex 33.2597 -13.7766 241.0000
  endloop
 endfacet
 facet normal -0.98079 0.19509 0.00000
  outer loop
   vertex 34.7733 -9.3175 165.0000
   vertex 35.6920 -4.6989 241.0000
   vertex 35.6920 -4.6989 165.0000
  endloop
 endfacet
 facet normal -0.98079 0.19509 0.00000
  outer loop
   vertex 34.7733 -9.3175 165.0000
   vertex 34.7733 -9.3175 241.0000
   vertex 35.6920 -4.6989 241.0000
  endloop
 endfacet
 facet normal 0.00000 0.00000 -1.00000
  outer loop
   vertex 35.7393 -9.5763 165.0000
   vertex 34.7733 -9.3175 165.0000
   vertex 35.6920 -4.6989 165.0000
  endloop
 endfacet
 facet normal 0.00000 0.00000 -1.00000
  outer loop
   vertex 35.7393 -9.5763 165.0000
   vertex 35.6920 -4.6989 165.0000
   vertex 36.6835 -4.8295 165.0000
  endloop
 endfacet
 facet normal 0.00000 -0.00000 1.00000
  outer loop
   vertex 35.7393 -9.5763 241.0000
   vertex 36.6835 -4.8295 241.0000
   vertex 35.6920 -4.6989 241.0000
  endloop
 endfacet
 facet normal 0.00000 0.00000 1.00000
  outer loop
   vertex 35.7393 -9.5763 241.0000
   vertex 35.6920 -4.6989 241.0000
   vertex 34.7733 -9.3175 241.0000
  endloop
 endfacet
 facet normal -0.99786 0.06540 0.00000
  outer loop
   vertex 35.6920 -4.6989 165.0000
   vertex 36.0000 0.0000 241.0000
   vertex 36.0000 0.0000 165.0000
  endloop
 endfacet
 facet normal -0.99786 0.06540 0.00000
  outer loop
   vertex 35.6920 -4.6989 165.0000
   vertex 35.6920 -4.6989 241.0000
   vertex 36.0000 0.0000 241.0000
  endloop
 endfacet
 facet normal 0.00000 0.00000 -1.00000
  outer loop
   vertex 36.6835 -4.8295 165.0000
   vertex 35.6920 -4.6989 165.0000
   vertex 36.0000 0.0000 165.0000
  endloop
 endfacet
 facet normal 0.00000 0.00000 -1.00000
  outer loop
   vertex 36.6835 -4.8295 165.0000
   vertex 36.0000 0.0000 165.0000
   vertex 37.0000 0.0000 165.0000
  endloop
 endfacet
 facet normal 0.00000 -0.00000 1.00000
  outer loop
   vertex 36.6835 -4.8295 241.0000
   vertex 37.0000 0.0000 241.0000
   vertex 36.0000 0.0000 241.0000
  endloop
 endfacet
 facet normal 0.00000 0.00000 1.00000
  outer loop
   vertex 36.6835 -4.8295 241.0000
   vertex 36.0000 0.0000 241.0000
   vertex 35.6920 -4.6989 241.0000
  endloop
 endfacet
 facet normal 0.99786 0.06540 0.00000
  outer loop
   vertex 42.5000 0.0000 165.0000
   vertex 42.1364 5.5474 165.0000
   vertex 42.1364 5.5474 241.0000
  endloop
 endfacet
 facet normal 0.99786 0.06540 -0.00000
  outer loop
   vertex 42.5000 0.0000 165.0000
   vertex 42.1364 5.5474 241.0000
   vertex 42.5000 0.0000 241.0000
  endloop
 endfacet
 facet normal 0.98079 0.19509 0.00000
  outer loop
   vertex 42.1364 5.5474 165.0000
   vertex 41.0518 10.9998 165.0000
   vertex 41.0518 10.9998 241.0000
  endloop
 endfacet
 facet normal 0.98079 0.19509 -0.00000
  outer loop
   vertex 42.1364 5.5474 165.0000
   vertex 41.0518 10.9998 241.0000
   vertex 42.1364 5.5474 241.0000
  endloop
 endfacet
 facet normal 0.94693 0.32144 0.00000
  outer loop
   vertex 41.0518 10.9998 165.0000
   vertex 39.2649 16.2640 165.0000
   vertex 39.2649 16.2640 241.0000
  endloop
 endfacet
 facet normal 0.94693 0.32144 -0.00000
  outer loop
   vertex 41.0518 10.9998 165.0000
   vertex 39.2649 16.2640 241.0000
   vertex 41.0518 10.9998 241.0000
  endloop
 endfacet
 facet normal 0.89687 0.44229 0.00000
  outer loop
   vertex 39.2649 16.2640 165.0000
   vertex 36.8061 21.2500 165.0000
   vertex 36.8061 21.2500 241.0000
  endloop
 endfacet
 facet normal 0.89687 0.44229 -0.00000
  outer loop
   vertex 39.2649 16.2640 165.0000
   vertex 36.8061 21.2500 241.0000
   vertex 39.2649 16.2640 241.0000
  endloop
 endfacet
 facet normal 0.83147 0.55557 0.00000
  outer loop
   vertex 36.8061 21.2500 165.0000
   vertex 33.7175 25.8724 165.0000
   vertex 33.7175 25.8724 241.0000
  endloop
 endfacet
 facet normal 0.83147 0.55557 -0.00000
  outer loop
   vertex 36.8061 21.2500 165.0000
   vertex 33.7175 25.8724 241.0000
   vertex 36.8061 21.2500 241.0000
  endloop
 endfacet
 facet normal 0.75184 0.65935 0.00000
  outer loop
   vertex 33.7175 25.8724 165.0000
   vertex 30.0520 30.0520 165.0000
   vertex 30.0520 30.0520 241.0000
  endloop
 endfacet
 facet normal 0.75184 0.65935 -0.00000
  outer loop
   vertex 33.7175 25.8724 165.0000
   vertex 30.0520 30.0520 241.0000
   vertex 33.7175 25.8724 241.0000
  endloop
 endfacet
 facet normal 0.65935 0.75184 0.00000
  outer loop
   vertex 30.0520 30.0520 165.0000
   vertex 25.8724 33.7175 165.0000
   vertex 25.8724 33.7175 241.0000
  endloop
 endfacet
 facet normal 0.65935 0.75184 -0.00000
  outer loop
   vertex 30.0520 30.0520 165.0000
   vertex 25.8724 33.7175 241.0000
   vertex 30.0520 30.0520 241.0000
  endloop
 endfacet
 facet normal 0.55557 0.83147 0.00000
  outer loop
   vertex 25.8724 33.7175 165.0000
   vertex 21.2500 36.8061 165.0000
   vertex 21.2500 36.8061 241.0000
  endloop
 endfacet
 facet normal 0.55557 0.83147 -0.00000
  outer loop
   vertex 25.8724 33.7175 165.0000
   vertex 21.2500 36.8061 241.0000
   vertex 25.8724 33.7175 241.0000
  endloop
 endfacet
 facet normal 0.44229 0.89687 0.00000
  outer loop
   vertex 21.2500 36.8061 165.0000
   vertex 16.2640 39.2649 165.0000
   vertex 16.2640 39.2649 241.0000
  endloop
 endfacet
 facet normal 0.44229 0.89687 -0.00000
  outer loop
   vertex 21.2500 36.8061 165.0000
   vertex 16.2640 39.2649 241.0000
   vertex 21.2500 36.8061 241.0000
  endloop
 endfacet
 facet normal 0.32144 0.94693 0.00000
  outer loop
   vertex 16.2640 39.2649 165.0000
   vertex 10.9998 41.0518 165.0000
   vertex 10.9998 41.0518 241.0000
  endloop
 endfacet
 facet normal 0.32144 0.94693 -0.00000
  outer loop
   vertex 16.2640 39.2649 165.0000
   vertex 10.9998 41.0518 241.0000
   vertex 16.2640 39.2649 241.0000
  endloop
 endfacet
 facet normal 0.19509 0.98079 0.00000
  outer loop
   vertex 10.9998 41.0518 165.0000
   vertex 5.5474 42.1364 165.0000
   vertex 5.5474 42.1364 241.0000
  endloop
 endfacet
 facet normal 0.19509 0.98079 -0.00000
  outer loop
   vertex 10.9998 41.0518 165.0000
   vertex 5.5474 42.1364 241.0000
   vertex 10.9998 41.0518 241.0000
  endloop
 endfacet
 facet normal 0.06540 0.99786 0.00000
  outer loop
   vertex 5.5474 42.1364 165.0000
   vertex 0.0000 42.5000 165.0000
   vertex 0.0000 42.5000 241.0000
  endloop
 endfacet
 facet normal 0.06540 0.99786 -0.00000
  outer loop
   vertex 5.5474 42.1364 165.0000
   vertex 0.0000 42.5000 241.0000
   vertex 5.5474 42.1364 241.0000
  endloop
 endfacet
 facet normal -0.06540 0.99786 0.00000
  outer loop
   vertex 0.0000 42.5000 165.0000
   vertex -5.5474 42.1364 165.0000
   vertex -5.5474 42.1364 241.0000
  endloop
 endfacet
 facet normal -0.06540 0.99786 0.00000
  outer loop
   vertex 0.0000 42.5000 165.0000
   vertex -5.5474 42.1364 241.0000
   vertex 0.0000 42.5000 241.0000
  endloop
 endfacet
 facet normal -0.19509 0.98079 0.00000
  outer loop
   vertex -5.5474 42.1364 165.0000
   vertex -10.9998 41.0518 165.0000
   vertex -10.9998 41.0518 241.0000
  endloop
 endfacet
 facet normal -0.19509 0.98079 0.00000
  outer loop
   vertex -5.5474 42.1364 165.0000
   vertex -10.9998 41.0518 241.0000
   vertex -5.5474 42.1364 241.0000
  endloop
 endfacet
 facet normal -0.32144 0.94693 0.00000
  outer loop
   vertex -10.9998 41.0518 165.0000
   vertex -16.2640 39.2649 165.0000
   vertex -16.2640 39.2649 241.0000
  endloop
 endfacet
 facet normal -0.32144 0.94693 0.00000
  outer loop
   vertex -10.9998 41.0518 165.0000
   vertex -16.2640 39.2649 241.0000
   vertex -10.9998 41.0518 241.0000
  endloop
 endfacet
 facet normal -0.44229 0.89687 0.00000
  outer loop
   vertex -16.2640 39.2649 165.0000
   vertex -21.2500 36.8061 165.0000
   vertex -21.2500 36.8061 241.0000
  endloop
 endfacet
 facet normal -0.44229 0.89687 0.00000
  outer loop
   vertex -16.2640 39.2649 165.0000
   vertex -21.2500 36.8061 241.0000
   vertex -16.2640 39.2649 241.0000
  endloop
 endfacet
 facet normal -0.55557 0.83147 0.00000
  outer loop
   vertex -21.2500 36.8061 165.0000
   vertex -25.8724 33.7175 165.0000
   vertex -25.8724 33.7175 241.0000
  endloop
 endfacet
 facet normal -0.55557 0.83147 0.00000
  outer loop
   vertex -21.2500 36.8061 165.0000
   vertex -25.8724 33.7175 241.0000
   vertex -21.2500 36.8061 241.0000
  endloop
 endfacet
 facet normal -0.65935 0.75184 0.00000
  outer loop
   vertex -25.8724 33.7175 165.0000
   vertex -30.0520 30.0520 165.0000
   vertex -30.0520 30.0520 241.0000
  endloop
 endfacet
 facet normal -0.65935 0.75184 0.00000
  outer loop
   vertex -25.8724 33.7175 165.0000
   vertex -30.0520 30.0520 241.0000
   vertex -25.8724 33.7175 241.0000
  endloop
 endfacet
 facet normal -0.75184 0.65935 0.00000
  outer loop
   vertex -30.0520 30.0520 165.0000
   vertex -33.7175 25.8724 165.0000
   vertex -33.7175 25.8724 241.0000
  endloop
 endfacet
 facet normal -0.75184 0.65935 0.00000
  outer loop
   vertex -30.0520 30.0520 165.0000
   vertex -33.7175 25.8724 241.0000
   vertex -30.0520 30.0520 241.0000
  endloop
 endfacet
 facet normal -0.83147 0.55557 0.00000
  outer loop
   vertex -33.7175 25.8724 165.0000
   vertex -36.8061 21.2500 165.0000
   vertex -36.8061 21.2500 241.0000
  endloop
 endfacet
 facet normal -0.83147 0.55557 0.00000
  outer loop
   vertex -33.7175 25.8724 165.0000
   vertex -36.8061 21.2500 241.0000
   vertex -33.7175 25.8724 241.0000
  endloop
 endfacet
 facet normal -0.89687 0.44229 0.00000
  outer loop
   vertex -36.8061 21.2500 165.0000
   vertex -39.2649 16.2640 165.0000
   vertex -39.2649 16.2640 241.0000
  endloop
 endfacet
 facet normal -0.89687 0.44229 0.00000
  outer loop
   vertex -36.8061 21.2500 165.0000
   vertex -39.2649 16.2640 241.0000
   vertex -36.8061 21.2500 241.0000
  endloop
 endfacet
 facet normal -0.94693 0.32144 0.00000
  outer loop
   vertex -39.2649 16.2640 165.0000
   vertex -41.0518 10.9998 165.0000
   vertex -41.0518 10.9998 241.0000
  endloop
 endfacet
 facet normal -0.94693 0.32144 0.00000
  outer loop
   vertex -39.2649 16.2640 165.0000
   vertex -41.0518 10.9998 241.0000
   vertex -39.2649 16.2640 241.0000
  endloop
 endfacet
 facet normal -0.98079 0.19509 0.00000
  outer loop
   vertex -41.0518 10.9998 165.0000
   vertex -42.1364 5.5474 165.0000
   vertex -42.1364 5.5474 241.0000
  endloop
 endfacet
 facet normal -0.98079 0.19509 0.00000
  outer loop
   vertex -41.0518 10.9998 165.0000
   vertex -42.1364 5.5474 241.0000
   vertex -41.0518 10.9998 241.0000
  endloop
 endfacet
 facet normal -0.99786 0.06540 0.00000
  outer loop
   vertex -42.1364 5.5474 165.0000
   vertex -42.5000 0.0000 165.0000
   vertex -42.5000 0.0000 241.0000
  endloop
 endfacet
 facet normal -0.99786 0.06540 0.00000
  outer loop
   vertex -42.1364 5.5474 165.0000
   vertex -42.5000 0.0000 241.0000
   vertex -42.1364 5.5474 241.0000
  endloop
 endfacet
 facet normal -0.99786 -0.06540 0.00000
  outer loop
   vertex -42.5000 0.0000 165.0000
   vertex -42.1364 -5.5474 165.0000
   vertex -42.1364 -5.5474 241.0000
  endloop
 endfacet
 facet normal -0.99786 -0.06540 0.00000
  outer loop
   vertex -42.5000 0.0000 165.0000
   vertex -42.1364 -5.5474 241.0000
   vertex -42.5000 0.0000 241.0000
  endloop
 endfacet
 facet normal -0.98079 -0.19509 0.00000
  outer loop
   vertex -42.1364 -5.5474 165.0000
   vertex -41.0518 -10.9998 165.0000
   vertex -41.0518 -10.9998 241.0000
  endloop
 endfacet
 facet normal -0.98079 -0.19509 0.00000
  outer loop
   vertex -42.1364 -5.5474 165.0000
   vertex -41.0518 -10.9998 241.0000
   vertex -42.1364 -5.5474 241.0000
  endloop
 endfacet
 facet normal -0.94693 -0.32144 0.00000
  outer loop
   vertex -41.0518 -10.9998 165.0000
   vertex -39.2649 -16.2640 165.0000
   vertex -39.2649 -16.2640 241.0000
  endloop
 endfacet
 facet normal -0.94693 -0.32144 0.00000
  outer loop
   vertex -41.0518 -10.9998 165.0000
   vertex -39.2649 -16.2640 241.0000
   vertex -41.0518 -10.9998 241.0000
  endloop
 endfacet
 facet normal -0.89687 -0.44229 0.00000
  outer loop
   vertex -39.2649 -16.2640 165.0000
   vertex -36.8061 -21.2500 165.0000
   vertex -36.8061 -21.2500 241.0000
  endloop
 endfacet
 facet normal -0.89687 -0.44229 0.00000
  outer loop
   vertex -39.2649 -16.2640 165.0000
   vertex -36.8061 -21.2500 241.0000
   vertex -39.2649 -16.2640 241.0000
  endloop
 endfacet
 facet normal -0.83147 -0.55557 0.00000
  outer loop
   vertex -36.8061 -21.2500 165.0000
   vertex -33.7175 -25.8724 165.0000
   vertex -33.7175 -25.8724 241.0000
  endloop
 endfacet
 facet normal -0.83147 -0.55557 0.00000
  outer loop
   vertex -36.8061 -21.2500 165.0000
   vertex -33.7175 -25.8724 241.0000
   vertex -36.8061 -21.2500 241.0000
  endloop
 endfacet
 facet normal -0.75184 -0.65935 0.00000
  outer loop
   vertex -33.7175 -25.8724 165.0000
   vertex -30.0520 -30.0520 165.0000
   vertex -30.0520 -30.0520 241.0000
  endloop
 endfacet
 facet normal -0.75184 -0.65935 0.00000
  outer loop
   vertex -33.7175 -25.8724 165.0000
   vertex -30.0520 -30.0520 241.0000
   vertex -33.7175 -25.8724 241.0000
  endloop
 endfacet
 facet normal -0.65935 -0.75184 0.00000
  outer loop
   vertex -30.0520 -30.0520 165.0000
   vertex -25.8724 -33.7175 165.0000
   vertex -25.8724 -33.7175 241.0000
  endloop
 endfacet
 facet normal -0.65935 -0.75184 0.00000
  outer loop
   vertex -30.0520 -30.0520 165.0000
   vertex -25.8724 -33.7175 241.0000
   vertex -30.0520 -30.0520 241.0000
  endloop
 endfacet
 facet normal -0.55557 -0.83147 0.00000
  outer loop
   vertex -25.8724 -33.7175 165.0000
   vertex -21.2500 -36.8061 165.0000
   vertex -21.2500 -36.8061 241.0000
  endloop
 endfacet
 facet normal -0.55557 -0.83147 0.00000
  outer loop
   vertex -25.8724 -33.7175 165.0000
   vertex -21.2500 -36.8061 241.0000
   vertex -25.8724 -33.7175 241.0000
  endloop
 endfacet
 facet normal -0.44229 -0.89687 0.00000
  outer loop
   vertex -21.2500 -36.8061 165.0000
   vertex -16.2640 -39.2649 165.0000
   vertex -16.2640 -39.2649 241.0000
  endloop
 endfacet
 facet normal -0.44229 -0.89687 0.00000
  outer loop
   vertex -21.2500 -36.8061 165.0000
   vertex -16.2640 -39.2649 241.0000
   vertex -21.2500 -36.8061 241.0000
  endloop
 endfacet
 facet normal -0.32144 -0.94693 0.00000
  outer loop
   vertex -16.2640 -39.2649 165.0000
   vertex -10.9998 -41.0518 165.0000
   vertex -10.9998 -41.0518 241.0000
  endloop
 endfacet
 facet normal -0.32144 -0.94693 0.00000
  outer loop
   vertex -16.2640 -39.2649 165.0000
   vertex -10.9998 -41.0518 241.0000
   vertex -16.2640 -39.2649 241.0000
  endloop
 endfacet
 facet normal -0.19509 -0.98079 0.00000
  outer loop
   vertex -10.9998 -41.0518 165.0000
   vertex -5.5474 -42.1364 165.0000
   vertex -5.5474 -42.1364 241.0000
  endloop
 endfacet
 facet normal -0.19509 -0.98079 0.00000
  outer loop
   vertex -10.9998 -41.0518 165.0000
   vertex -5.5474 -42.1364 241.0000
   vertex -10.9998 -41.0518 241.0000
  endloop
 endfacet
 facet normal -0.06540 -0.99786 0.00000
  outer loop
   vertex -5.5474 -42.1364 165.0000
   vertex -0.0000 -42.5000 165.0000
   vertex -0.0000 -42.5000 241.0000
  endloop
 endfacet
 facet normal -0.06540 -0.99786 0.00000
  outer loop
   vertex -5.5474 -42.1364 165.0000
   vertex -0.0000 -42.5000 241.0000
   vertex -5.5474 -42.1364 241.0000
  endloop
 endfacet
 facet normal 0.06540 -0.99786 0.00000
  outer loop
   vertex -0.0000 -42.5000 165.0000
   vertex 5.5474 -42.1364 165.0000
   vertex 5.5474 -42.1364 241.0000
  endloop
 endfacet
 facet normal 0.06540 -0.99786 0.00000
  outer loop
   vertex -0.0000 -42.5000 165.0000
   vertex 5.5474 -42.1364 241.0000
   vertex -0.0000 -42.5000 241.0000
  endloop
 endfacet
 facet normal 0.19509 -0.98079 0.00000
  outer loop
   vertex 5.5474 -42.1364 165.0000
   vertex 10.9998 -41.0518 165.0000
   vertex 10.9998 -41.0518 241.0000
  endloop
 endfacet
 facet normal 0.19509 -0.98079 0.00000
  outer loop
   vertex 5.5474 -42.1364 165.0000
   vertex 10.9998 -41.0518 241.0000
   vertex 5.5474 -42.1364 241.0000
  endloop
 endfacet
 facet normal 0.32144 -0.94693 0.00000
  outer loop
   vertex 10.9998 -41.0518 165.0000
   vertex 16.2640 -39.2649 165.0000
   vertex 16.2640 -39.2649 241.0000
  endloop
 endfacet
 facet normal 0.32144 -0.94693 0.00000
  outer loop
   vertex 10.9998 -41.0518 165.0000
   vertex 16.2640 -39.2649 241.0000
   vertex 10.9998 -41.0518 241.0000
  endloop
 endfacet
 facet normal 0.44229 -0.89687 0.00000
  outer loop
   vertex 16.2640 -39.2649 165.0000
   vertex 21.2500 -36.8061 165.0000
   vertex 21.2500 -36.8061 241.0000
  endloop
 endfacet
 facet normal 0.44229 -0.89687 0.00000
  outer loop
   vertex 16.2640 -39.2649 165.0000
   vertex 21.2500 -36.8061 241.0000
   vertex 16.2640 -39.2649 241.0000
  endloop
 endfacet
 facet normal 0.55557 -0.83147 0.00000
  outer loop
   vertex 21.2500 -36.8061 165.0000
   vertex 25.8724 -33.7175 165.0000
   vertex 25.8724 -33.7175 241.0000
  endloop
 endfacet
 facet normal 0.55557 -0.83147 0.00000
  outer loop
   vertex 21.2500 -36.8061 165.0000
   vertex 25.8724 -33.7175 241.0000
   vertex 21.2500 -36.8061 241.0000
  endloop
 endfacet
 facet normal 0.65935 -0.75184 0.00000
  outer loop
   vertex 25.8724 -33.7175 165.0000
   vertex 30.0520 -30.0520 165.0000
   vertex 30.0520 -30.0520 241.0000
  endloop
 endfacet
 facet normal 0.65935 -0.75184 0.00000
  outer loop
   vertex 25.8724 -33.7175 165.0000
   vertex 30.0520 -30.0520 241.0000
   vertex 25.8724 -33.7175 241.0000
  endloop
 endfacet
 facet normal 0.75184 -0.65935 0.00000
  outer loop
   vertex 30.0520 -30.0520 165.0000
   vertex 33.7175 -25.8724 165.0000
   vertex 33.7175 -25.8724 241.0000
  endloop
 endfacet
 facet normal 0.75184 -0.65935 0.00000
  outer loop
   vertex 30.0520 -30.0520 165.0000
   vertex 33.7175 -25.8724 241.0000
   vertex 30.0520 -30.0520 241.0000
  endloop
 endfacet
 facet normal 0.83147 -0.55557 0.00000
  outer loop
   vertex 33.7175 -25.8724 165.0000
   vertex 36.8061 -21.2500 165.0000
   vertex 36.8061 -21.2500 241.0000
  endloop
 endfacet
 facet normal 0.83147 -0.55557 0.00000
  outer loop
   vertex 33.7175 -25.8724 165.0000
   vertex 36.8061 -21.2500 241.0000
   vertex 33.7175 -25.8724 241.0000
  endloop
 endfacet
 facet normal 0.89687 -0.44229 0.00000
  outer loop
   vertex 36.8061 -21.2500 165.0000
   vertex 39.2649 -16.2640 165.0000
   vertex 39.2649 -16.2640 241.0000
  endloop
 endfacet
 facet normal 0.89687 -0.44229 0.00000
  outer loop
   vertex 36.8061 -21.2500 165.0000
   vertex 39.2649 -16.2640 241.0000
   vertex 36.8061 -21.2500 241.0000
  endloop
 endfacet
 facet normal 0.94693 -0.32144 0.00000
  outer loop
   vertex 39.2649 -16.2640 165.0000
   vertex 41.0518 -10.9998 165.0000
   vertex 41.0518 -10.9998 241.0000
  endloop
 endfacet
 facet normal 0.94693 -0.32144 0.00000
  outer loop
   vertex 39.2649 -16.2640 165.0000
   vertex 41.0518 -10.9998 241.0000
   vertex 39.2649 -16.2640 241.0000
  endloop
 endfacet
 facet normal 0.98079 -0.19509 0.00000
  outer loop
   vertex 41.0518 -10.9998 165.0000
   vertex 42.1364 -5.5474 165.0000
   vertex 42.1364 -5.5474 241.0000
  endloop
 endfacet
 facet normal 0.98079 -0.19509 0.00000
  outer loop
   vertex 41.0518 -10.9998 165.0000
   vertex 42.1364 -5.5474 241.0000
   vertex 41.0518 -10.9998 241.0000
  endloop
 endfacet
 facet normal 0.99786 -0.06540 0.00000
  outer loop
   vertex 42.1364 -5.5474 165.0000
   vertex 42.5000 0.0000 165.0000
   vertex 42.5000 0.0000 241.0000
  endloop
 endfacet
 facet normal 0.99786 -0.06540 0.00000
  outer loop
   vertex 42.1364 -5.5474 165.0000
   vertex 42.5000 0.0000 241.0000
   vertex 42.1364 -5.5474 241.0000
  endloop
 endfacet
 facet normal -0.99786 -0.06540 0.00000
  outer loop
   vertex 37.0000 0.0000 165.0000
   vertex 36.6835 4.8295 241.0000
   vertex 36.6835 4.8295 165.0000
  endloop
 endfacet
 facet normal -0.99786 -0.06540 0.00000
  outer loop
   vertex 37.0000 0.0000 165.0000
   vertex 37.0000 0.0000 241.0000
   vertex 36.6835 4.8295 241.0000
  endloop
 endfacet
 facet normal 0.00000 0.00000 -1.00000
  outer loop
   vertex 42.5000 0.0000 165.0000
   vertex 37.0000 0.0000 165.0000
   vertex 36.6835 4.8295 165.0000
  endloop
 endfacet
 facet normal 0.00000 0.00000 -1.00000
  outer loop
   vertex 42.5000 0.0000 165.0000
   vertex 36.6835 4.8295 165.0000
   vertex 42.1364 5.5474 165.0000
  endloop
 endfacet
 facet normal 0.00000 0.00000 1.00000
  outer loop
   vertex 42.5000 0.0000 241.0000
   vertex 42.1364 5.5474 241.0000
   vertex 36.6835 4.8295 241.0000
  endloop
 endfacet
 facet normal 0.00000 0.00000 1.00000
  outer loop
   vertex 42.5000 0.0000 241.0000
   vertex 36.6835 4.8295 241.0000
   vertex 37.0000 0.0000 241.0000
  endloop
 endfacet
 facet normal -0.98079 -0.19509 0.00000
  outer loop
   vertex 36.6835 4.8295 165.0000
   vertex 35.7393 9.5763 241.0000
   vertex 35.7393 9.5763 165.0000
  endloop
 endfacet
 facet normal -0.98079 -0.19509 0.00000
  outer loop
   vertex 36.6835 4.8295 165.0000
   vertex 36.6835 4.8295 241.0000
   vertex 35.7393 9.5763 241.0000
  endloop
 endfacet
 facet normal -0.00000 0.00000 -1.00000
  outer loop
   vertex 42.1364 5.5474 165.0000
   vertex 36.6835 4.8295 165.0000
   vertex 35.7393 9.5763 165.0000
  endloop
 endfacet
 facet normal 0.00000 0.00000 -1.00000
  outer loop
   vertex 42.1364 5.5474 165.0000
   vertex 35.7393 9.5763 165.0000
   vertex 41.0518 10.9998 165.0000
  endloop
 endfacet
 facet normal 0.00000 0.00000 1.00000
  outer loop
   vertex 42.1364 5.5474 241.0000
   vertex 41.0518 10.9998 241.0000
   vertex 35.7393 9.5763 241.0000
  endloop
 endfacet
 facet normal 0.00000 0.00000 1.00000
  outer loop
   vertex 42.1364 5.5474 241.0000
   vertex 35.7393 9.5763 241.0000
   vertex 36.6835 4.8295 241.0000
  endloop
 endfacet
 facet normal -0.94693 -0.32144 0.00000
  outer loop
   vertex 35.7393 9.5763 165.0000
   vertex 34.1835 14.1593 241.0000
   vertex 34.1835 14.1593 165.0000
  endloop
 endfacet
 facet normal -0.94693 -0.32144 0.00000
  outer loop
   vertex 35.7393 9.5763 165.0000
   vertex 35.7393 9.5763 241.0000
   vertex 34.1835 14.1593 241.0000
  endloop
 endfacet
 facet normal -0.00000 0.00000 -1.00000
  outer loop
   vertex 41.0518 10.9998 165.0000
   vertex 35.7393 9.5763 165.0000
   vertex 34.1835 14.1593 165.0000
  endloop
 endfacet
 facet normal 0.00000 0.00000 -1.00000
  outer loop
   vertex 41.0518 10.9998 165.0000
   vertex 34.1835 14.1593 165.0000
   vertex 39.2649 16.2640 165.0000
  endloop
 endfacet
 facet normal 0.00000 0.00000 1.00000
  outer loop
   vertex 41.0518 10.9998 241.0000
   vertex 39.2649 16.2640 241.0000
   vertex 34.1835 14.1593 241.0000
  endloop
 endfacet
 facet normal 0.00000 0.00000 1.00000
  outer loop
   vertex 41.0518 10.9998 241.0000
   vertex 34.1835 14.1593 241.0000
   vertex 35.7393 9.5763 241.0000
  endloop
 endfacet
 facet normal -0.89687 -0.44229 0.00000
  outer loop
   vertex 34.1835 14.1593 165.0000
   vertex 32.0429 18.5000 241.0000
   vertex 32.0429 18.5000 165.0000
  endloop
 endfacet
 facet normal -0.89687 -0.44229 0.00000
  outer loop
   vertex 34.1835 14.1593 165.0000
   vertex 34.1835 14.1593 241.0000
   vertex 32.0429 18.5000 241.0000
  endloop
 endfacet
 facet normal -0.00000 0.00000 -1.00000
  outer loop
   vertex 39.2649 16.2640 165.0000
   vertex 34.1835 14.1593 165.0000
   vertex 32.0429 18.5000 165.0000
  endloop
 endfacet
 facet normal 0.00000 0.00000 -1.00000
  outer loop
   vertex 39.2649 16.2640 165.0000
   vertex 32.0429 18.5000 165.0000
   vertex 36.8061 21.2500 165.0000
  endloop
 endfacet
 facet normal 0.00000 0.00000 1.00000
  outer loop
   vertex 39.2649 16.2640 241.0000
   vertex 36.8061 21.2500 241.0000
   vertex 32.0429 18.5000 241.0000
  endloop
 endfacet
 facet normal 0.00000 0.00000 1.00000
  outer loop
   vertex 39.2649 16.2640 241.0000
   vertex 32.0429 18.5000 241.0000
   vertex 34.1835 14.1593 241.0000
  endloop
 endfacet
 facet normal -0.83147 -0.55557 0.00000
  outer loop
   vertex 32.0429 18.5000 165.0000
   vertex 29.3541 22.5242 241.0000
   vertex 29.3541 22.5242 165.0000
  endloop
 endfacet
 facet normal -0.83147 -0.55557 0.00000
  outer loop
   vertex 32.0429 18.5000 165.0000
   vertex 32.0429 18.5000 241.0000
   vertex 29.3541 22.5242 241.0000
  endloop
 endfacet
 facet normal -0.00000 0.00000 -1.00000
  outer loop
   vertex 36.8061 21.2500 165.0000
   vertex 32.0429 18.5000 165.0000
   vertex 29.3541 22.5242 165.0000
  endloop
 endfacet
 facet normal 0.00000 0.00000 -1.00000
  outer loop
   vertex 36.8061 21.2500 165.0000
   vertex 29.3541 22.5242 165.0000
   vertex 33.7175 25.8724 165.0000
  endloop
 endfacet
 facet normal 0.00000 0.00000 1.00000
  outer loop
   vertex 36.8061 21.2500 241.0000
   vertex 33.7175 25.8724 241.0000
   vertex 29.3541 22.5242 241.0000
  endloop
 endfacet
 facet normal 0.00000 0.00000 1.00000
  outer loop
   vertex 36.8061 21.2500 241.0000
   vertex 29.3541 22.5242 241.0000
   vertex 32.0429 18.5000 241.0000
  endloop
 endfacet
 facet normal -0.75184 -0.65935 0.00000
  outer loop
   vertex 29.3541 22.5242 165.0000
   vertex 26.1630 26.1630 241.0000
   vertex 26.1630 26.1630 165.0000
  endloop
 endfacet
 facet normal -0.75184 -0.65935 0.00000
  outer loop
   vertex 29.3541 22.5242 165.0000
   vertex 29.3541 22.5242 241.0000
   vertex 26.1630 26.1630 241.0000
  endloop
 endfacet
 facet normal -0.00000 0.00000 -1.00000
  outer loop
   vertex 33.7175 25.8724 165.0000
   vertex 29.3541 22.5242 165.0000
   vertex 26.1630 26.1630 165.0000
  endloop
 endfacet
 facet normal 0.00000 0.00000 -1.00000
  outer loop
   vertex 33.7175 25.8724 165.0000
   vertex 26.1630 26.1630 165.0000
   vertex 30.0520 30.0520 165.0000
  endloop
 endfacet
 facet normal 0.00000 0.00000 1.00000
  outer loop
   vertex 33.7175 25.8724 241.0000
   vertex 30.0520 30.0520 241.0000
   vertex 26.1630 26.1630 241.0000
  endloop
 endfacet
 facet normal 0.00000 0.00000 1.00000
  outer loop
   vertex 33.7175 25.8724 241.0000
   vertex 26.1630 26.1630 241.0000
   vertex 29.3541 22.5242 241.0000
  endloop
 endfacet
 facet normal -0.65935 -0.75184 0.00000
  outer loop
   vertex 26.1630 26.1630 165.0000
   vertex 22.5242 29.3541 241.0000
   vertex 22.5242 29.3541 165.0000
  endloop
 endfacet
 facet normal -0.65935 -0.75184 0.00000
  outer loop
   vertex 26.1630 26.1630 165.0000
   vertex 26.1630 26.1630 241.0000
   vertex 22.5242 29.3541 241.0000
  endloop
 endfacet
 facet normal 0.00000 0.00000 -1.00000
  outer loop
   vertex 30.0520 30.0520 165.0000
   vertex 26.1630 26.1630 165.0000
   vertex 22.5242 29.3541 165.0000
  endloop
 endfacet
 facet normal -0.00000 0.00000 -1.00000
  outer loop
   vertex 30.0520 30.0520 165.0000
   vertex 22.5242 29.3541 165.0000
   vertex 25.8724 33.7175 165.0000
  endloop
 endfacet
 facet normal 0.00000 0.00000 1.00000
  outer loop
   vertex 30.0520 30.0520 241.0000
   vertex 25.8724 33.7175 241.0000
   vertex 22.5242 29.3541 241.0000
  endloop
 endfacet
 facet normal 0.00000 0.00000 1.00000
  outer loop
   vertex 30.0520 30.0520 241.0000
   vertex 22.5242 29.3541 241.0000
   vertex 26.1630 26.1630 241.0000
  endloop
 endfacet
 facet normal -0.55557 -0.83147 0.00000
  outer loop
   vertex 22.5242 29.3541 165.0000
   vertex 18.5000 32.0429 241.0000
   vertex 18.5000 32.0429 165.0000
  endloop
 endfacet
 facet normal -0.55557 -0.83147 0.00000
  outer loop
   vertex 22.5242 29.3541 165.0000
   vertex 22.5242 29.3541 241.0000
   vertex 18.5000 32.0429 241.0000
  endloop
 endfacet
 facet normal 0.00000 0.00000 -1.00000
  outer loop
   vertex 25.8724 33.7175 165.0000
   vertex 22.5242 29.3541 165.0000
   vertex 18.5000 32.0429 165.0000
  endloop
 endfacet
 facet normal -0.00000 0.00000 -1.00000
  outer loop
   vertex 25.8724 33.7175 165.0000
   vertex 18.5000 32.0429 165.0000
   vertex 21.2500 36.8061 165.0000
  endloop
 endfacet
 facet normal 0.00000 0.00000 1.00000
  outer loop
   vertex 25.8724 33.7175 241.0000
   vertex 21.2500 36.8061 241.0000
   vertex 18.5000 32.0429 241.0000
  endloop
 endfacet
 facet normal 0.00000 0.00000 1.00000
  outer loop
   vertex 25.8724 33.7175 241.0000
   vertex 18.5000 32.0429 241.0000
   vertex 22.5242 29.3541 241.0000
  endloop
 endfacet
 facet normal -0.44229 -0.89687 0.00000
  outer loop
   vertex 18.5000 32.0429 165.0000
   vertex 14.1593 34.1835 241.0000
   vertex 14.1593 34.1835 165.0000
  endloop
 endfacet
 facet normal -0.44229 -0.89687 0.00000
  outer loop
   vertex 18.5000 32.0429 165.0000
   vertex 18.5000 32.0429 241.0000
   vertex 14.1593 34.1835 241.0000
  endloop
 endfacet
 facet normal 0.00000 0.00000 -1.00000
  outer loop
   vertex 21.2500 36.8061 165.0000
   vertex 18.5000 32.0429 165.0000
   vertex 14.1593 34.1835 165.0000
  endloop
 endfacet
 facet normal -0.00000 0.00000 -1.00000
  outer loop
   vertex 21.2500 36.8061 165.0000
   vertex 14.1593 34.1835 165.0000
   vertex 16.2640 39.2649 165.0000
  endloop
 endfacet
 facet normal 0.00000 0.00000 1.00000
  outer loop
   vertex 21.2500 36.8061 241.0000
   vertex 16.2640 39.2649 241.0000
   vertex 14.1593 34.1835 241.0000
  endloop
 endfacet
 facet normal 0.00000 0.00000 1.00000
  outer loop
   vertex 21.2500 36.8061 241.0000
   vertex 14.1593 34.1835 241.0000
   vertex 18.5000 32.0429 241.0000
  endloop
 endfacet
 facet normal -0.32144 -0.94693 0.00000
  outer loop
   vertex 14.1593 34.1835 165.0000
   vertex 9.5763 35.7393 241.0000
   vertex 9.5763 35.7393 165.0000
  endloop
 endfacet
 facet normal -0.32144 -0.94693 0.00000
  outer loop
   vertex 14.1593 34.1835 165.0000
   vertex 14.1593 34.1835 241.0000
   vertex 9.5763 35.7393 241.0000
  endloop
 endfacet
 facet normal 0.00000 0.00000 -1.00000
  outer loop
   vertex 16.2640 39.2649 165.0000
   vertex 14.1593 34.1835 165.0000
   vertex 9.5763 35.7393 165.0000
  endloop
 endfacet
 facet normal -0.00000 0.00000 -1.00000
  outer loop
   vertex 16.2640 39.2649 165.0000
   vertex 9.5763 35.7393 165.0000
   vertex 10.9998 41.0518 165.0000
  endloop
 endfacet
 facet normal 0.00000 0.00000 1.00000
  outer loop
   vertex 16.2640 39.2649 241.0000
   vertex 10.9998 41.0518 241.0000
   vertex 9.5763 35.7393 241.0000
  endloop
 endfacet
 facet normal 0.00000 0.00000 1.00000
  outer loop
   vertex 16.2640 39.2649 241.0000
   vertex 9.5763 35.7393 241.0000
   vertex 14.1593 34.1835 241.0000
  endloop
 endfacet
 facet normal -0.19509 -0.98079 0.00000
  outer loop
   vertex 9.5763 35.7393 165.0000
   vertex 4.8295 36.6835 241.0000
   vertex 4.8295 36.6835 165.0000
  endloop
 endfacet
 facet normal -0.19509 -0.98079 0.00000
  outer loop
   vertex 9.5763 35.7393 165.0000
   vertex 9.5763 35.7393 241.0000
   vertex 4.8295 36.6835 241.0000
  endloop
 endfacet
 facet normal 0.00000 0.00000 -1.00000
  outer loop
   vertex 10.9998 41.0518 165.0000
   vertex 9.5763 35.7393 165.0000
   vertex 4.8295 36.6835 165.0000
  endloop
 endfacet
 facet normal -0.00000 0.00000 -1.00000
  outer loop
   vertex 10.9998 41.0518 165.0000
   vertex 4.8295 36.6835 165.0000
   vertex 5.5474 42.1364 165.0000
  endloop
 endfacet
 facet normal 0.00000 0.00000 1.00000
  outer loop
   vertex 10.9998 41.0518 241.0000
   vertex 5.5474 42.1364 241.0000
   vertex 4.8295 36.6835 241.0000
  endloop
 endfacet
 facet normal 0.00000 0.00000 1.00000
  outer loop
   vertex 10.9998 41.0518 241.0000
   vertex 4.8295 36.6835 241.0000
   vertex 9.5763 35.7393 241.0000
  endloop
 endfacet
 facet normal -0.06540 -0.99786 0.00000
  outer loop
   vertex 4.8295 36.6835 165.0000
   vertex 0.0000 37.0000 241.0000
   vertex 0.0000 37.0000 165.0000
  endloop
 endfacet
 facet normal -0.06540 -0.99786 0.00000
  outer loop
   vertex 4.8295 36.6835 165.0000
   vertex 4.8295 36.6835 241.0000
   vertex 0.0000 37.0000 241.0000
  endloop
 endfacet
 facet normal 0.00000 0.00000 -1.00000
  outer loop
   vertex 5.5474 42.1364 165.0000
   vertex 4.8295 36.6835 165.0000
   vertex 0.0000 37.0000 165.0000
  endloop
 endfacet
 facet normal -0.00000 0.00000 -1.00000
  outer loop
   vertex 5.5474 42.1364 165.0000
   vertex 0.0000 37.0000 165.0000
   vertex 0.0000 42.5000 165.0000
  endloop
 endfacet
 facet normal 0.00000 0.00000 1.00000
  outer loop
   vertex 5.5474 42.1364 241.0000
   vertex 0.0000 42.5000 241.0000
   vertex 0.0000 37.0000 241.0000
  endloop
 endfacet
 facet normal 0.00000 0.00000 1.00000
  outer loop
   vertex 5.5474 42.1364 241.0000
   vertex 0.0000 37.0000 241.0000
   vertex 4.8295 36.6835 241.0000
  endloop
 endfacet
 facet normal 0.06540 -0.99786 0.00000
  outer loop
   vertex 0.0000 37.0000 165.0000
   vertex -4.8295 36.6835 241.0000
   vertex -4.8295 36.6835 165.0000
  endloop
 endfacet
 facet normal 0.06540 -0.99786 0.00000
  outer loop
   vertex 0.0000 37.0000 165.0000
   vertex 0.0000 37.0000 241.0000
   vertex -4.8295 36.6835 241.0000
  endloop
 endfacet
 facet normal 0.00000 0.00000 -1.00000
  outer loop
   vertex 0.0000 42.5000 165.0000
   vertex 0.0000 37.0000 165.0000
   vertex -4.8295 36.6835 165.0000
  endloop
 endfacet
 facet normal 0.00000 0.00000 -1.00000
  outer loop
   vertex 0.0000 42.5000 165.0000
   vertex -4.8295 36.6835 165.0000
   vertex -5.5474 42.1364 165.0000
  endloop
 endfacet
 facet normal 0.00000 0.00000 1.00000
  outer loop
   vertex 0.0000 42.5000 241.0000
   vertex -5.5474 42.1364 241.0000
   vertex -4.8295 36.6835 241.0000
  endloop
 endfacet
 facet normal 0.00000 0.00000 1.00000
  outer loop
   vertex 0.0000 42.5000 241.0000
   vertex -4.8295 36.6835 241.0000
   vertex 0.0000 37.0000 241.0000
  endloop
 endfacet
 facet normal 0.19509 -0.98079 0.00000
  outer loop
   vertex -4.8295 36.6835 165.0000
   vertex -9.5763 35.7393 241.0000
   vertex -9.5763 35.7393 165.0000
  endloop
 endfacet
 facet normal 0.19509 -0.98079 0.00000
  outer loop
   vertex -4.8295 36.6835 165.0000
   vertex -4.8295 36.6835 241.0000
   vertex -9.5763 35.7393 241.0000
  endloop
 endfacet
 facet normal 0.00000 -0.00000 -1.00000
  outer loop
   vertex -5.5474 42.1364 165.0000
   vertex -4.8295 36.6835 165.0000
   vertex -9.5763 35.7393 165.0000
  endloop
 endfacet
 facet normal 0.00000 0.00000 -1.00000
  outer loop
   vertex -5.5474 42.1364 165.0000
   vertex -9.5763 35.7393 165.0000
   vertex -10.9998 41.0518 165.0000
  endloop
 endfacet
 facet normal 0.00000 0.00000 1.00000
  outer loop
   vertex -5.5474 42.1364 241.0000
   vertex -10.9998 41.0518 241.0000
   vertex -9.5763 35.7393 241.0000
  endloop
 endfacet
 facet normal 0.00000 0.00000 1.00000
  outer loop
   vertex -5.5474 42.1364 241.0000
   vertex -9.5763 35.7393 241.0000
   vertex -4.8295 36.6835 241.0000
  endloop
 endfacet
 facet normal 0.32144 -0.94693 0.00000
  outer loop
   vertex -9.5763 35.7393 165.0000
   vertex -14.1593 34.1835 241.0000
   vertex -14.1593 34.1835 165.0000
  endloop
 endfacet
 facet normal 0.32144 -0.94693 0.00000
  outer loop
   vertex -9.5763 35.7393 165.0000
   vertex -9.5763 35.7393 241.0000
   vertex -14.1593 34.1835 241.0000
  endloop
 endfacet
 facet normal 0.00000 -0.00000 -1.00000
  outer loop
   vertex -10.9998 41.0518 165.0000
   vertex -9.5763 35.7393 165.0000
   vertex -14.1593 34.1835 165.0000
  endloop
 endfacet
 facet normal 0.00000 0.00000 -1.00000
  outer loop
   vertex -10.9998 41.0518 165.0000
   vertex -14.1593 34.1835 165.0000
   vertex -16.2640 39.2649 165.0000
  endloop
 endfacet
 facet normal 0.00000 0.00000 1.00000
  outer loop
   vertex -10.9998 41.0518 241.0000
   vertex -16.2640 39.2649 241.0000
   vertex -14.1593 34.1835 241.0000
  endloop
 endfacet
 facet normal 0.00000 0.00000 1.00000
  outer loop
   vertex -10.9998 41.0518 241.0000
   vertex -14.1593 34.1835 241.0000
   vertex -9.5763 35.7393 241.0000
  endloop
 endfacet
 facet normal 0.44229 -0.89687 0.00000
  outer loop
   vertex -14.1593 34.1835 165.0000
   vertex -18.5000 32.0429 241.0000
   vertex -18.5000 32.0429 165.0000
  endloop
 endfacet
 facet normal 0.44229 -0.89687 0.00000
  outer loop
   vertex -14.1593 34.1835 165.0000
   vertex -14.1593 34.1835 241.0000
   vertex -18.5000 32.0429 241.0000
  endloop
 endfacet
 facet normal 0.00000 -0.00000 -1.00000
  outer loop
   vertex -16.2640 39.2649 165.0000
   vertex -14.1593 34.1835 165.0000
   vertex -18.5000 32.0429 165.0000
  endloop
 endfacet
 facet normal 0.00000 0.00000 -1.00000
  outer loop
   vertex -16.2640 39.2649 165.0000
   vertex -18.5000 32.0429 165.0000
   vertex -21.2500 36.8061 165.0000
  endloop
 endfacet
 facet normal 0.00000 0.00000 1.00000
  outer loop
   vertex -16.2640 39.2649 241.0000
   vertex -21.2500 36.8061 241.0000
   vertex -18.5000 32.0429 241.0000
  endloop
 endfacet
 facet normal 0.00000 0.00000 1.00000
  outer loop
   vertex -16.2640 39.2649 241.0000
   vertex -18.5000 32.0429 241.0000
   vertex -14.1593 34.1835 241.0000
  endloop
 endfacet
 facet normal 0.55557 -0.83147 0.00000
  outer loop
   vertex -18.5000 32.0429 165.0000
   vertex -22.5242 29.3541 241.0000
   vertex -22.5242 29.3541 165.0000
  endloop
 endfacet
 facet normal 0.55557 -0.83147 0.00000
  outer loop
   vertex -18.5000 32.0429 165.0000
   vertex -18.5000 32.0429 241.0000
   vertex -22.5242 29.3541 241.0000
  endloop
 endfacet
 facet normal 0.00000 -0.00000 -1.00000
  outer loop
   vertex -21.2500 36.8061 165.0000
   vertex -18.5000 32.0429 165.0000
   vertex -22.5242 29.3541 165.0000
  endloop
 endfacet
 facet normal 0.00000 0.00000 -1.00000
  outer loop
   vertex -21.2500 36.8061 165.0000
   vertex -22.5242 29.3541 165.0000
   vertex -25.8724 33.7175 165.0000
  endloop
 endfacet
 facet normal 0.00000 0.00000 1.00000
  outer loop
   vertex -21.2500 36.8061 241.0000
   vertex -25.8724 33.7175 241.0000
   vertex -22.5242 29.3541 241.0000
  endloop
 endfacet
 facet normal 0.00000 0.00000 1.00000
  outer loop
   vertex -21.2500 36.8061 241.0000
   vertex -22.5242 29.3541 241.0000
   vertex -18.5000 32.0429 241.0000
  endloop
 endfacet
 facet normal 0.65935 -0.75184 0.00000
  outer loop
   vertex -22.5242 29.3541 165.0000
   vertex -26.1630 26.1630 241.0000
   vertex -26.1630 26.1630 165.0000
  endloop
 endfacet
 facet normal 0.65935 -0.75184 0.00000
  outer loop
   vertex -22.5242 29.3541 165.0000
   vertex -22.5242 29.3541 241.0000
   vertex -26.1630 26.1630 241.0000
  endloop
 endfacet
 facet normal 0.00000 -0.00000 -1.00000
  outer loop
   vertex -25.8724 33.7175 165.0000
   vertex -22.5242 29.3541 165.0000
   vertex -26.1630 26.1630 165.0000
  endloop
 endfacet
 facet normal 0.00000 0.00000 -1.00000
  outer loop
   vertex -25.8724 33.7175 165.0000
   vertex -26.1630 26.1630 165.0000
   vertex -30.0520 30.0520 165.0000
  endloop
 endfacet
 facet normal 0.00000 0.00000 1.00000
  outer loop
   vertex -25.8724 33.7175 241.0000
   vertex -30.0520 30.0520 241.0000
   vertex -26.1630 26.1630 241.0000
  endloop
 endfacet
 facet normal 0.00000 0.00000 1.00000
  outer loop
   vertex -25.8724 33.7175 241.0000
   vertex -26.1630 26.1630 241.0000
   vertex -22.5242 29.3541 241.0000
  endloop
 endfacet
 facet normal 0.75184 -0.65935 0.00000
  outer loop
   vertex -26.1630 26.1630 165.0000
   vertex -29.3541 22.5242 241.0000
   vertex -29.3541 22.5242 165.0000
  endloop
 endfacet
 facet normal 0.75184 -0.65935 0.00000
  outer loop
   vertex -26.1630 26.1630 165.0000
   vertex -26.1630 26.1630 241.0000
   vertex -29.3541 22.5242 241.0000
  endloop
 endfacet
 facet normal 0.00000 0.00000 -1.00000
  outer loop
   vertex -30.0520 30.0520 165.0000
   vertex -26.1630 26.1630 165.0000
   vertex -29.3541 22.5242 165.0000
  endloop
 endfacet
 facet normal 0.00000 -0.00000 -1.00000
  outer loop
   vertex -30.0520 30.0520 165.0000
   vertex -29.3541 22.5242 165.0000
   vertex -33.7175 25.8724 165.0000
  endloop
 endfacet
 facet normal 0.00000 0.00000 1.00000
  outer loop
   vertex -30.0520 30.0520 241.0000
   vertex -33.7175 25.8724 241.0000
   vertex -29.3541 22.5242 241.0000
  endloop
 endfacet
 facet normal 0.00000 0.00000 1.00000
  outer loop
   vertex -30.0520 30.0520 241.0000
   vertex -29.3541 22.5242 241.0000
   vertex -26.1630 26.1630 241.0000
  endloop
 endfacet
 facet normal 0.83147 -0.55557 0.00000
  outer loop
   vertex -29.3541 22.5242 165.0000
   vertex -32.0429 18.5000 241.0000
   vertex -32.0429 18.5000 165.0000
  endloop
 endfacet
 facet normal 0.83147 -0.55557 0.00000
  outer loop
   vertex -29.3541 22.5242 165.0000
   vertex -29.3541 22.5242 241.0000
   vertex -32.0429 18.5000 241.0000
  endloop
 endfacet
 facet normal 0.00000 0.00000 -1.00000
  outer loop
   vertex -33.7175 25.8724 165.0000
   vertex -29.3541 22.5242 165.0000
   vertex -32.0429 18.5000 165.0000
  endloop
 endfacet
 facet normal 0.00000 -0.00000 -1.00000
  outer loop
   vertex -33.7175 25.8724 165.0000
   vertex -32.0429 18.5000 165.0000
   vertex -36.8061 21.2500 165.0000
  endloop
 endfacet
 facet normal 0.00000 0.00000 1.00000
  outer loop
   vertex -33.7175 25.8724 241.0000
   vertex -36.8061 21.2500 241.0000
   vertex -32.0429 18.5000 241.0000
  endloop
 endfacet
 facet normal 0.00000 0.00000 1.00000
  outer loop
   vertex -33.7175 25.8724 241.0000
   vertex -32.0429 18.5000 241.0000
   vertex -29.3541 22.5242 241.0000
  endloop
 endfacet
 facet normal 0.89687 -0.44229 0.00000
  outer loop
   vertex -32.0429 18.5000 165.0000
   vertex -34.1835 14.1593 241.0000
   vertex -34.1835 14.1593 165.0000
  endloop
 endfacet
 facet normal 0.89687 -0.44229 0.00000
  outer loop
   vertex -32.0429 18.5000 165.0000
   vertex -32.0429 18.5000 241.0000
   vertex -34.1835 14.1593 241.0000
  endloop
 endfacet
 facet normal 0.00000 0.00000 -1.00000
  outer loop
   vertex -36.8061 21.2500 165.0000
   vertex -32.0429 18.5000 165.0000
   vertex -34.1835 14.1593 165.0000
  endloop
 endfacet
 facet normal 0.00000 -0.00000 -1.00000
  outer loop
   vertex -36.8061 21.2500 165.0000
   vertex -34.1835 14.1593 165.0000
   vertex -39.2649 16.2640 165.0000
  endloop
 endfacet
 facet normal 0.00000 0.00000 1.00000
  outer loop
   vertex -36.8061 21.2500 241.0000
   vertex -39.2649 16.2640 241.0000
   vertex -34.1835 14.1593 241.0000
  endloop
 endfacet
 facet normal 0.00000 0.00000 1.00000
  outer loop
   vertex -36.8061 21.2500 241.0000
   vertex -34.1835 14.1593 241.0000
   vertex -32.0429 18.5000 241.0000
  endloop
 endfacet
 facet normal 0.94693 -0.32144 0.00000
  outer loop
   vertex -34.1835 14.1593 165.0000
   vertex -35.7393 9.5763 241.0000
   vertex -35.7393 9.5763 165.0000
  endloop
 endfacet
 facet normal 0.94693 -0.32144 0.00000
  outer loop
   vertex -34.1835 14.1593 165.0000
   vertex -34.1835 14.1593 241.0000
   vertex -35.7393 9.5763 241.0000
  endloop
 endfacet
 facet normal 0.00000 0.00000 -1.00000
  outer loop
   vertex -39.2649 16.2640 165.0000
   vertex -34.1835 14.1593 165.0000
   vertex -35.7393 9.5763 165.0000
  endloop
 endfacet
 facet normal 0.00000 -0.00000 -1.00000
  outer loop
   vertex -39.2649 16.2640 165.0000
   vertex -35.7393 9.5763 165.0000
   vertex -41.0518 10.9998 165.0000
  endloop
 endfacet
 facet normal 0.00000 0.00000 1.00000
  outer loop
   vertex -39.2649 16.2640 241.0000
   vertex -41.0518 10.9998 241.0000
   vertex -35.7393 9.5763 241.0000
  endloop
 endfacet
 facet normal 0.00000 0.00000 1.00000
  outer loop
   vertex -39.2649 16.2640 241.0000
   vertex -35.7393 9.5763 241.0000
   vertex -34.1835 14.1593 241.0000
  endloop
 endfacet
 facet normal 0.98079 -0.19509 0.00000
  outer loop
   vertex -35.7393 9.5763 165.0000
   vertex -36.6835 4.8295 241.0000
   vertex -36.6835 4.8295 165.0000
  endloop
 endfacet
 facet normal 0.98079 -0.19509 0.00000
  outer loop
   vertex -35.7393 9.5763 165.0000
   vertex -35.7393 9.5763 241.0000
   vertex -36.6835 4.8295 241.0000
  endloop
 endfacet
 facet normal 0.00000 0.00000 -1.00000
  outer loop
   vertex -41.0518 10.9998 165.0000
   vertex -35.7393 9.5763 165.0000
   vertex -36.6835 4.8295 165.0000
  endloop
 endfacet
 facet normal 0.00000 -0.00000 -1.00000
  outer loop
   vertex -41.0518 10.9998 165.0000
   vertex -36.6835 4.8295 165.0000
   vertex -42.1364 5.5474 165.0000
  endloop
 endfacet
 facet normal 0.00000 0.00000 1.00000
  outer loop
   vertex -41.0518 10.9998 241.0000
   vertex -42.1364 5.5474 241.0000
   vertex -36.6835 4.8295 241.0000
  endloop
 endfacet
 facet normal 0.00000 0.00000 1.00000
  outer loop
   vertex -41.0518 10.9998 241.0000
   vertex -36.6835 4.8295 241.0000
   vertex -35.7393 9.5763 241.0000
  endloop
 endfacet
 facet normal 0.99786 -0.06540 0.00000
  outer loop
   vertex -36.6835 4.8295 165.0000
   vertex -37.0000 0.0000 241.0000
   vertex -37.0000 0.0000 165.0000
  endloop
 endfacet
 facet normal 0.99786 -0.06540 0.00000
  outer loop
   vertex -36.6835 4.8295 165.0000
   vertex -36.6835 4.8295 241.0000
   vertex -37.0000 0.0000 241.0000
  endloop
 endfacet
 facet normal 0.00000 0.00000 -1.00000
  outer loop
   vertex -42.1364 5.5474 165.0000
   vertex -36.6835 4.8295 165.0000
   vertex -37.0000 0.0000 165.0000
  endloop
 endfacet
 facet normal 0.00000 -0.00000 -1.00000
  outer loop
   vertex -42.1364 5.5474 165.0000
   vertex -37.0000 0.0000 165.0000
   vertex -42.5000 0.0000 165.0000
  endloop
 endfacet
 facet normal 0.00000 0.00000 1.00000
  outer loop
   vertex -42.1364 5.5474 241.0000
   vertex -42.5000 0.0000 241.0000
   vertex -37.0000 0.0000 241.0000
  endloop
 endfacet
 facet normal 0.00000 0.00000 1.00000
  outer loop
   vertex -42.1364 5.5474 241.0000
   vertex -37.0000 0.0000 241.0000
   vertex -36.6835 4.8295 241.0000
  endloop
 endfacet
 facet normal 0.99786 0.06540 0.00000
  outer loop
   vertex -37.0000 0.0000 165.0000
   vertex -36.6835 -4.8295 241.0000
   vertex -36.6835 -4.8295 165.0000
  endloop
 endfacet
 facet normal 0.99786 0.06540 -0.00000
  outer loop
   vertex -37.0000 0.0000 165.0000
   vertex -37.0000 0.0000 241.0000
   vertex -36.6835 -4.8295 241.0000
  endloop
 endfacet
 facet normal 0.00000 0.00000 -1.00000
  outer loop
   vertex -42.5000 0.0000 165.0000
   vertex -37.0000 0.0000 165.0000
   vertex -36.6835 -4.8295 165.0000
  endloop
 endfacet
 facet normal 0.00000 0.00000 -1.00000
  outer loop
   vertex -42.5000 0.0000 165.0000
   vertex -36.6835 -4.8295 165.0000
   vertex -42.1364 -5.5474 165.0000
  endloop
 endfacet
 facet normal 0.00000 0.00000 1.00000
  outer loop
   vertex -42.5000 0.0000 241.0000
   vertex -42.1364 -5.5474 241.0000
   vertex -36.6835 -4.8295 241.0000
  endloop
 endfacet
 facet normal 0.00000 0.00000 1.00000
  outer loop
   vertex -42.5000 0.0000 241.0000
   vertex -36.6835 -4.8295 241.0000
   vertex -37.0000 0.0000 241.0000
  endloop
 endfacet
 facet normal 0.98079 0.19509 0.00000
  outer loop
   vertex -36.6835 -4.8295 165.0000
   vertex -35.7393 -9.5763 241.0000
   vertex -35.7393 -9.5763 165.0000
  endloop
 endfacet
 facet normal 0.98079 0.19509 -0.00000
  outer loop
   vertex -36.6835 -4.8295 165.0000
   vertex -36.6835 -4.8295 241.0000
   vertex -35.7393 -9.5763 241.0000
  endloop
 endfacet
 facet normal 0.00000 0.00000 -1.00000
  outer loop
   vertex -42.1364 -5.5474 165.0000
   vertex -36.6835 -4.8295 165.0000
   vertex -35.7393 -9.5763 165.0000
  endloop
 endfacet
 facet normal 0.00000 0.00000 -1.00000
  outer loop
   vertex -42.1364 -5.5474 165.0000
   vertex -35.7393 -9.5763 165.0000
   vertex -41.0518 -10.9998 165.0000
  endloop
 endfacet
 facet normal 0.00000 0.00000 1.00000
  outer loop
   vertex -42.1364 -5.5474 241.0000
   vertex -41.0518 -10.9998 241.0000
   vertex -35.7393 -9.5763 241.0000
  endloop
 endfacet
 facet normal -0.00000 0.00000 1.00000
  outer loop
   vertex -42.1364 -5.5474 241.0000
   vertex -35.7393 -9.5763 241.0000
   vertex -36.6835 -4.8295 241.0000
  endloop
 endfacet
 facet normal 0.94693 0.32144 0.00000
  outer loop
   vertex -35.7393 -9.5763 165.0000
   vertex -34.1835 -14.1593 241.0000
   vertex -34.1835 -14.1593 165.0000
  endloop
 endfacet
 facet normal 0.94693 0.32144 -0.00000
  outer loop
   vertex -35.7393 -9.5763 165.0000
   vertex -35.7393 -9.5763 241.0000
   vertex -34.1835 -14.1593 241.0000
  endloop
 endfacet
 facet normal 0.00000 0.00000 -1.00000
  outer loop
   vertex -41.0518 -10.9998 165.0000
   vertex -35.7393 -9.5763 165.0000
   vertex -34.1835 -14.1593 165.0000
  endloop
 endfacet
 facet normal 0.00000 0.00000 -1.00000
  outer loop
   vertex -41.0518 -10.9998 165.0000
   vertex -34.1835 -14.1593 165.0000
   vertex -39.2649 -16.2640 165.0000
  endloop
 endfacet
 facet normal 0.00000 0.00000 1.00000
  outer loop
   vertex -41.0518 -10.9998 241.0000
   vertex -39.2649 -16.2640 241.0000
   vertex -34.1835 -14.1593 241.0000
  endloop
 endfacet
 facet normal -0.00000 0.00000 1.00000
  outer loop
   vertex -41.0518 -10.9998 241.0000
   vertex -34.1835 -14.1593 241.0000
   vertex -35.7393 -9.5763 241.0000
  endloop
 endfacet
 facet normal 0.89687 0.44229 0.00000
  outer loop
   vertex -34.1835 -14.1593 165.0000
   vertex -32.0429 -18.5000 241.0000
   vertex -32.0429 -18.5000 165.0000
  endloop
 endfacet
 facet normal 0.89687 0.44229 -0.00000
  outer loop
   vertex -34.1835 -14.1593 165.0000
   vertex -34.1835 -14.1593 241.0000
   vertex -32.0429 -18.5000 241.0000
  endloop
 endfacet
 facet normal 0.00000 0.00000 -1.00000
  outer loop
   vertex -39.2649 -16.2640 165.0000
   vertex -34.1835 -14.1593 165.0000
   vertex -32.0429 -18.5000 165.0000
  endloop
 endfacet
 facet normal 0.00000 0.00000 -1.00000
  outer loop
   vertex -39.2649 -16.2640 165.0000
   vertex -32.0429 -18.5000 165.0000
   vertex -36.8061 -21.2500 165.0000
  endloop
 endfacet
 facet normal 0.00000 0.00000 1.00000
  outer loop
   vertex -39.2649 -16.2640 241.0000
   vertex -36.8061 -21.2500 241.0000
   vertex -32.0429 -18.5000 241.0000
  endloop
 endfacet
 facet normal -0.00000 0.00000 1.00000
  outer loop
   vertex -39.2649 -16.2640 241.0000
   vertex -32.0429 -18.5000 241.0000
   vertex -34.1835 -14.1593 241.0000
  endloop
 endfacet
 facet normal 0.83147 0.55557 0.00000
  outer loop
   vertex -32.0429 -18.5000 165.0000
   vertex -29.3541 -22.5242 241.0000
   vertex -29.3541 -22.5242 165.0000
  endloop
 endfacet
 facet normal 0.83147 0.55557 -0.00000
  outer loop
   vertex -32.0429 -18.5000 165.0000
   vertex -32.0429 -18.5000 241.0000
   vertex -29.3541 -22.5242 241.0000
  endloop
 endfacet
 facet normal 0.00000 0.00000 -1.00000
  outer loop
   vertex -36.8061 -21.2500 165.0000
   vertex -32.0429 -18.5000 165.0000
   vertex -29.3541 -22.5242 165.0000
  endloop
 endfacet
 facet normal 0.00000 0.00000 -1.00000
  outer loop
   vertex -36.8061 -21.2500 165.0000
   vertex -29.3541 -22.5242 165.0000
   vertex -33.7175 -25.8724 165.0000
  endloop
 endfacet
 facet normal 0.00000 0.00000 1.00000
  outer loop
   vertex -36.8061 -21.2500 241.0000
   vertex -33.7175 -25.8724 241.0000
   vertex -29.3541 -22.5242 241.0000
  endloop
 endfacet
 facet normal -0.00000 0.00000 1.00000
  outer loop
   vertex -36.8061 -21.2500 241.0000
   vertex -29.3541 -22.5242 241.0000
   vertex -32.0429 -18.5000 241.0000
  endloop
 endfacet
 facet normal 0.75184 0.65935 0.00000
  outer loop
   vertex -29.3541 -22.5242 165.0000
   vertex -26.1630 -26.1630 241.0000
   vertex -26.1630 -26.1630 165.0000
  endloop
 endfacet
 facet normal 0.75184 0.65935 -0.00000
  outer loop
   vertex -29.3541 -22.5242 165.0000
   vertex -29.3541 -22.5242 241.0000
   vertex -26.1630 -26.1630 241.0000
  endloop
 endfacet
 facet normal 0.00000 0.00000 -1.00000
  outer loop
   vertex -33.7175 -25.8724 165.0000
   vertex -29.3541 -22.5242 165.0000
   vertex -26.1630 -26.1630 165.0000
  endloop
 endfacet
 facet normal 0.00000 0.00000 -1.00000
  outer loop
   vertex -33.7175 -25.8724 165.0000
   vertex -26.1630 -26.1630 165.0000
   vertex -30.0520 -30.0520 165.0000
  endloop
 endfacet
 facet normal 0.00000 0.00000 1.00000
  outer loop
   vertex -33.7175 -25.8724 241.0000
   vertex -30.0520 -30.0520 241.0000
   vertex -26.1630 -26.1630 241.0000
  endloop
 endfacet
 facet normal -0.00000 0.00000 1.00000
  outer loop
   vertex -33.7175 -25.8724 241.0000
   vertex -26.1630 -26.1630 241.0000
   vertex -29.3541 -22.5242 241.0000
  endloop
 endfacet
 facet normal 0.65935 0.75184 0.00000
  outer loop
   vertex -26.1630 -26.1630 165.0000
   vertex -22.5242 -29.3541 241.0000
   vertex -22.5242 -29.3541 165.0000
  endloop
 endfacet
 facet normal 0.65935 0.75184 -0.00000
  outer loop
   vertex -26.1630 -26.1630 165.0000
   vertex -26.1630 -26.1630 241.0000
   vertex -22.5242 -29.3541 241.0000
  endloop
 endfacet
 facet normal 0.00000 0.00000 -1.00000
  outer loop
   vertex -30.0520 -30.0520 165.0000
   vertex -26.1630 -26.1630 165.0000
   vertex -22.5242 -29.3541 165.0000
  endloop
 endfacet
 facet normal 0.00000 0.00000 -1.00000
  outer loop
   vertex -30.0520 -30.0520 165.0000
   vertex -22.5242 -29.3541 165.0000
   vertex -25.8724 -33.7175 165.0000
  endloop
 endfacet
 facet normal -0.00000 0.00000 1.00000
  outer loop
   vertex -30.0520 -30.0520 241.0000
   vertex -25.8724 -33.7175 241.0000
   vertex -22.5242 -29.3541 241.0000
  endloop
 endfacet
 facet normal 0.00000 0.00000 1.00000
  outer loop
   vertex -30.0520 -30.0520 241.0000
   vertex -22.5242 -29.3541 241.0000
   vertex -26.1630 -26.1630 241.0000
  endloop
 endfacet
 facet normal 0.55557 0.83147 0.00000
  outer loop
   vertex -22.5242 -29.3541 165.0000
   vertex -18.5000 -32.0429 241.0000
   vertex -18.5000 -32.0429 165.0000
  endloop
 endfacet
 facet normal 0.55557 0.83147 -0.00000
  outer loop
   vertex -22.5242 -29.3541 165.0000
   vertex -22.5242 -29.3541 241.0000
   vertex -18.5000 -32.0429 241.0000
  endloop
 endfacet
 facet normal 0.00000 0.00000 -1.00000
  outer loop
   vertex -25.8724 -33.7175 165.0000
   vertex -22.5242 -29.3541 165.0000
   vertex -18.5000 -32.0429 165.0000
  endloop
 endfacet
 facet normal 0.00000 0.00000 -1.00000
  outer loop
   vertex -25.8724 -33.7175 165.0000
   vertex -18.5000 -32.0429 165.0000
   vertex -21.2500 -36.8061 165.0000
  endloop
 endfacet
 facet normal -0.00000 0.00000 1.00000
  outer loop
   vertex -25.8724 -33.7175 241.0000
   vertex -21.2500 -36.8061 241.0000
   vertex -18.5000 -32.0429 241.0000
  endloop
 endfacet
 facet normal 0.00000 0.00000 1.00000
  outer loop
   vertex -25.8724 -33.7175 241.0000
   vertex -18.5000 -32.0429 241.0000
   vertex -22.5242 -29.3541 241.0000
  endloop
 endfacet
 facet normal 0.44229 0.89687 0.00000
  outer loop
   vertex -18.5000 -32.0429 165.0000
   vertex -14.1593 -34.1835 241.0000
   vertex -14.1593 -34.1835 165.0000
  endloop
 endfacet
 facet normal 0.44229 0.89687 -0.00000
  outer loop
   vertex -18.5000 -32.0429 165.0000
   vertex -18.5000 -32.0429 241.0000
   vertex -14.1593 -34.1835 241.0000
  endloop
 endfacet
 facet normal 0.00000 0.00000 -1.00000
  outer loop
   vertex -21.2500 -36.8061 165.0000
   vertex -18.5000 -32.0429 165.0000
   vertex -14.1593 -34.1835 165.0000
  endloop
 endfacet
 facet normal 0.00000 0.00000 -1.00000
  outer loop
   vertex -21.2500 -36.8061 165.0000
   vertex -14.1593 -34.1835 165.0000
   vertex -16.2640 -39.2649 165.0000
  endloop
 endfacet
 facet normal -0.00000 0.00000 1.00000
  outer loop
   vertex -21.2500 -36.8061 241.0000
   vertex -16.2640 -39.2649 241.0000
   vertex -14.1593 -34.1835 241.0000
  endloop
 endfacet
 facet normal 0.00000 0.00000 1.00000
  outer loop
   vertex -21.2500 -36.8061 241.0000
   vertex -14.1593 -34.1835 241.0000
   vertex -18.5000 -32.0429 241.0000
  endloop
 endfacet
 facet normal 0.32144 0.94693 0.00000
  outer loop
   vertex -14.1593 -34.1835 165.0000
   vertex -9.5763 -35.7393 241.0000
   vertex -9.5763 -35.7393 165.0000
  endloop
 endfacet
 facet normal 0.32144 0.94693 -0.00000
  outer loop
   vertex -14.1593 -34.1835 165.0000
   vertex -14.1593 -34.1835 241.0000
   vertex -9.5763 -35.7393 241.0000
  endloop
 endfacet
 facet normal 0.00000 0.00000 -1.00000
  outer loop
   vertex -16.2640 -39.2649 165.0000
   vertex -14.1593 -34.1835 165.0000
   vertex -9.5763 -35.7393 165.0000
  endloop
 endfacet
 facet normal 0.00000 0.00000 -1.00000
  outer loop
   vertex -16.2640 -39.2649 165.0000
   vertex -9.5763 -35.7393 165.0000
   vertex -10.9998 -41.0518 165.0000
  endloop
 endfacet
 facet normal -0.00000 0.00000 1.00000
  outer loop
   vertex -16.2640 -39.2649 241.0000
   vertex -10.9998 -41.0518 241.0000
   vertex -9.5763 -35.7393 241.0000
  endloop
 endfacet
 facet normal 0.00000 0.00000 1.00000
  outer loop
   vertex -16.2640 -39.2649 241.0000
   vertex -9.5763 -35.7393 241.0000
   vertex -14.1593 -34.1835 241.0000
  endloop
 endfacet
 facet normal 0.19509 0.98079 0.00000
  outer loop
   vertex -9.5763 -35.7393 165.0000
   vertex -4.8295 -36.6835 241.0000
   vertex -4.8295 -36.6835 165.0000
  endloop
 endfacet
 facet normal 0.19509 0.98079 -0.00000
  outer loop
   vertex -9.5763 -35.7393 165.0000
   vertex -9.5763 -35.7393 241.0000
   vertex -4.8295 -36.6835 241.0000
  endloop
 endfacet
 facet normal 0.00000 0.00000 -1.00000
  outer loop
   vertex -10.9998 -41.0518 165.0000
   vertex -9.5763 -35.7393 165.0000
   vertex -4.8295 -36.6835 165.0000
  endloop
 endfacet
 facet normal 0.00000 0.00000 -1.00000
  outer loop
   vertex -10.9998 -41.0518 165.0000
   vertex -4.8295 -36.6835 165.0000
   vertex -5.5474 -42.1364 165.0000
  endloop
 endfacet
 facet normal -0.00000 0.00000 1.00000
  outer loop
   vertex -10.9998 -41.0518 241.0000
   vertex -5.5474 -42.1364 241.0000
   vertex -4.8295 -36.6835 241.0000
  endloop
 endfacet
 facet normal 0.00000 0.00000 1.00000
  outer loop
   vertex -10.9998 -41.0518 241.0000
   vertex -4.8295 -36.6835 241.0000
   vertex -9.5763 -35.7393 241.0000
  endloop
 endfacet
 facet normal 0.06540 0.99786 0.00000
  outer loop
   vertex -4.8295 -36.6835 165.0000
   vertex -0.0000 -37.0000 241.0000
   vertex -0.0000 -37.0000 165.0000
  endloop
 endfacet
 facet normal 0.06540 0.99786 -0.00000
  outer loop
   vertex -4.8295 -36.6835 165.0000
   vertex -4.8295 -36.6835 241.0000
   vertex -0.0000 -37.0000 241.0000
  endloop
 endfacet
 facet normal 0.00000 0.00000 -1.00000
  outer loop
   vertex -5.5474 -42.1364 165.0000
   vertex -4.8295 -36.6835 165.0000
   vertex -0.0000 -37.0000 165.0000
  endloop
 endfacet
 facet normal 0.00000 0.00000 -1.00000
  outer loop
   vertex -5.5474 -42.1364 165.0000
   vertex -0.0000 -37.0000 165.0000
   vertex -0.0000 -42.5000 165.0000
  endloop
 endfacet
 facet normal -0.00000 0.00000 1.00000
  outer loop
   vertex -5.5474 -42.1364 241.0000
   vertex -0.0000 -42.5000 241.0000
   vertex -0.0000 -37.0000 241.0000
  endloop
 endfacet
 facet normal 0.00000 0.00000 1.00000
  outer loop
   vertex -5.5474 -42.1364 241.0000
   vertex -0.0000 -37.0000 241.0000
   vertex -4.8295 -36.6835 241.0000
  endloop
 endfacet
 facet normal -0.06540 0.99786 0.00000
  outer loop
   vertex -0.0000 -37.0000 165.0000
   vertex 4.8295 -36.6835 241.0000
   vertex 4.8295 -36.6835 165.0000
  endloop
 endfacet
 facet normal -0.06540 0.99786 0.00000
  outer loop
   vertex -0.0000 -37.0000 165.0000
   vertex -0.0000 -37.0000 241.0000
   vertex 4.8295 -36.6835 241.0000
  endloop
 endfacet
 facet normal 0.00000 0.00000 -1.00000
  outer loop
   vertex -0.0000 -42.5000 165.0000
   vertex -0.0000 -37.0000 165.0000
   vertex 4.8295 -36.6835 165.0000
  endloop
 endfacet
 facet normal 0.00000 0.00000 -1.00000
  outer loop
   vertex -0.0000 -42.5000 165.0000
   vertex 4.8295 -36.6835 165.0000
   vertex 5.5474 -42.1364 165.0000
  endloop
 endfacet
 facet normal 0.00000 0.00000 1.00000
  outer loop
   vertex -0.0000 -42.5000 241.0000
   vertex 5.5474 -42.1364 241.0000
   vertex 4.8295 -36.6835 241.0000
  endloop
 endfacet
 facet normal 0.00000 0.00000 1.00000
  outer loop
   vertex -0.0000 -42.5000 241.0000
   vertex 4.8295 -36.6835 241.0000
   vertex -0.0000 -37.0000 241.0000
  endloop
 endfacet
 facet normal -0.19509 0.98079 0.00000
  outer loop
   vertex 4.8295 -36.6835 165.0000
   vertex 9.5763 -35.7393 241.0000
   vertex 9.5763 -35.7393 165.0000
  endloop
 endfacet
 facet normal -0.19509 0.98079 0.00000
  outer loop
   vertex 4.8295 -36.6835 165.0000
   vertex 4.8295 -36.6835 241.0000
   vertex 9.5763 -35.7393 241.0000
  endloop
 endfacet
 facet normal 0.00000 0.00000 -1.00000
  outer loop
   vertex 5.5474 -42.1364 165.0000
   vertex 4.8295 -36.6835 165.0000
   vertex 9.5763 -35.7393 165.0000
  endloop
 endfacet
 facet normal 0.00000 0.00000 -1.00000
  outer loop
   vertex 5.5474 -42.1364 165.0000
   vertex 9.5763 -35.7393 165.0000
   vertex 10.9998 -41.0518 165.0000
  endloop
 endfacet
 facet normal 0.00000 0.00000 1.00000
  outer loop
   vertex 5.5474 -42.1364 241.0000
   vertex 10.9998 -41.0518 241.0000
   vertex 9.5763 -35.7393 241.0000
  endloop
 endfacet
 facet normal 0.00000 -0.00000 1.00000
  outer loop
   vertex 5.5474 -42.1364 241.0000
   vertex 9.5763 -35.7393 241.0000
   vertex 4.8295 -36.6835 241.0000
  endloop
 endfacet
 facet normal -0.32144 0.94693 0.00000
  outer loop
   vertex 9.5763 -35.7393 165.0000
   vertex 14.1593 -34.1835 241.0000
   vertex 14.1593 -34.1835 165.0000
  endloop
 endfacet
 facet normal -0.32144 0.94693 0.00000
  outer loop
   vertex 9.5763 -35.7393 165.0000
   vertex 9.5763 -35.7393 241.0000
   vertex 14.1593 -34.1835 241.0000
  endloop
 endfacet
 facet normal 0.00000 0.00000 -1.00000
  outer loop
   vertex 10.9998 -41.0518 165.0000
   vertex 9.5763 -35.7393 165.0000
   vertex 14.1593 -34.1835 165.0000
  endloop
 endfacet
 facet normal 0.00000 0.00000 -1.00000
  outer loop
   vertex 10.9998 -41.0518 165.0000
   vertex 14.1593 -34.1835 165.0000
   vertex 16.2640 -39.2649 165.0000
  endloop
 endfacet
 facet normal 0.00000 0.00000 1.00000
  outer loop
   vertex 10.9998 -41.0518 241.0000
   vertex 16.2640 -39.2649 241.0000
   vertex 14.1593 -34.1835 241.0000
  endloop
 endfacet
 facet normal 0.00000 -0.00000 1.00000
  outer loop
   vertex 10.9998 -41.0518 241.0000
   vertex 14.1593 -34.1835 241.0000
   vertex 9.5763 -35.7393 241.0000
  endloop
 endfacet
 facet normal -0.44229 0.89687 0.00000
  outer loop
   vertex 14.1593 -34.1835 165.0000
   vertex 18.5000 -32.0429 241.0000
   vertex 18.5000 -32.0429 165.0000
  endloop
 endfacet
 facet normal -0.44229 0.89687 0.00000
  outer loop
   vertex 14.1593 -34.1835 165.0000
   vertex 14.1593 -34.1835 241.0000
   vertex 18.5000 -32.0429 241.0000
  endloop
 endfacet
 facet normal 0.00000 0.00000 -1.00000
  outer loop
   vertex 16.2640 -39.2649 165.0000
   vertex 14.1593 -34.1835 165.0000
   vertex 18.5000 -32.0429 165.0000
  endloop
 endfacet
 facet normal 0.00000 0.00000 -1.00000
  outer loop
   vertex 16.2640 -39.2649 165.0000
   vertex 18.5000 -32.0429 165.0000
   vertex 21.2500 -36.8061 165.0000
  endloop
 endfacet
 facet normal 0.00000 0.00000 1.00000
  outer loop
   vertex 16.2640 -39.2649 241.0000
   vertex 21.2500 -36.8061 241.0000
   vertex 18.5000 -32.0429 241.0000
  endloop
 endfacet
 facet normal 0.00000 -0.00000 1.00000
  outer loop
   vertex 16.2640 -39.2649 241.0000
   vertex 18.5000 -32.0429 241.0000
   vertex 14.1593 -34.1835 241.0000
  endloop
 endfacet
 facet normal -0.55557 0.83147 0.00000
  outer loop
   vertex 18.5000 -32.0429 165.0000
   vertex 22.5242 -29.3541 241.0000
   vertex 22.5242 -29.3541 165.0000
  endloop
 endfacet
 facet normal -0.55557 0.83147 0.00000
  outer loop
   vertex 18.5000 -32.0429 165.0000
   vertex 18.5000 -32.0429 241.0000
   vertex 22.5242 -29.3541 241.0000
  endloop
 endfacet
 facet normal 0.00000 0.00000 -1.00000
  outer loop
   vertex 21.2500 -36.8061 165.0000
   vertex 18.5000 -32.0429 165.0000
   vertex 22.5242 -29.3541 165.0000
  endloop
 endfacet
 facet normal 0.00000 0.00000 -1.00000
  outer loop
   vertex 21.2500 -36.8061 165.0000
   vertex 22.5242 -29.3541 165.0000
   vertex 25.8724 -33.7175 165.0000
  endloop
 endfacet
 facet normal 0.00000 0.00000 1.00000
  outer loop
   vertex 21.2500 -36.8061 241.0000
   vertex 25.8724 -33.7175 241.0000
   vertex 22.5242 -29.3541 241.0000
  endloop
 endfacet
 facet normal 0.00000 -0.00000 1.00000
  outer loop
   vertex 21.2500 -36.8061 241.0000
   vertex 22.5242 -29.3541 241.0000
   vertex 18.5000 -32.0429 241.0000
  endloop
 endfacet
 facet normal -0.65935 0.75184 0.00000
  outer loop
   vertex 22.5242 -29.3541 165.0000
   vertex 26.1630 -26.1630 241.0000
   vertex 26.1630 -26.1630 165.0000
  endloop
 endfacet
 facet normal -0.65935 0.75184 0.00000
  outer loop
   vertex 22.5242 -29.3541 165.0000
   vertex 22.5242 -29.3541 241.0000
   vertex 26.1630 -26.1630 241.0000
  endloop
 endfacet
 facet normal 0.00000 0.00000 -1.00000
  outer loop
   vertex 25.8724 -33.7175 165.0000
   vertex 22.5242 -29.3541 165.0000
   vertex 26.1630 -26.1630 165.0000
  endloop
 endfacet
 facet normal 0.00000 0.00000 -1.00000
  outer loop
   vertex 25.8724 -33.7175 165.0000
   vertex 26.1630 -26.1630 165.0000
   vertex 30.0520 -30.0520 165.0000
  endloop
 endfacet
 facet normal 0.00000 0.00000 1.00000
  outer loop
   vertex 25.8724 -33.7175 241.0000
   vertex 30.0520 -30.0520 241.0000
   vertex 26.1630 -26.1630 241.0000
  endloop
 endfacet
 facet normal 0.00000 -0.00000 1.00000
  outer loop
   vertex 25.8724 -33.7175 241.0000
   vertex 26.1630 -26.1630 241.0000
   vertex 22.5242 -29.3541 241.0000
  endloop
 endfacet
 facet normal -0.75184 0.65935 0.00000
  outer loop
   vertex 26.1630 -26.1630 165.0000
   vertex 29.3541 -22.5242 241.0000
   vertex 29.3541 -22.5242 165.0000
  endloop
 endfacet
 facet normal -0.75184 0.65935 0.00000
  outer loop
   vertex 26.1630 -26.1630 165.0000
   vertex 26.1630 -26.1630 241.0000
   vertex 29.3541 -22.5242 241.0000
  endloop
 endfacet
 facet normal 0.00000 0.00000 -1.00000
  outer loop
   vertex 30.0520 -30.0520 165.0000
   vertex 26.1630 -26.1630 165.0000
   vertex 29.3541 -22.5242 165.0000
  endloop
 endfacet
 facet normal 0.00000 0.00000 -1.00000
  outer loop
   vertex 30.0520 -30.0520 165.0000
   vertex 29.3541 -22.5242 165.0000
   vertex 33.7175 -25.8724 165.0000
  endloop
 endfacet
 facet normal 0.00000 -0.00000 1.00000
  outer loop
   vertex 30.0520 -30.0520 241.0000
   vertex 33.7175 -25.8724 241.0000
   vertex 29.3541 -22.5242 241.0000
  endloop
 endfacet
 facet normal 0.00000 0.00000 1.00000
  outer loop
   vertex 30.0520 -30.0520 241.0000
   vertex 29.3541 -22.5242 241.0000
   vertex 26.1630 -26.1630 241.0000
  endloop
 endfacet
 facet normal -0.83147 0.55557 0.00000
  outer loop
   vertex 29.3541 -22.5242 165.0000
   vertex 32.0429 -18.5000 241.0000
   vertex 32.0429 -18.5000 165.0000
  endloop
 endfacet
 facet normal -0.83147 0.55557 0.00000
  outer loop
   vertex 29.3541 -22.5242 165.0000
   vertex 29.3541 -22.5242 241.0000
   vertex 32.0429 -18.5000 241.0000
  endloop
 endfacet
 facet normal 0.00000 0.00000 -1.00000
  outer loop
   vertex 33.7175 -25.8724 165.0000
   vertex 29.3541 -22.5242 165.0000
   vertex 32.0429 -18.5000 165.0000
  endloop
 endfacet
 facet normal 0.00000 0.00000 -1.00000
  outer loop
   vertex 33.7175 -25.8724 165.0000
   vertex 32.0429 -18.5000 165.0000
   vertex 36.8061 -21.2500 165.0000
  endloop
 endfacet
 facet normal 0.00000 -0.00000 1.00000
  outer loop
   vertex 33.7175 -25.8724 241.0000
   vertex 36.8061 -21.2500 241.0000
   vertex 32.0429 -18.5000 241.0000
  endloop
 endfacet
 facet normal 0.00000 0.00000 1.00000
  outer loop
   vertex 33.7175 -25.8724 241.0000
   vertex 32.0429 -18.5000 241.0000
   vertex 29.3541 -22.5242 241.0000
  endloop
 endfacet
 facet normal -0.89687 0.44229 0.00000
  outer loop
   vertex 32.0429 -18.5000 165.0000
   vertex 34.1835 -14.1593 241.0000
   vertex 34.1835 -14.1593 165.0000
  endloop
 endfacet
 facet normal -0.89687 0.44229 0.00000
  outer loop
   vertex 32.0429 -18.5000 165.0000
   vertex 32.0429 -18.5000 241.0000
   vertex 34.1835 -14.1593 241.0000
  endloop
 endfacet
 facet normal 0.00000 0.00000 -1.00000
  outer loop
   vertex 36.8061 -21.2500 165.0000
   vertex 32.0429 -18.5000 165.0000
   vertex 34.1835 -14.1593 165.0000
  endloop
 endfacet
 facet normal 0.00000 0.00000 -1.00000
  outer loop
   vertex 36.8061 -21.2500 165.0000
   vertex 34.1835 -14.1593 165.0000
   vertex 39.2649 -16.2640 165.0000
  endloop
 endfacet
 facet normal 0.00000 -0.00000 1.00000
  outer loop
   vertex 36.8061 -21.2500 241.0000
   vertex 39.2649 -16.2640 241.0000
   vertex 34.1835 -14.1593 241.0000
  endloop
 endfacet
 facet normal 0.00000 0.00000 1.00000
  outer loop
   vertex 36.8061 -21.2500 241.0000
   vertex 34.1835 -14.1593 241.0000
   vertex 32.0429 -18.5000 241.0000
  endloop
 endfacet
 facet normal -0.94693 0.32144 0.00000
  outer loop
   vertex 34.1835 -14.1593 165.0000
   vertex 35.7393 -9.5763 241.0000
   vertex 35.7393 -9.5763 165.0000
  endloop
 endfacet
 facet normal -0.94693 0.32144 0.00000
  outer loop
   vertex 34.1835 -14.1593 165.0000
   vertex 34.1835 -14.1593 241.0000
   vertex 35.7393 -9.5763 241.0000
  endloop
 endfacet
 facet normal 0.00000 0.00000 -1.00000
  outer loop
   vertex 39.2649 -16.2640 165.0000
   vertex 34.1835 -14.1593 165.0000
   vertex 35.7393 -9.5763 165.0000
  endloop
 endfacet
 facet normal 0.00000 0.00000 -1.00000
  outer loop
   vertex 39.2649 -16.2640 165.0000
   vertex 35.7393 -9.5763 165.0000
   vertex 41.0518 -10.9998 165.0000
  endloop
 endfacet
 facet normal 0.00000 -0.00000 1.00000
  outer loop
   vertex 39.2649 -16.2640 241.0000
   vertex 41.0518 -10.9998 241.0000
   vertex 35.7393 -9.5763 241.0000
  endloop
 endfacet
 facet normal 0.00000 0.00000 1.00000
  outer loop
   vertex 39.2649 -16.2640 241.0000
   vertex 35.7393 -9.5763 241.0000
   vertex 34.1835 -14.1593 241.0000
  endloop
 endfacet
 facet normal -0.98079 0.19509 0.00000
  outer loop
   vertex 35.7393 -9.5763 165.0000
   vertex 36.6835 -4.8295 241.0000
   vertex 36.6835 -4.8295 165.0000
  endloop
 endfacet
 facet normal -0.98079 0.19509 0.00000
  outer loop
   vertex 35.7393 -9.5763 165.0000
   vertex 35.7393 -9.5763 241.0000
   vertex 36.6835 -4.8295 241.0000
  endloop
 endfacet
 facet normal 0.00000 0.00000 -1.00000
  outer loop
   vertex 41.0518 -10.9998 165.0000
   vertex 35.7393 -9.5763 165.0000
   vertex 36.6835 -4.8295 165.0000
  endloop
 endfacet
 facet normal 0.00000 0.00000 -1.00000
  outer loop
   vertex 41.0518 -10.9998 165.0000
   vertex 36.6835 -4.8295 165.0000
   vertex 42.1364 -5.5474 165.0000
  endloop
 endfacet
 facet normal 0.00000 -0.00000 1.00000
  outer loop
   vertex 41.0518 -10.9998 241.0000
   vertex 42.1364 -5.5474 241.0000
   vertex 36.6835 -4.8295 241.0000
  endloop
 endfacet
 facet normal 0.00000 0.00000 1.00000
  outer loop
   vertex 41.0518 -10.9998 241.0000
   vertex 36.6835 -4.8295 241.0000
   vertex 35.7393 -9.5763 241.0000
  endloop
 endfacet
 facet normal -0.99786 0.06540 0.00000
  outer loop
   vertex 36.6835 -4.8295 165.0000
   vertex 37.0000 0.0000 241.0000
   vertex 37.0000 0.0000 165.0000
  endloop
 endfacet
 facet normal -0.99786 0.06540 0.00000
  outer loop
   vertex 36.6835 -4.8295 165.0000
   vertex 36.6835 -4.8295 241.0000
   vertex 37.0000 0.0000 241.0000
  endloop
 endfacet
 facet normal 0.00000 0.00000 -1.00000
  outer loop
   vertex 42.1364 -5.5474 165.0000
   vertex 36.6835 -4.8295 165.0000
   vertex 37.0000 0.0000 165.0000
  endloop
 endfacet
 facet normal 0.00000 0.00000 -1.00000
  outer loop
   vertex 42.1364 -5.5474 165.0000
   vertex 37.0000 0.0000 165.0000
   vertex 42.5000 0.0000 165.0000
  endloop
 endfacet
 facet normal 0.00000 -0.00000 1.00000
  outer loop
   vertex 42.1364 -5.5474 241.0000
   vertex 42.5000 0.0000 241.0000
   vertex 37.0000 0.0000 241.0000
  endloop
 endfacet
 facet normal 0.00000 0.00000 1.00000
  outer loop
   vertex 42.1364 -5.5474 241.0000
   vertex 37.0000 0.0000 241.0000
   vertex 36.6835 -4.8295 241.0000
  endloop
 endfacet
 facet normal 0.99786 0.06540 0.00000
  outer loop
   vertex 36.0000 0.0000 165.0000
   vertex 35.6920 4.6989 165.0000
   vertex 35.6920 4.6989 233.0000
  endloop
 endfacet
 facet normal 0.99786 0.06540 -0.00000
  outer loop
   vertex 36.0000 0.0000 165.0000
   vertex 35.6920 4.6989 233.0000
   vertex 36.0000 0.0000 233.0000
  endloop
 endfacet
 facet normal 0.98079 0.19509 0.00000
  outer loop
   vertex 35.6920 4.6989 165.0000
   vertex 34.7733 9.3175 165.0000
   vertex 34.7733 9.3175 233.0000
  endloop
 endfacet
 facet normal 0.98079 0.19509 -0.00000
  outer loop
   vertex 35.6920 4.6989 165.0000
   vertex 34.7733 9.3175 233.0000
   vertex 35.6920 4.6989 233.0000
  endloop
 endfacet
 facet normal 0.94693 0.32144 0.00000
  outer loop
   vertex 34.7733 9.3175 165.0000
   vertex 33.2597 13.7766 165.0000
   vertex 33.2597 13.7766 233.0000
  endloop
 endfacet
 facet normal 0.94693 0.32144 -0.00000
  outer loop
   vertex 34.7733 9.3175 165.0000
   vertex 33.2597 13.7766 233.0000
   vertex 34.7733 9.3175 233.0000
  endloop
 endfacet
 facet normal 0.89687 0.44229 0.00000
  outer loop
   vertex 33.2597 13.7766 165.0000
   vertex 31.1769 18.0000 165.0000
   vertex 31.1769 18.0000 233.0000
  endloop
 endfacet
 facet normal 0.89687 0.44229 -0.00000
  outer loop
   vertex 33.2597 13.7766 165.0000
   vertex 31.1769 18.0000 233.0000
   vertex 33.2597 13.7766 233.0000
  endloop
 endfacet
 facet normal 0.83147 0.55557 0.00000
  outer loop
   vertex 31.1769 18.0000 165.0000
   vertex 28.5607 21.9154 165.0000
   vertex 28.5607 21.9154 233.0000
  endloop
 endfacet
 facet normal 0.83147 0.55557 -0.00000
  outer loop
   vertex 31.1769 18.0000 165.0000
   vertex 28.5607 21.9154 233.0000
   vertex 31.1769 18.0000 233.0000
  endloop
 endfacet
 facet normal 0.75184 0.65935 0.00000
  outer loop
   vertex 28.5607 21.9154 165.0000
   vertex 25.4558 25.4558 165.0000
   vertex 25.4558 25.4558 233.0000
  endloop
 endfacet
 facet normal 0.75184 0.65935 -0.00000
  outer loop
   vertex 28.5607 21.9154 165.0000
   vertex 25.4558 25.4558 233.0000
   vertex 28.5607 21.9154 233.0000
  endloop
 endfacet
 facet normal 0.65935 0.75184 0.00000
  outer loop
   vertex 25.4558 25.4558 165.0000
   vertex 21.9154 28.5607 165.0000
   vertex 21.9154 28.5607 233.0000
  endloop
 endfacet
 facet normal 0.65935 0.75184 -0.00000
  outer loop
   vertex 25.4558 25.4558 165.0000
   vertex 21.9154 28.5607 233.0000
   vertex 25.4558 25.4558 233.0000
  endloop
 endfacet
 facet normal 0.55557 0.83147 0.00000
  outer loop
   vertex 21.9154 28.5607 165.0000
   vertex 18.0000 31.1769 165.0000
   vertex 18.0000 31.1769 233.0000
  endloop
 endfacet
 facet normal 0.55557 0.83147 -0.00000
  outer loop
   vertex 21.9154 28.5607 165.0000
   vertex 18.0000 31.1769 233.0000
   vertex 21.9154 28.5607 233.0000
  endloop
 endfacet
 facet normal 0.44229 0.89687 0.00000
  outer loop
   vertex 18.0000 31.1769 165.0000
   vertex 13.7766 33.2597 165.0000
   vertex 13.7766 33.2597 233.0000
  endloop
 endfacet
 facet normal 0.44229 0.89687 -0.00000
  outer loop
   vertex 18.0000 31.1769 165.0000
   vertex 13.7766 33.2597 233.0000
   vertex 18.0000 31.1769 233.0000
  endloop
 endfacet
 facet normal 0.32144 0.94693 0.00000
  outer loop
   vertex 13.7766 33.2597 165.0000
   vertex 9.3175 34.7733 165.0000
   vertex 9.3175 34.7733 233.0000
  endloop
 endfacet
 facet normal 0.32144 0.94693 -0.00000
  outer loop
   vertex 13.7766 33.2597 165.0000
   vertex 9.3175 34.7733 233.0000
   vertex 13.7766 33.2597 233.0000
  endloop
 endfacet
 facet normal 0.19509 0.98079 0.00000
  outer loop
   vertex 9.3175 34.7733 165.0000
   vertex 4.6989 35.6920 165.0000
   vertex 4.6989 35.6920 233.0000
  endloop
 endfacet
 facet normal 0.19509 0.98079 -0.00000
  outer loop
   vertex 9.3175 34.7733 165.0000
   vertex 4.6989 35.6920 233.0000
   vertex 9.3175 34.7733 233.0000
  endloop
 endfacet
 facet normal 0.06540 0.99786 0.00000
  outer loop
   vertex 4.6989 35.6920 165.0000
   vertex 0.0000 36.0000 165.0000
   vertex 0.0000 36.0000 233.0000
  endloop
 endfacet
 facet normal 0.06540 0.99786 -0.00000
  outer loop
   vertex 4.6989 35.6920 165.0000
   vertex 0.0000 36.0000 233.0000
   vertex 4.6989 35.6920 233.0000
  endloop
 endfacet
 facet normal -0.06540 0.99786 0.00000
  outer loop
   vertex 0.0000 36.0000 165.0000
   vertex -4.6989 35.6920 165.0000
   vertex -4.6989 35.6920 233.0000
  endloop
 endfacet
 facet normal -0.06540 0.99786 0.00000
  outer loop
   vertex 0.0000 36.0000 165.0000
   vertex -4.6989 35.6920 233.0000
   vertex 0.0000 36.0000 233.0000
  endloop
 endfacet
 facet normal -0.19509 0.98079 0.00000
  outer loop
   vertex -4.6989 35.6920 165.0000
   vertex -9.3175 34.7733 165.0000
   vertex -9.3175 34.7733 233.0000
  endloop
 endfacet
 facet normal -0.19509 0.98079 0.00000
  outer loop
   vertex -4.6989 35.6920 165.0000
   vertex -9.3175 34.7733 233.0000
   vertex -4.6989 35.6920 233.0000
  endloop
 endfacet
 facet normal -0.32144 0.94693 0.00000
  outer loop
   vertex -9.3175 34.7733 165.0000
   vertex -13.7766 33.2597 165.0000
   vertex -13.7766 33.2597 233.0000
  endloop
 endfacet
 facet normal -0.32144 0.94693 0.00000
  outer loop
   vertex -9.3175 34.7733 165.0000
   vertex -13.7766 33.2597 233.0000
   vertex -9.3175 34.7733 233.0000
  endloop
 endfacet
 facet normal -0.44229 0.89687 0.00000
  outer loop
   vertex -13.7766 33.2597 165.0000
   vertex -18.0000 31.1769 165.0000
   vertex -18.0000 31.1769 233.0000
  endloop
 endfacet
 facet normal -0.44229 0.89687 0.00000
  outer loop
   vertex -13.7766 33.2597 165.0000
   vertex -18.0000 31.1769 233.0000
   vertex -13.7766 33.2597 233.0000
  endloop
 endfacet
 facet normal -0.55557 0.83147 0.00000
  outer loop
   vertex -18.0000 31.1769 165.0000
   vertex -21.9154 28.5607 165.0000
   vertex -21.9154 28.5607 233.0000
  endloop
 endfacet
 facet normal -0.55557 0.83147 0.00000
  outer loop
   vertex -18.0000 31.1769 165.0000
   vertex -21.9154 28.5607 233.0000
   vertex -18.0000 31.1769 233.0000
  endloop
 endfacet
 facet normal -0.65935 0.75184 0.00000
  outer loop
   vertex -21.9154 28.5607 165.0000
   vertex -25.4558 25.4558 165.0000
   vertex -25.4558 25.4558 233.0000
  endloop
 endfacet
 facet normal -0.65935 0.75184 0.00000
  outer loop
   vertex -21.9154 28.5607 165.0000
   vertex -25.4558 25.4558 233.0000
   vertex -21.9154 28.5607 233.0000
  endloop
 endfacet
 facet normal -0.75184 0.65935 0.00000
  outer loop
   vertex -25.4558 25.4558 165.0000
   vertex -28.5607 21.9154 165.0000
   vertex -28.5607 21.9154 233.0000
  endloop
 endfacet
 facet normal -0.75184 0.65935 0.00000
  outer loop
   vertex -25.4558 25.4558 165.0000
   vertex -28.5607 21.9154 233.0000
   vertex -25.4558 25.4558 233.0000
  endloop
 endfacet
 facet normal -0.83147 0.55557 0.00000
  outer loop
   vertex -28.5607 21.9154 165.0000
   vertex -31.1769 18.0000 165.0000
   vertex -31.1769 18.0000 233.0000
  endloop
 endfacet
 facet normal -0.83147 0.55557 0.00000
  outer loop
   vertex -28.5607 21.9154 165.0000
   vertex -31.1769 18.0000 233.0000
   vertex -28.5607 21.9154 233.0000
  endloop
 endfacet
 facet normal -0.89687 0.44229 0.00000
  outer loop
   vertex -31.1769 18.0000 165.0000
   vertex -33.2597 13.7766 165.0000
   vertex -33.2597 13.7766 233.0000
  endloop
 endfacet
 facet normal -0.89687 0.44229 0.00000
  outer loop
   vertex -31.1769 18.0000 165.0000
   vertex -33.2597 13.7766 233.0000
   vertex -31.1769 18.0000 233.0000
  endloop
 endfacet
 facet normal -0.94693 0.32144 0.00000
  outer loop
   vertex -33.2597 13.7766 165.0000
   vertex -34.7733 9.3175 165.0000
   vertex -34.7733 9.3175 233.0000
  endloop
 endfacet
 facet normal -0.94693 0.32144 0.00000
  outer loop
   vertex -33.2597 13.7766 165.0000
   vertex -34.7733 9.3175 233.0000
   vertex -33.2597 13.7766 233.0000
  endloop
 endfacet
 facet normal -0.98079 0.19509 0.00000
  outer loop
   vertex -34.7733 9.3175 165.0000
   vertex -35.6920 4.6989 165.0000
   vertex -35.6920 4.6989 233.0000
  endloop
 endfacet
 facet normal -0.98079 0.19509 0.00000
  outer loop
   vertex -34.7733 9.3175 165.0000
   vertex -35.6920 4.6989 233.0000
   vertex -34.7733 9.3175 233.0000
  endloop
 endfacet
 facet normal -0.99786 0.06540 0.00000
  outer loop
   vertex -35.6920 4.6989 165.0000
   vertex -36.0000 0.0000 165.0000
   vertex -36.0000 0.0000 233.0000
  endloop
 endfacet
 facet normal -0.99786 0.06540 0.00000
  outer loop
   vertex -35.6920 4.6989 165.0000
   vertex -36.0000 0.0000 233.0000
   vertex -35.6920 4.6989 233.0000
  endloop
 endfacet
 facet normal -0.99786 -0.06540 0.00000
  outer loop
   vertex -36.0000 0.0000 165.0000
   vertex -35.6920 -4.6989 165.0000
   vertex -35.6920 -4.6989 233.0000
  endloop
 endfacet
 facet normal -0.99786 -0.06540 0.00000
  outer loop
   vertex -36.0000 0.0000 165.0000
   vertex -35.6920 -4.6989 233.0000
   vertex -36.0000 0.0000 233.0000
  endloop
 endfacet
 facet normal -0.98079 -0.19509 0.00000
  outer loop
   vertex -35.6920 -4.6989 165.0000
   vertex -34.7733 -9.3175 165.0000
   vertex -34.7733 -9.3175 233.0000
  endloop
 endfacet
 facet normal -0.98079 -0.19509 0.00000
  outer loop
   vertex -35.6920 -4.6989 165.0000
   vertex -34.7733 -9.3175 233.0000
   vertex -35.6920 -4.6989 233.0000
  endloop
 endfacet
 facet normal -0.94693 -0.32144 0.00000
  outer loop
   vertex -34.7733 -9.3175 165.0000
   vertex -33.2597 -13.7766 165.0000
   vertex -33.2597 -13.7766 233.0000
  endloop
 endfacet
 facet normal -0.94693 -0.32144 0.00000
  outer loop
   vertex -34.7733 -9.3175 165.0000
   vertex -33.2597 -13.7766 233.0000
   vertex -34.7733 -9.3175 233.0000
  endloop
 endfacet
 facet normal -0.89687 -0.44229 0.00000
  outer loop
   vertex -33.2597 -13.7766 165.0000
   vertex -31.1769 -18.0000 165.0000
   vertex -31.1769 -18.0000 233.0000
  endloop
 endfacet
 facet normal -0.89687 -0.44229 0.00000
  outer loop
   vertex -33.2597 -13.7766 165.0000
   vertex -31.1769 -18.0000 233.0000
   vertex -33.2597 -13.7766 233.0000
  endloop
 endfacet
 facet normal -0.83147 -0.55557 0.00000
  outer loop
   vertex -31.1769 -18.0000 165.0000
   vertex -28.5607 -21.9154 165.0000
   vertex -28.5607 -21.9154 233.0000
  endloop
 endfacet
 facet normal -0.83147 -0.55557 0.00000
  outer loop
   vertex -31.1769 -18.0000 165.0000
   vertex -28.5607 -21.9154 233.0000
   vertex -31.1769 -18.0000 233.0000
  endloop
 endfacet
 facet normal -0.75184 -0.65935 0.00000
  outer loop
   vertex -28.5607 -21.9154 165.0000
   vertex -25.4558 -25.4558 165.0000
   vertex -25.4558 -25.4558 233.0000
  endloop
 endfacet
 facet normal -0.75184 -0.65935 0.00000
  outer loop
   vertex -28.5607 -21.9154 165.0000
   vertex -25.4558 -25.4558 233.0000
   vertex -28.5607 -21.9154 233.0000
  endloop
 endfacet
 facet normal -0.65935 -0.75184 0.00000
  outer loop
   vertex -25.4558 -25.4558 165.0000
   vertex -21.9154 -28.5607 165.0000
   vertex -21.9154 -28.5607 233.0000
  endloop
 endfacet
 facet normal -0.65935 -0.75184 0.00000
  outer loop
   vertex -25.4558 -25.4558 165.0000
   vertex -21.9154 -28.5607 233.0000
   vertex -25.4558 -25.4558 233.0000
  endloop
 endfacet
 facet normal -0.55557 -0.83147 0.00000
  outer loop
   vertex -21.9154 -28.5607 165.0000
   vertex -18.0000 -31.1769 165.0000
   vertex -18.0000 -31.1769 233.0000
  endloop
 endfacet
 facet normal -0.55557 -0.83147 0.00000
  outer loop
   vertex -21.9154 -28.5607 165.0000
   vertex -18.0000 -31.1769 233.0000
   vertex -21.9154 -28.5607 233.0000
  endloop
 endfacet
 facet normal -0.44229 -0.89687 0.00000
  outer loop
   vertex -18.0000 -31.1769 165.0000
   vertex -13.7766 -33.2597 165.0000
   vertex -13.7766 -33.2597 233.0000
  endloop
 endfacet
 facet normal -0.44229 -0.89687 0.00000
  outer loop
   vertex -18.0000 -31.1769 165.0000
   vertex -13.7766 -33.2597 233.0000
   vertex -18.0000 -31.1769 233.0000
  endloop
 endfacet
 facet normal -0.32144 -0.94693 0.00000
  outer loop
   vertex -13.7766 -33.2597 165.0000
   vertex -9.3175 -34.7733 165.0000
   vertex -9.3175 -34.7733 233.0000
  endloop
 endfacet
 facet normal -0.32144 -0.94693 0.00000
  outer loop
   vertex -13.7766 -33.2597 165.0000
   vertex -9.3175 -34.7733 233.0000
   vertex -13.7766 -33.2597 233.0000
  endloop
 endfacet
 facet normal -0.19509 -0.98079 0.00000
  outer loop
   vertex -9.3175 -34.7733 165.0000
   vertex -4.6989 -35.6920 165.0000
   vertex -4.6989 -35.6920 233.0000
  endloop
 endfacet
 facet normal -0.19509 -0.98079 0.00000
  outer loop
   vertex -9.3175 -34.7733 165.0000
   vertex -4.6989 -35.6920 233.0000
   vertex -9.3175 -34.7733 233.0000
  endloop
 endfacet
 facet normal -0.06540 -0.99786 0.00000
  outer loop
   vertex -4.6989 -35.6920 165.0000
   vertex -0.0000 -36.0000 165.0000
   vertex -0.0000 -36.0000 233.0000
  endloop
 endfacet
 facet normal -0.06540 -0.99786 0.00000
  outer loop
   vertex -4.6989 -35.6920 165.0000
   vertex -0.0000 -36.0000 233.0000
   vertex -4.6989 -35.6920 233.0000
  endloop
 endfacet
 facet normal 0.06540 -0.99786 0.00000
  outer loop
   vertex -0.0000 -36.0000 165.0000
   vertex 4.6989 -35.6920 165.0000
   vertex 4.6989 -35.6920 233.0000
  endloop
 endfacet
 facet normal 0.06540 -0.99786 0.00000
  outer loop
   vertex -0.0000 -36.0000 165.0000
   vertex 4.6989 -35.6920 233.0000
   vertex -0.0000 -36.0000 233.0000
  endloop
 endfacet
 facet normal 0.19509 -0.98079 0.00000
  outer loop
   vertex 4.6989 -35.6920 165.0000
   vertex 9.3175 -34.7733 165.0000
   vertex 9.3175 -34.7733 233.0000
  endloop
 endfacet
 facet normal 0.19509 -0.98079 0.00000
  outer loop
   vertex 4.6989 -35.6920 165.0000
   vertex 9.3175 -34.7733 233.0000
   vertex 4.6989 -35.6920 233.0000
  endloop
 endfacet
 facet normal 0.32144 -0.94693 0.00000
  outer loop
   vertex 9.3175 -34.7733 165.0000
   vertex 13.7766 -33.2597 165.0000
   vertex 13.7766 -33.2597 233.0000
  endloop
 endfacet
 facet normal 0.32144 -0.94693 0.00000
  outer loop
   vertex 9.3175 -34.7733 165.0000
   vertex 13.7766 -33.2597 233.0000
   vertex 9.3175 -34.7733 233.0000
  endloop
 endfacet
 facet normal 0.44229 -0.89687 0.00000
  outer loop
   vertex 13.7766 -33.2597 165.0000
   vertex 18.0000 -31.1769 165.0000
   vertex 18.0000 -31.1769 233.0000
  endloop
 endfacet
 facet normal 0.44229 -0.89687 0.00000
  outer loop
   vertex 13.7766 -33.2597 165.0000
   vertex 18.0000 -31.1769 233.0000
   vertex 13.7766 -33.2597 233.0000
  endloop
 endfacet
 facet normal 0.55557 -0.83147 0.00000
  outer loop
   vertex 18.0000 -31.1769 165.0000
   vertex 21.9154 -28.5607 165.0000
   vertex 21.9154 -28.5607 233.0000
  endloop
 endfacet
 facet normal 0.55557 -0.83147 0.00000
  outer loop
   vertex 18.0000 -31.1769 165.0000
   vertex 21.9154 -28.5607 233.0000
   vertex 18.0000 -31.1769 233.0000
  endloop
 endfacet
 facet normal 0.65935 -0.75184 0.00000
  outer loop
   vertex 21.9154 -28.5607 165.0000
   vertex 25.4558 -25.4558 165.0000
   vertex 25.4558 -25.4558 233.0000
  endloop
 endfacet
 facet normal 0.65935 -0.75184 0.00000
  outer loop
   vertex 21.9154 -28.5607 165.0000
   vertex 25.4558 -25.4558 233.0000
   vertex 21.9154 -28.5607 233.0000
  endloop
 endfacet
 facet normal 0.75184 -0.65935 0.00000
  outer loop
   vertex 25.4558 -25.4558 165.0000
   vertex 28.5607 -21.9154 165.0000
   vertex 28.5607 -21.9154 233.0000
  endloop
 endfacet
 facet normal 0.75184 -0.65935 0.00000
  outer loop
   vertex 25.4558 -25.4558 165.0000
   vertex 28.5607 -21.9154 233.0000
   vertex 25.4558 -25.4558 233.0000
  endloop
 endfacet
 facet normal 0.83147 -0.55557 0.00000
  outer loop
   vertex 28.5607 -21.9154 165.0000
   vertex 31.1769 -18.0000 165.0000
   vertex 31.1769 -18.0000 233.0000
  endloop
 endfacet
 facet normal 0.83147 -0.55557 0.00000
  outer loop
   vertex 28.5607 -21.9154 165.0000
   vertex 31.1769 -18.0000 233.0000
   vertex 28.5607 -21.9154 233.0000
  endloop
 endfacet
 facet normal 0.89687 -0.44229 0.00000
  outer loop
   vertex 31.1769 -18.0000 165.0000
   vertex 33.2597 -13.7766 165.0000
   vertex 33.2597 -13.7766 233.0000
  endloop
 endfacet
 facet normal 0.89687 -0.44229 0.00000
  outer loop
   vertex 31.1769 -18.0000 165.0000
   vertex 33.2597 -13.7766 233.0000
   vertex 31.1769 -18.0000 233.0000
  endloop
 endfacet
 facet normal 0.94693 -0.32144 0.00000
  outer loop
   vertex 33.2597 -13.7766 165.0000
   vertex 34.7733 -9.3175 165.0000
   vertex 34.7733 -9.3175 233.0000
  endloop
 endfacet
 facet normal 0.94693 -0.32144 0.00000
  outer loop
   vertex 33.2597 -13.7766 165.0000
   vertex 34.7733 -9.3175 233.0000
   vertex 33.2597 -13.7766 233.0000
  endloop
 endfacet
 facet normal 0.98079 -0.19509 0.00000
  outer loop
   vertex 34.7733 -9.3175 165.0000
   vertex 35.6920 -4.6989 165.0000
   vertex 35.6920 -4.6989 233.0000
  endloop
 endfacet
 facet normal 0.98079 -0.19509 0.00000
  outer loop
   vertex 34.7733 -9.3175 165.0000
   vertex 35.6920 -4.6989 233.0000
   vertex 34.7733 -9.3175 233.0000
  endloop
 endfacet
 facet normal 0.99786 -0.06540 0.00000
  outer loop
   vertex 35.6920 -4.6989 165.0000
   vertex 36.0000 0.0000 165.0000
   vertex 36.0000 0.0000 233.0000
  endloop
 endfacet
 facet normal 0.99786 -0.06540 0.00000
  outer loop
   vertex 35.6920 -4.6989 165.0000
   vertex 36.0000 0.0000 233.0000
   vertex 35.6920 -4.6989 233.0000
  endloop
 endfacet
 facet normal 0.00000 0.00000 -1.00000
  outer loop
   vertex 0.0000 0.0000 165.0000
   vertex 35.6920 4.6989 165.0000
   vertex 36.0000 0.0000 165.0000
  endloop
 endfacet
 facet normal 0.00000 0.00000 1.00000
  outer loop
   vertex 0.0000 0.0000 233.0000
   vertex 36.0000 0.0000 233.0000
   vertex 35.6920 4.6989 233.0000
  endloop
 endfacet
 facet normal 0.00000 0.00000 -1.00000
  outer loop
   vertex 0.0000 0.0000 165.0000
   vertex 34.7733 9.3175 165.0000
   vertex 35.6920 4.6989 165.0000
  endloop
 endfacet
 facet normal 0.00000 0.00000 1.00000
  outer loop
   vertex 0.0000 0.0000 233.0000
   vertex 35.6920 4.6989 233.0000
   vertex 34.7733 9.3175 233.0000
  endloop
 endfacet
 facet normal 0.00000 0.00000 -1.00000
  outer loop
   vertex 0.0000 0.0000 165.0000
   vertex 33.2597 13.7766 165.0000
   vertex 34.7733 9.3175 165.0000
  endloop
 endfacet
 facet normal 0.00000 0.00000 1.00000
  outer loop
   vertex 0.0000 0.0000 233.0000
   vertex 34.7733 9.3175 233.0000
   vertex 33.2597 13.7766 233.0000
  endloop
 endfacet
 facet normal 0.00000 0.00000 -1.00000
  outer loop
   vertex 0.0000 0.0000 165.0000
   vertex 31.1769 18.0000 165.0000
   vertex 33.2597 13.7766 165.0000
  endloop
 endfacet
 facet normal 0.00000 0.00000 1.00000
  outer loop
   vertex 0.0000 0.0000 233.0000
   vertex 33.2597 13.7766 233.0000
   vertex 31.1769 18.0000 233.0000
  endloop
 endfacet
 facet normal 0.00000 0.00000 -1.00000
  outer loop
   vertex 0.0000 0.0000 165.0000
   vertex 28.5607 21.9154 165.0000
   vertex 31.1769 18.0000 165.0000
  endloop
 endfacet
 facet normal 0.00000 0.00000 1.00000
  outer loop
   vertex 0.0000 0.0000 233.0000
   vertex 31.1769 18.0000 233.0000
   vertex 28.5607 21.9154 233.0000
  endloop
 endfacet
 facet normal 0.00000 0.00000 -1.00000
  outer loop
   vertex 0.0000 0.0000 165.0000
   vertex 25.4558 25.4558 165.0000
   vertex 28.5607 21.9154 165.0000
  endloop
 endfacet
 facet normal 0.00000 0.00000 1.00000
  outer loop
   vertex 0.0000 0.0000 233.0000
   vertex 28.5607 21.9154 233.0000
   vertex 25.4558 25.4558 233.0000
  endloop
 endfacet
 facet normal 0.00000 0.00000 -1.00000
  outer loop
   vertex 0.0000 0.0000 165.0000
   vertex 21.9154 28.5607 165.0000
   vertex 25.4558 25.4558 165.0000
  endloop
 endfacet
 facet normal 0.00000 0.00000 1.00000
  outer loop
   vertex 0.0000 0.0000 233.0000
   vertex 25.4558 25.4558 233.0000
   vertex 21.9154 28.5607 233.0000
  endloop
 endfacet
 facet normal 0.00000 0.00000 -1.00000
  outer loop
   vertex 0.0000 0.0000 165.0000
   vertex 18.0000 31.1769 165.0000
   vertex 21.9154 28.5607 165.0000
  endloop
 endfacet
 facet normal 0.00000 0.00000 1.00000
  outer loop
   vertex 0.0000 0.0000 233.0000
   vertex 21.9154 28.5607 233.0000
   vertex 18.0000 31.1769 233.0000
  endloop
 endfacet
 facet normal 0.00000 0.00000 -1.00000
  outer loop
   vertex 0.0000 0.0000 165.0000
   vertex 13.7766 33.2597 165.0000
   vertex 18.0000 31.1769 165.0000
  endloop
 endfacet
 facet normal 0.00000 0.00000 1.00000
  outer loop
   vertex 0.0000 0.0000 233.0000
   vertex 18.0000 31.1769 233.0000
   vertex 13.7766 33.2597 233.0000
  endloop
 endfacet
 facet normal 0.00000 0.00000 -1.00000
  outer loop
   vertex 0.0000 0.0000 165.0000
   vertex 9.3175 34.7733 165.0000
   vertex 13.7766 33.2597 165.0000
  endloop
 endfacet
 facet normal 0.00000 0.00000 1.00000
  outer loop
   vertex 0.0000 0.0000 233.0000
   vertex 13.7766 33.2597 233.0000
   vertex 9.3175 34.7733 233.0000
  endloop
 endfacet
 facet normal 0.00000 0.00000 -1.00000
  outer loop
   vertex 0.0000 0.0000 165.0000
   vertex 4.6989 35.6920 165.0000
   vertex 9.3175 34.7733 165.0000
  endloop
 endfacet
 facet normal 0.00000 0.00000 1.00000
  outer loop
   vertex 0.0000 0.0000 233.0000
   vertex 9.3175 34.7733 233.0000
   vertex 4.6989 35.6920 233.0000
  endloop
 endfacet
 facet normal 0.00000 0.00000 -1.00000
  outer loop
   vertex 0.0000 0.0000 165.0000
   vertex 0.0000 36.0000 165.0000
   vertex 4.6989 35.6920 165.0000
  endloop
 endfacet
 facet normal 0.00000 0.00000 1.00000
  outer loop
   vertex 0.0000 0.0000 233.0000
   vertex 4.6989 35.6920 233.0000
   vertex 0.0000 36.0000 233.0000
  endloop
 endfacet
 facet normal 0.00000 0.00000 -1.00000
  outer loop
   vertex 0.0000 0.0000 165.0000
   vertex -4.6989 35.6920 165.0000
   vertex 0.0000 36.0000 165.0000
  endloop
 endfacet
 facet normal 0.00000 -0.00000 1.00000
  outer loop
   vertex 0.0000 0.0000 233.0000
   vertex 0.0000 36.0000 233.0000
   vertex -4.6989 35.6920 233.0000
  endloop
 endfacet
 facet normal 0.00000 0.00000 -1.00000
  outer loop
   vertex 0.0000 0.0000 165.0000
   vertex -9.3175 34.7733 165.0000
   vertex -4.6989 35.6920 165.0000
  endloop
 endfacet
 facet normal 0.00000 0.00000 1.00000
  outer loop
   vertex 0.0000 0.0000 233.0000
   vertex -4.6989 35.6920 233.0000
   vertex -9.3175 34.7733 233.0000
  endloop
 endfacet
 facet normal 0.00000 0.00000 -1.00000
  outer loop
   vertex 0.0000 0.0000 165.0000
   vertex -13.7766 33.2597 165.0000
   vertex -9.3175 34.7733 165.0000
  endloop
 endfacet
 facet normal 0.00000 0.00000 1.00000
  outer loop
   vertex 0.0000 0.0000 233.0000
   vertex -9.3175 34.7733 233.0000
   vertex -13.7766 33.2597 233.0000
  endloop
 endfacet
 facet normal 0.00000 0.00000 -1.00000
  outer loop
   vertex 0.0000 0.0000 165.0000
   vertex -18.0000 31.1769 165.0000
   vertex -13.7766 33.2597 165.0000
  endloop
 endfacet
 facet normal 0.00000 0.00000 1.00000
  outer loop
   vertex 0.0000 0.0000 233.0000
   vertex -13.7766 33.2597 233.0000
   vertex -18.0000 31.1769 233.0000
  endloop
 endfacet
 facet normal 0.00000 0.00000 -1.00000
  outer loop
   vertex 0.0000 0.0000 165.0000
   vertex -21.9154 28.5607 165.0000
   vertex -18.0000 31.1769 165.0000
  endloop
 endfacet
 facet normal 0.00000 0.00000 1.00000
  outer loop
   vertex 0.0000 0.0000 233.0000
   vertex -18.0000 31.1769 233.0000
   vertex -21.9154 28.5607 233.0000
  endloop
 endfacet
 facet normal 0.00000 0.00000 -1.00000
  outer loop
   vertex 0.0000 0.0000 165.0000
   vertex -25.4558 25.4558 165.0000
   vertex -21.9154 28.5607 165.0000
  endloop
 endfacet
 facet normal 0.00000 0.00000 1.00000
  outer loop
   vertex 0.0000 0.0000 233.0000
   vertex -21.9154 28.5607 233.0000
   vertex -25.4558 25.4558 233.0000
  endloop
 endfacet
 facet normal 0.00000 0.00000 -1.00000
  outer loop
   vertex 0.0000 0.0000 165.0000
   vertex -28.5607 21.9154 165.0000
   vertex -25.4558 25.4558 165.0000
  endloop
 endfacet
 facet normal 0.00000 0.00000 1.00000
  outer loop
   vertex 0.0000 0.0000 233.0000
   vertex -25.4558 25.4558 233.0000
   vertex -28.5607 21.9154 233.0000
  endloop
 endfacet
 facet normal 0.00000 0.00000 -1.00000
  outer loop
   vertex 0.0000 0.0000 165.0000
   vertex -31.1769 18.0000 165.0000
   vertex -28.5607 21.9154 165.0000
  endloop
 endfacet
 facet normal 0.00000 0.00000 1.00000
  outer loop
   vertex 0.0000 0.0000 233.0000
   vertex -28.5607 21.9154 233.0000
   vertex -31.1769 18.0000 233.0000
  endloop
 endfacet
 facet normal 0.00000 0.00000 -1.00000
  outer loop
   vertex 0.0000 0.0000 165.0000
   vertex -33.2597 13.7766 165.0000
   vertex -31.1769 18.0000 165.0000
  endloop
 endfacet
 facet normal 0.00000 0.00000 1.00000
  outer loop
   vertex 0.0000 0.0000 233.0000
   vertex -31.1769 18.0000 233.0000
   vertex -33.2597 13.7766 233.0000
  endloop
 endfacet
 facet normal 0.00000 0.00000 -1.00000
  outer loop
   vertex 0.0000 0.0000 165.0000
   vertex -34.7733 9.3175 165.0000
   vertex -33.2597 13.7766 165.0000
  endloop
 endfacet
 facet normal 0.00000 0.00000 1.00000
  outer loop
   vertex 0.0000 0.0000 233.0000
   vertex -33.2597 13.7766 233.0000
   vertex -34.7733 9.3175 233.0000
  endloop
 endfacet
 facet normal 0.00000 0.00000 -1.00000
  outer loop
   vertex 0.0000 0.0000 165.0000
   vertex -35.6920 4.6989 165.0000
   vertex -34.7733 9.3175 165.0000
  endloop
 endfacet
 facet normal 0.00000 0.00000 1.00000
  outer loop
   vertex 0.0000 0.0000 233.0000
   vertex -34.7733 9.3175 233.0000
   vertex -35.6920 4.6989 233.0000
  endloop
 endfacet
 facet normal 0.00000 0.00000 -1.00000
  outer loop
   vertex 0.0000 0.0000 165.0000
   vertex -36.0000 0.0000 165.0000
   vertex -35.6920 4.6989 165.0000
  endloop
 endfacet
 facet normal 0.00000 0.00000 1.00000
  outer loop
   vertex 0.0000 0.0000 233.0000
   vertex -35.6920 4.6989 233.0000
   vertex -36.0000 0.0000 233.0000
  endloop
 endfacet
 facet normal -0.00000 0.00000 -1.00000
  outer loop
   vertex 0.0000 0.0000 165.0000
   vertex -35.6920 -4.6989 165.0000
   vertex -36.0000 0.0000 165.0000
  endloop
 endfacet
 facet normal 0.00000 0.00000 1.00000
  outer loop
   vertex 0.0000 0.0000 233.0000
   vertex -36.0000 0.0000 233.0000
   vertex -35.6920 -4.6989 233.0000
  endloop
 endfacet
 facet normal 0.00000 0.00000 -1.00000
  outer loop
   vertex 0.0000 0.0000 165.0000
   vertex -34.7733 -9.3175 165.0000
   vertex -35.6920 -4.6989 165.0000
  endloop
 endfacet
 facet normal 0.00000 0.00000 1.00000
  outer loop
   vertex 0.0000 0.0000 233.0000
   vertex -35.6920 -4.6989 233.0000
   vertex -34.7733 -9.3175 233.0000
  endloop
 endfacet
 facet normal 0.00000 0.00000 -1.00000
  outer loop
   vertex 0.0000 0.0000 165.0000
   vertex -33.2597 -13.7766 165.0000
   vertex -34.7733 -9.3175 165.0000
  endloop
 endfacet
 facet normal 0.00000 0.00000 1.00000
  outer loop
   vertex 0.0000 0.0000 233.0000
   vertex -34.7733 -9.3175 233.0000
   vertex -33.2597 -13.7766 233.0000
  endloop
 endfacet
 facet normal 0.00000 0.00000 -1.00000
  outer loop
   vertex 0.0000 0.0000 165.0000
   vertex -31.1769 -18.0000 165.0000
   vertex -33.2597 -13.7766 165.0000
  endloop
 endfacet
 facet normal 0.00000 0.00000 1.00000
  outer loop
   vertex 0.0000 0.0000 233.0000
   vertex -33.2597 -13.7766 233.0000
   vertex -31.1769 -18.0000 233.0000
  endloop
 endfacet
 facet normal 0.00000 0.00000 -1.00000
  outer loop
   vertex 0.0000 0.0000 165.0000
   vertex -28.5607 -21.9154 165.0000
   vertex -31.1769 -18.0000 165.0000
  endloop
 endfacet
 facet normal 0.00000 0.00000 1.00000
  outer loop
   vertex 0.0000 0.0000 233.0000
   vertex -31.1769 -18.0000 233.0000
   vertex -28.5607 -21.9154 233.0000
  endloop
 endfacet
 facet normal 0.00000 0.00000 -1.00000
  outer loop
   vertex 0.0000 0.0000 165.0000
   vertex -25.4558 -25.4558 165.0000
   vertex -28.5607 -21.9154 165.0000
  endloop
 endfacet
 facet normal 0.00000 0.00000 1.00000
  outer loop
   vertex 0.0000 0.0000 233.0000
   vertex -28.5607 -21.9154 233.0000
   vertex -25.4558 -25.4558 233.0000
  endloop
 endfacet
 facet normal 0.00000 0.00000 -1.00000
  outer loop
   vertex 0.0000 0.0000 165.0000
   vertex -21.9154 -28.5607 165.0000
   vertex -25.4558 -25.4558 165.0000
  endloop
 endfacet
 facet normal 0.00000 0.00000 1.00000
  outer loop
   vertex 0.0000 0.0000 233.0000
   vertex -25.4558 -25.4558 233.0000
   vertex -21.9154 -28.5607 233.0000
  endloop
 endfacet
 facet normal 0.00000 0.00000 -1.00000
  outer loop
   vertex 0.0000 0.0000 165.0000
   vertex -18.0000 -31.1769 165.0000
   vertex -21.9154 -28.5607 165.0000
  endloop
 endfacet
 facet normal 0.00000 0.00000 1.00000
  outer loop
   vertex 0.0000 0.0000 233.0000
   vertex -21.9154 -28.5607 233.0000
   vertex -18.0000 -31.1769 233.0000
  endloop
 endfacet
 facet normal 0.00000 0.00000 -1.00000
  outer loop
   vertex 0.0000 0.0000 165.0000
   vertex -13.7766 -33.2597 165.0000
   vertex -18.0000 -31.1769 165.0000
  endloop
 endfacet
 facet normal 0.00000 0.00000 1.00000
  outer loop
   vertex 0.0000 0.0000 233.0000
   vertex -18.0000 -31.1769 233.0000
   vertex -13.7766 -33.2597 233.0000
  endloop
 endfacet
 facet normal 0.00000 0.00000 -1.00000
  outer loop
   vertex 0.0000 0.0000 165.0000
   vertex -9.3175 -34.7733 165.0000
   vertex -13.7766 -33.2597 165.0000
  endloop
 endfacet
 facet normal 0.00000 0.00000 1.00000
  outer loop
   vertex 0.0000 0.0000 233.0000
   vertex -13.7766 -33.2597 233.0000
   vertex -9.3175 -34.7733 233.0000
  endloop
 endfacet
 facet normal 0.00000 0.00000 -1.00000
  outer loop
   vertex 0.0000 0.0000 165.0000
   vertex -4.6989 -35.6920 165.0000
   vertex -9.3175 -34.7733 165.0000
  endloop
 endfacet
 facet normal 0.00000 0.00000 1.00000
  outer loop
   vertex 0.0000 0.0000 233.0000
   vertex -9.3175 -34.7733 233.0000
   vertex -4.6989 -35.6920 233.0000
  endloop
 endfacet
 facet normal 0.00000 0.00000 -1.00000
  outer loop
   vertex 0.0000 0.0000 165.0000
   vertex -0.0000 -36.0000 165.0000
   vertex -4.6989 -35.6920 165.0000
  endloop
 endfacet
 facet normal 0.00000 0.00000 1.00000
  outer loop
   vertex 0.0000 0.0000 233.0000
   vertex -4.6989 -35.6920 233.0000
   vertex -0.0000 -36.0000 233.0000
  endloop
 endfacet
 facet normal 0.00000 -0.00000 -1.00000
  outer loop
   vertex 0.0000 0.0000 165.0000
   vertex 4.6989 -35.6920 165.0000
   vertex -0.0000 -36.0000 165.0000
  endloop
 endfacet
 facet normal 0.00000 0.00000 1.00000
  outer loop
   vertex 0.0000 0.0000 233.0000
   vertex -0.0000 -36.0000 233.0000
   vertex 4.6989 -35.6920 233.0000
  endloop
 endfacet
 facet normal 0.00000 0.00000 -1.00000
  outer loop
   vertex 0.0000 0.0000 165.0000
   vertex 9.3175 -34.7733 165.0000
   vertex 4.6989 -35.6920 165.0000
  endloop
 endfacet
 facet normal 0.00000 0.00000 1.00000
  outer loop
   vertex 0.0000 0.0000 233.0000
   vertex 4.6989 -35.6920 233.0000
   vertex 9.3175 -34.7733 233.0000
  endloop
 endfacet
 facet normal 0.00000 0.00000 -1.00000
  outer loop
   vertex 0.0000 0.0000 165.0000
   vertex 13.7766 -33.2597 165.0000
   vertex 9.3175 -34.7733 165.0000
  endloop
 endfacet
 facet normal 0.00000 0.00000 1.00000
  outer loop
   vertex 0.0000 0.0000 233.0000
   vertex 9.3175 -34.7733 233.0000
   vertex 13.7766 -33.2597 233.0000
  endloop
 endfacet
 facet normal 0.00000 0.00000 -1.00000
  outer loop
   vertex 0.0000 0.0000 165.0000
   vertex 18.0000 -31.1769 165.0000
   vertex 13.7766 -33.2597 165.0000
  endloop
 endfacet
 facet normal 0.00000 0.00000 1.00000
  outer loop
   vertex 0.0000 0.0000 233.0000
   vertex 13.7766 -33.2597 233.0000
   vertex 18.0000 -31.1769 233.0000
  endloop
 endfacet
 facet normal 0.00000 0.00000 -1.00000
  outer loop
   vertex 0.0000 0.0000 165.0000
   vertex 21.9154 -28.5607 165.0000
   vertex 18.0000 -31.1769 165.0000
  endloop
 endfacet
 facet normal 0.00000 0.00000 1.00000
  outer loop
   vertex 0.0000 0.0000 233.0000
   vertex 18.0000 -31.1769 233.0000
   vertex 21.9154 -28.5607 233.0000
  endloop
 endfacet
 facet normal 0.00000 0.00000 -1.00000
  outer loop
   vertex 0.0000 0.0000 165.0000
   vertex 25.4558 -25.4558 165.0000
   vertex 21.9154 -28.5607 165.0000
  endloop
 endfacet
 facet normal 0.00000 0.00000 1.00000
  outer loop
   vertex 0.0000 0.0000 233.0000
   vertex 21.9154 -28.5607 233.0000
   vertex 25.4558 -25.4558 233.0000
  endloop
 endfacet
 facet normal 0.00000 0.00000 -1.00000
  outer loop
   vertex 0.0000 0.0000 165.0000
   vertex 28.5607 -21.9154 165.0000
   vertex 25.4558 -25.4558 165.0000
  endloop
 endfacet
 facet normal 0.00000 0.00000 1.00000
  outer loop
   vertex 0.0000 0.0000 233.0000
   vertex 25.4558 -25.4558 233.0000
   vertex 28.5607 -21.9154 233.0000
  endloop
 endfacet
 facet normal 0.00000 0.00000 -1.00000
  outer loop
   vertex 0.0000 0.0000 165.0000
   vertex 31.1769 -18.0000 165.0000
   vertex 28.5607 -21.9154 165.0000
  endloop
 endfacet
 facet normal 0.00000 0.00000 1.00000
  outer loop
   vertex 0.0000 0.0000 233.0000
   vertex 28.5607 -21.9154 233.0000
   vertex 31.1769 -18.0000 233.0000
  endloop
 endfacet
 facet normal 0.00000 0.00000 -1.00000
  outer loop
   vertex 0.0000 0.0000 165.0000
   vertex 33.2597 -13.7766 165.0000
   vertex 31.1769 -18.0000 165.0000
  endloop
 endfacet
 facet normal 0.00000 0.00000 1.00000
  outer loop
   vertex 0.0000 0.0000 233.0000
   vertex 31.1769 -18.0000 233.0000
   vertex 33.2597 -13.7766 233.0000
  endloop
 endfacet
 facet normal 0.00000 0.00000 -1.00000
  outer loop
   vertex 0.0000 0.0000 165.0000
   vertex 34.7733 -9.3175 165.0000
   vertex 33.2597 -13.7766 165.0000
  endloop
 endfacet
 facet normal 0.00000 0.00000 1.00000
  outer loop
   vertex 0.0000 0.0000 233.0000
   vertex 33.2597 -13.7766 233.0000
   vertex 34.7733 -9.3175 233.0000
  endloop
 endfacet
 facet normal 0.00000 0.00000 -1.00000
  outer loop
   vertex 0.0000 0.0000 165.0000
   vertex 35.6920 -4.6989 165.0000
   vertex 34.7733 -9.3175 165.0000
  endloop
 endfacet
 facet normal 0.00000 0.00000 1.00000
  outer loop
   vertex 0.0000 0.0000 233.0000
   vertex 34.7733 -9.3175 233.0000
   vertex 35.6920 -4.6989 233.0000
  endloop
 endfacet
 facet normal 0.00000 0.00000 -1.00000
  outer loop
   vertex 0.0000 0.0000 165.0000
   vertex 36.0000 0.0000 165.0000
   vertex 35.6920 -4.6989 165.0000
  endloop
 endfacet
 facet normal -0.00000 0.00000 1.00000
  outer loop
   vertex 0.0000 0.0000 233.0000
   vertex 35.6920 -4.6989 233.0000
   vertex 36.0000 0.0000 233.0000
  endloop
 endfacet
 facet normal 0.99786 0.06540 0.00000
  outer loop
   vertex 43.5000 0.0000 241.0000
   vertex 43.1279 5.6779 241.0000
   vertex 43.1279 5.6779 249.0000
  endloop
 endfacet
 facet normal 0.99786 0.06540 -0.00000
  outer loop
   vertex 43.5000 0.0000 241.0000
   vertex 43.1279 5.6779 249.0000
   vertex 43.5000 0.0000 249.0000
  endloop
 endfacet
 facet normal 0.98079 0.19509 0.00000
  outer loop
   vertex 43.1279 5.6779 241.0000
   vertex 42.0178 11.2586 241.0000
   vertex 42.0178 11.2586 249.0000
  endloop
 endfacet
 facet normal 0.98079 0.19509 -0.00000
  outer loop
   vertex 43.1279 5.6779 241.0000
   vertex 42.0178 11.2586 249.0000
   vertex 43.1279 5.6779 249.0000
  endloop
 endfacet
 facet normal 0.94693 0.32144 0.00000
  outer loop
   vertex 42.0178 11.2586 241.0000
   vertex 40.1888 16.6467 241.0000
   vertex 40.1888 16.6467 249.0000
  endloop
 endfacet
 facet normal 0.94693 0.32144 -0.00000
  outer loop
   vertex 42.0178 11.2586 241.0000
   vertex 40.1888 16.6467 249.0000
   vertex 42.0178 11.2586 249.0000
  endloop
 endfacet
 facet normal 0.89687 0.44229 0.00000
  outer loop
   vertex 40.1888 16.6467 241.0000
   vertex 37.6721 21.7500 241.0000
   vertex 37.6721 21.7500 249.0000
  endloop
 endfacet
 facet normal 0.89687 0.44229 -0.00000
  outer loop
   vertex 40.1888 16.6467 241.0000
   vertex 37.6721 21.7500 249.0000
   vertex 40.1888 16.6467 249.0000
  endloop
 endfacet
 facet normal 0.83147 0.55557 0.00000
  outer loop
   vertex 37.6721 21.7500 241.0000
   vertex 34.5109 26.4811 241.0000
   vertex 34.5109 26.4811 249.0000
  endloop
 endfacet
 facet normal 0.83147 0.55557 -0.00000
  outer loop
   vertex 37.6721 21.7500 241.0000
   vertex 34.5109 26.4811 249.0000
   vertex 37.6721 21.7500 249.0000
  endloop
 endfacet
 facet normal 0.75184 0.65935 0.00000
  outer loop
   vertex 34.5109 26.4811 241.0000
   vertex 30.7591 30.7591 241.0000
   vertex 30.7591 30.7591 249.0000
  endloop
 endfacet
 facet normal 0.75184 0.65935 -0.00000
  outer loop
   vertex 34.5109 26.4811 241.0000
   vertex 30.7591 30.7591 249.0000
   vertex 34.5109 26.4811 249.0000
  endloop
 endfacet
 facet normal 0.65935 0.75184 0.00000
  outer loop
   vertex 30.7591 30.7591 241.0000
   vertex 26.4811 34.5109 241.0000
   vertex 26.4811 34.5109 249.0000
  endloop
 endfacet
 facet normal 0.65935 0.75184 -0.00000
  outer loop
   vertex 30.7591 30.7591 241.0000
   vertex 26.4811 34.5109 249.0000
   vertex 30.7591 30.7591 249.0000
  endloop
 endfacet
 facet normal 0.55557 0.83147 0.00000
  outer loop
   vertex 26.4811 34.5109 241.0000
   vertex 21.7500 37.6721 241.0000
   vertex 21.7500 37.6721 249.0000
  endloop
 endfacet
 facet normal 0.55557 0.83147 -0.00000
  outer loop
   vertex 26.4811 34.5109 241.0000
   vertex 21.7500 37.6721 249.0000
   vertex 26.4811 34.5109 249.0000
  endloop
 endfacet
 facet normal 0.44229 0.89687 0.00000
  outer loop
   vertex 21.7500 37.6721 241.0000
   vertex 16.6467 40.1888 241.0000
   vertex 16.6467 40.1888 249.0000
  endloop
 endfacet
 facet normal 0.44229 0.89687 -0.00000
  outer loop
   vertex 21.7500 37.6721 241.0000
   vertex 16.6467 40.1888 249.0000
   vertex 21.7500 37.6721 249.0000
  endloop
 endfacet
 facet normal 0.32144 0.94693 0.00000
  outer loop
   vertex 16.6467 40.1888 241.0000
   vertex 11.2586 42.0178 241.0000
   vertex 11.2586 42.0178 249.0000
  endloop
 endfacet
 facet normal 0.32144 0.94693 -0.00000
  outer loop
   vertex 16.6467 40.1888 241.0000
   vertex 11.2586 42.0178 249.0000
   vertex 16.6467 40.1888 249.0000
  endloop
 endfacet
 facet normal 0.19509 0.98079 0.00000
  outer loop
   vertex 11.2586 42.0178 241.0000
   vertex 5.6779 43.1279 241.0000
   vertex 5.6779 43.1279 249.0000
  endloop
 endfacet
 facet normal 0.19509 0.98079 -0.00000
  outer loop
   vertex 11.2586 42.0178 241.0000
   vertex 5.6779 43.1279 249.0000
   vertex 11.2586 42.0178 249.0000
  endloop
 endfacet
 facet normal 0.06540 0.99786 0.00000
  outer loop
   vertex 5.6779 43.1279 241.0000
   vertex 0.0000 43.5000 241.0000
   vertex 0.0000 43.5000 249.0000
  endloop
 endfacet
 facet normal 0.06540 0.99786 -0.00000
  outer loop
   vertex 5.6779 43.1279 241.0000
   vertex 0.0000 43.5000 249.0000
   vertex 5.6779 43.1279 249.0000
  endloop
 endfacet
 facet normal -0.06540 0.99786 0.00000
  outer loop
   vertex 0.0000 43.5000 241.0000
   vertex -5.6779 43.1279 241.0000
   vertex -5.6779 43.1279 249.0000
  endloop
 endfacet
 facet normal -0.06540 0.99786 0.00000
  outer loop
   vertex 0.0000 43.5000 241.0000
   vertex -5.6779 43.1279 249.0000
   vertex 0.0000 43.5000 249.0000
  endloop
 endfacet
 facet normal -0.19509 0.98079 0.00000
  outer loop
   vertex -5.6779 43.1279 241.0000
   vertex -11.2586 42.0178 241.0000
   vertex -11.2586 42.0178 249.0000
  endloop
 endfacet
 facet normal -0.19509 0.98079 0.00000
  outer loop
   vertex -5.6779 43.1279 241.0000
   vertex -11.2586 42.0178 249.0000
   vertex -5.6779 43.1279 249.0000
  endloop
 endfacet
 facet normal -0.32144 0.94693 0.00000
  outer loop
   vertex -11.2586 42.0178 241.0000
   vertex -16.6467 40.1888 241.0000
   vertex -16.6467 40.1888 249.0000
  endloop
 endfacet
 facet normal -0.32144 0.94693 0.00000
  outer loop
   vertex -11.2586 42.0178 241.0000
   vertex -16.6467 40.1888 249.0000
   vertex -11.2586 42.0178 249.0000
  endloop
 endfacet
 facet normal -0.44229 0.89687 0.00000
  outer loop
   vertex -16.6467 40.1888 241.0000
   vertex -21.7500 37.6721 241.0000
   vertex -21.7500 37.6721 249.0000
  endloop
 endfacet
 facet normal -0.44229 0.89687 0.00000
  outer loop
   vertex -16.6467 40.1888 241.0000
   vertex -21.7500 37.6721 249.0000
   vertex -16.6467 40.1888 249.0000
  endloop
 endfacet
 facet normal -0.55557 0.83147 0.00000
  outer loop
   vertex -21.7500 37.6721 241.0000
   vertex -26.4811 34.5109 241.0000
   vertex -26.4811 34.5109 249.0000
  endloop
 endfacet
 facet normal -0.55557 0.83147 0.00000
  outer loop
   vertex -21.7500 37.6721 241.0000
   vertex -26.4811 34.5109 249.0000
   vertex -21.7500 37.6721 249.0000
  endloop
 endfacet
 facet normal -0.65935 0.75184 0.00000
  outer loop
   vertex -26.4811 34.5109 241.0000
   vertex -30.7591 30.7591 241.0000
   vertex -30.7591 30.7591 249.0000
  endloop
 endfacet
 facet normal -0.65935 0.75184 0.00000
  outer loop
   vertex -26.4811 34.5109 241.0000
   vertex -30.7591 30.7591 249.0000
   vertex -26.4811 34.5109 249.0000
  endloop
 endfacet
 facet normal -0.75184 0.65935 0.00000
  outer loop
   vertex -30.7591 30.7591 241.0000
   vertex -34.5109 26.4811 241.0000
   vertex -34.5109 26.4811 249.0000
  endloop
 endfacet
 facet normal -0.75184 0.65935 0.00000
  outer loop
   vertex -30.7591 30.7591 241.0000
   vertex -34.5109 26.4811 249.0000
   vertex -30.7591 30.7591 249.0000
  endloop
 endfacet
 facet normal -0.83147 0.55557 0.00000
  outer loop
   vertex -34.5109 26.4811 241.0000
   vertex -37.6721 21.7500 241.0000
   vertex -37.6721 21.7500 249.0000
  endloop
 endfacet
 facet normal -0.83147 0.55557 0.00000
  outer loop
   vertex -34.5109 26.4811 241.0000
   vertex -37.6721 21.7500 249.0000
   vertex -34.5109 26.4811 249.0000
  endloop
 endfacet
 facet normal -0.89687 0.44229 0.00000
  outer loop
   vertex -37.6721 21.7500 241.0000
   vertex -40.1888 16.6467 241.0000
   vertex -40.1888 16.6467 249.0000
  endloop
 endfacet
 facet normal -0.89687 0.44229 0.00000
  outer loop
   vertex -37.6721 21.7500 241.0000
   vertex -40.1888 16.6467 249.0000
   vertex -37.6721 21.7500 249.0000
  endloop
 endfacet
 facet normal -0.94693 0.32144 0.00000
  outer loop
   vertex -40.1888 16.6467 241.0000
   vertex -42.0178 11.2586 241.0000
   vertex -42.0178 11.2586 249.0000
  endloop
 endfacet
 facet normal -0.94693 0.32144 0.00000
  outer loop
   vertex -40.1888 16.6467 241.0000
   vertex -42.0178 11.2586 249.0000
   vertex -40.1888 16.6467 249.0000
  endloop
 endfacet
 facet normal -0.98079 0.19509 0.00000
  outer loop
   vertex -42.0178 11.2586 241.0000
   vertex -43.1279 5.6779 241.0000
   vertex -43.1279 5.6779 249.0000
  endloop
 endfacet
 facet normal -0.98079 0.19509 0.00000
  outer loop
   vertex -42.0178 11.2586 241.0000
   vertex -43.1279 5.6779 249.0000
   vertex -42.0178 11.2586 249.0000
  endloop
 endfacet
 facet normal -0.99786 0.06540 0.00000
  outer loop
   vertex -43.1279 5.6779 241.0000
   vertex -43.5000 0.0000 241.0000
   vertex -43.5000 0.0000 249.0000
  endloop
 endfacet
 facet normal -0.99786 0.06540 0.00000
  outer loop
   vertex -43.1279 5.6779 241.0000
   vertex -43.5000 0.0000 249.0000
   vertex -43.1279 5.6779 249.0000
  endloop
 endfacet
 facet normal -0.99786 -0.06540 0.00000
  outer loop
   vertex -43.5000 0.0000 241.0000
   vertex -43.1279 -5.6779 241.0000
   vertex -43.1279 -5.6779 249.0000
  endloop
 endfacet
 facet normal -0.99786 -0.06540 0.00000
  outer loop
   vertex -43.5000 0.0000 241.0000
   vertex -43.1279 -5.6779 249.0000
   vertex -43.5000 0.0000 249.0000
  endloop
 endfacet
 facet normal -0.98079 -0.19509 0.00000
  outer loop
   vertex -43.1279 -5.6779 241.0000
   vertex -42.0178 -11.2586 241.0000
   vertex -42.0178 -11.2586 249.0000
  endloop
 endfacet
 facet normal -0.98079 -0.19509 0.00000
  outer loop
   vertex -43.1279 -5.6779 241.0000
   vertex -42.0178 -11.2586 249.0000
   vertex -43.1279 -5.6779 249.0000
  endloop
 endfacet
 facet normal -0.94693 -0.32144 0.00000
  outer loop
   vertex -42.0178 -11.2586 241.0000
   vertex -40.1888 -16.6467 241.0000
   vertex -40.1888 -16.6467 249.0000
  endloop
 endfacet
 facet normal -0.94693 -0.32144 0.00000
  outer loop
   vertex -42.0178 -11.2586 241.0000
   vertex -40.1888 -16.6467 249.0000
   vertex -42.0178 -11.2586 249.0000
  endloop
 endfacet
 facet normal -0.89687 -0.44229 0.00000
  outer loop
   vertex -40.1888 -16.6467 241.0000
   vertex -37.6721 -21.7500 241.0000
   vertex -37.6721 -21.7500 249.0000
  endloop
 endfacet
 facet normal -0.89687 -0.44229 0.00000
  outer loop
   vertex -40.1888 -16.6467 241.0000
   vertex -37.6721 -21.7500 249.0000
   vertex -40.1888 -16.6467 249.0000
  endloop
 endfacet
 facet normal -0.83147 -0.55557 0.00000
  outer loop
   vertex -37.6721 -21.7500 241.0000
   vertex -34.5109 -26.4811 241.0000
   vertex -34.5109 -26.4811 249.0000
  endloop
 endfacet
 facet normal -0.83147 -0.55557 0.00000
  outer loop
   vertex -37.6721 -21.7500 241.0000
   vertex -34.5109 -26.4811 249.0000
   vertex -37.6721 -21.7500 249.0000
  endloop
 endfacet
 facet normal -0.75184 -0.65935 0.00000
  outer loop
   vertex -34.5109 -26.4811 241.0000
   vertex -30.7591 -30.7591 241.0000
   vertex -30.7591 -30.7591 249.0000
  endloop
 endfacet
 facet normal -0.75184 -0.65935 0.00000
  outer loop
   vertex -34.5109 -26.4811 241.0000
   vertex -30.7591 -30.7591 249.0000
   vertex -34.5109 -26.4811 249.0000
  endloop
 endfacet
 facet normal -0.65935 -0.75184 0.00000
  outer loop
   vertex -30.7591 -30.7591 241.0000
   vertex -26.4811 -34.5109 241.0000
   vertex -26.4811 -34.5109 249.0000
  endloop
 endfacet
 facet normal -0.65935 -0.75184 0.00000
  outer loop
   vertex -30.7591 -30.7591 241.0000
   vertex -26.4811 -34.5109 249.0000
   vertex -30.7591 -30.7591 249.0000
  endloop
 endfacet
 facet normal -0.55557 -0.83147 0.00000
  outer loop
   vertex -26.4811 -34.5109 241.0000
   vertex -21.7500 -37.6721 241.0000
   vertex -21.7500 -37.6721 249.0000
  endloop
 endfacet
 facet normal -0.55557 -0.83147 0.00000
  outer loop
   vertex -26.4811 -34.5109 241.0000
   vertex -21.7500 -37.6721 249.0000
   vertex -26.4811 -34.5109 249.0000
  endloop
 endfacet
 facet normal -0.44229 -0.89687 0.00000
  outer loop
   vertex -21.7500 -37.6721 241.0000
   vertex -16.6467 -40.1888 241.0000
   vertex -16.6467 -40.1888 249.0000
  endloop
 endfacet
 facet normal -0.44229 -0.89687 0.00000
  outer loop
   vertex -21.7500 -37.6721 241.0000
   vertex -16.6467 -40.1888 249.0000
   vertex -21.7500 -37.6721 249.0000
  endloop
 endfacet
 facet normal -0.32144 -0.94693 0.00000
  outer loop
   vertex -16.6467 -40.1888 241.0000
   vertex -11.2586 -42.0178 241.0000
   vertex -11.2586 -42.0178 249.0000
  endloop
 endfacet
 facet normal -0.32144 -0.94693 0.00000
  outer loop
   vertex -16.6467 -40.1888 241.0000
   vertex -11.2586 -42.0178 249.0000
   vertex -16.6467 -40.1888 249.0000
  endloop
 endfacet
 facet normal -0.19509 -0.98079 0.00000
  outer loop
   vertex -11.2586 -42.0178 241.0000
   vertex -5.6779 -43.1279 241.0000
   vertex -5.6779 -43.1279 249.0000
  endloop
 endfacet
 facet normal -0.19509 -0.98079 0.00000
  outer loop
   vertex -11.2586 -42.0178 241.0000
   vertex -5.6779 -43.1279 249.0000
   vertex -11.2586 -42.0178 249.0000
  endloop
 endfacet
 facet normal -0.06540 -0.99786 0.00000
  outer loop
   vertex -5.6779 -43.1279 241.0000
   vertex -0.0000 -43.5000 241.0000
   vertex -0.0000 -43.5000 249.0000
  endloop
 endfacet
 facet normal -0.06540 -0.99786 0.00000
  outer loop
   vertex -5.6779 -43.1279 241.0000
   vertex -0.0000 -43.5000 249.0000
   vertex -5.6779 -43.1279 249.0000
  endloop
 endfacet
 facet normal 0.06540 -0.99786 0.00000
  outer loop
   vertex -0.0000 -43.5000 241.0000
   vertex 5.6779 -43.1279 241.0000
   vertex 5.6779 -43.1279 249.0000
  endloop
 endfacet
 facet normal 0.06540 -0.99786 0.00000
  outer loop
   vertex -0.0000 -43.5000 241.0000
   vertex 5.6779 -43.1279 249.0000
   vertex -0.0000 -43.5000 249.0000
  endloop
 endfacet
 facet normal 0.19509 -0.98079 0.00000
  outer loop
   vertex 5.6779 -43.1279 241.0000
   vertex 11.2586 -42.0178 241.0000
   vertex 11.2586 -42.0178 249.0000
  endloop
 endfacet
 facet normal 0.19509 -0.98079 0.00000
  outer loop
   vertex 5.6779 -43.1279 241.0000
   vertex 11.2586 -42.0178 249.0000
   vertex 5.6779 -43.1279 249.0000
  endloop
 endfacet
 facet normal 0.32144 -0.94693 0.00000
  outer loop
   vertex 11.2586 -42.0178 241.0000
   vertex 16.6467 -40.1888 241.0000
   vertex 16.6467 -40.1888 249.0000
  endloop
 endfacet
 facet normal 0.32144 -0.94693 0.00000
  outer loop
   vertex 11.2586 -42.0178 241.0000
   vertex 16.6467 -40.1888 249.0000
   vertex 11.2586 -42.0178 249.0000
  endloop
 endfacet
 facet normal 0.44229 -0.89687 0.00000
  outer loop
   vertex 16.6467 -40.1888 241.0000
   vertex 21.7500 -37.6721 241.0000
   vertex 21.7500 -37.6721 249.0000
  endloop
 endfacet
 facet normal 0.44229 -0.89687 0.00000
  outer loop
   vertex 16.6467 -40.1888 241.0000
   vertex 21.7500 -37.6721 249.0000
   vertex 16.6467 -40.1888 249.0000
  endloop
 endfacet
 facet normal 0.55557 -0.83147 0.00000
  outer loop
   vertex 21.7500 -37.6721 241.0000
   vertex 26.4811 -34.5109 241.0000
   vertex 26.4811 -34.5109 249.0000
  endloop
 endfacet
 facet normal 0.55557 -0.83147 0.00000
  outer loop
   vertex 21.7500 -37.6721 241.0000
   vertex 26.4811 -34.5109 249.0000
   vertex 21.7500 -37.6721 249.0000
  endloop
 endfacet
 facet normal 0.65935 -0.75184 0.00000
  outer loop
   vertex 26.4811 -34.5109 241.0000
   vertex 30.7591 -30.7591 241.0000
   vertex 30.7591 -30.7591 249.0000
  endloop
 endfacet
 facet normal 0.65935 -0.75184 0.00000
  outer loop
   vertex 26.4811 -34.5109 241.0000
   vertex 30.7591 -30.7591 249.0000
   vertex 26.4811 -34.5109 249.0000
  endloop
 endfacet
 facet normal 0.75184 -0.65935 0.00000
  outer loop
   vertex 30.7591 -30.7591 241.0000
   vertex 34.5109 -26.4811 241.0000
   vertex 34.5109 -26.4811 249.0000
  endloop
 endfacet
 facet normal 0.75184 -0.65935 0.00000
  outer loop
   vertex 30.7591 -30.7591 241.0000
   vertex 34.5109 -26.4811 249.0000
   vertex 30.7591 -30.7591 249.0000
  endloop
 endfacet
 facet normal 0.83147 -0.55557 0.00000
  outer loop
   vertex 34.5109 -26.4811 241.0000
   vertex 37.6721 -21.7500 241.0000
   vertex 37.6721 -21.7500 249.0000
  endloop
 endfacet
 facet normal 0.83147 -0.55557 0.00000
  outer loop
   vertex 34.5109 -26.4811 241.0000
   vertex 37.6721 -21.7500 249.0000
   vertex 34.5109 -26.4811 249.0000
  endloop
 endfacet
 facet normal 0.89687 -0.44229 0.00000
  outer loop
   vertex 37.6721 -21.7500 241.0000
   vertex 40.1888 -16.6467 241.0000
   vertex 40.1888 -16.6467 249.0000
  endloop
 endfacet
 facet normal 0.89687 -0.44229 0.00000
  outer loop
   vertex 37.6721 -21.7500 241.0000
   vertex 40.1888 -16.6467 249.0000
   vertex 37.6721 -21.7500 249.0000
  endloop
 endfacet
 facet normal 0.94693 -0.32144 0.00000
  outer loop
   vertex 40.1888 -16.6467 241.0000
   vertex 42.0178 -11.2586 241.0000
   vertex 42.0178 -11.2586 249.0000
  endloop
 endfacet
 facet normal 0.94693 -0.32144 0.00000
  outer loop
   vertex 40.1888 -16.6467 241.0000
   vertex 42.0178 -11.2586 249.0000
   vertex 40.1888 -16.6467 249.0000
  endloop
 endfacet
 facet normal 0.98079 -0.19509 0.00000
  outer loop
   vertex 42.0178 -11.2586 241.0000
   vertex 43.1279 -5.6779 241.0000
   vertex 43.1279 -5.6779 249.0000
  endloop
 endfacet
 facet normal 0.98079 -0.19509 0.00000
  outer loop
   vertex 42.0178 -11.2586 241.0000
   vertex 43.1279 -5.6779 249.0000
   vertex 42.0178 -11.2586 249.0000
  endloop
 endfacet
 facet normal 0.99786 -0.06540 0.00000
  outer loop
   vertex 43.1279 -5.6779 241.0000
   vertex 43.5000 0.0000 241.0000
   vertex 43.5000 0.0000 249.0000
  endloop
 endfacet
 facet normal 0.99786 -0.06540 0.00000
  outer loop
   vertex 43.1279 -5.6779 241.0000
   vertex 43.5000 0.0000 249.0000
   vertex 43.1279 -5.6779 249.0000
  endloop
 endfacet
 facet normal 0.00000 0.00000 -1.00000
  outer loop
   vertex 0.0000 0.0000 241.0000
   vertex 43.1279 5.6779 241.0000
   vertex 43.5000 0.0000 241.0000
  endloop
 endfacet
 facet normal 0.00000 0.00000 1.00000
  outer loop
   vertex 0.0000 0.0000 249.0000
   vertex 43.5000 0.0000 249.0000
   vertex 43.1279 5.6779 249.0000
  endloop
 endfacet
 facet normal 0.00000 0.00000 -1.00000
  outer loop
   vertex 0.0000 0.0000 241.0000
   vertex 42.0178 11.2586 241.0000
   vertex 43.1279 5.6779 241.0000
  endloop
 endfacet
 facet normal 0.00000 0.00000 1.00000
  outer loop
   vertex 0.0000 0.0000 249.0000
   vertex 43.1279 5.6779 249.0000
   vertex 42.0178 11.2586 249.0000
  endloop
 endfacet
 facet normal 0.00000 0.00000 -1.00000
  outer loop
   vertex 0.0000 0.0000 241.0000
   vertex 40.1888 16.6467 241.0000
   vertex 42.0178 11.2586 241.0000
  endloop
 endfacet
 facet normal 0.00000 0.00000 1.00000
  outer loop
   vertex 0.0000 0.0000 249.0000
   vertex 42.0178 11.2586 249.0000
   vertex 40.1888 16.6467 249.0000
  endloop
 endfacet
 facet normal 0.00000 0.00000 -1.00000
  outer loop
   vertex 0.0000 0.0000 241.0000
   vertex 37.6721 21.7500 241.0000
   vertex 40.1888 16.6467 241.0000
  endloop
 endfacet
 facet normal 0.00000 0.00000 1.00000
  outer loop
   vertex 0.0000 0.0000 249.0000
   vertex 40.1888 16.6467 249.0000
   vertex 37.6721 21.7500 249.0000
  endloop
 endfacet
 facet normal 0.00000 0.00000 -1.00000
  outer loop
   vertex 0.0000 0.0000 241.0000
   vertex 34.5109 26.4811 241.0000
   vertex 37.6721 21.7500 241.0000
  endloop
 endfacet
 facet normal 0.00000 0.00000 1.00000
  outer loop
   vertex 0.0000 0.0000 249.0000
   vertex 37.6721 21.7500 249.0000
   vertex 34.5109 26.4811 249.0000
  endloop
 endfacet
 facet normal 0.00000 0.00000 -1.00000
  outer loop
   vertex 0.0000 0.0000 241.0000
   vertex 30.7591 30.7591 241.0000
   vertex 34.5109 26.4811 241.0000
  endloop
 endfacet
 facet normal 0.00000 0.00000 1.00000
  outer loop
   vertex 0.0000 0.0000 249.0000
   vertex 34.5109 26.4811 249.0000
   vertex 30.7591 30.7591 249.0000
  endloop
 endfacet
 facet normal 0.00000 0.00000 -1.00000
  outer loop
   vertex 0.0000 0.0000 241.0000
   vertex 26.4811 34.5109 241.0000
   vertex 30.7591 30.7591 241.0000
  endloop
 endfacet
 facet normal 0.00000 0.00000 1.00000
  outer loop
   vertex 0.0000 0.0000 249.0000
   vertex 30.7591 30.7591 249.0000
   vertex 26.4811 34.5109 249.0000
  endloop
 endfacet
 facet normal 0.00000 0.00000 -1.00000
  outer loop
   vertex 0.0000 0.0000 241.0000
   vertex 21.7500 37.6721 241.0000
   vertex 26.4811 34.5109 241.0000
  endloop
 endfacet
 facet normal 0.00000 0.00000 1.00000
  outer loop
   vertex 0.0000 0.0000 249.0000
   vertex 26.4811 34.5109 249.0000
   vertex 21.7500 37.6721 249.0000
  endloop
 endfacet
 facet normal 0.00000 0.00000 -1.00000
  outer loop
   vertex 0.0000 0.0000 241.0000
   vertex 16.6467 40.1888 241.0000
   vertex 21.7500 37.6721 241.0000
  endloop
 endfacet
 facet normal 0.00000 0.00000 1.00000
  outer loop
   vertex 0.0000 0.0000 249.0000
   vertex 21.7500 37.6721 249.0000
   vertex 16.6467 40.1888 249.0000
  endloop
 endfacet
 facet normal 0.00000 0.00000 -1.00000
  outer loop
   vertex 0.0000 0.0000 241.0000
   vertex 11.2586 42.0178 241.0000
   vertex 16.6467 40.1888 241.0000
  endloop
 endfacet
 facet normal 0.00000 0.00000 1.00000
  outer loop
   vertex 0.0000 0.0000 249.0000
   vertex 16.6467 40.1888 249.0000
   vertex 11.2586 42.0178 249.0000
  endloop
 endfacet
 facet normal 0.00000 0.00000 -1.00000
  outer loop
   vertex 0.0000 0.0000 241.0000
   vertex 5.6779 43.1279 241.0000
   vertex 11.2586 42.0178 241.0000
  endloop
 endfacet
 facet normal 0.00000 0.00000 1.00000
  outer loop
   vertex 0.0000 0.0000 249.0000
   vertex 11.2586 42.0178 249.0000
   vertex 5.6779 43.1279 249.0000
  endloop
 endfacet
 facet normal 0.00000 0.00000 -1.00000
  outer loop
   vertex 0.0000 0.0000 241.0000
   vertex 0.0000 43.5000 241.0000
   vertex 5.6779 43.1279 241.0000
  endloop
 endfacet
 facet normal 0.00000 0.00000 1.00000
  outer loop
   vertex 0.0000 0.0000 249.0000
   vertex 5.6779 43.1279 249.0000
   vertex 0.0000 43.5000 249.0000
  endloop
 endfacet
 facet normal 0.00000 0.00000 -1.00000
  outer loop
   vertex 0.0000 0.0000 241.0000
   vertex -5.6779 43.1279 241.0000
   vertex 0.0000 43.5000 241.0000
  endloop
 endfacet
 facet normal 0.00000 -0.00000 1.00000
  outer loop
   vertex 0.0000 0.0000 249.0000
   vertex 0.0000 43.5000 249.0000
   vertex -5.6779 43.1279 249.0000
  endloop
 endfacet
 facet normal 0.00000 0.00000 -1.00000
  outer loop
   vertex 0.0000 0.0000 241.0000
   vertex -11.2586 42.0178 241.0000
   vertex -5.6779 43.1279 241.0000
  endloop
 endfacet
 facet normal 0.00000 0.00000 1.00000
  outer loop
   vertex 0.0000 0.0000 249.0000
   vertex -5.6779 43.1279 249.0000
   vertex -11.2586 42.0178 249.0000
  endloop
 endfacet
 facet normal 0.00000 0.00000 -1.00000
  outer loop
   vertex 0.0000 0.0000 241.0000
   vertex -16.6467 40.1888 241.0000
   vertex -11.2586 42.0178 241.0000
  endloop
 endfacet
 facet normal 0.00000 0.00000 1.00000
  outer loop
   vertex 0.0000 0.0000 249.0000
   vertex -11.2586 42.0178 249.0000
   vertex -16.6467 40.1888 249.0000
  endloop
 endfacet
 facet normal 0.00000 0.00000 -1.00000
  outer loop
   vertex 0.0000 0.0000 241.0000
   vertex -21.7500 37.6721 241.0000
   vertex -16.6467 40.1888 241.0000
  endloop
 endfacet
 facet normal 0.00000 0.00000 1.00000
  outer loop
   vertex 0.0000 0.0000 249.0000
   vertex -16.6467 40.1888 249.0000
   vertex -21.7500 37.6721 249.0000
  endloop
 endfacet
 facet normal 0.00000 0.00000 -1.00000
  outer loop
   vertex 0.0000 0.0000 241.0000
   vertex -26.4811 34.5109 241.0000
   vertex -21.7500 37.6721 241.0000
  endloop
 endfacet
 facet normal 0.00000 0.00000 1.00000
  outer loop
   vertex 0.0000 0.0000 249.0000
   vertex -21.7500 37.6721 249.0000
   vertex -26.4811 34.5109 249.0000
  endloop
 endfacet
 facet normal 0.00000 0.00000 -1.00000
  outer loop
   vertex 0.0000 0.0000 241.0000
   vertex -30.7591 30.7591 241.0000
   vertex -26.4811 34.5109 241.0000
  endloop
 endfacet
 facet normal 0.00000 0.00000 1.00000
  outer loop
   vertex 0.0000 0.0000 249.0000
   vertex -26.4811 34.5109 249.0000
   vertex -30.7591 30.7591 249.0000
  endloop
 endfacet
 facet normal 0.00000 0.00000 -1.00000
  outer loop
   vertex 0.0000 0.0000 241.0000
   vertex -34.5109 26.4811 241.0000
   vertex -30.7591 30.7591 241.0000
  endloop
 endfacet
 facet normal 0.00000 0.00000 1.00000
  outer loop
   vertex 0.0000 0.0000 249.0000
   vertex -30.7591 30.7591 249.0000
   vertex -34.5109 26.4811 249.0000
  endloop
 endfacet
 facet normal 0.00000 0.00000 -1.00000
  outer loop
   vertex 0.0000 0.0000 241.0000
   vertex -37.6721 21.7500 241.0000
   vertex -34.5109 26.4811 241.0000
  endloop
 endfacet
 facet normal 0.00000 0.00000 1.00000
  outer loop
   vertex 0.0000 0.0000 249.0000
   vertex -34.5109 26.4811 249.0000
   vertex -37.6721 21.7500 249.0000
  endloop
 endfacet
 facet normal 0.00000 0.00000 -1.00000
  outer loop
   vertex 0.0000 0.0000 241.0000
   vertex -40.1888 16.6467 241.0000
   vertex -37.6721 21.7500 241.0000
  endloop
 endfacet
 facet normal 0.00000 0.00000 1.00000
  outer loop
   vertex 0.0000 0.0000 249.0000
   vertex -37.6721 21.7500 249.0000
   vertex -40.1888 16.6467 249.0000
  endloop
 endfacet
 facet normal 0.00000 0.00000 -1.00000
  outer loop
   vertex 0.0000 0.0000 241.0000
   vertex -42.0178 11.2586 241.0000
   vertex -40.1888 16.6467 241.0000
  endloop
 endfacet
 facet normal 0.00000 0.00000 1.00000
  outer loop
   vertex 0.0000 0.0000 249.0000
   vertex -40.1888 16.6467 249.0000
   vertex -42.0178 11.2586 249.0000
  endloop
 endfacet
 facet normal 0.00000 0.00000 -1.00000
  outer loop
   vertex 0.0000 0.0000 241.0000
   vertex -43.1279 5.6779 241.0000
   vertex -42.0178 11.2586 241.0000
  endloop
 endfacet
 facet normal 0.00000 0.00000 1.00000
  outer loop
   vertex 0.0000 0.0000 249.0000
   vertex -42.0178 11.2586 249.0000
   vertex -43.1279 5.6779 249.0000
  endloop
 endfacet
 facet normal 0.00000 0.00000 -1.00000
  outer loop
   vertex 0.0000 0.0000 241.0000
   vertex -43.5000 0.0000 241.0000
   vertex -43.1279 5.6779 241.0000
  endloop
 endfacet
 facet normal 0.00000 0.00000 1.00000
  outer loop
   vertex 0.0000 0.0000 249.0000
   vertex -43.1279 5.6779 249.0000
   vertex -43.5000 0.0000 249.0000
  endloop
 endfacet
 facet normal -0.00000 0.00000 -1.00000
  outer loop
   vertex 0.0000 0.0000 241.0000
   vertex -43.1279 -5.6779 241.0000
   vertex -43.5000 0.0000 241.0000
  endloop
 endfacet
 facet normal 0.00000 0.00000 1.00000
  outer loop
   vertex 0.0000 0.0000 249.0000
   vertex -43.5000 0.0000 249.0000
   vertex -43.1279 -5.6779 249.0000
  endloop
 endfacet
 facet normal 0.00000 0.00000 -1.00000
  outer loop
   vertex 0.0000 0.0000 241.0000
   vertex -42.0178 -11.2586 241.0000
   vertex -43.1279 -5.6779 241.0000
  endloop
 endfacet
 facet normal 0.00000 0.00000 1.00000
  outer loop
   vertex 0.0000 0.0000 249.0000
   vertex -43.1279 -5.6779 249.0000
   vertex -42.0178 -11.2586 249.0000
  endloop
 endfacet
 facet normal 0.00000 0.00000 -1.00000
  outer loop
   vertex 0.0000 0.0000 241.0000
   vertex -40.1888 -16.6467 241.0000
   vertex -42.0178 -11.2586 241.0000
  endloop
 endfacet
 facet normal 0.00000 0.00000 1.00000
  outer loop
   vertex 0.0000 0.0000 249.0000
   vertex -42.0178 -11.2586 249.0000
   vertex -40.1888 -16.6467 249.0000
  endloop
 endfacet
 facet normal 0.00000 0.00000 -1.00000
  outer loop
   vertex 0.0000 0.0000 241.0000
   vertex -37.6721 -21.7500 241.0000
   vertex -40.1888 -16.6467 241.0000
  endloop
 endfacet
 facet normal 0.00000 0.00000 1.00000
  outer loop
   vertex 0.0000 0.0000 249.0000
   vertex -40.1888 -16.6467 249.0000
   vertex -37.6721 -21.7500 249.0000
  endloop
 endfacet
 facet normal 0.00000 0.00000 -1.00000
  outer loop
   vertex 0.0000 0.0000 241.0000
   vertex -34.5109 -26.4811 241.0000
   vertex -37.6721 -21.7500 241.0000
  endloop
 endfacet
 facet normal 0.00000 0.00000 1.00000
  outer loop
   vertex 0.0000 0.0000 249.0000
   vertex -37.6721 -21.7500 249.0000
   vertex -34.5109 -26.4811 249.0000
  endloop
 endfacet
 facet normal 0.00000 0.00000 -1.00000
  outer loop
   vertex 0.0000 0.0000 241.0000
   vertex -30.7591 -30.7591 241.0000
   vertex -34.5109 -26.4811 241.0000
  endloop
 endfacet
 facet normal 0.00000 0.00000 1.00000
  outer loop
   vertex 0.0000 0.0000 249.0000
   vertex -34.5109 -26.4811 249.0000
   vertex -30.7591 -30.7591 249.0000
  endloop
 endfacet
 facet normal 0.00000 0.00000 -1.00000
  outer loop
   vertex 0.0000 0.0000 241.0000
   vertex -26.4811 -34.5109 241.0000
   vertex -30.7591 -30.7591 241.0000
  endloop
 endfacet
 facet normal 0.00000 0.00000 1.00000
  outer loop
   vertex 0.0000 0.0000 249.0000
   vertex -30.7591 -30.7591 249.0000
   vertex -26.4811 -34.5109 249.0000
  endloop
 endfacet
 facet normal 0.00000 0.00000 -1.00000
  outer loop
   vertex 0.0000 0.0000 241.0000
   vertex -21.7500 -37.6721 241.0000
   vertex -26.4811 -34.5109 241.0000
  endloop
 endfacet
 facet normal 0.00000 0.00000 1.00000
  outer loop
   vertex 0.0000 0.0000 249.0000
   vertex -26.4811 -34.5109 249.0000
   vertex -21.7500 -37.6721 249.0000
  endloop
 endfacet
 facet normal 0.00000 0.00000 -1.00000
  outer loop
   vertex 0.0000 0.0000 241.0000
   vertex -16.6467 -40.1888 241.0000
   vertex -21.7500 -37.6721 241.0000
  endloop
 endfacet
 facet normal 0.00000 0.00000 1.00000
  outer loop
   vertex 0.0000 0.0000 249.0000
   vertex -21.7500 -37.6721 249.0000
   vertex -16.6467 -40.1888 249.0000
  endloop
 endfacet
 facet normal 0.00000 0.00000 -1.00000
  outer loop
   vertex 0.0000 0.0000 241.0000
   vertex -11.2586 -42.0178 241.0000
   vertex -16.6467 -40.1888 241.0000
  endloop
 endfacet
 facet normal 0.00000 0.00000 1.00000
  outer loop
   vertex 0.0000 0.0000 249.0000
   vertex -16.6467 -40.1888 249.0000
   vertex -11.2586 -42.0178 249.0000
  endloop
 endfacet
 facet normal 0.00000 0.00000 -1.00000
  outer loop
   vertex 0.0000 0.0000 241.0000
   vertex -5.6779 -43.1279 241.0000
   vertex -11.2586 -42.0178 241.0000
  endloop
 endfacet
 facet normal 0.00000 0.00000 1.00000
  outer loop
   vertex 0.0000 0.0000 249.0000
   vertex -11.2586 -42.0178 249.0000
   vertex -5.6779 -43.1279 249.0000
  endloop
 endfacet
 facet normal 0.00000 0.00000 -1.00000
  outer loop
   vertex 0.0000 0.0000 241.0000
   vertex -0.0000 -43.5000 241.0000
   vertex -5.6779 -43.1279 241.0000
  endloop
 endfacet
 facet normal 0.00000 0.00000 1.00000
  outer loop
   vertex 0.0000 0.0000 249.0000
   vertex -5.6779 -43.1279 249.0000
   vertex -0.0000 -43.5000 249.0000
  endloop
 endfacet
 facet normal 0.00000 -0.00000 -1.00000
  outer loop
   vertex 0.0000 0.0000 241.0000
   vertex 5.6779 -43.1279 241.0000
   vertex -0.0000 -43.5000 241.0000
  endloop
 endfacet
 facet normal 0.00000 0.00000 1.00000
  outer loop
   vertex 0.0000 0.0000 249.0000
   vertex -0.0000 -43.5000 249.0000
   vertex 5.6779 -43.1279 249.0000
  endloop
 endfacet
 facet normal 0.00000 0.00000 -1.00000
  outer loop
   vertex 0.0000 0.0000 241.0000
   vertex 11.2586 -42.0178 241.0000
   vertex 5.6779 -43.1279 241.0000
  endloop
 endfacet
 facet normal 0.00000 0.00000 1.00000
  outer loop
   vertex 0.0000 0.0000 249.0000
   vertex 5.6779 -43.1279 249.0000
   vertex 11.2586 -42.0178 249.0000
  endloop
 endfacet
 facet normal 0.00000 0.00000 -1.00000
  outer loop
   vertex 0.0000 0.0000 241.0000
   vertex 16.6467 -40.1888 241.0000
   vertex 11.2586 -42.0178 241.0000
  endloop
 endfacet
 facet normal 0.00000 0.00000 1.00000
  outer loop
   vertex 0.0000 0.0000 249.0000
   vertex 11.2586 -42.0178 249.0000
   vertex 16.6467 -40.1888 249.0000
  endloop
 endfacet
 facet normal 0.00000 0.00000 -1.00000
  outer loop
   vertex 0.0000 0.0000 241.0000
   vertex 21.7500 -37.6721 241.0000
   vertex 16.6467 -40.1888 241.0000
  endloop
 endfacet
 facet normal 0.00000 0.00000 1.00000
  outer loop
   vertex 0.0000 0.0000 249.0000
   vertex 16.6467 -40.1888 249.0000
   vertex 21.7500 -37.6721 249.0000
  endloop
 endfacet
 facet normal 0.00000 0.00000 -1.00000
  outer loop
   vertex 0.0000 0.0000 241.0000
   vertex 26.4811 -34.5109 241.0000
   vertex 21.7500 -37.6721 241.0000
  endloop
 endfacet
 facet normal 0.00000 0.00000 1.00000
  outer loop
   vertex 0.0000 0.0000 249.0000
   vertex 21.7500 -37.6721 249.0000
   vertex 26.4811 -34.5109 249.0000
  endloop
 endfacet
 facet normal 0.00000 0.00000 -1.00000
  outer loop
   vertex 0.0000 0.0000 241.0000
   vertex 30.7591 -30.7591 241.0000
   vertex 26.4811 -34.5109 241.0000
  endloop
 endfacet
 facet normal 0.00000 0.00000 1.00000
  outer loop
   vertex 0.0000 0.0000 249.0000
   vertex 26.4811 -34.5109 249.0000
   vertex 30.7591 -30.7591 249.0000
  endloop
 endfacet
 facet normal 0.00000 0.00000 -1.00000
  outer loop
   vertex 0.0000 0.0000 241.0000
   vertex 34.5109 -26.4811 241.0000
   vertex 30.7591 -30.7591 241.0000
  endloop
 endfacet
 facet normal 0.00000 0.00000 1.00000
  outer loop
   vertex 0.0000 0.0000 249.0000
   vertex 30.7591 -30.7591 249.0000
   vertex 34.5109 -26.4811 249.0000
  endloop
 endfacet
 facet normal 0.00000 0.00000 -1.00000
  outer loop
   vertex 0.0000 0.0000 241.0000
   vertex 37.6721 -21.7500 241.0000
   vertex 34.5109 -26.4811 241.0000
  endloop
 endfacet
 facet normal 0.00000 0.00000 1.00000
  outer loop
   vertex 0.0000 0.0000 249.0000
   vertex 34.5109 -26.4811 249.0000
   vertex 37.6721 -21.7500 249.0000
  endloop
 endfacet
 facet normal 0.00000 0.00000 -1.00000
  outer loop
   vertex 0.0000 0.0000 241.0000
   vertex 40.1888 -16.6467 241.0000
   vertex 37.6721 -21.7500 241.0000
  endloop
 endfacet
 facet normal 0.00000 0.00000 1.00000
  outer loop
   vertex 0.0000 0.0000 249.0000
   vertex 37.6721 -21.7500 249.0000
   vertex 40.1888 -16.6467 249.0000
  endloop
 endfacet
 facet normal 0.00000 0.00000 -1.00000
  outer loop
   vertex 0.0000 0.0000 241.0000
   vertex 42.0178 -11.2586 241.0000
   vertex 40.1888 -16.6467 241.0000
  endloop
 endfacet
 facet normal 0.00000 0.00000 1.00000
  outer loop
   vertex 0.0000 0.0000 249.0000
   vertex 40.1888 -16.6467 249.0000
   vertex 42.0178 -11.2586 249.0000
  endloop
 endfacet
 facet normal 0.00000 0.00000 -1.00000
  outer loop
   vertex 0.0000 0.0000 241.0000
   vertex 43.1279 -5.6779 241.0000
   vertex 42.0178 -11.2586 241.0000
  endloop
 endfacet
 facet normal 0.00000 0.00000 1.00000
  outer loop
   vertex 0.0000 0.0000 249.0000
   vertex 42.0178 -11.2586 249.0000
   vertex 43.1279 -5.6779 249.0000
  endloop
 endfacet
 facet normal 0.00000 0.00000 -1.00000
  outer loop
   vertex 0.0000 0.0000 241.0000
   vertex 43.5000 0.0000 241.0000
   vertex 43.1279 -5.6779 241.0000
  endloop
 endfacet
 facet normal -0.00000 0.00000 1.00000
  outer loop
   vertex 0.0000 0.0000 249.0000
   vertex 43.1279 -5.6779 249.0000
   vertex 43.5000 0.0000 249.0000
  endloop
 endfacet
 facet normal 0.00000 0.00000 -1.00000
  outer loop
   vertex -25.0000 -19.0000 249.0000
   vertex 13.0000 19.0000 249.0000
   vertex 13.0000 -19.0000 249.0000
  endloop
 endfacet
 facet normal 0.00000 0.00000 -1.00000
  outer loop
   vertex -25.0000 -19.0000 249.0000
   vertex -25.0000 19.0000 249.0000
   vertex 13.0000 19.0000 249.0000
  endloop
 endfacet
 facet normal 0.00000 0.00000 1.00000
  outer loop
   vertex -25.0000 -19.0000 252.2000
   vertex 13.0000 -19.0000 252.2000
   vertex 13.0000 19.0000 252.2000
  endloop
 endfacet
 facet normal 0.00000 0.00000 1.00000
  outer loop
   vertex -25.0000 -19.0000 252.2000
   vertex 13.0000 19.0000 252.2000
   vertex -25.0000 19.0000 252.2000
  endloop
 endfacet
 facet normal 0.00000 -1.00000 0.00000
  outer loop
   vertex -25.0000 -19.0000 249.0000
   vertex 13.0000 -19.0000 249.0000
   vertex 13.0000 -19.0000 252.2000
  endloop
 endfacet
 facet normal 0.00000 -1.00000 0.00000
  outer loop
   vertex -25.0000 -19.0000 249.0000
   vertex 13.0000 -19.0000 252.2000
   vertex -25.0000 -19.0000 252.2000
  endloop
 endfacet
 facet normal 1.00000 0.00000 0.00000
  outer loop
   vertex 13.0000 -19.0000 249.0000
   vertex 13.0000 19.0000 249.0000
   vertex 13.0000 19.0000 252.2000
  endloop
 endfacet
 facet normal 1.00000 0.00000 0.00000
  outer loop
   vertex 13.0000 -19.0000 249.0000
   vertex 13.0000 19.0000 252.2000
   vertex 13.0000 -19.0000 252.2000
  endloop
 endfacet
 facet normal 0.00000 1.00000 0.00000
  outer loop
   vertex 13.0000 19.0000 249.0000
   vertex -25.0000 19.0000 249.0000
   vertex -25.0000 19.0000 252.2000
  endloop
 endfacet
 facet normal 0.00000 1.00000 -0.00000
  outer loop
   vertex 13.0000 19.0000 249.0000
   vertex -25.0000 19.0000 252.2000
   vertex 13.0000 19.0000 252.2000
  endloop
 endfacet
 facet normal -1.00000 0.00000 0.00000
  outer loop
   vertex -25.0000 19.0000 249.0000
   vertex -25.0000 -19.0000 249.0000
   vertex -25.0000 -19.0000 252.2000
  endloop
 endfacet
 facet normal -1.00000 0.00000 0.00000
  outer loop
   vertex -25.0000 19.0000 249.0000
   vertex -25.0000 -19.0000 252.2000
   vertex -25.0000 19.0000 252.2000
  endloop
 endfacet
 facet normal 0.00000 0.00000 -1.00000
  outer loop
   vertex -22.0000 -16.0000 252.2000
   vertex 10.0000 16.0000 252.2000
   vertex 10.0000 -16.0000 252.2000
  endloop
 endfacet
 facet normal 0.00000 0.00000 -1.00000
  outer loop
   vertex -22.0000 -16.0000 252.2000
   vertex -22.0000 16.0000 252.2000
   vertex 10.0000 16.0000 252.2000
  endloop
 endfacet
 facet normal 0.00000 0.00000 1.00000
  outer loop
   vertex -22.0000 -16.0000 252.4000
   vertex 10.0000 -16.0000 252.4000
   vertex 10.0000 16.0000 252.4000
  endloop
 endfacet
 facet normal 0.00000 0.00000 1.00000
  outer loop
   vertex -22.0000 -16.0000 252.4000
   vertex 10.0000 16.0000 252.4000
   vertex -22.0000 16.0000 252.4000
  endloop
 endfacet
 facet normal 0.00000 -1.00000 0.00000
  outer loop
   vertex -22.0000 -16.0000 252.2000
   vertex 10.0000 -16.0000 252.2000
   vertex 10.0000 -16.0000 252.4000
  endloop
 endfacet
 facet normal 0.00000 -1.00000 0.00000
  outer loop
   vertex -22.0000 -16.0000 252.2000
   vertex 10.0000 -16.0000 252.4000
   vertex -22.0000 -16.0000 252.4000
  endloop
 endfacet
 facet normal 1.00000 0.00000 0.00000
  outer loop
   vertex 10.0000 -16.0000 252.2000
   vertex 10.0000 16.0000 252.2000
   vertex 10.0000 16.0000 252.4000
  endloop
 endfacet
 facet normal 1.00000 0.00000 0.00000
  outer loop
   vertex 10.0000 -16.0000 252.2000
   vertex 10.0000 16.0000 252.4000
   vertex 10.0000 -16.0000 252.4000
  endloop
 endfacet
 facet normal 0.00000 1.00000 0.00000
  outer loop
   vertex 10.0000 16.0000 252.2000
   vertex -22.0000 16.0000 252.2000
   vertex -22.0000 16.0000 252.4000
  endloop
 endfacet
 facet normal 0.00000 1.00000 -0.00000
  outer loop
   vertex 10.0000 16.0000 252.2000
   vertex -22.0000 16.0000 252.4000
   vertex 10.0000 16.0000 252.4000
  endloop
 endfacet
 facet normal -1.00000 0.00000 0.00000
  outer loop
   vertex -22.0000 16.0000 252.2000
   vertex -22.0000 -16.0000 252.2000
   vertex -22.0000 -16.0000 252.4000
  endloop
 endfacet
 facet normal -1.00000 0.00000 0.00000
  outer loop
   vertex -22.0000 16.0000 252.2000
   vertex -22.0000 -16.0000 252.4000
   vertex -22.0000 16.0000 252.4000
  endloop
 endfacet
 facet normal 0.99786 0.06540 0.00000
  outer loop
   vertex 27.2000 -8.0000 249.0000
   vertex 27.1726 -7.5823 249.0000
   vertex 27.1726 -7.5823 252.0000
  endloop
 endfacet
 facet normal 0.99786 0.06540 -0.00000
  outer loop
   vertex 27.2000 -8.0000 249.0000
   vertex 27.1726 -7.5823 252.0000
   vertex 27.2000 -8.0000 252.0000
  endloop
 endfacet
 facet normal 0.98079 0.19509 0.00000
  outer loop
   vertex 27.1726 -7.5823 249.0000
   vertex 27.0910 -7.1718 249.0000
   vertex 27.0910 -7.1718 252.0000
  endloop
 endfacet
 facet normal 0.98079 0.19509 -0.00000
  outer loop
   vertex 27.1726 -7.5823 249.0000
   vertex 27.0910 -7.1718 252.0000
   vertex 27.1726 -7.5823 252.0000
  endloop
 endfacet
 facet normal 0.94693 0.32144 0.00000
  outer loop
   vertex 27.0910 -7.1718 249.0000
   vertex 26.9564 -6.7754 249.0000
   vertex 26.9564 -6.7754 252.0000
  endloop
 endfacet
 facet normal 0.94693 0.32144 -0.00000
  outer loop
   vertex 27.0910 -7.1718 249.0000
   vertex 26.9564 -6.7754 252.0000
   vertex 27.0910 -7.1718 252.0000
  endloop
 endfacet
 facet normal 0.89687 0.44229 0.00000
  outer loop
   vertex 26.9564 -6.7754 249.0000
   vertex 26.7713 -6.4000 249.0000
   vertex 26.7713 -6.4000 252.0000
  endloop
 endfacet
 facet normal 0.89687 0.44229 -0.00000
  outer loop
   vertex 26.9564 -6.7754 249.0000
   vertex 26.7713 -6.4000 252.0000
   vertex 26.9564 -6.7754 252.0000
  endloop
 endfacet
 facet normal 0.83147 0.55557 0.00000
  outer loop
   vertex 26.7713 -6.4000 249.0000
   vertex 26.5387 -6.0520 249.0000
   vertex 26.5387 -6.0520 252.0000
  endloop
 endfacet
 facet normal 0.83147 0.55557 -0.00000
  outer loop
   vertex 26.7713 -6.4000 249.0000
   vertex 26.5387 -6.0520 252.0000
   vertex 26.7713 -6.4000 252.0000
  endloop
 endfacet
 facet normal 0.75184 0.65935 0.00000
  outer loop
   vertex 26.5387 -6.0520 249.0000
   vertex 26.2627 -5.7373 249.0000
   vertex 26.2627 -5.7373 252.0000
  endloop
 endfacet
 facet normal 0.75184 0.65935 -0.00000
  outer loop
   vertex 26.5387 -6.0520 249.0000
   vertex 26.2627 -5.7373 252.0000
   vertex 26.5387 -6.0520 252.0000
  endloop
 endfacet
 facet normal 0.65935 0.75184 0.00000
  outer loop
   vertex 26.2627 -5.7373 249.0000
   vertex 25.9480 -5.4613 249.0000
   vertex 25.9480 -5.4613 252.0000
  endloop
 endfacet
 facet normal 0.65935 0.75184 -0.00000
  outer loop
   vertex 26.2627 -5.7373 249.0000
   vertex 25.9480 -5.4613 252.0000
   vertex 26.2627 -5.7373 252.0000
  endloop
 endfacet
 facet normal 0.55557 0.83147 0.00000
  outer loop
   vertex 25.9480 -5.4613 249.0000
   vertex 25.6000 -5.2287 249.0000
   vertex 25.6000 -5.2287 252.0000
  endloop
 endfacet
 facet normal 0.55557 0.83147 -0.00000
  outer loop
   vertex 25.9480 -5.4613 249.0000
   vertex 25.6000 -5.2287 252.0000
   vertex 25.9480 -5.4613 252.0000
  endloop
 endfacet
 facet normal 0.44229 0.89687 0.00000
  outer loop
   vertex 25.6000 -5.2287 249.0000
   vertex 25.2246 -5.0436 249.0000
   vertex 25.2246 -5.0436 252.0000
  endloop
 endfacet
 facet normal 0.44229 0.89687 -0.00000
  outer loop
   vertex 25.6000 -5.2287 249.0000
   vertex 25.2246 -5.0436 252.0000
   vertex 25.6000 -5.2287 252.0000
  endloop
 endfacet
 facet normal 0.32144 0.94693 0.00000
  outer loop
   vertex 25.2246 -5.0436 249.0000
   vertex 24.8282 -4.9090 249.0000
   vertex 24.8282 -4.9090 252.0000
  endloop
 endfacet
 facet normal 0.32144 0.94693 -0.00000
  outer loop
   vertex 25.2246 -5.0436 249.0000
   vertex 24.8282 -4.9090 252.0000
   vertex 25.2246 -5.0436 252.0000
  endloop
 endfacet
 facet normal 0.19509 0.98079 0.00000
  outer loop
   vertex 24.8282 -4.9090 249.0000
   vertex 24.4177 -4.8274 249.0000
   vertex 24.4177 -4.8274 252.0000
  endloop
 endfacet
 facet normal 0.19509 0.98079 -0.00000
  outer loop
   vertex 24.8282 -4.9090 249.0000
   vertex 24.4177 -4.8274 252.0000
   vertex 24.8282 -4.9090 252.0000
  endloop
 endfacet
 facet normal 0.06540 0.99786 0.00000
  outer loop
   vertex 24.4177 -4.8274 249.0000
   vertex 24.0000 -4.8000 249.0000
   vertex 24.0000 -4.8000 252.0000
  endloop
 endfacet
 facet normal 0.06540 0.99786 -0.00000
  outer loop
   vertex 24.4177 -4.8274 249.0000
   vertex 24.0000 -4.8000 252.0000
   vertex 24.4177 -4.8274 252.0000
  endloop
 endfacet
 facet normal -0.06540 0.99786 0.00000
  outer loop
   vertex 24.0000 -4.8000 249.0000
   vertex 23.5823 -4.8274 249.0000
   vertex 23.5823 -4.8274 252.0000
  endloop
 endfacet
 facet normal -0.06540 0.99786 0.00000
  outer loop
   vertex 24.0000 -4.8000 249.0000
   vertex 23.5823 -4.8274 252.0000
   vertex 24.0000 -4.8000 252.0000
  endloop
 endfacet
 facet normal -0.19509 0.98079 0.00000
  outer loop
   vertex 23.5823 -4.8274 249.0000
   vertex 23.1718 -4.9090 249.0000
   vertex 23.1718 -4.9090 252.0000
  endloop
 endfacet
 facet normal -0.19509 0.98079 0.00000
  outer loop
   vertex 23.5823 -4.8274 249.0000
   vertex 23.1718 -4.9090 252.0000
   vertex 23.5823 -4.8274 252.0000
  endloop
 endfacet
 facet normal -0.32144 0.94693 0.00000
  outer loop
   vertex 23.1718 -4.9090 249.0000
   vertex 22.7754 -5.0436 249.0000
   vertex 22.7754 -5.0436 252.0000
  endloop
 endfacet
 facet normal -0.32144 0.94693 0.00000
  outer loop
   vertex 23.1718 -4.9090 249.0000
   vertex 22.7754 -5.0436 252.0000
   vertex 23.1718 -4.9090 252.0000
  endloop
 endfacet
 facet normal -0.44229 0.89687 0.00000
  outer loop
   vertex 22.7754 -5.0436 249.0000
   vertex 22.4000 -5.2287 249.0000
   vertex 22.4000 -5.2287 252.0000
  endloop
 endfacet
 facet normal -0.44229 0.89687 0.00000
  outer loop
   vertex 22.7754 -5.0436 249.0000
   vertex 22.4000 -5.2287 252.0000
   vertex 22.7754 -5.0436 252.0000
  endloop
 endfacet
 facet normal -0.55557 0.83147 0.00000
  outer loop
   vertex 22.4000 -5.2287 249.0000
   vertex 22.0520 -5.4613 249.0000
   vertex 22.0520 -5.4613 252.0000
  endloop
 endfacet
 facet normal -0.55557 0.83147 0.00000
  outer loop
   vertex 22.4000 -5.2287 249.0000
   vertex 22.0520 -5.4613 252.0000
   vertex 22.4000 -5.2287 252.0000
  endloop
 endfacet
 facet normal -0.65935 0.75184 0.00000
  outer loop
   vertex 22.0520 -5.4613 249.0000
   vertex 21.7373 -5.7373 249.0000
   vertex 21.7373 -5.7373 252.0000
  endloop
 endfacet
 facet normal -0.65935 0.75184 0.00000
  outer loop
   vertex 22.0520 -5.4613 249.0000
   vertex 21.7373 -5.7373 252.0000
   vertex 22.0520 -5.4613 252.0000
  endloop
 endfacet
 facet normal -0.75184 0.65935 0.00000
  outer loop
   vertex 21.7373 -5.7373 249.0000
   vertex 21.4613 -6.0520 249.0000
   vertex 21.4613 -6.0520 252.0000
  endloop
 endfacet
 facet normal -0.75184 0.65935 0.00000
  outer loop
   vertex 21.7373 -5.7373 249.0000
   vertex 21.4613 -6.0520 252.0000
   vertex 21.7373 -5.7373 252.0000
  endloop
 endfacet
 facet normal -0.83147 0.55557 0.00000
  outer loop
   vertex 21.4613 -6.0520 249.0000
   vertex 21.2287 -6.4000 249.0000
   vertex 21.2287 -6.4000 252.0000
  endloop
 endfacet
 facet normal -0.83147 0.55557 0.00000
  outer loop
   vertex 21.4613 -6.0520 249.0000
   vertex 21.2287 -6.4000 252.0000
   vertex 21.4613 -6.0520 252.0000
  endloop
 endfacet
 facet normal -0.89687 0.44229 0.00000
  outer loop
   vertex 21.2287 -6.4000 249.0000
   vertex 21.0436 -6.7754 249.0000
   vertex 21.0436 -6.7754 252.0000
  endloop
 endfacet
 facet normal -0.89687 0.44229 0.00000
  outer loop
   vertex 21.2287 -6.4000 249.0000
   vertex 21.0436 -6.7754 252.0000
   vertex 21.2287 -6.4000 252.0000
  endloop
 endfacet
 facet normal -0.94693 0.32144 0.00000
  outer loop
   vertex 21.0436 -6.7754 249.0000
   vertex 20.9090 -7.1718 249.0000
   vertex 20.9090 -7.1718 252.0000
  endloop
 endfacet
 facet normal -0.94693 0.32144 0.00000
  outer loop
   vertex 21.0436 -6.7754 249.0000
   vertex 20.9090 -7.1718 252.0000
   vertex 21.0436 -6.7754 252.0000
  endloop
 endfacet
 facet normal -0.98079 0.19509 0.00000
  outer loop
   vertex 20.9090 -7.1718 249.0000
   vertex 20.8274 -7.5823 249.0000
   vertex 20.8274 -7.5823 252.0000
  endloop
 endfacet
 facet normal -0.98079 0.19509 0.00000
  outer loop
   vertex 20.9090 -7.1718 249.0000
   vertex 20.8274 -7.5823 252.0000
   vertex 20.9090 -7.1718 252.0000
  endloop
 endfacet
 facet normal -0.99786 0.06540 0.00000
  outer loop
   vertex 20.8274 -7.5823 249.0000
   vertex 20.8000 -8.0000 249.0000
   vertex 20.8000 -8.0000 252.0000
  endloop
 endfacet
 facet normal -0.99786 0.06540 0.00000
  outer loop
   vertex 20.8274 -7.5823 249.0000
   vertex 20.8000 -8.0000 252.0000
   vertex 20.8274 -7.5823 252.0000
  endloop
 endfacet
 facet normal -0.99786 -0.06540 0.00000
  outer loop
   vertex 20.8000 -8.0000 249.0000
   vertex 20.8274 -8.4177 249.0000
   vertex 20.8274 -8.4177 252.0000
  endloop
 endfacet
 facet normal -0.99786 -0.06540 0.00000
  outer loop
   vertex 20.8000 -8.0000 249.0000
   vertex 20.8274 -8.4177 252.0000
   vertex 20.8000 -8.0000 252.0000
  endloop
 endfacet
 facet normal -0.98079 -0.19509 0.00000
  outer loop
   vertex 20.8274 -8.4177 249.0000
   vertex 20.9090 -8.8282 249.0000
   vertex 20.9090 -8.8282 252.0000
  endloop
 endfacet
 facet normal -0.98079 -0.19509 0.00000
  outer loop
   vertex 20.8274 -8.4177 249.0000
   vertex 20.9090 -8.8282 252.0000
   vertex 20.8274 -8.4177 252.0000
  endloop
 endfacet
 facet normal -0.94693 -0.32144 0.00000
  outer loop
   vertex 20.9090 -8.8282 249.0000
   vertex 21.0436 -9.2246 249.0000
   vertex 21.0436 -9.2246 252.0000
  endloop
 endfacet
 facet normal -0.94693 -0.32144 0.00000
  outer loop
   vertex 20.9090 -8.8282 249.0000
   vertex 21.0436 -9.2246 252.0000
   vertex 20.9090 -8.8282 252.0000
  endloop
 endfacet
 facet normal -0.89687 -0.44229 0.00000
  outer loop
   vertex 21.0436 -9.2246 249.0000
   vertex 21.2287 -9.6000 249.0000
   vertex 21.2287 -9.6000 252.0000
  endloop
 endfacet
 facet normal -0.89687 -0.44229 0.00000
  outer loop
   vertex 21.0436 -9.2246 249.0000
   vertex 21.2287 -9.6000 252.0000
   vertex 21.0436 -9.2246 252.0000
  endloop
 endfacet
 facet normal -0.83147 -0.55557 0.00000
  outer loop
   vertex 21.2287 -9.6000 249.0000
   vertex 21.4613 -9.9480 249.0000
   vertex 21.4613 -9.9480 252.0000
  endloop
 endfacet
 facet normal -0.83147 -0.55557 0.00000
  outer loop
   vertex 21.2287 -9.6000 249.0000
   vertex 21.4613 -9.9480 252.0000
   vertex 21.2287 -9.6000 252.0000
  endloop
 endfacet
 facet normal -0.75184 -0.65935 0.00000
  outer loop
   vertex 21.4613 -9.9480 249.0000
   vertex 21.7373 -10.2627 249.0000
   vertex 21.7373 -10.2627 252.0000
  endloop
 endfacet
 facet normal -0.75184 -0.65935 0.00000
  outer loop
   vertex 21.4613 -9.9480 249.0000
   vertex 21.7373 -10.2627 252.0000
   vertex 21.4613 -9.9480 252.0000
  endloop
 endfacet
 facet normal -0.65935 -0.75184 0.00000
  outer loop
   vertex 21.7373 -10.2627 249.0000
   vertex 22.0520 -10.5387 249.0000
   vertex 22.0520 -10.5387 252.0000
  endloop
 endfacet
 facet normal -0.65935 -0.75184 0.00000
  outer loop
   vertex 21.7373 -10.2627 249.0000
   vertex 22.0520 -10.5387 252.0000
   vertex 21.7373 -10.2627 252.0000
  endloop
 endfacet
 facet normal -0.55557 -0.83147 0.00000
  outer loop
   vertex 22.0520 -10.5387 249.0000
   vertex 22.4000 -10.7713 249.0000
   vertex 22.4000 -10.7713 252.0000
  endloop
 endfacet
 facet normal -0.55557 -0.83147 0.00000
  outer loop
   vertex 22.0520 -10.5387 249.0000
   vertex 22.4000 -10.7713 252.0000
   vertex 22.0520 -10.5387 252.0000
  endloop
 endfacet
 facet normal -0.44229 -0.89687 0.00000
  outer loop
   vertex 22.4000 -10.7713 249.0000
   vertex 22.7754 -10.9564 249.0000
   vertex 22.7754 -10.9564 252.0000
  endloop
 endfacet
 facet normal -0.44229 -0.89687 0.00000
  outer loop
   vertex 22.4000 -10.7713 249.0000
   vertex 22.7754 -10.9564 252.0000
   vertex 22.4000 -10.7713 252.0000
  endloop
 endfacet
 facet normal -0.32144 -0.94693 0.00000
  outer loop
   vertex 22.7754 -10.9564 249.0000
   vertex 23.1718 -11.0910 249.0000
   vertex 23.1718 -11.0910 252.0000
  endloop
 endfacet
 facet normal -0.32144 -0.94693 0.00000
  outer loop
   vertex 22.7754 -10.9564 249.0000
   vertex 23.1718 -11.0910 252.0000
   vertex 22.7754 -10.9564 252.0000
  endloop
 endfacet
 facet normal -0.19509 -0.98079 0.00000
  outer loop
   vertex 23.1718 -11.0910 249.0000
   vertex 23.5823 -11.1726 249.0000
   vertex 23.5823 -11.1726 252.0000
  endloop
 endfacet
 facet normal -0.19509 -0.98079 0.00000
  outer loop
   vertex 23.1718 -11.0910 249.0000
   vertex 23.5823 -11.1726 252.0000
   vertex 23.1718 -11.0910 252.0000
  endloop
 endfacet
 facet normal -0.06540 -0.99786 0.00000
  outer loop
   vertex 23.5823 -11.1726 249.0000
   vertex 24.0000 -11.2000 249.0000
   vertex 24.0000 -11.2000 252.0000
  endloop
 endfacet
 facet normal -0.06540 -0.99786 0.00000
  outer loop
   vertex 23.5823 -11.1726 249.0000
   vertex 24.0000 -11.2000 252.0000
   vertex 23.5823 -11.1726 252.0000
  endloop
 endfacet
 facet normal 0.06540 -0.99786 0.00000
  outer loop
   vertex 24.0000 -11.2000 249.0000
   vertex 24.4177 -11.1726 249.0000
   vertex 24.4177 -11.1726 252.0000
  endloop
 endfacet
 facet normal 0.06540 -0.99786 0.00000
  outer loop
   vertex 24.0000 -11.2000 249.0000
   vertex 24.4177 -11.1726 252.0000
   vertex 24.0000 -11.2000 252.0000
  endloop
 endfacet
 facet normal 0.19509 -0.98079 0.00000
  outer loop
   vertex 24.4177 -11.1726 249.0000
   vertex 24.8282 -11.0910 249.0000
   vertex 24.8282 -11.0910 252.0000
  endloop
 endfacet
 facet normal 0.19509 -0.98079 0.00000
  outer loop
   vertex 24.4177 -11.1726 249.0000
   vertex 24.8282 -11.0910 252.0000
   vertex 24.4177 -11.1726 252.0000
  endloop
 endfacet
 facet normal 0.32144 -0.94693 0.00000
  outer loop
   vertex 24.8282 -11.0910 249.0000
   vertex 25.2246 -10.9564 249.0000
   vertex 25.2246 -10.9564 252.0000
  endloop
 endfacet
 facet normal 0.32144 -0.94693 0.00000
  outer loop
   vertex 24.8282 -11.0910 249.0000
   vertex 25.2246 -10.9564 252.0000
   vertex 24.8282 -11.0910 252.0000
  endloop
 endfacet
 facet normal 0.44229 -0.89687 0.00000
  outer loop
   vertex 25.2246 -10.9564 249.0000
   vertex 25.6000 -10.7713 249.0000
   vertex 25.6000 -10.7713 252.0000
  endloop
 endfacet
 facet normal 0.44229 -0.89687 0.00000
  outer loop
   vertex 25.2246 -10.9564 249.0000
   vertex 25.6000 -10.7713 252.0000
   vertex 25.2246 -10.9564 252.0000
  endloop
 endfacet
 facet normal 0.55557 -0.83147 0.00000
  outer loop
   vertex 25.6000 -10.7713 249.0000
   vertex 25.9480 -10.5387 249.0000
   vertex 25.9480 -10.5387 252.0000
  endloop
 endfacet
 facet normal 0.55557 -0.83147 0.00000
  outer loop
   vertex 25.6000 -10.7713 249.0000
   vertex 25.9480 -10.5387 252.0000
   vertex 25.6000 -10.7713 252.0000
  endloop
 endfacet
 facet normal 0.65935 -0.75184 0.00000
  outer loop
   vertex 25.9480 -10.5387 249.0000
   vertex 26.2627 -10.2627 249.0000
   vertex 26.2627 -10.2627 252.0000
  endloop
 endfacet
 facet normal 0.65935 -0.75184 0.00000
  outer loop
   vertex 25.9480 -10.5387 249.0000
   vertex 26.2627 -10.2627 252.0000
   vertex 25.9480 -10.5387 252.0000
  endloop
 endfacet
 facet normal 0.75184 -0.65935 0.00000
  outer loop
   vertex 26.2627 -10.2627 249.0000
   vertex 26.5387 -9.9480 249.0000
   vertex 26.5387 -9.9480 252.0000
  endloop
 endfacet
 facet normal 0.75184 -0.65935 0.00000
  outer loop
   vertex 26.2627 -10.2627 249.0000
   vertex 26.5387 -9.9480 252.0000
   vertex 26.2627 -10.2627 252.0000
  endloop
 endfacet
 facet normal 0.83147 -0.55557 0.00000
  outer loop
   vertex 26.5387 -9.9480 249.0000
   vertex 26.7713 -9.6000 249.0000
   vertex 26.7713 -9.6000 252.0000
  endloop
 endfacet
 facet normal 0.83147 -0.55557 0.00000
  outer loop
   vertex 26.5387 -9.9480 249.0000
   vertex 26.7713 -9.6000 252.0000
   vertex 26.5387 -9.9480 252.0000
  endloop
 endfacet
 facet normal 0.89687 -0.44229 0.00000
  outer loop
   vertex 26.7713 -9.6000 249.0000
   vertex 26.9564 -9.2246 249.0000
   vertex 26.9564 -9.2246 252.0000
  endloop
 endfacet
 facet normal 0.89687 -0.44229 0.00000
  outer loop
   vertex 26.7713 -9.6000 249.0000
   vertex 26.9564 -9.2246 252.0000
   vertex 26.7713 -9.6000 252.0000
  endloop
 endfacet
 facet normal 0.94693 -0.32144 0.00000
  outer loop
   vertex 26.9564 -9.2246 249.0000
   vertex 27.0910 -8.8282 249.0000
   vertex 27.0910 -8.8282 252.0000
  endloop
 endfacet
 facet normal 0.94693 -0.32144 0.00000
  outer loop
   vertex 26.9564 -9.2246 249.0000
   vertex 27.0910 -8.8282 252.0000
   vertex 26.9564 -9.2246 252.0000
  endloop
 endfacet
 facet normal 0.98079 -0.19509 0.00000
  outer loop
   vertex 27.0910 -8.8282 249.0000
   vertex 27.1726 -8.4177 249.0000
   vertex 27.1726 -8.4177 252.0000
  endloop
 endfacet
 facet normal 0.98079 -0.19509 0.00000
  outer loop
   vertex 27.0910 -8.8282 249.0000
   vertex 27.1726 -8.4177 252.0000
   vertex 27.0910 -8.8282 252.0000
  endloop
 endfacet
 facet normal 0.99786 -0.06540 0.00000
  outer loop
   vertex 27.1726 -8.4177 249.0000
   vertex 27.2000 -8.0000 249.0000
   vertex 27.2000 -8.0000 252.0000
  endloop
 endfacet
 facet normal 0.99786 -0.06540 0.00000
  outer loop
   vertex 27.1726 -8.4177 249.0000
   vertex 27.2000 -8.0000 252.0000
   vertex 27.1726 -8.4177 252.0000
  endloop
 endfacet
 facet normal 0.00000 0.00000 -1.00000
  outer loop
   vertex 24.0000 -8.0000 249.0000
   vertex 27.1726 -7.5823 249.0000
   vertex 27.2000 -8.0000 249.0000
  endloop
 endfacet
 facet normal 0.00000 0.00000 1.00000
  outer loop
   vertex 24.0000 -8.0000 252.0000
   vertex 27.2000 -8.0000 252.0000
   vertex 27.1726 -7.5823 252.0000
  endloop
 endfacet
 facet normal 0.00000 0.00000 -1.00000
  outer loop
   vertex 24.0000 -8.0000 249.0000
   vertex 27.0910 -7.1718 249.0000
   vertex 27.1726 -7.5823 249.0000
  endloop
 endfacet
 facet normal 0.00000 0.00000 1.00000
  outer loop
   vertex 24.0000 -8.0000 252.0000
   vertex 27.1726 -7.5823 252.0000
   vertex 27.0910 -7.1718 252.0000
  endloop
 endfacet
 facet normal 0.00000 0.00000 -1.00000
  outer loop
   vertex 24.0000 -8.0000 249.0000
   vertex 26.9564 -6.7754 249.0000
   vertex 27.0910 -7.1718 249.0000
  endloop
 endfacet
 facet normal 0.00000 0.00000 1.00000
  outer loop
   vertex 24.0000 -8.0000 252.0000
   vertex 27.0910 -7.1718 252.0000
   vertex 26.9564 -6.7754 252.0000
  endloop
 endfacet
 facet normal 0.00000 0.00000 -1.00000
  outer loop
   vertex 24.0000 -8.0000 249.0000
   vertex 26.7713 -6.4000 249.0000
   vertex 26.9564 -6.7754 249.0000
  endloop
 endfacet
 facet normal 0.00000 0.00000 1.00000
  outer loop
   vertex 24.0000 -8.0000 252.0000
   vertex 26.9564 -6.7754 252.0000
   vertex 26.7713 -6.4000 252.0000
  endloop
 endfacet
 facet normal 0.00000 0.00000 -1.00000
  outer loop
   vertex 24.0000 -8.0000 249.0000
   vertex 26.5387 -6.0520 249.0000
   vertex 26.7713 -6.4000 249.0000
  endloop
 endfacet
 facet normal 0.00000 0.00000 1.00000
  outer loop
   vertex 24.0000 -8.0000 252.0000
   vertex 26.7713 -6.4000 252.0000
   vertex 26.5387 -6.0520 252.0000
  endloop
 endfacet
 facet normal 0.00000 0.00000 -1.00000
  outer loop
   vertex 24.0000 -8.0000 249.0000
   vertex 26.2627 -5.7373 249.0000
   vertex 26.5387 -6.0520 249.0000
  endloop
 endfacet
 facet normal 0.00000 0.00000 1.00000
  outer loop
   vertex 24.0000 -8.0000 252.0000
   vertex 26.5387 -6.0520 252.0000
   vertex 26.2627 -5.7373 252.0000
  endloop
 endfacet
 facet normal 0.00000 0.00000 -1.00000
  outer loop
   vertex 24.0000 -8.0000 249.0000
   vertex 25.9480 -5.4613 249.0000
   vertex 26.2627 -5.7373 249.0000
  endloop
 endfacet
 facet normal 0.00000 0.00000 1.00000
  outer loop
   vertex 24.0000 -8.0000 252.0000
   vertex 26.2627 -5.7373 252.0000
   vertex 25.9480 -5.4613 252.0000
  endloop
 endfacet
 facet normal 0.00000 0.00000 -1.00000
  outer loop
   vertex 24.0000 -8.0000 249.0000
   vertex 25.6000 -5.2287 249.0000
   vertex 25.9480 -5.4613 249.0000
  endloop
 endfacet
 facet normal 0.00000 0.00000 1.00000
  outer loop
   vertex 24.0000 -8.0000 252.0000
   vertex 25.9480 -5.4613 252.0000
   vertex 25.6000 -5.2287 252.0000
  endloop
 endfacet
 facet normal 0.00000 0.00000 -1.00000
  outer loop
   vertex 24.0000 -8.0000 249.0000
   vertex 25.2246 -5.0436 249.0000
   vertex 25.6000 -5.2287 249.0000
  endloop
 endfacet
 facet normal 0.00000 0.00000 1.00000
  outer loop
   vertex 24.0000 -8.0000 252.0000
   vertex 25.6000 -5.2287 252.0000
   vertex 25.2246 -5.0436 252.0000
  endloop
 endfacet
 facet normal 0.00000 0.00000 -1.00000
  outer loop
   vertex 24.0000 -8.0000 249.0000
   vertex 24.8282 -4.9090 249.0000
   vertex 25.2246 -5.0436 249.0000
  endloop
 endfacet
 facet normal 0.00000 0.00000 1.00000
  outer loop
   vertex 24.0000 -8.0000 252.0000
   vertex 25.2246 -5.0436 252.0000
   vertex 24.8282 -4.9090 252.0000
  endloop
 endfacet
 facet normal 0.00000 0.00000 -1.00000
  outer loop
   vertex 24.0000 -8.0000 249.0000
   vertex 24.4177 -4.8274 249.0000
   vertex 24.8282 -4.9090 249.0000
  endloop
 endfacet
 facet normal 0.00000 0.00000 1.00000
  outer loop
   vertex 24.0000 -8.0000 252.0000
   vertex 24.8282 -4.9090 252.0000
   vertex 24.4177 -4.8274 252.0000
  endloop
 endfacet
 facet normal 0.00000 0.00000 -1.00000
  outer loop
   vertex 24.0000 -8.0000 249.0000
   vertex 24.0000 -4.8000 249.0000
   vertex 24.4177 -4.8274 249.0000
  endloop
 endfacet
 facet normal 0.00000 0.00000 1.00000
  outer loop
   vertex 24.0000 -8.0000 252.0000
   vertex 24.4177 -4.8274 252.0000
   vertex 24.0000 -4.8000 252.0000
  endloop
 endfacet
 facet normal 0.00000 0.00000 -1.00000
  outer loop
   vertex 24.0000 -8.0000 249.0000
   vertex 23.5823 -4.8274 249.0000
   vertex 24.0000 -4.8000 249.0000
  endloop
 endfacet
 facet normal 0.00000 -0.00000 1.00000
  outer loop
   vertex 24.0000 -8.0000 252.0000
   vertex 24.0000 -4.8000 252.0000
   vertex 23.5823 -4.8274 252.0000
  endloop
 endfacet
 facet normal 0.00000 0.00000 -1.00000
  outer loop
   vertex 24.0000 -8.0000 249.0000
   vertex 23.1718 -4.9090 249.0000
   vertex 23.5823 -4.8274 249.0000
  endloop
 endfacet
 facet normal 0.00000 0.00000 1.00000
  outer loop
   vertex 24.0000 -8.0000 252.0000
   vertex 23.5823 -4.8274 252.0000
   vertex 23.1718 -4.9090 252.0000
  endloop
 endfacet
 facet normal 0.00000 0.00000 -1.00000
  outer loop
   vertex 24.0000 -8.0000 249.0000
   vertex 22.7754 -5.0436 249.0000
   vertex 23.1718 -4.9090 249.0000
  endloop
 endfacet
 facet normal 0.00000 0.00000 1.00000
  outer loop
   vertex 24.0000 -8.0000 252.0000
   vertex 23.1718 -4.9090 252.0000
   vertex 22.7754 -5.0436 252.0000
  endloop
 endfacet
 facet normal 0.00000 0.00000 -1.00000
  outer loop
   vertex 24.0000 -8.0000 249.0000
   vertex 22.4000 -5.2287 249.0000
   vertex 22.7754 -5.0436 249.0000
  endloop
 endfacet
 facet normal 0.00000 0.00000 1.00000
  outer loop
   vertex 24.0000 -8.0000 252.0000
   vertex 22.7754 -5.0436 252.0000
   vertex 22.4000 -5.2287 252.0000
  endloop
 endfacet
 facet normal 0.00000 0.00000 -1.00000
  outer loop
   vertex 24.0000 -8.0000 249.0000
   vertex 22.0520 -5.4613 249.0000
   vertex 22.4000 -5.2287 249.0000
  endloop
 endfacet
 facet normal 0.00000 0.00000 1.00000
  outer loop
   vertex 24.0000 -8.0000 252.0000
   vertex 22.4000 -5.2287 252.0000
   vertex 22.0520 -5.4613 252.0000
  endloop
 endfacet
 facet normal 0.00000 0.00000 -1.00000
  outer loop
   vertex 24.0000 -8.0000 249.0000
   vertex 21.7373 -5.7373 249.0000
   vertex 22.0520 -5.4613 249.0000
  endloop
 endfacet
 facet normal 0.00000 0.00000 1.00000
  outer loop
   vertex 24.0000 -8.0000 252.0000
   vertex 22.0520 -5.4613 252.0000
   vertex 21.7373 -5.7373 252.0000
  endloop
 endfacet
 facet normal 0.00000 0.00000 -1.00000
  outer loop
   vertex 24.0000 -8.0000 249.0000
   vertex 21.4613 -6.0520 249.0000
   vertex 21.7373 -5.7373 249.0000
  endloop
 endfacet
 facet normal 0.00000 0.00000 1.00000
  outer loop
   vertex 24.0000 -8.0000 252.0000
   vertex 21.7373 -5.7373 252.0000
   vertex 21.4613 -6.0520 252.0000
  endloop
 endfacet
 facet normal 0.00000 0.00000 -1.00000
  outer loop
   vertex 24.0000 -8.0000 249.0000
   vertex 21.2287 -6.4000 249.0000
   vertex 21.4613 -6.0520 249.0000
  endloop
 endfacet
 facet normal 0.00000 0.00000 1.00000
  outer loop
   vertex 24.0000 -8.0000 252.0000
   vertex 21.4613 -6.0520 252.0000
   vertex 21.2287 -6.4000 252.0000
  endloop
 endfacet
 facet normal 0.00000 0.00000 -1.00000
  outer loop
   vertex 24.0000 -8.0000 249.0000
   vertex 21.0436 -6.7754 249.0000
   vertex 21.2287 -6.4000 249.0000
  endloop
 endfacet
 facet normal 0.00000 0.00000 1.00000
  outer loop
   vertex 24.0000 -8.0000 252.0000
   vertex 21.2287 -6.4000 252.0000
   vertex 21.0436 -6.7754 252.0000
  endloop
 endfacet
 facet normal 0.00000 0.00000 -1.00000
  outer loop
   vertex 24.0000 -8.0000 249.0000
   vertex 20.9090 -7.1718 249.0000
   vertex 21.0436 -6.7754 249.0000
  endloop
 endfacet
 facet normal 0.00000 0.00000 1.00000
  outer loop
   vertex 24.0000 -8.0000 252.0000
   vertex 21.0436 -6.7754 252.0000
   vertex 20.9090 -7.1718 252.0000
  endloop
 endfacet
 facet normal 0.00000 0.00000 -1.00000
  outer loop
   vertex 24.0000 -8.0000 249.0000
   vertex 20.8274 -7.5823 249.0000
   vertex 20.9090 -7.1718 249.0000
  endloop
 endfacet
 facet normal 0.00000 0.00000 1.00000
  outer loop
   vertex 24.0000 -8.0000 252.0000
   vertex 20.9090 -7.1718 252.0000
   vertex 20.8274 -7.5823 252.0000
  endloop
 endfacet
 facet normal 0.00000 0.00000 -1.00000
  outer loop
   vertex 24.0000 -8.0000 249.0000
   vertex 20.8000 -8.0000 249.0000
   vertex 20.8274 -7.5823 249.0000
  endloop
 endfacet
 facet normal 0.00000 0.00000 1.00000
  outer loop
   vertex 24.0000 -8.0000 252.0000
   vertex 20.8274 -7.5823 252.0000
   vertex 20.8000 -8.0000 252.0000
  endloop
 endfacet
 facet normal -0.00000 0.00000 -1.00000
  outer loop
   vertex 24.0000 -8.0000 249.0000
   vertex 20.8274 -8.4177 249.0000
   vertex 20.8000 -8.0000 249.0000
  endloop
 endfacet
 facet normal 0.00000 0.00000 1.00000
  outer loop
   vertex 24.0000 -8.0000 252.0000
   vertex 20.8000 -8.0000 252.0000
   vertex 20.8274 -8.4177 252.0000
  endloop
 endfacet
 facet normal 0.00000 0.00000 -1.00000
  outer loop
   vertex 24.0000 -8.0000 249.0000
   vertex 20.9090 -8.8282 249.0000
   vertex 20.8274 -8.4177 249.0000
  endloop
 endfacet
 facet normal 0.00000 0.00000 1.00000
  outer loop
   vertex 24.0000 -8.0000 252.0000
   vertex 20.8274 -8.4177 252.0000
   vertex 20.9090 -8.8282 252.0000
  endloop
 endfacet
 facet normal 0.00000 0.00000 -1.00000
  outer loop
   vertex 24.0000 -8.0000 249.0000
   vertex 21.0436 -9.2246 249.0000
   vertex 20.9090 -8.8282 249.0000
  endloop
 endfacet
 facet normal 0.00000 0.00000 1.00000
  outer loop
   vertex 24.0000 -8.0000 252.0000
   vertex 20.9090 -8.8282 252.0000
   vertex 21.0436 -9.2246 252.0000
  endloop
 endfacet
 facet normal 0.00000 0.00000 -1.00000
  outer loop
   vertex 24.0000 -8.0000 249.0000
   vertex 21.2287 -9.6000 249.0000
   vertex 21.0436 -9.2246 249.0000
  endloop
 endfacet
 facet normal 0.00000 0.00000 1.00000
  outer loop
   vertex 24.0000 -8.0000 252.0000
   vertex 21.0436 -9.2246 252.0000
   vertex 21.2287 -9.6000 252.0000
  endloop
 endfacet
 facet normal 0.00000 0.00000 -1.00000
  outer loop
   vertex 24.0000 -8.0000 249.0000
   vertex 21.4613 -9.9480 249.0000
   vertex 21.2287 -9.6000 249.0000
  endloop
 endfacet
 facet normal 0.00000 0.00000 1.00000
  outer loop
   vertex 24.0000 -8.0000 252.0000
   vertex 21.2287 -9.6000 252.0000
   vertex 21.4613 -9.9480 252.0000
  endloop
 endfacet
 facet normal 0.00000 0.00000 -1.00000
  outer loop
   vertex 24.0000 -8.0000 249.0000
   vertex 21.7373 -10.2627 249.0000
   vertex 21.4613 -9.9480 249.0000
  endloop
 endfacet
 facet normal 0.00000 0.00000 1.00000
  outer loop
   vertex 24.0000 -8.0000 252.0000
   vertex 21.4613 -9.9480 252.0000
   vertex 21.7373 -10.2627 252.0000
  endloop
 endfacet
 facet normal 0.00000 0.00000 -1.00000
  outer loop
   vertex 24.0000 -8.0000 249.0000
   vertex 22.0520 -10.5387 249.0000
   vertex 21.7373 -10.2627 249.0000
  endloop
 endfacet
 facet normal 0.00000 0.00000 1.00000
  outer loop
   vertex 24.0000 -8.0000 252.0000
   vertex 21.7373 -10.2627 252.0000
   vertex 22.0520 -10.5387 252.0000
  endloop
 endfacet
 facet normal 0.00000 0.00000 -1.00000
  outer loop
   vertex 24.0000 -8.0000 249.0000
   vertex 22.4000 -10.7713 249.0000
   vertex 22.0520 -10.5387 249.0000
  endloop
 endfacet
 facet normal 0.00000 0.00000 1.00000
  outer loop
   vertex 24.0000 -8.0000 252.0000
   vertex 22.0520 -10.5387 252.0000
   vertex 22.4000 -10.7713 252.0000
  endloop
 endfacet
 facet normal 0.00000 0.00000 -1.00000
  outer loop
   vertex 24.0000 -8.0000 249.0000
   vertex 22.7754 -10.9564 249.0000
   vertex 22.4000 -10.7713 249.0000
  endloop
 endfacet
 facet normal 0.00000 0.00000 1.00000
  outer loop
   vertex 24.0000 -8.0000 252.0000
   vertex 22.4000 -10.7713 252.0000
   vertex 22.7754 -10.9564 252.0000
  endloop
 endfacet
 facet normal 0.00000 0.00000 -1.00000
  outer loop
   vertex 24.0000 -8.0000 249.0000
   vertex 23.1718 -11.0910 249.0000
   vertex 22.7754 -10.9564 249.0000
  endloop
 endfacet
 facet normal 0.00000 0.00000 1.00000
  outer loop
   vertex 24.0000 -8.0000 252.0000
   vertex 22.7754 -10.9564 252.0000
   vertex 23.1718 -11.0910 252.0000
  endloop
 endfacet
 facet normal 0.00000 0.00000 -1.00000
  outer loop
   vertex 24.0000 -8.0000 249.0000
   vertex 23.5823 -11.1726 249.0000
   vertex 23.1718 -11.0910 249.0000
  endloop
 endfacet
 facet normal 0.00000 0.00000 1.00000
  outer loop
   vertex 24.0000 -8.0000 252.0000
   vertex 23.1718 -11.0910 252.0000
   vertex 23.5823 -11.1726 252.0000
  endloop
 endfacet
 facet normal 0.00000 -0.00000 -1.00000
  outer loop
   vertex 24.0000 -8.0000 249.0000
   vertex 24.0000 -11.2000 249.0000
   vertex 23.5823 -11.1726 249.0000
  endloop
 endfacet
 facet normal 0.00000 0.00000 1.00000
  outer loop
   vertex 24.0000 -8.0000 252.0000
   vertex 23.5823 -11.1726 252.0000
   vertex 24.0000 -11.2000 252.0000
  endloop
 endfacet
 facet normal 0.00000 0.00000 -1.00000
  outer loop
   vertex 24.0000 -8.0000 249.0000
   vertex 24.4177 -11.1726 249.0000
   vertex 24.0000 -11.2000 249.0000
  endloop
 endfacet
 facet normal 0.00000 0.00000 1.00000
  outer loop
   vertex 24.0000 -8.0000 252.0000
   vertex 24.0000 -11.2000 252.0000
   vertex 24.4177 -11.1726 252.0000
  endloop
 endfacet
 facet normal 0.00000 0.00000 -1.00000
  outer loop
   vertex 24.0000 -8.0000 249.0000
   vertex 24.8282 -11.0910 249.0000
   vertex 24.4177 -11.1726 249.0000
  endloop
 endfacet
 facet normal 0.00000 0.00000 1.00000
  outer loop
   vertex 24.0000 -8.0000 252.0000
   vertex 24.4177 -11.1726 252.0000
   vertex 24.8282 -11.0910 252.0000
  endloop
 endfacet
 facet normal 0.00000 0.00000 -1.00000
  outer loop
   vertex 24.0000 -8.0000 249.0000
   vertex 25.2246 -10.9564 249.0000
   vertex 24.8282 -11.0910 249.0000
  endloop
 endfacet
 facet normal 0.00000 0.00000 1.00000
  outer loop
   vertex 24.0000 -8.0000 252.0000
   vertex 24.8282 -11.0910 252.0000
   vertex 25.2246 -10.9564 252.0000
  endloop
 endfacet
 facet normal 0.00000 0.00000 -1.00000
  outer loop
   vertex 24.0000 -8.0000 249.0000
   vertex 25.6000 -10.7713 249.0000
   vertex 25.2246 -10.9564 249.0000
  endloop
 endfacet
 facet normal 0.00000 0.00000 1.00000
  outer loop
   vertex 24.0000 -8.0000 252.0000
   vertex 25.2246 -10.9564 252.0000
   vertex 25.6000 -10.7713 252.0000
  endloop
 endfacet
 facet normal 0.00000 0.00000 -1.00000
  outer loop
   vertex 24.0000 -8.0000 249.0000
   vertex 25.9480 -10.5387 249.0000
   vertex 25.6000 -10.7713 249.0000
  endloop
 endfacet
 facet normal 0.00000 0.00000 1.00000
  outer loop
   vertex 24.0000 -8.0000 252.0000
   vertex 25.6000 -10.7713 252.0000
   vertex 25.9480 -10.5387 252.0000
  endloop
 endfacet
 facet normal 0.00000 0.00000 -1.00000
  outer loop
   vertex 24.0000 -8.0000 249.0000
   vertex 26.2627 -10.2627 249.0000
   vertex 25.9480 -10.5387 249.0000
  endloop
 endfacet
 facet normal 0.00000 0.00000 1.00000
  outer loop
   vertex 24.0000 -8.0000 252.0000
   vertex 25.9480 -10.5387 252.0000
   vertex 26.2627 -10.2627 252.0000
  endloop
 endfacet
 facet normal 0.00000 0.00000 -1.00000
  outer loop
   vertex 24.0000 -8.0000 249.0000
   vertex 26.5387 -9.9480 249.0000
   vertex 26.2627 -10.2627 249.0000
  endloop
 endfacet
 facet normal 0.00000 0.00000 1.00000
  outer loop
   vertex 24.0000 -8.0000 252.0000
   vertex 26.2627 -10.2627 252.0000
   vertex 26.5387 -9.9480 252.0000
  endloop
 endfacet
 facet normal 0.00000 0.00000 -1.00000
  outer loop
   vertex 24.0000 -8.0000 249.0000
   vertex 26.7713 -9.6000 249.0000
   vertex 26.5387 -9.9480 249.0000
  endloop
 endfacet
 facet normal 0.00000 0.00000 1.00000
  outer loop
   vertex 24.0000 -8.0000 252.0000
   vertex 26.5387 -9.9480 252.0000
   vertex 26.7713 -9.6000 252.0000
  endloop
 endfacet
 facet normal 0.00000 0.00000 -1.00000
  outer loop
   vertex 24.0000 -8.0000 249.0000
   vertex 26.9564 -9.2246 249.0000
   vertex 26.7713 -9.6000 249.0000
  endloop
 endfacet
 facet normal 0.00000 0.00000 1.00000
  outer loop
   vertex 24.0000 -8.0000 252.0000
   vertex 26.7713 -9.6000 252.0000
   vertex 26.9564 -9.2246 252.0000
  endloop
 endfacet
 facet normal 0.00000 0.00000 -1.00000
  outer loop
   vertex 24.0000 -8.0000 249.0000
   vertex 27.0910 -8.8282 249.0000
   vertex 26.9564 -9.2246 249.0000
  endloop
 endfacet
 facet normal 0.00000 0.00000 1.00000
  outer loop
   vertex 24.0000 -8.0000 252.0000
   vertex 26.9564 -9.2246 252.0000
   vertex 27.0910 -8.8282 252.0000
  endloop
 endfacet
 facet normal 0.00000 0.00000 -1.00000
  outer loop
   vertex 24.0000 -8.0000 249.0000
   vertex 27.1726 -8.4177 249.0000
   vertex 27.0910 -8.8282 249.0000
  endloop
 endfacet
 facet normal 0.00000 0.00000 1.00000
  outer loop
   vertex 24.0000 -8.0000 252.0000
   vertex 27.0910 -8.8282 252.0000
   vertex 27.1726 -8.4177 252.0000
  endloop
 endfacet
 facet normal 0.00000 0.00000 -1.00000
  outer loop
   vertex 24.0000 -8.0000 249.0000
   vertex 27.2000 -8.0000 249.0000
   vertex 27.1726 -8.4177 249.0000
  endloop
 endfacet
 facet normal -0.00000 0.00000 1.00000
  outer loop
   vertex 24.0000 -8.0000 252.0000
   vertex 27.1726 -8.4177 252.0000
   vertex 27.2000 -8.0000 252.0000
  endloop
 endfacet
 facet normal 0.99786 0.06540 0.00000
  outer loop
   vertex 27.2000 8.0000 249.0000
   vertex 27.1726 8.4177 249.0000
   vertex 27.1726 8.4177 252.0000
  endloop
 endfacet
 facet normal 0.99786 0.06540 -0.00000
  outer loop
   vertex 27.2000 8.0000 249.0000
   vertex 27.1726 8.4177 252.0000
   vertex 27.2000 8.0000 252.0000
  endloop
 endfacet
 facet normal 0.98079 0.19509 0.00000
  outer loop
   vertex 27.1726 8.4177 249.0000
   vertex 27.0910 8.8282 249.0000
   vertex 27.0910 8.8282 252.0000
  endloop
 endfacet
 facet normal 0.98079 0.19509 -0.00000
  outer loop
   vertex 27.1726 8.4177 249.0000
   vertex 27.0910 8.8282 252.0000
   vertex 27.1726 8.4177 252.0000
  endloop
 endfacet
 facet normal 0.94693 0.32144 0.00000
  outer loop
   vertex 27.0910 8.8282 249.0000
   vertex 26.9564 9.2246 249.0000
   vertex 26.9564 9.2246 252.0000
  endloop
 endfacet
 facet normal 0.94693 0.32144 -0.00000
  outer loop
   vertex 27.0910 8.8282 249.0000
   vertex 26.9564 9.2246 252.0000
   vertex 27.0910 8.8282 252.0000
  endloop
 endfacet
 facet normal 0.89687 0.44229 0.00000
  outer loop
   vertex 26.9564 9.2246 249.0000
   vertex 26.7713 9.6000 249.0000
   vertex 26.7713 9.6000 252.0000
  endloop
 endfacet
 facet normal 0.89687 0.44229 -0.00000
  outer loop
   vertex 26.9564 9.2246 249.0000
   vertex 26.7713 9.6000 252.0000
   vertex 26.9564 9.2246 252.0000
  endloop
 endfacet
 facet normal 0.83147 0.55557 0.00000
  outer loop
   vertex 26.7713 9.6000 249.0000
   vertex 26.5387 9.9480 249.0000
   vertex 26.5387 9.9480 252.0000
  endloop
 endfacet
 facet normal 0.83147 0.55557 -0.00000
  outer loop
   vertex 26.7713 9.6000 249.0000
   vertex 26.5387 9.9480 252.0000
   vertex 26.7713 9.6000 252.0000
  endloop
 endfacet
 facet normal 0.75184 0.65935 0.00000
  outer loop
   vertex 26.5387 9.9480 249.0000
   vertex 26.2627 10.2627 249.0000
   vertex 26.2627 10.2627 252.0000
  endloop
 endfacet
 facet normal 0.75184 0.65935 -0.00000
  outer loop
   vertex 26.5387 9.9480 249.0000
   vertex 26.2627 10.2627 252.0000
   vertex 26.5387 9.9480 252.0000
  endloop
 endfacet
 facet normal 0.65935 0.75184 0.00000
  outer loop
   vertex 26.2627 10.2627 249.0000
   vertex 25.9480 10.5387 249.0000
   vertex 25.9480 10.5387 252.0000
  endloop
 endfacet
 facet normal 0.65935 0.75184 -0.00000
  outer loop
   vertex 26.2627 10.2627 249.0000
   vertex 25.9480 10.5387 252.0000
   vertex 26.2627 10.2627 252.0000
  endloop
 endfacet
 facet normal 0.55557 0.83147 0.00000
  outer loop
   vertex 25.9480 10.5387 249.0000
   vertex 25.6000 10.7713 249.0000
   vertex 25.6000 10.7713 252.0000
  endloop
 endfacet
 facet normal 0.55557 0.83147 -0.00000
  outer loop
   vertex 25.9480 10.5387 249.0000
   vertex 25.6000 10.7713 252.0000
   vertex 25.9480 10.5387 252.0000
  endloop
 endfacet
 facet normal 0.44229 0.89687 0.00000
  outer loop
   vertex 25.6000 10.7713 249.0000
   vertex 25.2246 10.9564 249.0000
   vertex 25.2246 10.9564 252.0000
  endloop
 endfacet
 facet normal 0.44229 0.89687 -0.00000
  outer loop
   vertex 25.6000 10.7713 249.0000
   vertex 25.2246 10.9564 252.0000
   vertex 25.6000 10.7713 252.0000
  endloop
 endfacet
 facet normal 0.32144 0.94693 0.00000
  outer loop
   vertex 25.2246 10.9564 249.0000
   vertex 24.8282 11.0910 249.0000
   vertex 24.8282 11.0910 252.0000
  endloop
 endfacet
 facet normal 0.32144 0.94693 -0.00000
  outer loop
   vertex 25.2246 10.9564 249.0000
   vertex 24.8282 11.0910 252.0000
   vertex 25.2246 10.9564 252.0000
  endloop
 endfacet
 facet normal 0.19509 0.98079 0.00000
  outer loop
   vertex 24.8282 11.0910 249.0000
   vertex 24.4177 11.1726 249.0000
   vertex 24.4177 11.1726 252.0000
  endloop
 endfacet
 facet normal 0.19509 0.98079 -0.00000
  outer loop
   vertex 24.8282 11.0910 249.0000
   vertex 24.4177 11.1726 252.0000
   vertex 24.8282 11.0910 252.0000
  endloop
 endfacet
 facet normal 0.06540 0.99786 0.00000
  outer loop
   vertex 24.4177 11.1726 249.0000
   vertex 24.0000 11.2000 249.0000
   vertex 24.0000 11.2000 252.0000
  endloop
 endfacet
 facet normal 0.06540 0.99786 -0.00000
  outer loop
   vertex 24.4177 11.1726 249.0000
   vertex 24.0000 11.2000 252.0000
   vertex 24.4177 11.1726 252.0000
  endloop
 endfacet
 facet normal -0.06540 0.99786 0.00000
  outer loop
   vertex 24.0000 11.2000 249.0000
   vertex 23.5823 11.1726 249.0000
   vertex 23.5823 11.1726 252.0000
  endloop
 endfacet
 facet normal -0.06540 0.99786 0.00000
  outer loop
   vertex 24.0000 11.2000 249.0000
   vertex 23.5823 11.1726 252.0000
   vertex 24.0000 11.2000 252.0000
  endloop
 endfacet
 facet normal -0.19509 0.98079 0.00000
  outer loop
   vertex 23.5823 11.1726 249.0000
   vertex 23.1718 11.0910 249.0000
   vertex 23.1718 11.0910 252.0000
  endloop
 endfacet
 facet normal -0.19509 0.98079 0.00000
  outer loop
   vertex 23.5823 11.1726 249.0000
   vertex 23.1718 11.0910 252.0000
   vertex 23.5823 11.1726 252.0000
  endloop
 endfacet
 facet normal -0.32144 0.94693 0.00000
  outer loop
   vertex 23.1718 11.0910 249.0000
   vertex 22.7754 10.9564 249.0000
   vertex 22.7754 10.9564 252.0000
  endloop
 endfacet
 facet normal -0.32144 0.94693 0.00000
  outer loop
   vertex 23.1718 11.0910 249.0000
   vertex 22.7754 10.9564 252.0000
   vertex 23.1718 11.0910 252.0000
  endloop
 endfacet
 facet normal -0.44229 0.89687 0.00000
  outer loop
   vertex 22.7754 10.9564 249.0000
   vertex 22.4000 10.7713 249.0000
   vertex 22.4000 10.7713 252.0000
  endloop
 endfacet
 facet normal -0.44229 0.89687 0.00000
  outer loop
   vertex 22.7754 10.9564 249.0000
   vertex 22.4000 10.7713 252.0000
   vertex 22.7754 10.9564 252.0000
  endloop
 endfacet
 facet normal -0.55557 0.83147 0.00000
  outer loop
   vertex 22.4000 10.7713 249.0000
   vertex 22.0520 10.5387 249.0000
   vertex 22.0520 10.5387 252.0000
  endloop
 endfacet
 facet normal -0.55557 0.83147 0.00000
  outer loop
   vertex 22.4000 10.7713 249.0000
   vertex 22.0520 10.5387 252.0000
   vertex 22.4000 10.7713 252.0000
  endloop
 endfacet
 facet normal -0.65935 0.75184 0.00000
  outer loop
   vertex 22.0520 10.5387 249.0000
   vertex 21.7373 10.2627 249.0000
   vertex 21.7373 10.2627 252.0000
  endloop
 endfacet
 facet normal -0.65935 0.75184 0.00000
  outer loop
   vertex 22.0520 10.5387 249.0000
   vertex 21.7373 10.2627 252.0000
   vertex 22.0520 10.5387 252.0000
  endloop
 endfacet
 facet normal -0.75184 0.65935 0.00000
  outer loop
   vertex 21.7373 10.2627 249.0000
   vertex 21.4613 9.9480 249.0000
   vertex 21.4613 9.9480 252.0000
  endloop
 endfacet
 facet normal -0.75184 0.65935 0.00000
  outer loop
   vertex 21.7373 10.2627 249.0000
   vertex 21.4613 9.9480 252.0000
   vertex 21.7373 10.2627 252.0000
  endloop
 endfacet
 facet normal -0.83147 0.55557 0.00000
  outer loop
   vertex 21.4613 9.9480 249.0000
   vertex 21.2287 9.6000 249.0000
   vertex 21.2287 9.6000 252.0000
  endloop
 endfacet
 facet normal -0.83147 0.55557 0.00000
  outer loop
   vertex 21.4613 9.9480 249.0000
   vertex 21.2287 9.6000 252.0000
   vertex 21.4613 9.9480 252.0000
  endloop
 endfacet
 facet normal -0.89687 0.44229 0.00000
  outer loop
   vertex 21.2287 9.6000 249.0000
   vertex 21.0436 9.2246 249.0000
   vertex 21.0436 9.2246 252.0000
  endloop
 endfacet
 facet normal -0.89687 0.44229 0.00000
  outer loop
   vertex 21.2287 9.6000 249.0000
   vertex 21.0436 9.2246 252.0000
   vertex 21.2287 9.6000 252.0000
  endloop
 endfacet
 facet normal -0.94693 0.32144 0.00000
  outer loop
   vertex 21.0436 9.2246 249.0000
   vertex 20.9090 8.8282 249.0000
   vertex 20.9090 8.8282 252.0000
  endloop
 endfacet
 facet normal -0.94693 0.32144 0.00000
  outer loop
   vertex 21.0436 9.2246 249.0000
   vertex 20.9090 8.8282 252.0000
   vertex 21.0436 9.2246 252.0000
  endloop
 endfacet
 facet normal -0.98079 0.19509 0.00000
  outer loop
   vertex 20.9090 8.8282 249.0000
   vertex 20.8274 8.4177 249.0000
   vertex 20.8274 8.4177 252.0000
  endloop
 endfacet
 facet normal -0.98079 0.19509 0.00000
  outer loop
   vertex 20.9090 8.8282 249.0000
   vertex 20.8274 8.4177 252.0000
   vertex 20.9090 8.8282 252.0000
  endloop
 endfacet
 facet normal -0.99786 0.06540 0.00000
  outer loop
   vertex 20.8274 8.4177 249.0000
   vertex 20.8000 8.0000 249.0000
   vertex 20.8000 8.0000 252.0000
  endloop
 endfacet
 facet normal -0.99786 0.06540 0.00000
  outer loop
   vertex 20.8274 8.4177 249.0000
   vertex 20.8000 8.0000 252.0000
   vertex 20.8274 8.4177 252.0000
  endloop
 endfacet
 facet normal -0.99786 -0.06540 0.00000
  outer loop
   vertex 20.8000 8.0000 249.0000
   vertex 20.8274 7.5823 249.0000
   vertex 20.8274 7.5823 252.0000
  endloop
 endfacet
 facet normal -0.99786 -0.06540 0.00000
  outer loop
   vertex 20.8000 8.0000 249.0000
   vertex 20.8274 7.5823 252.0000
   vertex 20.8000 8.0000 252.0000
  endloop
 endfacet
 facet normal -0.98079 -0.19509 0.00000
  outer loop
   vertex 20.8274 7.5823 249.0000
   vertex 20.9090 7.1718 249.0000
   vertex 20.9090 7.1718 252.0000
  endloop
 endfacet
 facet normal -0.98079 -0.19509 0.00000
  outer loop
   vertex 20.8274 7.5823 249.0000
   vertex 20.9090 7.1718 252.0000
   vertex 20.8274 7.5823 252.0000
  endloop
 endfacet
 facet normal -0.94693 -0.32144 0.00000
  outer loop
   vertex 20.9090 7.1718 249.0000
   vertex 21.0436 6.7754 249.0000
   vertex 21.0436 6.7754 252.0000
  endloop
 endfacet
 facet normal -0.94693 -0.32144 0.00000
  outer loop
   vertex 20.9090 7.1718 249.0000
   vertex 21.0436 6.7754 252.0000
   vertex 20.9090 7.1718 252.0000
  endloop
 endfacet
 facet normal -0.89687 -0.44229 0.00000
  outer loop
   vertex 21.0436 6.7754 249.0000
   vertex 21.2287 6.4000 249.0000
   vertex 21.2287 6.4000 252.0000
  endloop
 endfacet
 facet normal -0.89687 -0.44229 0.00000
  outer loop
   vertex 21.0436 6.7754 249.0000
   vertex 21.2287 6.4000 252.0000
   vertex 21.0436 6.7754 252.0000
  endloop
 endfacet
 facet normal -0.83147 -0.55557 0.00000
  outer loop
   vertex 21.2287 6.4000 249.0000
   vertex 21.4613 6.0520 249.0000
   vertex 21.4613 6.0520 252.0000
  endloop
 endfacet
 facet normal -0.83147 -0.55557 0.00000
  outer loop
   vertex 21.2287 6.4000 249.0000
   vertex 21.4613 6.0520 252.0000
   vertex 21.2287 6.4000 252.0000
  endloop
 endfacet
 facet normal -0.75184 -0.65935 0.00000
  outer loop
   vertex 21.4613 6.0520 249.0000
   vertex 21.7373 5.7373 249.0000
   vertex 21.7373 5.7373 252.0000
  endloop
 endfacet
 facet normal -0.75184 -0.65935 0.00000
  outer loop
   vertex 21.4613 6.0520 249.0000
   vertex 21.7373 5.7373 252.0000
   vertex 21.4613 6.0520 252.0000
  endloop
 endfacet
 facet normal -0.65935 -0.75184 0.00000
  outer loop
   vertex 21.7373 5.7373 249.0000
   vertex 22.0520 5.4613 249.0000
   vertex 22.0520 5.4613 252.0000
  endloop
 endfacet
 facet normal -0.65935 -0.75184 0.00000
  outer loop
   vertex 21.7373 5.7373 249.0000
   vertex 22.0520 5.4613 252.0000
   vertex 21.7373 5.7373 252.0000
  endloop
 endfacet
 facet normal -0.55557 -0.83147 0.00000
  outer loop
   vertex 22.0520 5.4613 249.0000
   vertex 22.4000 5.2287 249.0000
   vertex 22.4000 5.2287 252.0000
  endloop
 endfacet
 facet normal -0.55557 -0.83147 0.00000
  outer loop
   vertex 22.0520 5.4613 249.0000
   vertex 22.4000 5.2287 252.0000
   vertex 22.0520 5.4613 252.0000
  endloop
 endfacet
 facet normal -0.44229 -0.89687 0.00000
  outer loop
   vertex 22.4000 5.2287 249.0000
   vertex 22.7754 5.0436 249.0000
   vertex 22.7754 5.0436 252.0000
  endloop
 endfacet
 facet normal -0.44229 -0.89687 0.00000
  outer loop
   vertex 22.4000 5.2287 249.0000
   vertex 22.7754 5.0436 252.0000
   vertex 22.4000 5.2287 252.0000
  endloop
 endfacet
 facet normal -0.32144 -0.94693 0.00000
  outer loop
   vertex 22.7754 5.0436 249.0000
   vertex 23.1718 4.9090 249.0000
   vertex 23.1718 4.9090 252.0000
  endloop
 endfacet
 facet normal -0.32144 -0.94693 0.00000
  outer loop
   vertex 22.7754 5.0436 249.0000
   vertex 23.1718 4.9090 252.0000
   vertex 22.7754 5.0436 252.0000
  endloop
 endfacet
 facet normal -0.19509 -0.98079 0.00000
  outer loop
   vertex 23.1718 4.9090 249.0000
   vertex 23.5823 4.8274 249.0000
   vertex 23.5823 4.8274 252.0000
  endloop
 endfacet
 facet normal -0.19509 -0.98079 0.00000
  outer loop
   vertex 23.1718 4.9090 249.0000
   vertex 23.5823 4.8274 252.0000
   vertex 23.1718 4.9090 252.0000
  endloop
 endfacet
 facet normal -0.06540 -0.99786 0.00000
  outer loop
   vertex 23.5823 4.8274 249.0000
   vertex 24.0000 4.8000 249.0000
   vertex 24.0000 4.8000 252.0000
  endloop
 endfacet
 facet normal -0.06540 -0.99786 0.00000
  outer loop
   vertex 23.5823 4.8274 249.0000
   vertex 24.0000 4.8000 252.0000
   vertex 23.5823 4.8274 252.0000
  endloop
 endfacet
 facet normal 0.06540 -0.99786 0.00000
  outer loop
   vertex 24.0000 4.8000 249.0000
   vertex 24.4177 4.8274 249.0000
   vertex 24.4177 4.8274 252.0000
  endloop
 endfacet
 facet normal 0.06540 -0.99786 0.00000
  outer loop
   vertex 24.0000 4.8000 249.0000
   vertex 24.4177 4.8274 252.0000
   vertex 24.0000 4.8000 252.0000
  endloop
 endfacet
 facet normal 0.19509 -0.98079 0.00000
  outer loop
   vertex 24.4177 4.8274 249.0000
   vertex 24.8282 4.9090 249.0000
   vertex 24.8282 4.9090 252.0000
  endloop
 endfacet
 facet normal 0.19509 -0.98079 0.00000
  outer loop
   vertex 24.4177 4.8274 249.0000
   vertex 24.8282 4.9090 252.0000
   vertex 24.4177 4.8274 252.0000
  endloop
 endfacet
 facet normal 0.32144 -0.94693 0.00000
  outer loop
   vertex 24.8282 4.9090 249.0000
   vertex 25.2246 5.0436 249.0000
   vertex 25.2246 5.0436 252.0000
  endloop
 endfacet
 facet normal 0.32144 -0.94693 0.00000
  outer loop
   vertex 24.8282 4.9090 249.0000
   vertex 25.2246 5.0436 252.0000
   vertex 24.8282 4.9090 252.0000
  endloop
 endfacet
 facet normal 0.44229 -0.89687 0.00000
  outer loop
   vertex 25.2246 5.0436 249.0000
   vertex 25.6000 5.2287 249.0000
   vertex 25.6000 5.2287 252.0000
  endloop
 endfacet
 facet normal 0.44229 -0.89687 0.00000
  outer loop
   vertex 25.2246 5.0436 249.0000
   vertex 25.6000 5.2287 252.0000
   vertex 25.2246 5.0436 252.0000
  endloop
 endfacet
 facet normal 0.55557 -0.83147 0.00000
  outer loop
   vertex 25.6000 5.2287 249.0000
   vertex 25.9480 5.4613 249.0000
   vertex 25.9480 5.4613 252.0000
  endloop
 endfacet
 facet normal 0.55557 -0.83147 0.00000
  outer loop
   vertex 25.6000 5.2287 249.0000
   vertex 25.9480 5.4613 252.0000
   vertex 25.6000 5.2287 252.0000
  endloop
 endfacet
 facet normal 0.65935 -0.75184 0.00000
  outer loop
   vertex 25.9480 5.4613 249.0000
   vertex 26.2627 5.7373 249.0000
   vertex 26.2627 5.7373 252.0000
  endloop
 endfacet
 facet normal 0.65935 -0.75184 0.00000
  outer loop
   vertex 25.9480 5.4613 249.0000
   vertex 26.2627 5.7373 252.0000
   vertex 25.9480 5.4613 252.0000
  endloop
 endfacet
 facet normal 0.75184 -0.65935 0.00000
  outer loop
   vertex 26.2627 5.7373 249.0000
   vertex 26.5387 6.0520 249.0000
   vertex 26.5387 6.0520 252.0000
  endloop
 endfacet
 facet normal 0.75184 -0.65935 0.00000
  outer loop
   vertex 26.2627 5.7373 249.0000
   vertex 26.5387 6.0520 252.0000
   vertex 26.2627 5.7373 252.0000
  endloop
 endfacet
 facet normal 0.83147 -0.55557 0.00000
  outer loop
   vertex 26.5387 6.0520 249.0000
   vertex 26.7713 6.4000 249.0000
   vertex 26.7713 6.4000 252.0000
  endloop
 endfacet
 facet normal 0.83147 -0.55557 0.00000
  outer loop
   vertex 26.5387 6.0520 249.0000
   vertex 26.7713 6.4000 252.0000
   vertex 26.5387 6.0520 252.0000
  endloop
 endfacet
 facet normal 0.89687 -0.44229 0.00000
  outer loop
   vertex 26.7713 6.4000 249.0000
   vertex 26.9564 6.7754 249.0000
   vertex 26.9564 6.7754 252.0000
  endloop
 endfacet
 facet normal 0.89687 -0.44229 0.00000
  outer loop
   vertex 26.7713 6.4000 249.0000
   vertex 26.9564 6.7754 252.0000
   vertex 26.7713 6.4000 252.0000
  endloop
 endfacet
 facet normal 0.94693 -0.32144 0.00000
  outer loop
   vertex 26.9564 6.7754 249.0000
   vertex 27.0910 7.1718 249.0000
   vertex 27.0910 7.1718 252.0000
  endloop
 endfacet
 facet normal 0.94693 -0.32144 0.00000
  outer loop
   vertex 26.9564 6.7754 249.0000
   vertex 27.0910 7.1718 252.0000
   vertex 26.9564 6.7754 252.0000
  endloop
 endfacet
 facet normal 0.98079 -0.19509 0.00000
  outer loop
   vertex 27.0910 7.1718 249.0000
   vertex 27.1726 7.5823 249.0000
   vertex 27.1726 7.5823 252.0000
  endloop
 endfacet
 facet normal 0.98079 -0.19509 0.00000
  outer loop
   vertex 27.0910 7.1718 249.0000
   vertex 27.1726 7.5823 252.0000
   vertex 27.0910 7.1718 252.0000
  endloop
 endfacet
 facet normal 0.99786 -0.06540 0.00000
  outer loop
   vertex 27.1726 7.5823 249.0000
   vertex 27.2000 8.0000 249.0000
   vertex 27.2000 8.0000 252.0000
  endloop
 endfacet
 facet normal 0.99786 -0.06540 0.00000
  outer loop
   vertex 27.1726 7.5823 249.0000
   vertex 27.2000 8.0000 252.0000
   vertex 27.1726 7.5823 252.0000
  endloop
 endfacet
 facet normal 0.00000 0.00000 -1.00000
  outer loop
   vertex 24.0000 8.0000 249.0000
   vertex 27.1726 8.4177 249.0000
   vertex 27.2000 8.0000 249.0000
  endloop
 endfacet
 facet normal 0.00000 0.00000 1.00000
  outer loop
   vertex 24.0000 8.0000 252.0000
   vertex 27.2000 8.0000 252.0000
   vertex 27.1726 8.4177 252.0000
  endloop
 endfacet
 facet normal 0.00000 0.00000 -1.00000
  outer loop
   vertex 24.0000 8.0000 249.0000
   vertex 27.0910 8.8282 249.0000
   vertex 27.1726 8.4177 249.0000
  endloop
 endfacet
 facet normal 0.00000 0.00000 1.00000
  outer loop
   vertex 24.0000 8.0000 252.0000
   vertex 27.1726 8.4177 252.0000
   vertex 27.0910 8.8282 252.0000
  endloop
 endfacet
 facet normal 0.00000 0.00000 -1.00000
  outer loop
   vertex 24.0000 8.0000 249.0000
   vertex 26.9564 9.2246 249.0000
   vertex 27.0910 8.8282 249.0000
  endloop
 endfacet
 facet normal 0.00000 0.00000 1.00000
  outer loop
   vertex 24.0000 8.0000 252.0000
   vertex 27.0910 8.8282 252.0000
   vertex 26.9564 9.2246 252.0000
  endloop
 endfacet
 facet normal 0.00000 0.00000 -1.00000
  outer loop
   vertex 24.0000 8.0000 249.0000
   vertex 26.7713 9.6000 249.0000
   vertex 26.9564 9.2246 249.0000
  endloop
 endfacet
 facet normal 0.00000 0.00000 1.00000
  outer loop
   vertex 24.0000 8.0000 252.0000
   vertex 26.9564 9.2246 252.0000
   vertex 26.7713 9.6000 252.0000
  endloop
 endfacet
 facet normal 0.00000 0.00000 -1.00000
  outer loop
   vertex 24.0000 8.0000 249.0000
   vertex 26.5387 9.9480 249.0000
   vertex 26.7713 9.6000 249.0000
  endloop
 endfacet
 facet normal 0.00000 0.00000 1.00000
  outer loop
   vertex 24.0000 8.0000 252.0000
   vertex 26.7713 9.6000 252.0000
   vertex 26.5387 9.9480 252.0000
  endloop
 endfacet
 facet normal 0.00000 0.00000 -1.00000
  outer loop
   vertex 24.0000 8.0000 249.0000
   vertex 26.2627 10.2627 249.0000
   vertex 26.5387 9.9480 249.0000
  endloop
 endfacet
 facet normal 0.00000 0.00000 1.00000
  outer loop
   vertex 24.0000 8.0000 252.0000
   vertex 26.5387 9.9480 252.0000
   vertex 26.2627 10.2627 252.0000
  endloop
 endfacet
 facet normal 0.00000 0.00000 -1.00000
  outer loop
   vertex 24.0000 8.0000 249.0000
   vertex 25.9480 10.5387 249.0000
   vertex 26.2627 10.2627 249.0000
  endloop
 endfacet
 facet normal 0.00000 0.00000 1.00000
  outer loop
   vertex 24.0000 8.0000 252.0000
   vertex 26.2627 10.2627 252.0000
   vertex 25.9480 10.5387 252.0000
  endloop
 endfacet
 facet normal 0.00000 0.00000 -1.00000
  outer loop
   vertex 24.0000 8.0000 249.0000
   vertex 25.6000 10.7713 249.0000
   vertex 25.9480 10.5387 249.0000
  endloop
 endfacet
 facet normal 0.00000 0.00000 1.00000
  outer loop
   vertex 24.0000 8.0000 252.0000
   vertex 25.9480 10.5387 252.0000
   vertex 25.6000 10.7713 252.0000
  endloop
 endfacet
 facet normal 0.00000 0.00000 -1.00000
  outer loop
   vertex 24.0000 8.0000 249.0000
   vertex 25.2246 10.9564 249.0000
   vertex 25.6000 10.7713 249.0000
  endloop
 endfacet
 facet normal 0.00000 0.00000 1.00000
  outer loop
   vertex 24.0000 8.0000 252.0000
   vertex 25.6000 10.7713 252.0000
   vertex 25.2246 10.9564 252.0000
  endloop
 endfacet
 facet normal 0.00000 0.00000 -1.00000
  outer loop
   vertex 24.0000 8.0000 249.0000
   vertex 24.8282 11.0910 249.0000
   vertex 25.2246 10.9564 249.0000
  endloop
 endfacet
 facet normal 0.00000 0.00000 1.00000
  outer loop
   vertex 24.0000 8.0000 252.0000
   vertex 25.2246 10.9564 252.0000
   vertex 24.8282 11.0910 252.0000
  endloop
 endfacet
 facet normal 0.00000 0.00000 -1.00000
  outer loop
   vertex 24.0000 8.0000 249.0000
   vertex 24.4177 11.1726 249.0000
   vertex 24.8282 11.0910 249.0000
  endloop
 endfacet
 facet normal 0.00000 0.00000 1.00000
  outer loop
   vertex 24.0000 8.0000 252.0000
   vertex 24.8282 11.0910 252.0000
   vertex 24.4177 11.1726 252.0000
  endloop
 endfacet
 facet normal 0.00000 0.00000 -1.00000
  outer loop
   vertex 24.0000 8.0000 249.0000
   vertex 24.0000 11.2000 249.0000
   vertex 24.4177 11.1726 249.0000
  endloop
 endfacet
 facet normal 0.00000 0.00000 1.00000
  outer loop
   vertex 24.0000 8.0000 252.0000
   vertex 24.4177 11.1726 252.0000
   vertex 24.0000 11.2000 252.0000
  endloop
 endfacet
 facet normal 0.00000 0.00000 -1.00000
  outer loop
   vertex 24.0000 8.0000 249.0000
   vertex 23.5823 11.1726 249.0000
   vertex 24.0000 11.2000 249.0000
  endloop
 endfacet
 facet normal 0.00000 -0.00000 1.00000
  outer loop
   vertex 24.0000 8.0000 252.0000
   vertex 24.0000 11.2000 252.0000
   vertex 23.5823 11.1726 252.0000
  endloop
 endfacet
 facet normal 0.00000 0.00000 -1.00000
  outer loop
   vertex 24.0000 8.0000 249.0000
   vertex 23.1718 11.0910 249.0000
   vertex 23.5823 11.1726 249.0000
  endloop
 endfacet
 facet normal 0.00000 0.00000 1.00000
  outer loop
   vertex 24.0000 8.0000 252.0000
   vertex 23.5823 11.1726 252.0000
   vertex 23.1718 11.0910 252.0000
  endloop
 endfacet
 facet normal 0.00000 0.00000 -1.00000
  outer loop
   vertex 24.0000 8.0000 249.0000
   vertex 22.7754 10.9564 249.0000
   vertex 23.1718 11.0910 249.0000
  endloop
 endfacet
 facet normal 0.00000 0.00000 1.00000
  outer loop
   vertex 24.0000 8.0000 252.0000
   vertex 23.1718 11.0910 252.0000
   vertex 22.7754 10.9564 252.0000
  endloop
 endfacet
 facet normal 0.00000 0.00000 -1.00000
  outer loop
   vertex 24.0000 8.0000 249.0000
   vertex 22.4000 10.7713 249.0000
   vertex 22.7754 10.9564 249.0000
  endloop
 endfacet
 facet normal 0.00000 0.00000 1.00000
  outer loop
   vertex 24.0000 8.0000 252.0000
   vertex 22.7754 10.9564 252.0000
   vertex 22.4000 10.7713 252.0000
  endloop
 endfacet
 facet normal 0.00000 0.00000 -1.00000
  outer loop
   vertex 24.0000 8.0000 249.0000
   vertex 22.0520 10.5387 249.0000
   vertex 22.4000 10.7713 249.0000
  endloop
 endfacet
 facet normal 0.00000 0.00000 1.00000
  outer loop
   vertex 24.0000 8.0000 252.0000
   vertex 22.4000 10.7713 252.0000
   vertex 22.0520 10.5387 252.0000
  endloop
 endfacet
 facet normal 0.00000 0.00000 -1.00000
  outer loop
   vertex 24.0000 8.0000 249.0000
   vertex 21.7373 10.2627 249.0000
   vertex 22.0520 10.5387 249.0000
  endloop
 endfacet
 facet normal 0.00000 0.00000 1.00000
  outer loop
   vertex 24.0000 8.0000 252.0000
   vertex 22.0520 10.5387 252.0000
   vertex 21.7373 10.2627 252.0000
  endloop
 endfacet
 facet normal 0.00000 0.00000 -1.00000
  outer loop
   vertex 24.0000 8.0000 249.0000
   vertex 21.4613 9.9480 249.0000
   vertex 21.7373 10.2627 249.0000
  endloop
 endfacet
 facet normal 0.00000 0.00000 1.00000
  outer loop
   vertex 24.0000 8.0000 252.0000
   vertex 21.7373 10.2627 252.0000
   vertex 21.4613 9.9480 252.0000
  endloop
 endfacet
 facet normal 0.00000 0.00000 -1.00000
  outer loop
   vertex 24.0000 8.0000 249.0000
   vertex 21.2287 9.6000 249.0000
   vertex 21.4613 9.9480 249.0000
  endloop
 endfacet
 facet normal 0.00000 0.00000 1.00000
  outer loop
   vertex 24.0000 8.0000 252.0000
   vertex 21.4613 9.9480 252.0000
   vertex 21.2287 9.6000 252.0000
  endloop
 endfacet
 facet normal 0.00000 0.00000 -1.00000
  outer loop
   vertex 24.0000 8.0000 249.0000
   vertex 21.0436 9.2246 249.0000
   vertex 21.2287 9.6000 249.0000
  endloop
 endfacet
 facet normal 0.00000 0.00000 1.00000
  outer loop
   vertex 24.0000 8.0000 252.0000
   vertex 21.2287 9.6000 252.0000
   vertex 21.0436 9.2246 252.0000
  endloop
 endfacet
 facet normal 0.00000 0.00000 -1.00000
  outer loop
   vertex 24.0000 8.0000 249.0000
   vertex 20.9090 8.8282 249.0000
   vertex 21.0436 9.2246 249.0000
  endloop
 endfacet
 facet normal 0.00000 0.00000 1.00000
  outer loop
   vertex 24.0000 8.0000 252.0000
   vertex 21.0436 9.2246 252.0000
   vertex 20.9090 8.8282 252.0000
  endloop
 endfacet
 facet normal 0.00000 0.00000 -1.00000
  outer loop
   vertex 24.0000 8.0000 249.0000
   vertex 20.8274 8.4177 249.0000
   vertex 20.9090 8.8282 249.0000
  endloop
 endfacet
 facet normal 0.00000 0.00000 1.00000
  outer loop
   vertex 24.0000 8.0000 252.0000
   vertex 20.9090 8.8282 252.0000
   vertex 20.8274 8.4177 252.0000
  endloop
 endfacet
 facet normal 0.00000 0.00000 -1.00000
  outer loop
   vertex 24.0000 8.0000 249.0000
   vertex 20.8000 8.0000 249.0000
   vertex 20.8274 8.4177 249.0000
  endloop
 endfacet
 facet normal 0.00000 0.00000 1.00000
  outer loop
   vertex 24.0000 8.0000 252.0000
   vertex 20.8274 8.4177 252.0000
   vertex 20.8000 8.0000 252.0000
  endloop
 endfacet
 facet normal -0.00000 0.00000 -1.00000
  outer loop
   vertex 24.0000 8.0000 249.0000
   vertex 20.8274 7.5823 249.0000
   vertex 20.8000 8.0000 249.0000
  endloop
 endfacet
 facet normal 0.00000 0.00000 1.00000
  outer loop
   vertex 24.0000 8.0000 252.0000
   vertex 20.8000 8.0000 252.0000
   vertex 20.8274 7.5823 252.0000
  endloop
 endfacet
 facet normal 0.00000 0.00000 -1.00000
  outer loop
   vertex 24.0000 8.0000 249.0000
   vertex 20.9090 7.1718 249.0000
   vertex 20.8274 7.5823 249.0000
  endloop
 endfacet
 facet normal 0.00000 0.00000 1.00000
  outer loop
   vertex 24.0000 8.0000 252.0000
   vertex 20.8274 7.5823 252.0000
   vertex 20.9090 7.1718 252.0000
  endloop
 endfacet
 facet normal 0.00000 0.00000 -1.00000
  outer loop
   vertex 24.0000 8.0000 249.0000
   vertex 21.0436 6.7754 249.0000
   vertex 20.9090 7.1718 249.0000
  endloop
 endfacet
 facet normal 0.00000 0.00000 1.00000
  outer loop
   vertex 24.0000 8.0000 252.0000
   vertex 20.9090 7.1718 252.0000
   vertex 21.0436 6.7754 252.0000
  endloop
 endfacet
 facet normal 0.00000 0.00000 -1.00000
  outer loop
   vertex 24.0000 8.0000 249.0000
   vertex 21.2287 6.4000 249.0000
   vertex 21.0436 6.7754 249.0000
  endloop
 endfacet
 facet normal 0.00000 0.00000 1.00000
  outer loop
   vertex 24.0000 8.0000 252.0000
   vertex 21.0436 6.7754 252.0000
   vertex 21.2287 6.4000 252.0000
  endloop
 endfacet
 facet normal 0.00000 0.00000 -1.00000
  outer loop
   vertex 24.0000 8.0000 249.0000
   vertex 21.4613 6.0520 249.0000
   vertex 21.2287 6.4000 249.0000
  endloop
 endfacet
 facet normal 0.00000 0.00000 1.00000
  outer loop
   vertex 24.0000 8.0000 252.0000
   vertex 21.2287 6.4000 252.0000
   vertex 21.4613 6.0520 252.0000
  endloop
 endfacet
 facet normal 0.00000 0.00000 -1.00000
  outer loop
   vertex 24.0000 8.0000 249.0000
   vertex 21.7373 5.7373 249.0000
   vertex 21.4613 6.0520 249.0000
  endloop
 endfacet
 facet normal 0.00000 0.00000 1.00000
  outer loop
   vertex 24.0000 8.0000 252.0000
   vertex 21.4613 6.0520 252.0000
   vertex 21.7373 5.7373 252.0000
  endloop
 endfacet
 facet normal 0.00000 0.00000 -1.00000
  outer loop
   vertex 24.0000 8.0000 249.0000
   vertex 22.0520 5.4613 249.0000
   vertex 21.7373 5.7373 249.0000
  endloop
 endfacet
 facet normal 0.00000 0.00000 1.00000
  outer loop
   vertex 24.0000 8.0000 252.0000
   vertex 21.7373 5.7373 252.0000
   vertex 22.0520 5.4613 252.0000
  endloop
 endfacet
 facet normal 0.00000 0.00000 -1.00000
  outer loop
   vertex 24.0000 8.0000 249.0000
   vertex 22.4000 5.2287 249.0000
   vertex 22.0520 5.4613 249.0000
  endloop
 endfacet
 facet normal 0.00000 0.00000 1.00000
  outer loop
   vertex 24.0000 8.0000 252.0000
   vertex 22.0520 5.4613 252.0000
   vertex 22.4000 5.2287 252.0000
  endloop
 endfacet
 facet normal 0.00000 0.00000 -1.00000
  outer loop
   vertex 24.0000 8.0000 249.0000
   vertex 22.7754 5.0436 249.0000
   vertex 22.4000 5.2287 249.0000
  endloop
 endfacet
 facet normal 0.00000 0.00000 1.00000
  outer loop
   vertex 24.0000 8.0000 252.0000
   vertex 22.4000 5.2287 252.0000
   vertex 22.7754 5.0436 252.0000
  endloop
 endfacet
 facet normal 0.00000 0.00000 -1.00000
  outer loop
   vertex 24.0000 8.0000 249.0000
   vertex 23.1718 4.9090 249.0000
   vertex 22.7754 5.0436 249.0000
  endloop
 endfacet
 facet normal 0.00000 0.00000 1.00000
  outer loop
   vertex 24.0000 8.0000 252.0000
   vertex 22.7754 5.0436 252.0000
   vertex 23.1718 4.9090 252.0000
  endloop
 endfacet
 facet normal 0.00000 0.00000 -1.00000
  outer loop
   vertex 24.0000 8.0000 249.0000
   vertex 23.5823 4.8274 249.0000
   vertex 23.1718 4.9090 249.0000
  endloop
 endfacet
 facet normal 0.00000 0.00000 1.00000
  outer loop
   vertex 24.0000 8.0000 252.0000
   vertex 23.1718 4.9090 252.0000
   vertex 23.5823 4.8274 252.0000
  endloop
 endfacet
 facet normal 0.00000 -0.00000 -1.00000
  outer loop
   vertex 24.0000 8.0000 249.0000
   vertex 24.0000 4.8000 249.0000
   vertex 23.5823 4.8274 249.0000
  endloop
 endfacet
 facet normal 0.00000 0.00000 1.00000
  outer loop
   vertex 24.0000 8.0000 252.0000
   vertex 23.5823 4.8274 252.0000
   vertex 24.0000 4.8000 252.0000
  endloop
 endfacet
 facet normal 0.00000 0.00000 -1.00000
  outer loop
   vertex 24.0000 8.0000 249.0000
   vertex 24.4177 4.8274 249.0000
   vertex 24.0000 4.8000 249.0000
  endloop
 endfacet
 facet normal 0.00000 0.00000 1.00000
  outer loop
   vertex 24.0000 8.0000 252.0000
   vertex 24.0000 4.8000 252.0000
   vertex 24.4177 4.8274 252.0000
  endloop
 endfacet
 facet normal 0.00000 0.00000 -1.00000
  outer loop
   vertex 24.0000 8.0000 249.0000
   vertex 24.8282 4.9090 249.0000
   vertex 24.4177 4.8274 249.0000
  endloop
 endfacet
 facet normal 0.00000 0.00000 1.00000
  outer loop
   vertex 24.0000 8.0000 252.0000
   vertex 24.4177 4.8274 252.0000
   vertex 24.8282 4.9090 252.0000
  endloop
 endfacet
 facet normal 0.00000 0.00000 -1.00000
  outer loop
   vertex 24.0000 8.0000 249.0000
   vertex 25.2246 5.0436 249.0000
   vertex 24.8282 4.9090 249.0000
  endloop
 endfacet
 facet normal 0.00000 0.00000 1.00000
  outer loop
   vertex 24.0000 8.0000 252.0000
   vertex 24.8282 4.9090 252.0000
   vertex 25.2246 5.0436 252.0000
  endloop
 endfacet
 facet normal 0.00000 0.00000 -1.00000
  outer loop
   vertex 24.0000 8.0000 249.0000
   vertex 25.6000 5.2287 249.0000
   vertex 25.2246 5.0436 249.0000
  endloop
 endfacet
 facet normal 0.00000 0.00000 1.00000
  outer loop
   vertex 24.0000 8.0000 252.0000
   vertex 25.2246 5.0436 252.0000
   vertex 25.6000 5.2287 252.0000
  endloop
 endfacet
 facet normal 0.00000 0.00000 -1.00000
  outer loop
   vertex 24.0000 8.0000 249.0000
   vertex 25.9480 5.4613 249.0000
   vertex 25.6000 5.2287 249.0000
  endloop
 endfacet
 facet normal 0.00000 0.00000 1.00000
  outer loop
   vertex 24.0000 8.0000 252.0000
   vertex 25.6000 5.2287 252.0000
   vertex 25.9480 5.4613 252.0000
  endloop
 endfacet
 facet normal 0.00000 0.00000 -1.00000
  outer loop
   vertex 24.0000 8.0000 249.0000
   vertex 26.2627 5.7373 249.0000
   vertex 25.9480 5.4613 249.0000
  endloop
 endfacet
 facet normal 0.00000 0.00000 1.00000
  outer loop
   vertex 24.0000 8.0000 252.0000
   vertex 25.9480 5.4613 252.0000
   vertex 26.2627 5.7373 252.0000
  endloop
 endfacet
 facet normal 0.00000 0.00000 -1.00000
  outer loop
   vertex 24.0000 8.0000 249.0000
   vertex 26.5387 6.0520 249.0000
   vertex 26.2627 5.7373 249.0000
  endloop
 endfacet
 facet normal 0.00000 0.00000 1.00000
  outer loop
   vertex 24.0000 8.0000 252.0000
   vertex 26.2627 5.7373 252.0000
   vertex 26.5387 6.0520 252.0000
  endloop
 endfacet
 facet normal 0.00000 0.00000 -1.00000
  outer loop
   vertex 24.0000 8.0000 249.0000
   vertex 26.7713 6.4000 249.0000
   vertex 26.5387 6.0520 249.0000
  endloop
 endfacet
 facet normal 0.00000 0.00000 1.00000
  outer loop
   vertex 24.0000 8.0000 252.0000
   vertex 26.5387 6.0520 252.0000
   vertex 26.7713 6.4000 252.0000
  endloop
 endfacet
 facet normal 0.00000 0.00000 -1.00000
  outer loop
   vertex 24.0000 8.0000 249.0000
   vertex 26.9564 6.7754 249.0000
   vertex 26.7713 6.4000 249.0000
  endloop
 endfacet
 facet normal 0.00000 0.00000 1.00000
  outer loop
   vertex 24.0000 8.0000 252.0000
   vertex 26.7713 6.4000 252.0000
   vertex 26.9564 6.7754 252.0000
  endloop
 endfacet
 facet normal 0.00000 0.00000 -1.00000
  outer loop
   vertex 24.0000 8.0000 249.0000
   vertex 27.0910 7.1718 249.0000
   vertex 26.9564 6.7754 249.0000
  endloop
 endfacet
 facet normal 0.00000 0.00000 1.00000
  outer loop
   vertex 24.0000 8.0000 252.0000
   vertex 26.9564 6.7754 252.0000
   vertex 27.0910 7.1718 252.0000
  endloop
 endfacet
 facet normal 0.00000 0.00000 -1.00000
  outer loop
   vertex 24.0000 8.0000 249.0000
   vertex 27.1726 7.5823 249.0000
   vertex 27.0910 7.1718 249.0000
  endloop
 endfacet
 facet normal 0.00000 0.00000 1.00000
  outer loop
   vertex 24.0000 8.0000 252.0000
   vertex 27.0910 7.1718 252.0000
   vertex 27.1726 7.5823 252.0000
  endloop
 endfacet
 facet normal 0.00000 0.00000 -1.00000
  outer loop
   vertex 24.0000 8.0000 249.0000
   vertex 27.2000 8.0000 249.0000
   vertex 27.1726 7.5823 249.0000
  endloop
 endfacet
 facet normal -0.00000 0.00000 1.00000
  outer loop
   vertex 24.0000 8.0000 252.0000
   vertex 27.1726 7.5823 252.0000
   vertex 27.2000 8.0000 252.0000
  endloop
 endfacet
 facet normal 0.00000 0.00000 -1.00000
  outer loop
   vertex 30.0000 -26.0000 249.0000
   vertex 38.0000 -21.0000 249.0000
   vertex 38.0000 -26.0000 249.0000
  endloop
 endfacet
 facet normal 0.00000 0.00000 -1.00000
  outer loop
   vertex 30.0000 -26.0000 249.0000
   vertex 30.0000 -21.0000 249.0000
   vertex 38.0000 -21.0000 249.0000
  endloop
 endfacet
 facet normal 0.00000 0.00000 1.00000
  outer loop
   vertex 30.0000 -26.0000 264.0000
   vertex 38.0000 -26.0000 264.0000
   vertex 38.0000 -21.0000 264.0000
  endloop
 endfacet
 facet normal 0.00000 0.00000 1.00000
  outer loop
   vertex 30.0000 -26.0000 264.0000
   vertex 38.0000 -21.0000 264.0000
   vertex 30.0000 -21.0000 264.0000
  endloop
 endfacet
 facet normal 0.00000 -1.00000 0.00000
  outer loop
   vertex 30.0000 -26.0000 249.0000
   vertex 38.0000 -26.0000 249.0000
   vertex 38.0000 -26.0000 264.0000
  endloop
 endfacet
 facet normal 0.00000 -1.00000 0.00000
  outer loop
   vertex 30.0000 -26.0000 249.0000
   vertex 38.0000 -26.0000 264.0000
   vertex 30.0000 -26.0000 264.0000
  endloop
 endfacet
 facet normal 1.00000 0.00000 0.00000
  outer loop
   vertex 38.0000 -26.0000 249.0000
   vertex 38.0000 -21.0000 249.0000
   vertex 38.0000 -21.0000 264.0000
  endloop
 endfacet
 facet normal 1.00000 0.00000 0.00000
  outer loop
   vertex 38.0000 -26.0000 249.0000
   vertex 38.0000 -21.0000 264.0000
   vertex 38.0000 -26.0000 264.0000
  endloop
 endfacet
 facet normal 0.00000 1.00000 0.00000
  outer loop
   vertex 38.0000 -21.0000 249.0000
   vertex 30.0000 -21.0000 249.0000
   vertex 30.0000 -21.0000 264.0000
  endloop
 endfacet
 facet normal 0.00000 1.00000 -0.00000
  outer loop
   vertex 38.0000 -21.0000 249.0000
   vertex 30.0000 -21.0000 264.0000
   vertex 38.0000 -21.0000 264.0000
  endloop
 endfacet
 facet normal -1.00000 0.00000 0.00000
  outer loop
   vertex 30.0000 -21.0000 249.0000
   vertex 30.0000 -26.0000 249.0000
   vertex 30.0000 -26.0000 264.0000
  endloop
 endfacet
 facet normal -1.00000 0.00000 0.00000
  outer loop
   vertex 30.0000 -21.0000 249.0000
   vertex 30.0000 -26.0000 264.0000
   vertex 30.0000 -21.0000 264.0000
  endloop
 endfacet
 facet normal 0.00000 0.00000 -1.00000
  outer loop
   vertex 30.0000 21.0000 249.0000
   vertex 38.0000 26.0000 249.0000
   vertex 38.0000 21.0000 249.0000
  endloop
 endfacet
 facet normal 0.00000 0.00000 -1.00000
  outer loop
   vertex 30.0000 21.0000 249.0000
   vertex 30.0000 26.0000 249.0000
   vertex 38.0000 26.0000 249.0000
  endloop
 endfacet
 facet normal 0.00000 0.00000 1.00000
  outer loop
   vertex 30.0000 21.0000 264.0000
   vertex 38.0000 21.0000 264.0000
   vertex 38.0000 26.0000 264.0000
  endloop
 endfacet
 facet normal 0.00000 0.00000 1.00000
  outer loop
   vertex 30.0000 21.0000 264.0000
   vertex 38.0000 26.0000 264.0000
   vertex 30.0000 26.0000 264.0000
  endloop
 endfacet
 facet normal 0.00000 -1.00000 0.00000
  outer loop
   vertex 30.0000 21.0000 249.0000
   vertex 38.0000 21.0000 249.0000
   vertex 38.0000 21.0000 264.0000
  endloop
 endfacet
 facet normal 0.00000 -1.00000 0.00000
  outer loop
   vertex 30.0000 21.0000 249.0000
   vertex 38.0000 21.0000 264.0000
   vertex 30.0000 21.0000 264.0000
  endloop
 endfacet
 facet normal 1.00000 0.00000 0.00000
  outer loop
   vertex 38.0000 21.0000 249.0000
   vertex 38.0000 26.0000 249.0000
   vertex 38.0000 26.0000 264.0000
  endloop
 endfacet
 facet normal 1.00000 0.00000 0.00000
  outer loop
   vertex 38.0000 21.0000 249.0000
   vertex 38.0000 26.0000 264.0000
   vertex 38.0000 21.0000 264.0000
  endloop
 endfacet
 facet normal 0.00000 1.00000 0.00000
  outer loop
   vertex 38.0000 26.0000 249.0000
   vertex 30.0000 26.0000 249.0000
   vertex 30.0000 26.0000 264.0000
  endloop
 endfacet
 facet normal 0.00000 1.00000 -0.00000
  outer loop
   vertex 38.0000 26.0000 249.0000
   vertex 30.0000 26.0000 264.0000
   vertex 38.0000 26.0000 264.0000
  endloop
 endfacet
 facet normal -1.00000 0.00000 0.00000
  outer loop
   vertex 30.0000 26.0000 249.0000
   vertex 30.0000 21.0000 249.0000
   vertex 30.0000 21.0000 264.0000
  endloop
 endfacet
 facet normal -1.00000 0.00000 0.00000
  outer loop
   vertex 30.0000 26.0000 249.0000
   vertex 30.0000 21.0000 264.0000
   vertex 30.0000 26.0000 264.0000
  endloop
 endfacet
 facet normal 0.00000 0.00000 -1.00000
  outer loop
   vertex 30.0000 -26.0000 264.0000
   vertex 38.0000 26.0000 264.0000
   vertex 38.0000 -26.0000 264.0000
  endloop
 endfacet
 facet normal 0.00000 0.00000 -1.00000
  outer loop
   vertex 30.0000 -26.0000 264.0000
   vertex 30.0000 26.0000 264.0000
   vertex 38.0000 26.0000 264.0000
  endloop
 endfacet
 facet normal 0.00000 0.00000 1.00000
  outer loop
   vertex 30.0000 -26.0000 268.0000
   vertex 38.0000 -26.0000 268.0000
   vertex 38.0000 26.0000 268.0000
  endloop
 endfacet
 facet normal 0.00000 0.00000 1.00000
  outer loop
   vertex 30.0000 -26.0000 268.0000
   vertex 38.0000 26.0000 268.0000
   vertex 30.0000 26.0000 268.0000
  endloop
 endfacet
 facet normal 0.00000 -1.00000 0.00000
  outer loop
   vertex 30.0000 -26.0000 264.0000
   vertex 38.0000 -26.0000 264.0000
   vertex 38.0000 -26.0000 268.0000
  endloop
 endfacet
 facet normal 0.00000 -1.00000 0.00000
  outer loop
   vertex 30.0000 -26.0000 264.0000
   vertex 38.0000 -26.0000 268.0000
   vertex 30.0000 -26.0000 268.0000
  endloop
 endfacet
 facet normal 1.00000 0.00000 0.00000
  outer loop
   vertex 38.0000 -26.0000 264.0000
   vertex 38.0000 26.0000 264.0000
   vertex 38.0000 26.0000 268.0000
  endloop
 endfacet
 facet normal 1.00000 0.00000 0.00000
  outer loop
   vertex 38.0000 -26.0000 264.0000
   vertex 38.0000 26.0000 268.0000
   vertex 38.0000 -26.0000 268.0000
  endloop
 endfacet
 facet normal 0.00000 1.00000 0.00000
  outer loop
   vertex 38.0000 26.0000 264.0000
   vertex 30.0000 26.0000 264.0000
   vertex 30.0000 26.0000 268.0000
  endloop
 endfacet
 facet normal 0.00000 1.00000 -0.00000
  outer loop
   vertex 38.0000 26.0000 264.0000
   vertex 30.0000 26.0000 268.0000
   vertex 38.0000 26.0000 268.0000
  endloop
 endfacet
 facet normal -1.00000 0.00000 0.00000
  outer loop
   vertex 30.0000 26.0000 264.0000
   vertex 30.0000 -26.0000 264.0000
   vertex 30.0000 -26.0000 268.0000
  endloop
 endfacet
 facet normal -1.00000 0.00000 0.00000
  outer loop
   vertex 30.0000 26.0000 264.0000
   vertex 30.0000 -26.0000 268.0000
   vertex 30.0000 26.0000 268.0000
  endloop
 endfacet
 facet normal 0.00000 0.00000 -1.00000
  outer loop
   vertex -3.0000 -49.0000 196.0000
   vertex 3.0000 -44.0000 196.0000
   vertex 3.0000 -49.0000 196.0000
  endloop
 endfacet
 facet normal 0.00000 0.00000 -1.00000
  outer loop
   vertex -3.0000 -49.0000 196.0000
   vertex -3.0000 -44.0000 196.0000
   vertex 3.0000 -44.0000 196.0000
  endloop
 endfacet
 facet normal 0.00000 0.00000 1.00000
  outer loop
   vertex -3.0000 -49.0000 206.0000
   vertex 3.0000 -49.0000 206.0000
   vertex 3.0000 -44.0000 206.0000
  endloop
 endfacet
 facet normal 0.00000 0.00000 1.00000
  outer loop
   vertex -3.0000 -49.0000 206.0000
   vertex 3.0000 -44.0000 206.0000
   vertex -3.0000 -44.0000 206.0000
  endloop
 endfacet
 facet normal 0.00000 -1.00000 0.00000
  outer loop
   vertex -3.0000 -49.0000 196.0000
   vertex 3.0000 -49.0000 196.0000
   vertex 3.0000 -49.0000 206.0000
  endloop
 endfacet
 facet normal 0.00000 -1.00000 0.00000
  outer loop
   vertex -3.0000 -49.0000 196.0000
   vertex 3.0000 -49.0000 206.0000
   vertex -3.0000 -49.0000 206.0000
  endloop
 endfacet
 facet normal 1.00000 0.00000 0.00000
  outer loop
   vertex 3.0000 -49.0000 196.0000
   vertex 3.0000 -44.0000 196.0000
   vertex 3.0000 -44.0000 206.0000
  endloop
 endfacet
 facet normal 1.00000 0.00000 0.00000
  outer loop
   vertex 3.0000 -49.0000 196.0000
   vertex 3.0000 -44.0000 206.0000
   vertex 3.0000 -49.0000 206.0000
  endloop
 endfacet
 facet normal 0.00000 1.00000 0.00000
  outer loop
   vertex 3.0000 -44.0000 196.0000
   vertex -3.0000 -44.0000 196.0000
   vertex -3.0000 -44.0000 206.0000
  endloop
 endfacet
 facet normal 0.00000 1.00000 -0.00000
  outer loop
   vertex 3.0000 -44.0000 196.0000
   vertex -3.0000 -44.0000 206.0000
   vertex 3.0000 -44.0000 206.0000
  endloop
 endfacet
 facet normal -1.00000 0.00000 0.00000
  outer loop
   vertex -3.0000 -44.0000 196.0000
   vertex -3.0000 -49.0000 196.0000
   vertex -3.0000 -49.0000 206.0000
  endloop
 endfacet
 facet normal -1.00000 0.00000 0.00000
  outer loop
   vertex -3.0000 -44.0000 196.0000
   vertex -3.0000 -49.0000 206.0000
   vertex -3.0000 -44.0000 206.0000
  endloop
 endfacet
 facet normal 0.00000 0.00000 -1.00000
  outer loop
   vertex -3.0000 44.0000 196.0000
   vertex 3.0000 49.0000 196.0000
   vertex 3.0000 44.0000 196.0000
  endloop
 endfacet
 facet normal 0.00000 0.00000 -1.00000
  outer loop
   vertex -3.0000 44.0000 196.0000
   vertex -3.0000 49.0000 196.0000
   vertex 3.0000 49.0000 196.0000
  endloop
 endfacet
 facet normal 0.00000 0.00000 1.00000
  outer loop
   vertex -3.0000 44.0000 206.0000
   vertex 3.0000 44.0000 206.0000
   vertex 3.0000 49.0000 206.0000
  endloop
 endfacet
 facet normal 0.00000 0.00000 1.00000
  outer loop
   vertex -3.0000 44.0000 206.0000
   vertex 3.0000 49.0000 206.0000
   vertex -3.0000 49.0000 206.0000
  endloop
 endfacet
 facet normal 0.00000 -1.00000 0.00000
  outer loop
   vertex -3.0000 44.0000 196.0000
   vertex 3.0000 44.0000 196.0000
   vertex 3.0000 44.0000 206.0000
  endloop
 endfacet
 facet normal 0.00000 -1.00000 0.00000
  outer loop
   vertex -3.0000 44.0000 196.0000
   vertex 3.0000 44.0000 206.0000
   vertex -3.0000 44.0000 206.0000
  endloop
 endfacet
 facet normal 1.00000 0.00000 0.00000
  outer loop
   vertex 3.0000 44.0000 196.0000
   vertex 3.0000 49.0000 196.0000
   vertex 3.0000 49.0000 206.0000
  endloop
 endfacet
 facet normal 1.00000 0.00000 0.00000
  outer loop
   vertex 3.0000 44.0000 196.0000
   vertex 3.0000 49.0000 206.0000
   vertex 3.0000 44.0000 206.0000
  endloop
 endfacet
 facet normal 0.00000 1.00000 0.00000
  outer loop
   vertex 3.0000 49.0000 196.0000
   vertex -3.0000 49.0000 196.0000
   vertex -3.0000 49.0000 206.0000
  endloop
 endfacet
 facet normal 0.00000 1.00000 -0.00000
  outer loop
   vertex 3.0000 49.0000 196.0000
   vertex -3.0000 49.0000 206.0000
   vertex 3.0000 49.0000 206.0000
  endloop
 endfacet
 facet normal -1.00000 0.00000 0.00000
  outer loop
   vertex -3.0000 49.0000 196.0000
   vertex -3.0000 44.0000 196.0000
   vertex -3.0000 44.0000 206.0000
  endloop
 endfacet
 facet normal -1.00000 0.00000 0.00000
  outer loop
   vertex -3.0000 49.0000 196.0000
   vertex -3.0000 44.0000 206.0000
   vertex -3.0000 49.0000 206.0000
  endloop
 endfacet
 facet normal 0.99786 0.06540 0.00000
  outer loop
   vertex -10.5000 -10.5000 4.0000
   vertex -10.5898 -9.1295 4.0000
   vertex -10.5898 -9.1295 74.0000
  endloop
 endfacet
 facet normal 0.99786 0.06540 -0.00000
  outer loop
   vertex -10.5000 -10.5000 4.0000
   vertex -10.5898 -9.1295 74.0000
   vertex -10.5000 -10.5000 74.0000
  endloop
 endfacet
 facet normal 0.98079 0.19509 0.00000
  outer loop
   vertex -10.5898 -9.1295 4.0000
   vertex -10.8578 -7.7824 4.0000
   vertex -10.8578 -7.7824 74.0000
  endloop
 endfacet
 facet normal 0.98079 0.19509 -0.00000
  outer loop
   vertex -10.5898 -9.1295 4.0000
   vertex -10.8578 -7.7824 74.0000
   vertex -10.5898 -9.1295 74.0000
  endloop
 endfacet
 facet normal 0.94693 0.32144 0.00000
  outer loop
   vertex -10.8578 -7.7824 4.0000
   vertex -11.2993 -6.4818 4.0000
   vertex -11.2993 -6.4818 74.0000
  endloop
 endfacet
 facet normal 0.94693 0.32144 -0.00000
  outer loop
   vertex -10.8578 -7.7824 4.0000
   vertex -11.2993 -6.4818 74.0000
   vertex -10.8578 -7.7824 74.0000
  endloop
 endfacet
 facet normal 0.89687 0.44229 0.00000
  outer loop
   vertex -11.2993 -6.4818 4.0000
   vertex -11.9067 -5.2500 4.0000
   vertex -11.9067 -5.2500 74.0000
  endloop
 endfacet
 facet normal 0.89687 0.44229 -0.00000
  outer loop
   vertex -11.2993 -6.4818 4.0000
   vertex -11.9067 -5.2500 74.0000
   vertex -11.2993 -6.4818 74.0000
  endloop
 endfacet
 facet normal 0.83147 0.55557 0.00000
  outer loop
   vertex -11.9067 -5.2500 4.0000
   vertex -12.6698 -4.1080 4.0000
   vertex -12.6698 -4.1080 74.0000
  endloop
 endfacet
 facet normal 0.83147 0.55557 -0.00000
  outer loop
   vertex -11.9067 -5.2500 4.0000
   vertex -12.6698 -4.1080 74.0000
   vertex -11.9067 -5.2500 74.0000
  endloop
 endfacet
 facet normal 0.75184 0.65935 0.00000
  outer loop
   vertex -12.6698 -4.1080 4.0000
   vertex -13.5754 -3.0754 4.0000
   vertex -13.5754 -3.0754 74.0000
  endloop
 endfacet
 facet normal 0.75184 0.65935 -0.00000
  outer loop
   vertex -12.6698 -4.1080 4.0000
   vertex -13.5754 -3.0754 74.0000
   vertex -12.6698 -4.1080 74.0000
  endloop
 endfacet
 facet normal 0.65935 0.75184 0.00000
  outer loop
   vertex -13.5754 -3.0754 4.0000
   vertex -14.6080 -2.1698 4.0000
   vertex -14.6080 -2.1698 74.0000
  endloop
 endfacet
 facet normal 0.65935 0.75184 -0.00000
  outer loop
   vertex -13.5754 -3.0754 4.0000
   vertex -14.6080 -2.1698 74.0000
   vertex -13.5754 -3.0754 74.0000
  endloop
 endfacet
 facet normal 0.55557 0.83147 0.00000
  outer loop
   vertex -14.6080 -2.1698 4.0000
   vertex -15.7500 -1.4067 4.0000
   vertex -15.7500 -1.4067 74.0000
  endloop
 endfacet
 facet normal 0.55557 0.83147 -0.00000
  outer loop
   vertex -14.6080 -2.1698 4.0000
   vertex -15.7500 -1.4067 74.0000
   vertex -14.6080 -2.1698 74.0000
  endloop
 endfacet
 facet normal 0.44229 0.89687 0.00000
  outer loop
   vertex -15.7500 -1.4067 4.0000
   vertex -16.9818 -0.7993 4.0000
   vertex -16.9818 -0.7993 74.0000
  endloop
 endfacet
 facet normal 0.44229 0.89687 -0.00000
  outer loop
   vertex -15.7500 -1.4067 4.0000
   vertex -16.9818 -0.7993 74.0000
   vertex -15.7500 -1.4067 74.0000
  endloop
 endfacet
 facet normal 0.32144 0.94693 0.00000
  outer loop
   vertex -16.9818 -0.7993 4.0000
   vertex -18.2824 -0.3578 4.0000
   vertex -18.2824 -0.3578 74.0000
  endloop
 endfacet
 facet normal 0.32144 0.94693 -0.00000
  outer loop
   vertex -16.9818 -0.7993 4.0000
   vertex -18.2824 -0.3578 74.0000
   vertex -16.9818 -0.7993 74.0000
  endloop
 endfacet
 facet normal 0.19509 0.98079 0.00000
  outer loop
   vertex -18.2824 -0.3578 4.0000
   vertex -19.6295 -0.0898 4.0000
   vertex -19.6295 -0.0898 74.0000
  endloop
 endfacet
 facet normal 0.19509 0.98079 -0.00000
  outer loop
   vertex -18.2824 -0.3578 4.0000
   vertex -19.6295 -0.0898 74.0000
   vertex -18.2824 -0.3578 74.0000
  endloop
 endfacet
 facet normal 0.06540 0.99786 0.00000
  outer loop
   vertex -19.6295 -0.0898 4.0000
   vertex -21.0000 0.0000 4.0000
   vertex -21.0000 0.0000 74.0000
  endloop
 endfacet
 facet normal 0.06540 0.99786 -0.00000
  outer loop
   vertex -19.6295 -0.0898 4.0000
   vertex -21.0000 0.0000 74.0000
   vertex -19.6295 -0.0898 74.0000
  endloop
 endfacet
 facet normal -0.06540 0.99786 0.00000
  outer loop
   vertex -21.0000 0.0000 4.0000
   vertex -22.3705 -0.0898 4.0000
   vertex -22.3705 -0.0898 74.0000
  endloop
 endfacet
 facet normal -0.06540 0.99786 0.00000
  outer loop
   vertex -21.0000 0.0000 4.0000
   vertex -22.3705 -0.0898 74.0000
   vertex -21.0000 0.0000 74.0000
  endloop
 endfacet
 facet normal -0.19509 0.98079 0.00000
  outer loop
   vertex -22.3705 -0.0898 4.0000
   vertex -23.7176 -0.3578 4.0000
   vertex -23.7176 -0.3578 74.0000
  endloop
 endfacet
 facet normal -0.19509 0.98079 0.00000
  outer loop
   vertex -22.3705 -0.0898 4.0000
   vertex -23.7176 -0.3578 74.0000
   vertex -22.3705 -0.0898 74.0000
  endloop
 endfacet
 facet normal -0.32144 0.94693 0.00000
  outer loop
   vertex -23.7176 -0.3578 4.0000
   vertex -25.0182 -0.7993 4.0000
   vertex -25.0182 -0.7993 74.0000
  endloop
 endfacet
 facet normal -0.32144 0.94693 0.00000
  outer loop
   vertex -23.7176 -0.3578 4.0000
   vertex -25.0182 -0.7993 74.0000
   vertex -23.7176 -0.3578 74.0000
  endloop
 endfacet
 facet normal -0.44229 0.89687 0.00000
  outer loop
   vertex -25.0182 -0.7993 4.0000
   vertex -26.2500 -1.4067 4.0000
   vertex -26.2500 -1.4067 74.0000
  endloop
 endfacet
 facet normal -0.44229 0.89687 0.00000
  outer loop
   vertex -25.0182 -0.7993 4.0000
   vertex -26.2500 -1.4067 74.0000
   vertex -25.0182 -0.7993 74.0000
  endloop
 endfacet
 facet normal -0.55557 0.83147 0.00000
  outer loop
   vertex -26.2500 -1.4067 4.0000
   vertex -27.3920 -2.1698 4.0000
   vertex -27.3920 -2.1698 74.0000
  endloop
 endfacet
 facet normal -0.55557 0.83147 0.00000
  outer loop
   vertex -26.2500 -1.4067 4.0000
   vertex -27.3920 -2.1698 74.0000
   vertex -26.2500 -1.4067 74.0000
  endloop
 endfacet
 facet normal -0.65935 0.75184 0.00000
  outer loop
   vertex -27.3920 -2.1698 4.0000
   vertex -28.4246 -3.0754 4.0000
   vertex -28.4246 -3.0754 74.0000
  endloop
 endfacet
 facet normal -0.65935 0.75184 0.00000
  outer loop
   vertex -27.3920 -2.1698 4.0000
   vertex -28.4246 -3.0754 74.0000
   vertex -27.3920 -2.1698 74.0000
  endloop
 endfacet
 facet normal -0.75184 0.65935 0.00000
  outer loop
   vertex -28.4246 -3.0754 4.0000
   vertex -29.3302 -4.1080 4.0000
   vertex -29.3302 -4.1080 74.0000
  endloop
 endfacet
 facet normal -0.75184 0.65935 0.00000
  outer loop
   vertex -28.4246 -3.0754 4.0000
   vertex -29.3302 -4.1080 74.0000
   vertex -28.4246 -3.0754 74.0000
  endloop
 endfacet
 facet normal -0.83147 0.55557 0.00000
  outer loop
   vertex -29.3302 -4.1080 4.0000
   vertex -30.0933 -5.2500 4.0000
   vertex -30.0933 -5.2500 74.0000
  endloop
 endfacet
 facet normal -0.83147 0.55557 0.00000
  outer loop
   vertex -29.3302 -4.1080 4.0000
   vertex -30.0933 -5.2500 74.0000
   vertex -29.3302 -4.1080 74.0000
  endloop
 endfacet
 facet normal -0.89687 0.44229 0.00000
  outer loop
   vertex -30.0933 -5.2500 4.0000
   vertex -30.7007 -6.4818 4.0000
   vertex -30.7007 -6.4818 74.0000
  endloop
 endfacet
 facet normal -0.89687 0.44229 0.00000
  outer loop
   vertex -30.0933 -5.2500 4.0000
   vertex -30.7007 -6.4818 74.0000
   vertex -30.0933 -5.2500 74.0000
  endloop
 endfacet
 facet normal -0.94693 0.32144 0.00000
  outer loop
   vertex -30.7007 -6.4818 4.0000
   vertex -31.1422 -7.7824 4.0000
   vertex -31.1422 -7.7824 74.0000
  endloop
 endfacet
 facet normal -0.94693 0.32144 0.00000
  outer loop
   vertex -30.7007 -6.4818 4.0000
   vertex -31.1422 -7.7824 74.0000
   vertex -30.7007 -6.4818 74.0000
  endloop
 endfacet
 facet normal -0.98079 0.19509 0.00000
  outer loop
   vertex -31.1422 -7.7824 4.0000
   vertex -31.4102 -9.1295 4.0000
   vertex -31.4102 -9.1295 74.0000
  endloop
 endfacet
 facet normal -0.98079 0.19509 0.00000
  outer loop
   vertex -31.1422 -7.7824 4.0000
   vertex -31.4102 -9.1295 74.0000
   vertex -31.1422 -7.7824 74.0000
  endloop
 endfacet
 facet normal -0.99786 0.06540 0.00000
  outer loop
   vertex -31.4102 -9.1295 4.0000
   vertex -31.5000 -10.5000 4.0000
   vertex -31.5000 -10.5000 74.0000
  endloop
 endfacet
 facet normal -0.99786 0.06540 0.00000
  outer loop
   vertex -31.4102 -9.1295 4.0000
   vertex -31.5000 -10.5000 74.0000
   vertex -31.4102 -9.1295 74.0000
  endloop
 endfacet
 facet normal -0.99786 -0.06540 0.00000
  outer loop
   vertex -31.5000 -10.5000 4.0000
   vertex -31.4102 -11.8705 4.0000
   vertex -31.4102 -11.8705 74.0000
  endloop
 endfacet
 facet normal -0.99786 -0.06540 0.00000
  outer loop
   vertex -31.5000 -10.5000 4.0000
   vertex -31.4102 -11.8705 74.0000
   vertex -31.5000 -10.5000 74.0000
  endloop
 endfacet
 facet normal -0.98079 -0.19509 0.00000
  outer loop
   vertex -31.4102 -11.8705 4.0000
   vertex -31.1422 -13.2176 4.0000
   vertex -31.1422 -13.2176 74.0000
  endloop
 endfacet
 facet normal -0.98079 -0.19509 0.00000
  outer loop
   vertex -31.4102 -11.8705 4.0000
   vertex -31.1422 -13.2176 74.0000
   vertex -31.4102 -11.8705 74.0000
  endloop
 endfacet
 facet normal -0.94693 -0.32144 0.00000
  outer loop
   vertex -31.1422 -13.2176 4.0000
   vertex -30.7007 -14.5182 4.0000
   vertex -30.7007 -14.5182 74.0000
  endloop
 endfacet
 facet normal -0.94693 -0.32144 0.00000
  outer loop
   vertex -31.1422 -13.2176 4.0000
   vertex -30.7007 -14.5182 74.0000
   vertex -31.1422 -13.2176 74.0000
  endloop
 endfacet
 facet normal -0.89687 -0.44229 0.00000
  outer loop
   vertex -30.7007 -14.5182 4.0000
   vertex -30.0933 -15.7500 4.0000
   vertex -30.0933 -15.7500 74.0000
  endloop
 endfacet
 facet normal -0.89687 -0.44229 0.00000
  outer loop
   vertex -30.7007 -14.5182 4.0000
   vertex -30.0933 -15.7500 74.0000
   vertex -30.7007 -14.5182 74.0000
  endloop
 endfacet
 facet normal -0.83147 -0.55557 0.00000
  outer loop
   vertex -30.0933 -15.7500 4.0000
   vertex -29.3302 -16.8920 4.0000
   vertex -29.3302 -16.8920 74.0000
  endloop
 endfacet
 facet normal -0.83147 -0.55557 0.00000
  outer loop
   vertex -30.0933 -15.7500 4.0000
   vertex -29.3302 -16.8920 74.0000
   vertex -30.0933 -15.7500 74.0000
  endloop
 endfacet
 facet normal -0.75184 -0.65935 0.00000
  outer loop
   vertex -29.3302 -16.8920 4.0000
   vertex -28.4246 -17.9246 4.0000
   vertex -28.4246 -17.9246 74.0000
  endloop
 endfacet
 facet normal -0.75184 -0.65935 0.00000
  outer loop
   vertex -29.3302 -16.8920 4.0000
   vertex -28.4246 -17.9246 74.0000
   vertex -29.3302 -16.8920 74.0000
  endloop
 endfacet
 facet normal -0.65935 -0.75184 0.00000
  outer loop
   vertex -28.4246 -17.9246 4.0000
   vertex -27.3920 -18.8302 4.0000
   vertex -27.3920 -18.8302 74.0000
  endloop
 endfacet
 facet normal -0.65935 -0.75184 0.00000
  outer loop
   vertex -28.4246 -17.9246 4.0000
   vertex -27.3920 -18.8302 74.0000
   vertex -28.4246 -17.9246 74.0000
  endloop
 endfacet
 facet normal -0.55557 -0.83147 0.00000
  outer loop
   vertex -27.3920 -18.8302 4.0000
   vertex -26.2500 -19.5933 4.0000
   vertex -26.2500 -19.5933 74.0000
  endloop
 endfacet
 facet normal -0.55557 -0.83147 0.00000
  outer loop
   vertex -27.3920 -18.8302 4.0000
   vertex -26.2500 -19.5933 74.0000
   vertex -27.3920 -18.8302 74.0000
  endloop
 endfacet
 facet normal -0.44229 -0.89687 0.00000
  outer loop
   vertex -26.2500 -19.5933 4.0000
   vertex -25.0182 -20.2007 4.0000
   vertex -25.0182 -20.2007 74.0000
  endloop
 endfacet
 facet normal -0.44229 -0.89687 0.00000
  outer loop
   vertex -26.2500 -19.5933 4.0000
   vertex -25.0182 -20.2007 74.0000
   vertex -26.2500 -19.5933 74.0000
  endloop
 endfacet
 facet normal -0.32144 -0.94693 0.00000
  outer loop
   vertex -25.0182 -20.2007 4.0000
   vertex -23.7176 -20.6422 4.0000
   vertex -23.7176 -20.6422 74.0000
  endloop
 endfacet
 facet normal -0.32144 -0.94693 0.00000
  outer loop
   vertex -25.0182 -20.2007 4.0000
   vertex -23.7176 -20.6422 74.0000
   vertex -25.0182 -20.2007 74.0000
  endloop
 endfacet
 facet normal -0.19509 -0.98079 0.00000
  outer loop
   vertex -23.7176 -20.6422 4.0000
   vertex -22.3705 -20.9102 4.0000
   vertex -22.3705 -20.9102 74.0000
  endloop
 endfacet
 facet normal -0.19509 -0.98079 0.00000
  outer loop
   vertex -23.7176 -20.6422 4.0000
   vertex -22.3705 -20.9102 74.0000
   vertex -23.7176 -20.6422 74.0000
  endloop
 endfacet
 facet normal -0.06540 -0.99786 0.00000
  outer loop
   vertex -22.3705 -20.9102 4.0000
   vertex -21.0000 -21.0000 4.0000
   vertex -21.0000 -21.0000 74.0000
  endloop
 endfacet
 facet normal -0.06540 -0.99786 0.00000
  outer loop
   vertex -22.3705 -20.9102 4.0000
   vertex -21.0000 -21.0000 74.0000
   vertex -22.3705 -20.9102 74.0000
  endloop
 endfacet
 facet normal 0.06540 -0.99786 0.00000
  outer loop
   vertex -21.0000 -21.0000 4.0000
   vertex -19.6295 -20.9102 4.0000
   vertex -19.6295 -20.9102 74.0000
  endloop
 endfacet
 facet normal 0.06540 -0.99786 0.00000
  outer loop
   vertex -21.0000 -21.0000 4.0000
   vertex -19.6295 -20.9102 74.0000
   vertex -21.0000 -21.0000 74.0000
  endloop
 endfacet
 facet normal 0.19509 -0.98079 0.00000
  outer loop
   vertex -19.6295 -20.9102 4.0000
   vertex -18.2824 -20.6422 4.0000
   vertex -18.2824 -20.6422 74.0000
  endloop
 endfacet
 facet normal 0.19509 -0.98079 0.00000
  outer loop
   vertex -19.6295 -20.9102 4.0000
   vertex -18.2824 -20.6422 74.0000
   vertex -19.6295 -20.9102 74.0000
  endloop
 endfacet
 facet normal 0.32144 -0.94693 0.00000
  outer loop
   vertex -18.2824 -20.6422 4.0000
   vertex -16.9818 -20.2007 4.0000
   vertex -16.9818 -20.2007 74.0000
  endloop
 endfacet
 facet normal 0.32144 -0.94693 0.00000
  outer loop
   vertex -18.2824 -20.6422 4.0000
   vertex -16.9818 -20.2007 74.0000
   vertex -18.2824 -20.6422 74.0000
  endloop
 endfacet
 facet normal 0.44229 -0.89687 0.00000
  outer loop
   vertex -16.9818 -20.2007 4.0000
   vertex -15.7500 -19.5933 4.0000
   vertex -15.7500 -19.5933 74.0000
  endloop
 endfacet
 facet normal 0.44229 -0.89687 0.00000
  outer loop
   vertex -16.9818 -20.2007 4.0000
   vertex -15.7500 -19.5933 74.0000
   vertex -16.9818 -20.2007 74.0000
  endloop
 endfacet
 facet normal 0.55557 -0.83147 0.00000
  outer loop
   vertex -15.7500 -19.5933 4.0000
   vertex -14.6080 -18.8302 4.0000
   vertex -14.6080 -18.8302 74.0000
  endloop
 endfacet
 facet normal 0.55557 -0.83147 0.00000
  outer loop
   vertex -15.7500 -19.5933 4.0000
   vertex -14.6080 -18.8302 74.0000
   vertex -15.7500 -19.5933 74.0000
  endloop
 endfacet
 facet normal 0.65935 -0.75184 0.00000
  outer loop
   vertex -14.6080 -18.8302 4.0000
   vertex -13.5754 -17.9246 4.0000
   vertex -13.5754 -17.9246 74.0000
  endloop
 endfacet
 facet normal 0.65935 -0.75184 0.00000
  outer loop
   vertex -14.6080 -18.8302 4.0000
   vertex -13.5754 -17.9246 74.0000
   vertex -14.6080 -18.8302 74.0000
  endloop
 endfacet
 facet normal 0.75184 -0.65935 0.00000
  outer loop
   vertex -13.5754 -17.9246 4.0000
   vertex -12.6698 -16.8920 4.0000
   vertex -12.6698 -16.8920 74.0000
  endloop
 endfacet
 facet normal 0.75184 -0.65935 0.00000
  outer loop
   vertex -13.5754 -17.9246 4.0000
   vertex -12.6698 -16.8920 74.0000
   vertex -13.5754 -17.9246 74.0000
  endloop
 endfacet
 facet normal 0.83147 -0.55557 0.00000
  outer loop
   vertex -12.6698 -16.8920 4.0000
   vertex -11.9067 -15.7500 4.0000
   vertex -11.9067 -15.7500 74.0000
  endloop
 endfacet
 facet normal 0.83147 -0.55557 0.00000
  outer loop
   vertex -12.6698 -16.8920 4.0000
   vertex -11.9067 -15.7500 74.0000
   vertex -12.6698 -16.8920 74.0000
  endloop
 endfacet
 facet normal 0.89687 -0.44229 0.00000
  outer loop
   vertex -11.9067 -15.7500 4.0000
   vertex -11.2993 -14.5182 4.0000
   vertex -11.2993 -14.5182 74.0000
  endloop
 endfacet
 facet normal 0.89687 -0.44229 0.00000
  outer loop
   vertex -11.9067 -15.7500 4.0000
   vertex -11.2993 -14.5182 74.0000
   vertex -11.9067 -15.7500 74.0000
  endloop
 endfacet
 facet normal 0.94693 -0.32144 0.00000
  outer loop
   vertex -11.2993 -14.5182 4.0000
   vertex -10.8578 -13.2176 4.0000
   vertex -10.8578 -13.2176 74.0000
  endloop
 endfacet
 facet normal 0.94693 -0.32144 0.00000
  outer loop
   vertex -11.2993 -14.5182 4.0000
   vertex -10.8578 -13.2176 74.0000
   vertex -11.2993 -14.5182 74.0000
  endloop
 endfacet
 facet normal 0.98079 -0.19509 0.00000
  outer loop
   vertex -10.8578 -13.2176 4.0000
   vertex -10.5898 -11.8705 4.0000
   vertex -10.5898 -11.8705 74.0000
  endloop
 endfacet
 facet normal 0.98079 -0.19509 0.00000
  outer loop
   vertex -10.8578 -13.2176 4.0000
   vertex -10.5898 -11.8705 74.0000
   vertex -10.8578 -13.2176 74.0000
  endloop
 endfacet
 facet normal 0.99786 -0.06540 0.00000
  outer loop
   vertex -10.5898 -11.8705 4.0000
   vertex -10.5000 -10.5000 4.0000
   vertex -10.5000 -10.5000 74.0000
  endloop
 endfacet
 facet normal 0.99786 -0.06540 0.00000
  outer loop
   vertex -10.5898 -11.8705 4.0000
   vertex -10.5000 -10.5000 74.0000
   vertex -10.5898 -11.8705 74.0000
  endloop
 endfacet
 facet normal 0.00000 0.00000 -1.00000
  outer loop
   vertex -21.0000 -10.5000 4.0000
   vertex -10.5898 -9.1295 4.0000
   vertex -10.5000 -10.5000 4.0000
  endloop
 endfacet
 facet normal 0.00000 0.00000 1.00000
  outer loop
   vertex -21.0000 -10.5000 74.0000
   vertex -10.5000 -10.5000 74.0000
   vertex -10.5898 -9.1295 74.0000
  endloop
 endfacet
 facet normal 0.00000 0.00000 -1.00000
  outer loop
   vertex -21.0000 -10.5000 4.0000
   vertex -10.8578 -7.7824 4.0000
   vertex -10.5898 -9.1295 4.0000
  endloop
 endfacet
 facet normal 0.00000 0.00000 1.00000
  outer loop
   vertex -21.0000 -10.5000 74.0000
   vertex -10.5898 -9.1295 74.0000
   vertex -10.8578 -7.7824 74.0000
  endloop
 endfacet
 facet normal 0.00000 0.00000 -1.00000
  outer loop
   vertex -21.0000 -10.5000 4.0000
   vertex -11.2993 -6.4818 4.0000
   vertex -10.8578 -7.7824 4.0000
  endloop
 endfacet
 facet normal 0.00000 0.00000 1.00000
  outer loop
   vertex -21.0000 -10.5000 74.0000
   vertex -10.8578 -7.7824 74.0000
   vertex -11.2993 -6.4818 74.0000
  endloop
 endfacet
 facet normal 0.00000 0.00000 -1.00000
  outer loop
   vertex -21.0000 -10.5000 4.0000
   vertex -11.9067 -5.2500 4.0000
   vertex -11.2993 -6.4818 4.0000
  endloop
 endfacet
 facet normal 0.00000 0.00000 1.00000
  outer loop
   vertex -21.0000 -10.5000 74.0000
   vertex -11.2993 -6.4818 74.0000
   vertex -11.9067 -5.2500 74.0000
  endloop
 endfacet
 facet normal 0.00000 0.00000 -1.00000
  outer loop
   vertex -21.0000 -10.5000 4.0000
   vertex -12.6698 -4.1080 4.0000
   vertex -11.9067 -5.2500 4.0000
  endloop
 endfacet
 facet normal 0.00000 0.00000 1.00000
  outer loop
   vertex -21.0000 -10.5000 74.0000
   vertex -11.9067 -5.2500 74.0000
   vertex -12.6698 -4.1080 74.0000
  endloop
 endfacet
 facet normal 0.00000 0.00000 -1.00000
  outer loop
   vertex -21.0000 -10.5000 4.0000
   vertex -13.5754 -3.0754 4.0000
   vertex -12.6698 -4.1080 4.0000
  endloop
 endfacet
 facet normal 0.00000 0.00000 1.00000
  outer loop
   vertex -21.0000 -10.5000 74.0000
   vertex -12.6698 -4.1080 74.0000
   vertex -13.5754 -3.0754 74.0000
  endloop
 endfacet
 facet normal 0.00000 0.00000 -1.00000
  outer loop
   vertex -21.0000 -10.5000 4.0000
   vertex -14.6080 -2.1698 4.0000
   vertex -13.5754 -3.0754 4.0000
  endloop
 endfacet
 facet normal 0.00000 0.00000 1.00000
  outer loop
   vertex -21.0000 -10.5000 74.0000
   vertex -13.5754 -3.0754 74.0000
   vertex -14.6080 -2.1698 74.0000
  endloop
 endfacet
 facet normal 0.00000 0.00000 -1.00000
  outer loop
   vertex -21.0000 -10.5000 4.0000
   vertex -15.7500 -1.4067 4.0000
   vertex -14.6080 -2.1698 4.0000
  endloop
 endfacet
 facet normal 0.00000 0.00000 1.00000
  outer loop
   vertex -21.0000 -10.5000 74.0000
   vertex -14.6080 -2.1698 74.0000
   vertex -15.7500 -1.4067 74.0000
  endloop
 endfacet
 facet normal 0.00000 0.00000 -1.00000
  outer loop
   vertex -21.0000 -10.5000 4.0000
   vertex -16.9818 -0.7993 4.0000
   vertex -15.7500 -1.4067 4.0000
  endloop
 endfacet
 facet normal 0.00000 0.00000 1.00000
  outer loop
   vertex -21.0000 -10.5000 74.0000
   vertex -15.7500 -1.4067 74.0000
   vertex -16.9818 -0.7993 74.0000
  endloop
 endfacet
 facet normal 0.00000 0.00000 -1.00000
  outer loop
   vertex -21.0000 -10.5000 4.0000
   vertex -18.2824 -0.3578 4.0000
   vertex -16.9818 -0.7993 4.0000
  endloop
 endfacet
 facet normal 0.00000 0.00000 1.00000
  outer loop
   vertex -21.0000 -10.5000 74.0000
   vertex -16.9818 -0.7993 74.0000
   vertex -18.2824 -0.3578 74.0000
  endloop
 endfacet
 facet normal 0.00000 0.00000 -1.00000
  outer loop
   vertex -21.0000 -10.5000 4.0000
   vertex -19.6295 -0.0898 4.0000
   vertex -18.2824 -0.3578 4.0000
  endloop
 endfacet
 facet normal 0.00000 0.00000 1.00000
  outer loop
   vertex -21.0000 -10.5000 74.0000
   vertex -18.2824 -0.3578 74.0000
   vertex -19.6295 -0.0898 74.0000
  endloop
 endfacet
 facet normal 0.00000 0.00000 -1.00000
  outer loop
   vertex -21.0000 -10.5000 4.0000
   vertex -21.0000 0.0000 4.0000
   vertex -19.6295 -0.0898 4.0000
  endloop
 endfacet
 facet normal 0.00000 0.00000 1.00000
  outer loop
   vertex -21.0000 -10.5000 74.0000
   vertex -19.6295 -0.0898 74.0000
   vertex -21.0000 0.0000 74.0000
  endloop
 endfacet
 facet normal 0.00000 0.00000 -1.00000
  outer loop
   vertex -21.0000 -10.5000 4.0000
   vertex -22.3705 -0.0898 4.0000
   vertex -21.0000 0.0000 4.0000
  endloop
 endfacet
 facet normal 0.00000 -0.00000 1.00000
  outer loop
   vertex -21.0000 -10.5000 74.0000
   vertex -21.0000 0.0000 74.0000
   vertex -22.3705 -0.0898 74.0000
  endloop
 endfacet
 facet normal 0.00000 0.00000 -1.00000
  outer loop
   vertex -21.0000 -10.5000 4.0000
   vertex -23.7176 -0.3578 4.0000
   vertex -22.3705 -0.0898 4.0000
  endloop
 endfacet
 facet normal 0.00000 0.00000 1.00000
  outer loop
   vertex -21.0000 -10.5000 74.0000
   vertex -22.3705 -0.0898 74.0000
   vertex -23.7176 -0.3578 74.0000
  endloop
 endfacet
 facet normal 0.00000 0.00000 -1.00000
  outer loop
   vertex -21.0000 -10.5000 4.0000
   vertex -25.0182 -0.7993 4.0000
   vertex -23.7176 -0.3578 4.0000
  endloop
 endfacet
 facet normal 0.00000 0.00000 1.00000
  outer loop
   vertex -21.0000 -10.5000 74.0000
   vertex -23.7176 -0.3578 74.0000
   vertex -25.0182 -0.7993 74.0000
  endloop
 endfacet
 facet normal 0.00000 0.00000 -1.00000
  outer loop
   vertex -21.0000 -10.5000 4.0000
   vertex -26.2500 -1.4067 4.0000
   vertex -25.0182 -0.7993 4.0000
  endloop
 endfacet
 facet normal 0.00000 0.00000 1.00000
  outer loop
   vertex -21.0000 -10.5000 74.0000
   vertex -25.0182 -0.7993 74.0000
   vertex -26.2500 -1.4067 74.0000
  endloop
 endfacet
 facet normal 0.00000 0.00000 -1.00000
  outer loop
   vertex -21.0000 -10.5000 4.0000
   vertex -27.3920 -2.1698 4.0000
   vertex -26.2500 -1.4067 4.0000
  endloop
 endfacet
 facet normal 0.00000 0.00000 1.00000
  outer loop
   vertex -21.0000 -10.5000 74.0000
   vertex -26.2500 -1.4067 74.0000
   vertex -27.3920 -2.1698 74.0000
  endloop
 endfacet
 facet normal 0.00000 0.00000 -1.00000
  outer loop
   vertex -21.0000 -10.5000 4.0000
   vertex -28.4246 -3.0754 4.0000
   vertex -27.3920 -2.1698 4.0000
  endloop
 endfacet
 facet normal 0.00000 0.00000 1.00000
  outer loop
   vertex -21.0000 -10.5000 74.0000
   vertex -27.3920 -2.1698 74.0000
   vertex -28.4246 -3.0754 74.0000
  endloop
 endfacet
 facet normal 0.00000 0.00000 -1.00000
  outer loop
   vertex -21.0000 -10.5000 4.0000
   vertex -29.3302 -4.1080 4.0000
   vertex -28.4246 -3.0754 4.0000
  endloop
 endfacet
 facet normal 0.00000 0.00000 1.00000
  outer loop
   vertex -21.0000 -10.5000 74.0000
   vertex -28.4246 -3.0754 74.0000
   vertex -29.3302 -4.1080 74.0000
  endloop
 endfacet
 facet normal 0.00000 0.00000 -1.00000
  outer loop
   vertex -21.0000 -10.5000 4.0000
   vertex -30.0933 -5.2500 4.0000
   vertex -29.3302 -4.1080 4.0000
  endloop
 endfacet
 facet normal 0.00000 0.00000 1.00000
  outer loop
   vertex -21.0000 -10.5000 74.0000
   vertex -29.3302 -4.1080 74.0000
   vertex -30.0933 -5.2500 74.0000
  endloop
 endfacet
 facet normal 0.00000 0.00000 -1.00000
  outer loop
   vertex -21.0000 -10.5000 4.0000
   vertex -30.7007 -6.4818 4.0000
   vertex -30.0933 -5.2500 4.0000
  endloop
 endfacet
 facet normal 0.00000 0.00000 1.00000
  outer loop
   vertex -21.0000 -10.5000 74.0000
   vertex -30.0933 -5.2500 74.0000
   vertex -30.7007 -6.4818 74.0000
  endloop
 endfacet
 facet normal 0.00000 0.00000 -1.00000
  outer loop
   vertex -21.0000 -10.5000 4.0000
   vertex -31.1422 -7.7824 4.0000
   vertex -30.7007 -6.4818 4.0000
  endloop
 endfacet
 facet normal 0.00000 0.00000 1.00000
  outer loop
   vertex -21.0000 -10.5000 74.0000
   vertex -30.7007 -6.4818 74.0000
   vertex -31.1422 -7.7824 74.0000
  endloop
 endfacet
 facet normal 0.00000 0.00000 -1.00000
  outer loop
   vertex -21.0000 -10.5000 4.0000
   vertex -31.4102 -9.1295 4.0000
   vertex -31.1422 -7.7824 4.0000
  endloop
 endfacet
 facet normal 0.00000 0.00000 1.00000
  outer loop
   vertex -21.0000 -10.5000 74.0000
   vertex -31.1422 -7.7824 74.0000
   vertex -31.4102 -9.1295 74.0000
  endloop
 endfacet
 facet normal 0.00000 0.00000 -1.00000
  outer loop
   vertex -21.0000 -10.5000 4.0000
   vertex -31.5000 -10.5000 4.0000
   vertex -31.4102 -9.1295 4.0000
  endloop
 endfacet
 facet normal 0.00000 0.00000 1.00000
  outer loop
   vertex -21.0000 -10.5000 74.0000
   vertex -31.4102 -9.1295 74.0000
   vertex -31.5000 -10.5000 74.0000
  endloop
 endfacet
 facet normal -0.00000 0.00000 -1.00000
  outer loop
   vertex -21.0000 -10.5000 4.0000
   vertex -31.4102 -11.8705 4.0000
   vertex -31.5000 -10.5000 4.0000
  endloop
 endfacet
 facet normal 0.00000 0.00000 1.00000
  outer loop
   vertex -21.0000 -10.5000 74.0000
   vertex -31.5000 -10.5000 74.0000
   vertex -31.4102 -11.8705 74.0000
  endloop
 endfacet
 facet normal 0.00000 0.00000 -1.00000
  outer loop
   vertex -21.0000 -10.5000 4.0000
   vertex -31.1422 -13.2176 4.0000
   vertex -31.4102 -11.8705 4.0000
  endloop
 endfacet
 facet normal 0.00000 0.00000 1.00000
  outer loop
   vertex -21.0000 -10.5000 74.0000
   vertex -31.4102 -11.8705 74.0000
   vertex -31.1422 -13.2176 74.0000
  endloop
 endfacet
 facet normal 0.00000 0.00000 -1.00000
  outer loop
   vertex -21.0000 -10.5000 4.0000
   vertex -30.7007 -14.5182 4.0000
   vertex -31.1422 -13.2176 4.0000
  endloop
 endfacet
 facet normal 0.00000 0.00000 1.00000
  outer loop
   vertex -21.0000 -10.5000 74.0000
   vertex -31.1422 -13.2176 74.0000
   vertex -30.7007 -14.5182 74.0000
  endloop
 endfacet
 facet normal 0.00000 0.00000 -1.00000
  outer loop
   vertex -21.0000 -10.5000 4.0000
   vertex -30.0933 -15.7500 4.0000
   vertex -30.7007 -14.5182 4.0000
  endloop
 endfacet
 facet normal 0.00000 0.00000 1.00000
  outer loop
   vertex -21.0000 -10.5000 74.0000
   vertex -30.7007 -14.5182 74.0000
   vertex -30.0933 -15.7500 74.0000
  endloop
 endfacet
 facet normal 0.00000 0.00000 -1.00000
  outer loop
   vertex -21.0000 -10.5000 4.0000
   vertex -29.3302 -16.8920 4.0000
   vertex -30.0933 -15.7500 4.0000
  endloop
 endfacet
 facet normal 0.00000 0.00000 1.00000
  outer loop
   vertex -21.0000 -10.5000 74.0000
   vertex -30.0933 -15.7500 74.0000
   vertex -29.3302 -16.8920 74.0000
  endloop
 endfacet
 facet normal 0.00000 0.00000 -1.00000
  outer loop
   vertex -21.0000 -10.5000 4.0000
   vertex -28.4246 -17.9246 4.0000
   vertex -29.3302 -16.8920 4.0000
  endloop
 endfacet
 facet normal 0.00000 0.00000 1.00000
  outer loop
   vertex -21.0000 -10.5000 74.0000
   vertex -29.3302 -16.8920 74.0000
   vertex -28.4246 -17.9246 74.0000
  endloop
 endfacet
 facet normal 0.00000 0.00000 -1.00000
  outer loop
   vertex -21.0000 -10.5000 4.0000
   vertex -27.3920 -18.8302 4.0000
   vertex -28.4246 -17.9246 4.0000
  endloop
 endfacet
 facet normal 0.00000 0.00000 1.00000
  outer loop
   vertex -21.0000 -10.5000 74.0000
   vertex -28.4246 -17.9246 74.0000
   vertex -27.3920 -18.8302 74.0000
  endloop
 endfacet
 facet normal 0.00000 0.00000 -1.00000
  outer loop
   vertex -21.0000 -10.5000 4.0000
   vertex -26.2500 -19.5933 4.0000
   vertex -27.3920 -18.8302 4.0000
  endloop
 endfacet
 facet normal 0.00000 0.00000 1.00000
  outer loop
   vertex -21.0000 -10.5000 74.0000
   vertex -27.3920 -18.8302 74.0000
   vertex -26.2500 -19.5933 74.0000
  endloop
 endfacet
 facet normal 0.00000 0.00000 -1.00000
  outer loop
   vertex -21.0000 -10.5000 4.0000
   vertex -25.0182 -20.2007 4.0000
   vertex -26.2500 -19.5933 4.0000
  endloop
 endfacet
 facet normal 0.00000 0.00000 1.00000
  outer loop
   vertex -21.0000 -10.5000 74.0000
   vertex -26.2500 -19.5933 74.0000
   vertex -25.0182 -20.2007 74.0000
  endloop
 endfacet
 facet normal 0.00000 0.00000 -1.00000
  outer loop
   vertex -21.0000 -10.5000 4.0000
   vertex -23.7176 -20.6422 4.0000
   vertex -25.0182 -20.2007 4.0000
  endloop
 endfacet
 facet normal 0.00000 0.00000 1.00000
  outer loop
   vertex -21.0000 -10.5000 74.0000
   vertex -25.0182 -20.2007 74.0000
   vertex -23.7176 -20.6422 74.0000
  endloop
 endfacet
 facet normal 0.00000 0.00000 -1.00000
  outer loop
   vertex -21.0000 -10.5000 4.0000
   vertex -22.3705 -20.9102 4.0000
   vertex -23.7176 -20.6422 4.0000
  endloop
 endfacet
 facet normal 0.00000 0.00000 1.00000
  outer loop
   vertex -21.0000 -10.5000 74.0000
   vertex -23.7176 -20.6422 74.0000
   vertex -22.3705 -20.9102 74.0000
  endloop
 endfacet
 facet normal 0.00000 0.00000 -1.00000
  outer loop
   vertex -21.0000 -10.5000 4.0000
   vertex -21.0000 -21.0000 4.0000
   vertex -22.3705 -20.9102 4.0000
  endloop
 endfacet
 facet normal 0.00000 0.00000 1.00000
  outer loop
   vertex -21.0000 -10.5000 74.0000
   vertex -22.3705 -20.9102 74.0000
   vertex -21.0000 -21.0000 74.0000
  endloop
 endfacet
 facet normal 0.00000 -0.00000 -1.00000
  outer loop
   vertex -21.0000 -10.5000 4.0000
   vertex -19.6295 -20.9102 4.0000
   vertex -21.0000 -21.0000 4.0000
  endloop
 endfacet
 facet normal 0.00000 0.00000 1.00000
  outer loop
   vertex -21.0000 -10.5000 74.0000
   vertex -21.0000 -21.0000 74.0000
   vertex -19.6295 -20.9102 74.0000
  endloop
 endfacet
 facet normal 0.00000 0.00000 -1.00000
  outer loop
   vertex -21.0000 -10.5000 4.0000
   vertex -18.2824 -20.6422 4.0000
   vertex -19.6295 -20.9102 4.0000
  endloop
 endfacet
 facet normal 0.00000 0.00000 1.00000
  outer loop
   vertex -21.0000 -10.5000 74.0000
   vertex -19.6295 -20.9102 74.0000
   vertex -18.2824 -20.6422 74.0000
  endloop
 endfacet
 facet normal 0.00000 0.00000 -1.00000
  outer loop
   vertex -21.0000 -10.5000 4.0000
   vertex -16.9818 -20.2007 4.0000
   vertex -18.2824 -20.6422 4.0000
  endloop
 endfacet
 facet normal 0.00000 0.00000 1.00000
  outer loop
   vertex -21.0000 -10.5000 74.0000
   vertex -18.2824 -20.6422 74.0000
   vertex -16.9818 -20.2007 74.0000
  endloop
 endfacet
 facet normal 0.00000 0.00000 -1.00000
  outer loop
   vertex -21.0000 -10.5000 4.0000
   vertex -15.7500 -19.5933 4.0000
   vertex -16.9818 -20.2007 4.0000
  endloop
 endfacet
 facet normal 0.00000 0.00000 1.00000
  outer loop
   vertex -21.0000 -10.5000 74.0000
   vertex -16.9818 -20.2007 74.0000
   vertex -15.7500 -19.5933 74.0000
  endloop
 endfacet
 facet normal 0.00000 0.00000 -1.00000
  outer loop
   vertex -21.0000 -10.5000 4.0000
   vertex -14.6080 -18.8302 4.0000
   vertex -15.7500 -19.5933 4.0000
  endloop
 endfacet
 facet normal 0.00000 0.00000 1.00000
  outer loop
   vertex -21.0000 -10.5000 74.0000
   vertex -15.7500 -19.5933 74.0000
   vertex -14.6080 -18.8302 74.0000
  endloop
 endfacet
 facet normal 0.00000 0.00000 -1.00000
  outer loop
   vertex -21.0000 -10.5000 4.0000
   vertex -13.5754 -17.9246 4.0000
   vertex -14.6080 -18.8302 4.0000
  endloop
 endfacet
 facet normal 0.00000 0.00000 1.00000
  outer loop
   vertex -21.0000 -10.5000 74.0000
   vertex -14.6080 -18.8302 74.0000
   vertex -13.5754 -17.9246 74.0000
  endloop
 endfacet
 facet normal 0.00000 0.00000 -1.00000
  outer loop
   vertex -21.0000 -10.5000 4.0000
   vertex -12.6698 -16.8920 4.0000
   vertex -13.5754 -17.9246 4.0000
  endloop
 endfacet
 facet normal 0.00000 0.00000 1.00000
  outer loop
   vertex -21.0000 -10.5000 74.0000
   vertex -13.5754 -17.9246 74.0000
   vertex -12.6698 -16.8920 74.0000
  endloop
 endfacet
 facet normal 0.00000 0.00000 -1.00000
  outer loop
   vertex -21.0000 -10.5000 4.0000
   vertex -11.9067 -15.7500 4.0000
   vertex -12.6698 -16.8920 4.0000
  endloop
 endfacet
 facet normal 0.00000 0.00000 1.00000
  outer loop
   vertex -21.0000 -10.5000 74.0000
   vertex -12.6698 -16.8920 74.0000
   vertex -11.9067 -15.7500 74.0000
  endloop
 endfacet
 facet normal 0.00000 0.00000 -1.00000
  outer loop
   vertex -21.0000 -10.5000 4.0000
   vertex -11.2993 -14.5182 4.0000
   vertex -11.9067 -15.7500 4.0000
  endloop
 endfacet
 facet normal 0.00000 0.00000 1.00000
  outer loop
   vertex -21.0000 -10.5000 74.0000
   vertex -11.9067 -15.7500 74.0000
   vertex -11.2993 -14.5182 74.0000
  endloop
 endfacet
 facet normal 0.00000 0.00000 -1.00000
  outer loop
   vertex -21.0000 -10.5000 4.0000
   vertex -10.8578 -13.2176 4.0000
   vertex -11.2993 -14.5182 4.0000
  endloop
 endfacet
 facet normal 0.00000 0.00000 1.00000
  outer loop
   vertex -21.0000 -10.5000 74.0000
   vertex -11.2993 -14.5182 74.0000
   vertex -10.8578 -13.2176 74.0000
  endloop
 endfacet
 facet normal 0.00000 0.00000 -1.00000
  outer loop
   vertex -21.0000 -10.5000 4.0000
   vertex -10.5898 -11.8705 4.0000
   vertex -10.8578 -13.2176 4.0000
  endloop
 endfacet
 facet normal 0.00000 0.00000 1.00000
  outer loop
   vertex -21.0000 -10.5000 74.0000
   vertex -10.8578 -13.2176 74.0000
   vertex -10.5898 -11.8705 74.0000
  endloop
 endfacet
 facet normal 0.00000 0.00000 -1.00000
  outer loop
   vertex -21.0000 -10.5000 4.0000
   vertex -10.5000 -10.5000 4.0000
   vertex -10.5898 -11.8705 4.0000
  endloop
 endfacet
 facet normal -0.00000 0.00000 1.00000
  outer loop
   vertex -21.0000 -10.5000 74.0000
   vertex -10.5898 -11.8705 74.0000
   vertex -10.5000 -10.5000 74.0000
  endloop
 endfacet
 facet normal 0.99786 0.06540 0.00000
  outer loop
   vertex -10.5000 10.5000 4.0000
   vertex -10.5898 11.8705 4.0000
   vertex -10.5898 11.8705 74.0000
  endloop
 endfacet
 facet normal 0.99786 0.06540 -0.00000
  outer loop
   vertex -10.5000 10.5000 4.0000
   vertex -10.5898 11.8705 74.0000
   vertex -10.5000 10.5000 74.0000
  endloop
 endfacet
 facet normal 0.98079 0.19509 0.00000
  outer loop
   vertex -10.5898 11.8705 4.0000
   vertex -10.8578 13.2176 4.0000
   vertex -10.8578 13.2176 74.0000
  endloop
 endfacet
 facet normal 0.98079 0.19509 -0.00000
  outer loop
   vertex -10.5898 11.8705 4.0000
   vertex -10.8578 13.2176 74.0000
   vertex -10.5898 11.8705 74.0000
  endloop
 endfacet
 facet normal 0.94693 0.32144 0.00000
  outer loop
   vertex -10.8578 13.2176 4.0000
   vertex -11.2993 14.5182 4.0000
   vertex -11.2993 14.5182 74.0000
  endloop
 endfacet
 facet normal 0.94693 0.32144 -0.00000
  outer loop
   vertex -10.8578 13.2176 4.0000
   vertex -11.2993 14.5182 74.0000
   vertex -10.8578 13.2176 74.0000
  endloop
 endfacet
 facet normal 0.89687 0.44229 0.00000
  outer loop
   vertex -11.2993 14.5182 4.0000
   vertex -11.9067 15.7500 4.0000
   vertex -11.9067 15.7500 74.0000
  endloop
 endfacet
 facet normal 0.89687 0.44229 -0.00000
  outer loop
   vertex -11.2993 14.5182 4.0000
   vertex -11.9067 15.7500 74.0000
   vertex -11.2993 14.5182 74.0000
  endloop
 endfacet
 facet normal 0.83147 0.55557 0.00000
  outer loop
   vertex -11.9067 15.7500 4.0000
   vertex -12.6698 16.8920 4.0000
   vertex -12.6698 16.8920 74.0000
  endloop
 endfacet
 facet normal 0.83147 0.55557 -0.00000
  outer loop
   vertex -11.9067 15.7500 4.0000
   vertex -12.6698 16.8920 74.0000
   vertex -11.9067 15.7500 74.0000
  endloop
 endfacet
 facet normal 0.75184 0.65935 0.00000
  outer loop
   vertex -12.6698 16.8920 4.0000
   vertex -13.5754 17.9246 4.0000
   vertex -13.5754 17.9246 74.0000
  endloop
 endfacet
 facet normal 0.75184 0.65935 -0.00000
  outer loop
   vertex -12.6698 16.8920 4.0000
   vertex -13.5754 17.9246 74.0000
   vertex -12.6698 16.8920 74.0000
  endloop
 endfacet
 facet normal 0.65935 0.75184 0.00000
  outer loop
   vertex -13.5754 17.9246 4.0000
   vertex -14.6080 18.8302 4.0000
   vertex -14.6080 18.8302 74.0000
  endloop
 endfacet
 facet normal 0.65935 0.75184 -0.00000
  outer loop
   vertex -13.5754 17.9246 4.0000
   vertex -14.6080 18.8302 74.0000
   vertex -13.5754 17.9246 74.0000
  endloop
 endfacet
 facet normal 0.55557 0.83147 0.00000
  outer loop
   vertex -14.6080 18.8302 4.0000
   vertex -15.7500 19.5933 4.0000
   vertex -15.7500 19.5933 74.0000
  endloop
 endfacet
 facet normal 0.55557 0.83147 -0.00000
  outer loop
   vertex -14.6080 18.8302 4.0000
   vertex -15.7500 19.5933 74.0000
   vertex -14.6080 18.8302 74.0000
  endloop
 endfacet
 facet normal 0.44229 0.89687 0.00000
  outer loop
   vertex -15.7500 19.5933 4.0000
   vertex -16.9818 20.2007 4.0000
   vertex -16.9818 20.2007 74.0000
  endloop
 endfacet
 facet normal 0.44229 0.89687 -0.00000
  outer loop
   vertex -15.7500 19.5933 4.0000
   vertex -16.9818 20.2007 74.0000
   vertex -15.7500 19.5933 74.0000
  endloop
 endfacet
 facet normal 0.32144 0.94693 0.00000
  outer loop
   vertex -16.9818 20.2007 4.0000
   vertex -18.2824 20.6422 4.0000
   vertex -18.2824 20.6422 74.0000
  endloop
 endfacet
 facet normal 0.32144 0.94693 -0.00000
  outer loop
   vertex -16.9818 20.2007 4.0000
   vertex -18.2824 20.6422 74.0000
   vertex -16.9818 20.2007 74.0000
  endloop
 endfacet
 facet normal 0.19509 0.98079 0.00000
  outer loop
   vertex -18.2824 20.6422 4.0000
   vertex -19.6295 20.9102 4.0000
   vertex -19.6295 20.9102 74.0000
  endloop
 endfacet
 facet normal 0.19509 0.98079 -0.00000
  outer loop
   vertex -18.2824 20.6422 4.0000
   vertex -19.6295 20.9102 74.0000
   vertex -18.2824 20.6422 74.0000
  endloop
 endfacet
 facet normal 0.06540 0.99786 0.00000
  outer loop
   vertex -19.6295 20.9102 4.0000
   vertex -21.0000 21.0000 4.0000
   vertex -21.0000 21.0000 74.0000
  endloop
 endfacet
 facet normal 0.06540 0.99786 -0.00000
  outer loop
   vertex -19.6295 20.9102 4.0000
   vertex -21.0000 21.0000 74.0000
   vertex -19.6295 20.9102 74.0000
  endloop
 endfacet
 facet normal -0.06540 0.99786 0.00000
  outer loop
   vertex -21.0000 21.0000 4.0000
   vertex -22.3705 20.9102 4.0000
   vertex -22.3705 20.9102 74.0000
  endloop
 endfacet
 facet normal -0.06540 0.99786 0.00000
  outer loop
   vertex -21.0000 21.0000 4.0000
   vertex -22.3705 20.9102 74.0000
   vertex -21.0000 21.0000 74.0000
  endloop
 endfacet
 facet normal -0.19509 0.98079 0.00000
  outer loop
   vertex -22.3705 20.9102 4.0000
   vertex -23.7176 20.6422 4.0000
   vertex -23.7176 20.6422 74.0000
  endloop
 endfacet
 facet normal -0.19509 0.98079 0.00000
  outer loop
   vertex -22.3705 20.9102 4.0000
   vertex -23.7176 20.6422 74.0000
   vertex -22.3705 20.9102 74.0000
  endloop
 endfacet
 facet normal -0.32144 0.94693 0.00000
  outer loop
   vertex -23.7176 20.6422 4.0000
   vertex -25.0182 20.2007 4.0000
   vertex -25.0182 20.2007 74.0000
  endloop
 endfacet
 facet normal -0.32144 0.94693 0.00000
  outer loop
   vertex -23.7176 20.6422 4.0000
   vertex -25.0182 20.2007 74.0000
   vertex -23.7176 20.6422 74.0000
  endloop
 endfacet
 facet normal -0.44229 0.89687 0.00000
  outer loop
   vertex -25.0182 20.2007 4.0000
   vertex -26.2500 19.5933 4.0000
   vertex -26.2500 19.5933 74.0000
  endloop
 endfacet
 facet normal -0.44229 0.89687 0.00000
  outer loop
   vertex -25.0182 20.2007 4.0000
   vertex -26.2500 19.5933 74.0000
   vertex -25.0182 20.2007 74.0000
  endloop
 endfacet
 facet normal -0.55557 0.83147 0.00000
  outer loop
   vertex -26.2500 19.5933 4.0000
   vertex -27.3920 18.8302 4.0000
   vertex -27.3920 18.8302 74.0000
  endloop
 endfacet
 facet normal -0.55557 0.83147 0.00000
  outer loop
   vertex -26.2500 19.5933 4.0000
   vertex -27.3920 18.8302 74.0000
   vertex -26.2500 19.5933 74.0000
  endloop
 endfacet
 facet normal -0.65935 0.75184 0.00000
  outer loop
   vertex -27.3920 18.8302 4.0000
   vertex -28.4246 17.9246 4.0000
   vertex -28.4246 17.9246 74.0000
  endloop
 endfacet
 facet normal -0.65935 0.75184 0.00000
  outer loop
   vertex -27.3920 18.8302 4.0000
   vertex -28.4246 17.9246 74.0000
   vertex -27.3920 18.8302 74.0000
  endloop
 endfacet
 facet normal -0.75184 0.65935 0.00000
  outer loop
   vertex -28.4246 17.9246 4.0000
   vertex -29.3302 16.8920 4.0000
   vertex -29.3302 16.8920 74.0000
  endloop
 endfacet
 facet normal -0.75184 0.65935 0.00000
  outer loop
   vertex -28.4246 17.9246 4.0000
   vertex -29.3302 16.8920 74.0000
   vertex -28.4246 17.9246 74.0000
  endloop
 endfacet
 facet normal -0.83147 0.55557 0.00000
  outer loop
   vertex -29.3302 16.8920 4.0000
   vertex -30.0933 15.7500 4.0000
   vertex -30.0933 15.7500 74.0000
  endloop
 endfacet
 facet normal -0.83147 0.55557 0.00000
  outer loop
   vertex -29.3302 16.8920 4.0000
   vertex -30.0933 15.7500 74.0000
   vertex -29.3302 16.8920 74.0000
  endloop
 endfacet
 facet normal -0.89687 0.44229 0.00000
  outer loop
   vertex -30.0933 15.7500 4.0000
   vertex -30.7007 14.5182 4.0000
   vertex -30.7007 14.5182 74.0000
  endloop
 endfacet
 facet normal -0.89687 0.44229 0.00000
  outer loop
   vertex -30.0933 15.7500 4.0000
   vertex -30.7007 14.5182 74.0000
   vertex -30.0933 15.7500 74.0000
  endloop
 endfacet
 facet normal -0.94693 0.32144 0.00000
  outer loop
   vertex -30.7007 14.5182 4.0000
   vertex -31.1422 13.2176 4.0000
   vertex -31.1422 13.2176 74.0000
  endloop
 endfacet
 facet normal -0.94693 0.32144 0.00000
  outer loop
   vertex -30.7007 14.5182 4.0000
   vertex -31.1422 13.2176 74.0000
   vertex -30.7007 14.5182 74.0000
  endloop
 endfacet
 facet normal -0.98079 0.19509 0.00000
  outer loop
   vertex -31.1422 13.2176 4.0000
   vertex -31.4102 11.8705 4.0000
   vertex -31.4102 11.8705 74.0000
  endloop
 endfacet
 facet normal -0.98079 0.19509 0.00000
  outer loop
   vertex -31.1422 13.2176 4.0000
   vertex -31.4102 11.8705 74.0000
   vertex -31.1422 13.2176 74.0000
  endloop
 endfacet
 facet normal -0.99786 0.06540 0.00000
  outer loop
   vertex -31.4102 11.8705 4.0000
   vertex -31.5000 10.5000 4.0000
   vertex -31.5000 10.5000 74.0000
  endloop
 endfacet
 facet normal -0.99786 0.06540 0.00000
  outer loop
   vertex -31.4102 11.8705 4.0000
   vertex -31.5000 10.5000 74.0000
   vertex -31.4102 11.8705 74.0000
  endloop
 endfacet
 facet normal -0.99786 -0.06540 0.00000
  outer loop
   vertex -31.5000 10.5000 4.0000
   vertex -31.4102 9.1295 4.0000
   vertex -31.4102 9.1295 74.0000
  endloop
 endfacet
 facet normal -0.99786 -0.06540 0.00000
  outer loop
   vertex -31.5000 10.5000 4.0000
   vertex -31.4102 9.1295 74.0000
   vertex -31.5000 10.5000 74.0000
  endloop
 endfacet
 facet normal -0.98079 -0.19509 0.00000
  outer loop
   vertex -31.4102 9.1295 4.0000
   vertex -31.1422 7.7824 4.0000
   vertex -31.1422 7.7824 74.0000
  endloop
 endfacet
 facet normal -0.98079 -0.19509 0.00000
  outer loop
   vertex -31.4102 9.1295 4.0000
   vertex -31.1422 7.7824 74.0000
   vertex -31.4102 9.1295 74.0000
  endloop
 endfacet
 facet normal -0.94693 -0.32144 0.00000
  outer loop
   vertex -31.1422 7.7824 4.0000
   vertex -30.7007 6.4818 4.0000
   vertex -30.7007 6.4818 74.0000
  endloop
 endfacet
 facet normal -0.94693 -0.32144 0.00000
  outer loop
   vertex -31.1422 7.7824 4.0000
   vertex -30.7007 6.4818 74.0000
   vertex -31.1422 7.7824 74.0000
  endloop
 endfacet
 facet normal -0.89687 -0.44229 0.00000
  outer loop
   vertex -30.7007 6.4818 4.0000
   vertex -30.0933 5.2500 4.0000
   vertex -30.0933 5.2500 74.0000
  endloop
 endfacet
 facet normal -0.89687 -0.44229 0.00000
  outer loop
   vertex -30.7007 6.4818 4.0000
   vertex -30.0933 5.2500 74.0000
   vertex -30.7007 6.4818 74.0000
  endloop
 endfacet
 facet normal -0.83147 -0.55557 0.00000
  outer loop
   vertex -30.0933 5.2500 4.0000
   vertex -29.3302 4.1080 4.0000
   vertex -29.3302 4.1080 74.0000
  endloop
 endfacet
 facet normal -0.83147 -0.55557 0.00000
  outer loop
   vertex -30.0933 5.2500 4.0000
   vertex -29.3302 4.1080 74.0000
   vertex -30.0933 5.2500 74.0000
  endloop
 endfacet
 facet normal -0.75184 -0.65935 0.00000
  outer loop
   vertex -29.3302 4.1080 4.0000
   vertex -28.4246 3.0754 4.0000
   vertex -28.4246 3.0754 74.0000
  endloop
 endfacet
 facet normal -0.75184 -0.65935 0.00000
  outer loop
   vertex -29.3302 4.1080 4.0000
   vertex -28.4246 3.0754 74.0000
   vertex -29.3302 4.1080 74.0000
  endloop
 endfacet
 facet normal -0.65935 -0.75184 0.00000
  outer loop
   vertex -28.4246 3.0754 4.0000
   vertex -27.3920 2.1698 4.0000
   vertex -27.3920 2.1698 74.0000
  endloop
 endfacet
 facet normal -0.65935 -0.75184 0.00000
  outer loop
   vertex -28.4246 3.0754 4.0000
   vertex -27.3920 2.1698 74.0000
   vertex -28.4246 3.0754 74.0000
  endloop
 endfacet
 facet normal -0.55557 -0.83147 0.00000
  outer loop
   vertex -27.3920 2.1698 4.0000
   vertex -26.2500 1.4067 4.0000
   vertex -26.2500 1.4067 74.0000
  endloop
 endfacet
 facet normal -0.55557 -0.83147 0.00000
  outer loop
   vertex -27.3920 2.1698 4.0000
   vertex -26.2500 1.4067 74.0000
   vertex -27.3920 2.1698 74.0000
  endloop
 endfacet
 facet normal -0.44229 -0.89687 0.00000
  outer loop
   vertex -26.2500 1.4067 4.0000
   vertex -25.0182 0.7993 4.0000
   vertex -25.0182 0.7993 74.0000
  endloop
 endfacet
 facet normal -0.44229 -0.89687 0.00000
  outer loop
   vertex -26.2500 1.4067 4.0000
   vertex -25.0182 0.7993 74.0000
   vertex -26.2500 1.4067 74.0000
  endloop
 endfacet
 facet normal -0.32144 -0.94693 0.00000
  outer loop
   vertex -25.0182 0.7993 4.0000
   vertex -23.7176 0.3578 4.0000
   vertex -23.7176 0.3578 74.0000
  endloop
 endfacet
 facet normal -0.32144 -0.94693 0.00000
  outer loop
   vertex -25.0182 0.7993 4.0000
   vertex -23.7176 0.3578 74.0000
   vertex -25.0182 0.7993 74.0000
  endloop
 endfacet
 facet normal -0.19509 -0.98079 0.00000
  outer loop
   vertex -23.7176 0.3578 4.0000
   vertex -22.3705 0.0898 4.0000
   vertex -22.3705 0.0898 74.0000
  endloop
 endfacet
 facet normal -0.19509 -0.98079 0.00000
  outer loop
   vertex -23.7176 0.3578 4.0000
   vertex -22.3705 0.0898 74.0000
   vertex -23.7176 0.3578 74.0000
  endloop
 endfacet
 facet normal -0.06540 -0.99786 0.00000
  outer loop
   vertex -22.3705 0.0898 4.0000
   vertex -21.0000 0.0000 4.0000
   vertex -21.0000 0.0000 74.0000
  endloop
 endfacet
 facet normal -0.06540 -0.99786 0.00000
  outer loop
   vertex -22.3705 0.0898 4.0000
   vertex -21.0000 0.0000 74.0000
   vertex -22.3705 0.0898 74.0000
  endloop
 endfacet
 facet normal 0.06540 -0.99786 0.00000
  outer loop
   vertex -21.0000 0.0000 4.0000
   vertex -19.6295 0.0898 4.0000
   vertex -19.6295 0.0898 74.0000
  endloop
 endfacet
 facet normal 0.06540 -0.99786 0.00000
  outer loop
   vertex -21.0000 0.0000 4.0000
   vertex -19.6295 0.0898 74.0000
   vertex -21.0000 0.0000 74.0000
  endloop
 endfacet
 facet normal 0.19509 -0.98079 0.00000
  outer loop
   vertex -19.6295 0.0898 4.0000
   vertex -18.2824 0.3578 4.0000
   vertex -18.2824 0.3578 74.0000
  endloop
 endfacet
 facet normal 0.19509 -0.98079 0.00000
  outer loop
   vertex -19.6295 0.0898 4.0000
   vertex -18.2824 0.3578 74.0000
   vertex -19.6295 0.0898 74.0000
  endloop
 endfacet
 facet normal 0.32144 -0.94693 0.00000
  outer loop
   vertex -18.2824 0.3578 4.0000
   vertex -16.9818 0.7993 4.0000
   vertex -16.9818 0.7993 74.0000
  endloop
 endfacet
 facet normal 0.32144 -0.94693 0.00000
  outer loop
   vertex -18.2824 0.3578 4.0000
   vertex -16.9818 0.7993 74.0000
   vertex -18.2824 0.3578 74.0000
  endloop
 endfacet
 facet normal 0.44229 -0.89687 0.00000
  outer loop
   vertex -16.9818 0.7993 4.0000
   vertex -15.7500 1.4067 4.0000
   vertex -15.7500 1.4067 74.0000
  endloop
 endfacet
 facet normal 0.44229 -0.89687 0.00000
  outer loop
   vertex -16.9818 0.7993 4.0000
   vertex -15.7500 1.4067 74.0000
   vertex -16.9818 0.7993 74.0000
  endloop
 endfacet
 facet normal 0.55557 -0.83147 0.00000
  outer loop
   vertex -15.7500 1.4067 4.0000
   vertex -14.6080 2.1698 4.0000
   vertex -14.6080 2.1698 74.0000
  endloop
 endfacet
 facet normal 0.55557 -0.83147 0.00000
  outer loop
   vertex -15.7500 1.4067 4.0000
   vertex -14.6080 2.1698 74.0000
   vertex -15.7500 1.4067 74.0000
  endloop
 endfacet
 facet normal 0.65935 -0.75184 0.00000
  outer loop
   vertex -14.6080 2.1698 4.0000
   vertex -13.5754 3.0754 4.0000
   vertex -13.5754 3.0754 74.0000
  endloop
 endfacet
 facet normal 0.65935 -0.75184 0.00000
  outer loop
   vertex -14.6080 2.1698 4.0000
   vertex -13.5754 3.0754 74.0000
   vertex -14.6080 2.1698 74.0000
  endloop
 endfacet
 facet normal 0.75184 -0.65935 0.00000
  outer loop
   vertex -13.5754 3.0754 4.0000
   vertex -12.6698 4.1080 4.0000
   vertex -12.6698 4.1080 74.0000
  endloop
 endfacet
 facet normal 0.75184 -0.65935 0.00000
  outer loop
   vertex -13.5754 3.0754 4.0000
   vertex -12.6698 4.1080 74.0000
   vertex -13.5754 3.0754 74.0000
  endloop
 endfacet
 facet normal 0.83147 -0.55557 0.00000
  outer loop
   vertex -12.6698 4.1080 4.0000
   vertex -11.9067 5.2500 4.0000
   vertex -11.9067 5.2500 74.0000
  endloop
 endfacet
 facet normal 0.83147 -0.55557 0.00000
  outer loop
   vertex -12.6698 4.1080 4.0000
   vertex -11.9067 5.2500 74.0000
   vertex -12.6698 4.1080 74.0000
  endloop
 endfacet
 facet normal 0.89687 -0.44229 0.00000
  outer loop
   vertex -11.9067 5.2500 4.0000
   vertex -11.2993 6.4818 4.0000
   vertex -11.2993 6.4818 74.0000
  endloop
 endfacet
 facet normal 0.89687 -0.44229 0.00000
  outer loop
   vertex -11.9067 5.2500 4.0000
   vertex -11.2993 6.4818 74.0000
   vertex -11.9067 5.2500 74.0000
  endloop
 endfacet
 facet normal 0.94693 -0.32144 0.00000
  outer loop
   vertex -11.2993 6.4818 4.0000
   vertex -10.8578 7.7824 4.0000
   vertex -10.8578 7.7824 74.0000
  endloop
 endfacet
 facet normal 0.94693 -0.32144 0.00000
  outer loop
   vertex -11.2993 6.4818 4.0000
   vertex -10.8578 7.7824 74.0000
   vertex -11.2993 6.4818 74.0000
  endloop
 endfacet
 facet normal 0.98079 -0.19509 0.00000
  outer loop
   vertex -10.8578 7.7824 4.0000
   vertex -10.5898 9.1295 4.0000
   vertex -10.5898 9.1295 74.0000
  endloop
 endfacet
 facet normal 0.98079 -0.19509 0.00000
  outer loop
   vertex -10.8578 7.7824 4.0000
   vertex -10.5898 9.1295 74.0000
   vertex -10.8578 7.7824 74.0000
  endloop
 endfacet
 facet normal 0.99786 -0.06540 0.00000
  outer loop
   vertex -10.5898 9.1295 4.0000
   vertex -10.5000 10.5000 4.0000
   vertex -10.5000 10.5000 74.0000
  endloop
 endfacet
 facet normal 0.99786 -0.06540 0.00000
  outer loop
   vertex -10.5898 9.1295 4.0000
   vertex -10.5000 10.5000 74.0000
   vertex -10.5898 9.1295 74.0000
  endloop
 endfacet
 facet normal 0.00000 0.00000 -1.00000
  outer loop
   vertex -21.0000 10.5000 4.0000
   vertex -10.5898 11.8705 4.0000
   vertex -10.5000 10.5000 4.0000
  endloop
 endfacet
 facet normal 0.00000 0.00000 1.00000
  outer loop
   vertex -21.0000 10.5000 74.0000
   vertex -10.5000 10.5000 74.0000
   vertex -10.5898 11.8705 74.0000
  endloop
 endfacet
 facet normal 0.00000 0.00000 -1.00000
  outer loop
   vertex -21.0000 10.5000 4.0000
   vertex -10.8578 13.2176 4.0000
   vertex -10.5898 11.8705 4.0000
  endloop
 endfacet
 facet normal 0.00000 0.00000 1.00000
  outer loop
   vertex -21.0000 10.5000 74.0000
   vertex -10.5898 11.8705 74.0000
   vertex -10.8578 13.2176 74.0000
  endloop
 endfacet
 facet normal 0.00000 0.00000 -1.00000
  outer loop
   vertex -21.0000 10.5000 4.0000
   vertex -11.2993 14.5182 4.0000
   vertex -10.8578 13.2176 4.0000
  endloop
 endfacet
 facet normal 0.00000 0.00000 1.00000
  outer loop
   vertex -21.0000 10.5000 74.0000
   vertex -10.8578 13.2176 74.0000
   vertex -11.2993 14.5182 74.0000
  endloop
 endfacet
 facet normal 0.00000 0.00000 -1.00000
  outer loop
   vertex -21.0000 10.5000 4.0000
   vertex -11.9067 15.7500 4.0000
   vertex -11.2993 14.5182 4.0000
  endloop
 endfacet
 facet normal 0.00000 0.00000 1.00000
  outer loop
   vertex -21.0000 10.5000 74.0000
   vertex -11.2993 14.5182 74.0000
   vertex -11.9067 15.7500 74.0000
  endloop
 endfacet
 facet normal 0.00000 0.00000 -1.00000
  outer loop
   vertex -21.0000 10.5000 4.0000
   vertex -12.6698 16.8920 4.0000
   vertex -11.9067 15.7500 4.0000
  endloop
 endfacet
 facet normal 0.00000 0.00000 1.00000
  outer loop
   vertex -21.0000 10.5000 74.0000
   vertex -11.9067 15.7500 74.0000
   vertex -12.6698 16.8920 74.0000
  endloop
 endfacet
 facet normal 0.00000 0.00000 -1.00000
  outer loop
   vertex -21.0000 10.5000 4.0000
   vertex -13.5754 17.9246 4.0000
   vertex -12.6698 16.8920 4.0000
  endloop
 endfacet
 facet normal 0.00000 0.00000 1.00000
  outer loop
   vertex -21.0000 10.5000 74.0000
   vertex -12.6698 16.8920 74.0000
   vertex -13.5754 17.9246 74.0000
  endloop
 endfacet
 facet normal 0.00000 0.00000 -1.00000
  outer loop
   vertex -21.0000 10.5000 4.0000
   vertex -14.6080 18.8302 4.0000
   vertex -13.5754 17.9246 4.0000
  endloop
 endfacet
 facet normal 0.00000 0.00000 1.00000
  outer loop
   vertex -21.0000 10.5000 74.0000
   vertex -13.5754 17.9246 74.0000
   vertex -14.6080 18.8302 74.0000
  endloop
 endfacet
 facet normal 0.00000 0.00000 -1.00000
  outer loop
   vertex -21.0000 10.5000 4.0000
   vertex -15.7500 19.5933 4.0000
   vertex -14.6080 18.8302 4.0000
  endloop
 endfacet
 facet normal 0.00000 0.00000 1.00000
  outer loop
   vertex -21.0000 10.5000 74.0000
   vertex -14.6080 18.8302 74.0000
   vertex -15.7500 19.5933 74.0000
  endloop
 endfacet
 facet normal 0.00000 0.00000 -1.00000
  outer loop
   vertex -21.0000 10.5000 4.0000
   vertex -16.9818 20.2007 4.0000
   vertex -15.7500 19.5933 4.0000
  endloop
 endfacet
 facet normal 0.00000 0.00000 1.00000
  outer loop
   vertex -21.0000 10.5000 74.0000
   vertex -15.7500 19.5933 74.0000
   vertex -16.9818 20.2007 74.0000
  endloop
 endfacet
 facet normal 0.00000 0.00000 -1.00000
  outer loop
   vertex -21.0000 10.5000 4.0000
   vertex -18.2824 20.6422 4.0000
   vertex -16.9818 20.2007 4.0000
  endloop
 endfacet
 facet normal 0.00000 0.00000 1.00000
  outer loop
   vertex -21.0000 10.5000 74.0000
   vertex -16.9818 20.2007 74.0000
   vertex -18.2824 20.6422 74.0000
  endloop
 endfacet
 facet normal 0.00000 0.00000 -1.00000
  outer loop
   vertex -21.0000 10.5000 4.0000
   vertex -19.6295 20.9102 4.0000
   vertex -18.2824 20.6422 4.0000
  endloop
 endfacet
 facet normal 0.00000 0.00000 1.00000
  outer loop
   vertex -21.0000 10.5000 74.0000
   vertex -18.2824 20.6422 74.0000
   vertex -19.6295 20.9102 74.0000
  endloop
 endfacet
 facet normal 0.00000 0.00000 -1.00000
  outer loop
   vertex -21.0000 10.5000 4.0000
   vertex -21.0000 21.0000 4.0000
   vertex -19.6295 20.9102 4.0000
  endloop
 endfacet
 facet normal 0.00000 0.00000 1.00000
  outer loop
   vertex -21.0000 10.5000 74.0000
   vertex -19.6295 20.9102 74.0000
   vertex -21.0000 21.0000 74.0000
  endloop
 endfacet
 facet normal 0.00000 0.00000 -1.00000
  outer loop
   vertex -21.0000 10.5000 4.0000
   vertex -22.3705 20.9102 4.0000
   vertex -21.0000 21.0000 4.0000
  endloop
 endfacet
 facet normal 0.00000 -0.00000 1.00000
  outer loop
   vertex -21.0000 10.5000 74.0000
   vertex -21.0000 21.0000 74.0000
   vertex -22.3705 20.9102 74.0000
  endloop
 endfacet
 facet normal 0.00000 0.00000 -1.00000
  outer loop
   vertex -21.0000 10.5000 4.0000
   vertex -23.7176 20.6422 4.0000
   vertex -22.3705 20.9102 4.0000
  endloop
 endfacet
 facet normal 0.00000 0.00000 1.00000
  outer loop
   vertex -21.0000 10.5000 74.0000
   vertex -22.3705 20.9102 74.0000
   vertex -23.7176 20.6422 74.0000
  endloop
 endfacet
 facet normal 0.00000 0.00000 -1.00000
  outer loop
   vertex -21.0000 10.5000 4.0000
   vertex -25.0182 20.2007 4.0000
   vertex -23.7176 20.6422 4.0000
  endloop
 endfacet
 facet normal 0.00000 0.00000 1.00000
  outer loop
   vertex -21.0000 10.5000 74.0000
   vertex -23.7176 20.6422 74.0000
   vertex -25.0182 20.2007 74.0000
  endloop
 endfacet
 facet normal 0.00000 0.00000 -1.00000
  outer loop
   vertex -21.0000 10.5000 4.0000
   vertex -26.2500 19.5933 4.0000
   vertex -25.0182 20.2007 4.0000
  endloop
 endfacet
 facet normal 0.00000 0.00000 1.00000
  outer loop
   vertex -21.0000 10.5000 74.0000
   vertex -25.0182 20.2007 74.0000
   vertex -26.2500 19.5933 74.0000
  endloop
 endfacet
 facet normal 0.00000 0.00000 -1.00000
  outer loop
   vertex -21.0000 10.5000 4.0000
   vertex -27.3920 18.8302 4.0000
   vertex -26.2500 19.5933 4.0000
  endloop
 endfacet
 facet normal 0.00000 0.00000 1.00000
  outer loop
   vertex -21.0000 10.5000 74.0000
   vertex -26.2500 19.5933 74.0000
   vertex -27.3920 18.8302 74.0000
  endloop
 endfacet
 facet normal 0.00000 0.00000 -1.00000
  outer loop
   vertex -21.0000 10.5000 4.0000
   vertex -28.4246 17.9246 4.0000
   vertex -27.3920 18.8302 4.0000
  endloop
 endfacet
 facet normal 0.00000 0.00000 1.00000
  outer loop
   vertex -21.0000 10.5000 74.0000
   vertex -27.3920 18.8302 74.0000
   vertex -28.4246 17.9246 74.0000
  endloop
 endfacet
 facet normal 0.00000 0.00000 -1.00000
  outer loop
   vertex -21.0000 10.5000 4.0000
   vertex -29.3302 16.8920 4.0000
   vertex -28.4246 17.9246 4.0000
  endloop
 endfacet
 facet normal 0.00000 0.00000 1.00000
  outer loop
   vertex -21.0000 10.5000 74.0000
   vertex -28.4246 17.9246 74.0000
   vertex -29.3302 16.8920 74.0000
  endloop
 endfacet
 facet normal 0.00000 0.00000 -1.00000
  outer loop
   vertex -21.0000 10.5000 4.0000
   vertex -30.0933 15.7500 4.0000
   vertex -29.3302 16.8920 4.0000
  endloop
 endfacet
 facet normal 0.00000 0.00000 1.00000
  outer loop
   vertex -21.0000 10.5000 74.0000
   vertex -29.3302 16.8920 74.0000
   vertex -30.0933 15.7500 74.0000
  endloop
 endfacet
 facet normal 0.00000 0.00000 -1.00000
  outer loop
   vertex -21.0000 10.5000 4.0000
   vertex -30.7007 14.5182 4.0000
   vertex -30.0933 15.7500 4.0000
  endloop
 endfacet
 facet normal 0.00000 0.00000 1.00000
  outer loop
   vertex -21.0000 10.5000 74.0000
   vertex -30.0933 15.7500 74.0000
   vertex -30.7007 14.5182 74.0000
  endloop
 endfacet
 facet normal 0.00000 0.00000 -1.00000
  outer loop
   vertex -21.0000 10.5000 4.0000
   vertex -31.1422 13.2176 4.0000
   vertex -30.7007 14.5182 4.0000
  endloop
 endfacet
 facet normal 0.00000 0.00000 1.00000
  outer loop
   vertex -21.0000 10.5000 74.0000
   vertex -30.7007 14.5182 74.0000
   vertex -31.1422 13.2176 74.0000
  endloop
 endfacet
 facet normal 0.00000 0.00000 -1.00000
  outer loop
   vertex -21.0000 10.5000 4.0000
   vertex -31.4102 11.8705 4.0000
   vertex -31.1422 13.2176 4.0000
  endloop
 endfacet
 facet normal 0.00000 0.00000 1.00000
  outer loop
   vertex -21.0000 10.5000 74.0000
   vertex -31.1422 13.2176 74.0000
   vertex -31.4102 11.8705 74.0000
  endloop
 endfacet
 facet normal 0.00000 0.00000 -1.00000
  outer loop
   vertex -21.0000 10.5000 4.0000
   vertex -31.5000 10.5000 4.0000
   vertex -31.4102 11.8705 4.0000
  endloop
 endfacet
 facet normal 0.00000 0.00000 1.00000
  outer loop
   vertex -21.0000 10.5000 74.0000
   vertex -31.4102 11.8705 74.0000
   vertex -31.5000 10.5000 74.0000
  endloop
 endfacet
 facet normal -0.00000 0.00000 -1.00000
  outer loop
   vertex -21.0000 10.5000 4.0000
   vertex -31.4102 9.1295 4.0000
   vertex -31.5000 10.5000 4.0000
  endloop
 endfacet
 facet normal 0.00000 0.00000 1.00000
  outer loop
   vertex -21.0000 10.5000 74.0000
   vertex -31.5000 10.5000 74.0000
   vertex -31.4102 9.1295 74.0000
  endloop
 endfacet
 facet normal 0.00000 0.00000 -1.00000
  outer loop
   vertex -21.0000 10.5000 4.0000
   vertex -31.1422 7.7824 4.0000
   vertex -31.4102 9.1295 4.0000
  endloop
 endfacet
 facet normal 0.00000 0.00000 1.00000
  outer loop
   vertex -21.0000 10.5000 74.0000
   vertex -31.4102 9.1295 74.0000
   vertex -31.1422 7.7824 74.0000
  endloop
 endfacet
 facet normal 0.00000 0.00000 -1.00000
  outer loop
   vertex -21.0000 10.5000 4.0000
   vertex -30.7007 6.4818 4.0000
   vertex -31.1422 7.7824 4.0000
  endloop
 endfacet
 facet normal 0.00000 0.00000 1.00000
  outer loop
   vertex -21.0000 10.5000 74.0000
   vertex -31.1422 7.7824 74.0000
   vertex -30.7007 6.4818 74.0000
  endloop
 endfacet
 facet normal 0.00000 0.00000 -1.00000
  outer loop
   vertex -21.0000 10.5000 4.0000
   vertex -30.0933 5.2500 4.0000
   vertex -30.7007 6.4818 4.0000
  endloop
 endfacet
 facet normal 0.00000 0.00000 1.00000
  outer loop
   vertex -21.0000 10.5000 74.0000
   vertex -30.7007 6.4818 74.0000
   vertex -30.0933 5.2500 74.0000
  endloop
 endfacet
 facet normal 0.00000 0.00000 -1.00000
  outer loop
   vertex -21.0000 10.5000 4.0000
   vertex -29.3302 4.1080 4.0000
   vertex -30.0933 5.2500 4.0000
  endloop
 endfacet
 facet normal 0.00000 0.00000 1.00000
  outer loop
   vertex -21.0000 10.5000 74.0000
   vertex -30.0933 5.2500 74.0000
   vertex -29.3302 4.1080 74.0000
  endloop
 endfacet
 facet normal 0.00000 0.00000 -1.00000
  outer loop
   vertex -21.0000 10.5000 4.0000
   vertex -28.4246 3.0754 4.0000
   vertex -29.3302 4.1080 4.0000
  endloop
 endfacet
 facet normal 0.00000 0.00000 1.00000
  outer loop
   vertex -21.0000 10.5000 74.0000
   vertex -29.3302 4.1080 74.0000
   vertex -28.4246 3.0754 74.0000
  endloop
 endfacet
 facet normal 0.00000 0.00000 -1.00000
  outer loop
   vertex -21.0000 10.5000 4.0000
   vertex -27.3920 2.1698 4.0000
   vertex -28.4246 3.0754 4.0000
  endloop
 endfacet
 facet normal 0.00000 0.00000 1.00000
  outer loop
   vertex -21.0000 10.5000 74.0000
   vertex -28.4246 3.0754 74.0000
   vertex -27.3920 2.1698 74.0000
  endloop
 endfacet
 facet normal 0.00000 0.00000 -1.00000
  outer loop
   vertex -21.0000 10.5000 4.0000
   vertex -26.2500 1.4067 4.0000
   vertex -27.3920 2.1698 4.0000
  endloop
 endfacet
 facet normal 0.00000 0.00000 1.00000
  outer loop
   vertex -21.0000 10.5000 74.0000
   vertex -27.3920 2.1698 74.0000
   vertex -26.2500 1.4067 74.0000
  endloop
 endfacet
 facet normal 0.00000 0.00000 -1.00000
  outer loop
   vertex -21.0000 10.5000 4.0000
   vertex -25.0182 0.7993 4.0000
   vertex -26.2500 1.4067 4.0000
  endloop
 endfacet
 facet normal 0.00000 0.00000 1.00000
  outer loop
   vertex -21.0000 10.5000 74.0000
   vertex -26.2500 1.4067 74.0000
   vertex -25.0182 0.7993 74.0000
  endloop
 endfacet
 facet normal 0.00000 0.00000 -1.00000
  outer loop
   vertex -21.0000 10.5000 4.0000
   vertex -23.7176 0.3578 4.0000
   vertex -25.0182 0.7993 4.0000
  endloop
 endfacet
 facet normal 0.00000 0.00000 1.00000
  outer loop
   vertex -21.0000 10.5000 74.0000
   vertex -25.0182 0.7993 74.0000
   vertex -23.7176 0.3578 74.0000
  endloop
 endfacet
 facet normal 0.00000 0.00000 -1.00000
  outer loop
   vertex -21.0000 10.5000 4.0000
   vertex -22.3705 0.0898 4.0000
   vertex -23.7176 0.3578 4.0000
  endloop
 endfacet
 facet normal 0.00000 0.00000 1.00000
  outer loop
   vertex -21.0000 10.5000 74.0000
   vertex -23.7176 0.3578 74.0000
   vertex -22.3705 0.0898 74.0000
  endloop
 endfacet
 facet normal 0.00000 0.00000 -1.00000
  outer loop
   vertex -21.0000 10.5000 4.0000
   vertex -21.0000 0.0000 4.0000
   vertex -22.3705 0.0898 4.0000
  endloop
 endfacet
 facet normal 0.00000 0.00000 1.00000
  outer loop
   vertex -21.0000 10.5000 74.0000
   vertex -22.3705 0.0898 74.0000
   vertex -21.0000 0.0000 74.0000
  endloop
 endfacet
 facet normal 0.00000 -0.00000 -1.00000
  outer loop
   vertex -21.0000 10.5000 4.0000
   vertex -19.6295 0.0898 4.0000
   vertex -21.0000 0.0000 4.0000
  endloop
 endfacet
 facet normal 0.00000 0.00000 1.00000
  outer loop
   vertex -21.0000 10.5000 74.0000
   vertex -21.0000 0.0000 74.0000
   vertex -19.6295 0.0898 74.0000
  endloop
 endfacet
 facet normal 0.00000 0.00000 -1.00000
  outer loop
   vertex -21.0000 10.5000 4.0000
   vertex -18.2824 0.3578 4.0000
   vertex -19.6295 0.0898 4.0000
  endloop
 endfacet
 facet normal 0.00000 0.00000 1.00000
  outer loop
   vertex -21.0000 10.5000 74.0000
   vertex -19.6295 0.0898 74.0000
   vertex -18.2824 0.3578 74.0000
  endloop
 endfacet
 facet normal 0.00000 0.00000 -1.00000
  outer loop
   vertex -21.0000 10.5000 4.0000
   vertex -16.9818 0.7993 4.0000
   vertex -18.2824 0.3578 4.0000
  endloop
 endfacet
 facet normal 0.00000 0.00000 1.00000
  outer loop
   vertex -21.0000 10.5000 74.0000
   vertex -18.2824 0.3578 74.0000
   vertex -16.9818 0.7993 74.0000
  endloop
 endfacet
 facet normal 0.00000 0.00000 -1.00000
  outer loop
   vertex -21.0000 10.5000 4.0000
   vertex -15.7500 1.4067 4.0000
   vertex -16.9818 0.7993 4.0000
  endloop
 endfacet
 facet normal 0.00000 0.00000 1.00000
  outer loop
   vertex -21.0000 10.5000 74.0000
   vertex -16.9818 0.7993 74.0000
   vertex -15.7500 1.4067 74.0000
  endloop
 endfacet
 facet normal 0.00000 0.00000 -1.00000
  outer loop
   vertex -21.0000 10.5000 4.0000
   vertex -14.6080 2.1698 4.0000
   vertex -15.7500 1.4067 4.0000
  endloop
 endfacet
 facet normal 0.00000 0.00000 1.00000
  outer loop
   vertex -21.0000 10.5000 74.0000
   vertex -15.7500 1.4067 74.0000
   vertex -14.6080 2.1698 74.0000
  endloop
 endfacet
 facet normal 0.00000 0.00000 -1.00000
  outer loop
   vertex -21.0000 10.5000 4.0000
   vertex -13.5754 3.0754 4.0000
   vertex -14.6080 2.1698 4.0000
  endloop
 endfacet
 facet normal 0.00000 0.00000 1.00000
  outer loop
   vertex -21.0000 10.5000 74.0000
   vertex -14.6080 2.1698 74.0000
   vertex -13.5754 3.0754 74.0000
  endloop
 endfacet
 facet normal 0.00000 0.00000 -1.00000
  outer loop
   vertex -21.0000 10.5000 4.0000
   vertex -12.6698 4.1080 4.0000
   vertex -13.5754 3.0754 4.0000
  endloop
 endfacet
 facet normal 0.00000 0.00000 1.00000
  outer loop
   vertex -21.0000 10.5000 74.0000
   vertex -13.5754 3.0754 74.0000
   vertex -12.6698 4.1080 74.0000
  endloop
 endfacet
 facet normal 0.00000 0.00000 -1.00000
  outer loop
   vertex -21.0000 10.5000 4.0000
   vertex -11.9067 5.2500 4.0000
   vertex -12.6698 4.1080 4.0000
  endloop
 endfacet
 facet normal 0.00000 0.00000 1.00000
  outer loop
   vertex -21.0000 10.5000 74.0000
   vertex -12.6698 4.1080 74.0000
   vertex -11.9067 5.2500 74.0000
  endloop
 endfacet
 facet normal 0.00000 0.00000 -1.00000
  outer loop
   vertex -21.0000 10.5000 4.0000
   vertex -11.2993 6.4818 4.0000
   vertex -11.9067 5.2500 4.0000
  endloop
 endfacet
 facet normal 0.00000 0.00000 1.00000
  outer loop
   vertex -21.0000 10.5000 74.0000
   vertex -11.9067 5.2500 74.0000
   vertex -11.2993 6.4818 74.0000
  endloop
 endfacet
 facet normal 0.00000 0.00000 -1.00000
  outer loop
   vertex -21.0000 10.5000 4.0000
   vertex -10.8578 7.7824 4.0000
   vertex -11.2993 6.4818 4.0000
  endloop
 endfacet
 facet normal 0.00000 0.00000 1.00000
  outer loop
   vertex -21.0000 10.5000 74.0000
   vertex -11.2993 6.4818 74.0000
   vertex -10.8578 7.7824 74.0000
  endloop
 endfacet
 facet normal 0.00000 0.00000 -1.00000
  outer loop
   vertex -21.0000 10.5000 4.0000
   vertex -10.5898 9.1295 4.0000
   vertex -10.8578 7.7824 4.0000
  endloop
 endfacet
 facet normal 0.00000 0.00000 1.00000
  outer loop
   vertex -21.0000 10.5000 74.0000
   vertex -10.8578 7.7824 74.0000
   vertex -10.5898 9.1295 74.0000
  endloop
 endfacet
 facet normal 0.00000 0.00000 -1.00000
  outer loop
   vertex -21.0000 10.5000 4.0000
   vertex -10.5000 10.5000 4.0000
   vertex -10.5898 9.1295 4.0000
  endloop
 endfacet
 facet normal -0.00000 0.00000 1.00000
  outer loop
   vertex -21.0000 10.5000 74.0000
   vertex -10.5898 9.1295 74.0000
   vertex -10.5000 10.5000 74.0000
  endloop
 endfacet
 facet normal 0.99786 0.06540 0.00000
  outer loop
   vertex 10.5000 -10.5000 4.0000
   vertex 10.4102 -9.1295 4.0000
   vertex 10.4102 -9.1295 74.0000
  endloop
 endfacet
 facet normal 0.99786 0.06540 -0.00000
  outer loop
   vertex 10.5000 -10.5000 4.0000
   vertex 10.4102 -9.1295 74.0000
   vertex 10.5000 -10.5000 74.0000
  endloop
 endfacet
 facet normal 0.98079 0.19509 0.00000
  outer loop
   vertex 10.4102 -9.1295 4.0000
   vertex 10.1422 -7.7824 4.0000
   vertex 10.1422 -7.7824 74.0000
  endloop
 endfacet
 facet normal 0.98079 0.19509 -0.00000
  outer loop
   vertex 10.4102 -9.1295 4.0000
   vertex 10.1422 -7.7824 74.0000
   vertex 10.4102 -9.1295 74.0000
  endloop
 endfacet
 facet normal 0.94693 0.32144 0.00000
  outer loop
   vertex 10.1422 -7.7824 4.0000
   vertex 9.7007 -6.4818 4.0000
   vertex 9.7007 -6.4818 74.0000
  endloop
 endfacet
 facet normal 0.94693 0.32144 -0.00000
  outer loop
   vertex 10.1422 -7.7824 4.0000
   vertex 9.7007 -6.4818 74.0000
   vertex 10.1422 -7.7824 74.0000
  endloop
 endfacet
 facet normal 0.89687 0.44229 0.00000
  outer loop
   vertex 9.7007 -6.4818 4.0000
   vertex 9.0933 -5.2500 4.0000
   vertex 9.0933 -5.2500 74.0000
  endloop
 endfacet
 facet normal 0.89687 0.44229 -0.00000
  outer loop
   vertex 9.7007 -6.4818 4.0000
   vertex 9.0933 -5.2500 74.0000
   vertex 9.7007 -6.4818 74.0000
  endloop
 endfacet
 facet normal 0.83147 0.55557 0.00000
  outer loop
   vertex 9.0933 -5.2500 4.0000
   vertex 8.3302 -4.1080 4.0000
   vertex 8.3302 -4.1080 74.0000
  endloop
 endfacet
 facet normal 0.83147 0.55557 -0.00000
  outer loop
   vertex 9.0933 -5.2500 4.0000
   vertex 8.3302 -4.1080 74.0000
   vertex 9.0933 -5.2500 74.0000
  endloop
 endfacet
 facet normal 0.75184 0.65935 0.00000
  outer loop
   vertex 8.3302 -4.1080 4.0000
   vertex 7.4246 -3.0754 4.0000
   vertex 7.4246 -3.0754 74.0000
  endloop
 endfacet
 facet normal 0.75184 0.65935 -0.00000
  outer loop
   vertex 8.3302 -4.1080 4.0000
   vertex 7.4246 -3.0754 74.0000
   vertex 8.3302 -4.1080 74.0000
  endloop
 endfacet
 facet normal 0.65935 0.75184 0.00000
  outer loop
   vertex 7.4246 -3.0754 4.0000
   vertex 6.3920 -2.1698 4.0000
   vertex 6.3920 -2.1698 74.0000
  endloop
 endfacet
 facet normal 0.65935 0.75184 -0.00000
  outer loop
   vertex 7.4246 -3.0754 4.0000
   vertex 6.3920 -2.1698 74.0000
   vertex 7.4246 -3.0754 74.0000
  endloop
 endfacet
 facet normal 0.55557 0.83147 0.00000
  outer loop
   vertex 6.3920 -2.1698 4.0000
   vertex 5.2500 -1.4067 4.0000
   vertex 5.2500 -1.4067 74.0000
  endloop
 endfacet
 facet normal 0.55557 0.83147 -0.00000
  outer loop
   vertex 6.3920 -2.1698 4.0000
   vertex 5.2500 -1.4067 74.0000
   vertex 6.3920 -2.1698 74.0000
  endloop
 endfacet
 facet normal 0.44229 0.89687 0.00000
  outer loop
   vertex 5.2500 -1.4067 4.0000
   vertex 4.0182 -0.7993 4.0000
   vertex 4.0182 -0.7993 74.0000
  endloop
 endfacet
 facet normal 0.44229 0.89687 -0.00000
  outer loop
   vertex 5.2500 -1.4067 4.0000
   vertex 4.0182 -0.7993 74.0000
   vertex 5.2500 -1.4067 74.0000
  endloop
 endfacet
 facet normal 0.32144 0.94693 0.00000
  outer loop
   vertex 4.0182 -0.7993 4.0000
   vertex 2.7176 -0.3578 4.0000
   vertex 2.7176 -0.3578 74.0000
  endloop
 endfacet
 facet normal 0.32144 0.94693 -0.00000
  outer loop
   vertex 4.0182 -0.7993 4.0000
   vertex 2.7176 -0.3578 74.0000
   vertex 4.0182 -0.7993 74.0000
  endloop
 endfacet
 facet normal 0.19509 0.98079 0.00000
  outer loop
   vertex 2.7176 -0.3578 4.0000
   vertex 1.3705 -0.0898 4.0000
   vertex 1.3705 -0.0898 74.0000
  endloop
 endfacet
 facet normal 0.19509 0.98079 -0.00000
  outer loop
   vertex 2.7176 -0.3578 4.0000
   vertex 1.3705 -0.0898 74.0000
   vertex 2.7176 -0.3578 74.0000
  endloop
 endfacet
 facet normal 0.06540 0.99786 0.00000
  outer loop
   vertex 1.3705 -0.0898 4.0000
   vertex 0.0000 0.0000 4.0000
   vertex 0.0000 0.0000 74.0000
  endloop
 endfacet
 facet normal 0.06540 0.99786 -0.00000
  outer loop
   vertex 1.3705 -0.0898 4.0000
   vertex 0.0000 0.0000 74.0000
   vertex 1.3705 -0.0898 74.0000
  endloop
 endfacet
 facet normal -0.06540 0.99786 0.00000
  outer loop
   vertex 0.0000 0.0000 4.0000
   vertex -1.3705 -0.0898 4.0000
   vertex -1.3705 -0.0898 74.0000
  endloop
 endfacet
 facet normal -0.06540 0.99786 0.00000
  outer loop
   vertex 0.0000 0.0000 4.0000
   vertex -1.3705 -0.0898 74.0000
   vertex 0.0000 0.0000 74.0000
  endloop
 endfacet
 facet normal -0.19509 0.98079 0.00000
  outer loop
   vertex -1.3705 -0.0898 4.0000
   vertex -2.7176 -0.3578 4.0000
   vertex -2.7176 -0.3578 74.0000
  endloop
 endfacet
 facet normal -0.19509 0.98079 0.00000
  outer loop
   vertex -1.3705 -0.0898 4.0000
   vertex -2.7176 -0.3578 74.0000
   vertex -1.3705 -0.0898 74.0000
  endloop
 endfacet
 facet normal -0.32144 0.94693 0.00000
  outer loop
   vertex -2.7176 -0.3578 4.0000
   vertex -4.0182 -0.7993 4.0000
   vertex -4.0182 -0.7993 74.0000
  endloop
 endfacet
 facet normal -0.32144 0.94693 0.00000
  outer loop
   vertex -2.7176 -0.3578 4.0000
   vertex -4.0182 -0.7993 74.0000
   vertex -2.7176 -0.3578 74.0000
  endloop
 endfacet
 facet normal -0.44229 0.89687 0.00000
  outer loop
   vertex -4.0182 -0.7993 4.0000
   vertex -5.2500 -1.4067 4.0000
   vertex -5.2500 -1.4067 74.0000
  endloop
 endfacet
 facet normal -0.44229 0.89687 0.00000
  outer loop
   vertex -4.0182 -0.7993 4.0000
   vertex -5.2500 -1.4067 74.0000
   vertex -4.0182 -0.7993 74.0000
  endloop
 endfacet
 facet normal -0.55557 0.83147 0.00000
  outer loop
   vertex -5.2500 -1.4067 4.0000
   vertex -6.3920 -2.1698 4.0000
   vertex -6.3920 -2.1698 74.0000
  endloop
 endfacet
 facet normal -0.55557 0.83147 0.00000
  outer loop
   vertex -5.2500 -1.4067 4.0000
   vertex -6.3920 -2.1698 74.0000
   vertex -5.2500 -1.4067 74.0000
  endloop
 endfacet
 facet normal -0.65935 0.75184 0.00000
  outer loop
   vertex -6.3920 -2.1698 4.0000
   vertex -7.4246 -3.0754 4.0000
   vertex -7.4246 -3.0754 74.0000
  endloop
 endfacet
 facet normal -0.65935 0.75184 0.00000
  outer loop
   vertex -6.3920 -2.1698 4.0000
   vertex -7.4246 -3.0754 74.0000
   vertex -6.3920 -2.1698 74.0000
  endloop
 endfacet
 facet normal -0.75184 0.65935 0.00000
  outer loop
   vertex -7.4246 -3.0754 4.0000
   vertex -8.3302 -4.1080 4.0000
   vertex -8.3302 -4.1080 74.0000
  endloop
 endfacet
 facet normal -0.75184 0.65935 0.00000
  outer loop
   vertex -7.4246 -3.0754 4.0000
   vertex -8.3302 -4.1080 74.0000
   vertex -7.4246 -3.0754 74.0000
  endloop
 endfacet
 facet normal -0.83147 0.55557 0.00000
  outer loop
   vertex -8.3302 -4.1080 4.0000
   vertex -9.0933 -5.2500 4.0000
   vertex -9.0933 -5.2500 74.0000
  endloop
 endfacet
 facet normal -0.83147 0.55557 0.00000
  outer loop
   vertex -8.3302 -4.1080 4.0000
   vertex -9.0933 -5.2500 74.0000
   vertex -8.3302 -4.1080 74.0000
  endloop
 endfacet
 facet normal -0.89687 0.44229 0.00000
  outer loop
   vertex -9.0933 -5.2500 4.0000
   vertex -9.7007 -6.4818 4.0000
   vertex -9.7007 -6.4818 74.0000
  endloop
 endfacet
 facet normal -0.89687 0.44229 0.00000
  outer loop
   vertex -9.0933 -5.2500 4.0000
   vertex -9.7007 -6.4818 74.0000
   vertex -9.0933 -5.2500 74.0000
  endloop
 endfacet
 facet normal -0.94693 0.32144 0.00000
  outer loop
   vertex -9.7007 -6.4818 4.0000
   vertex -10.1422 -7.7824 4.0000
   vertex -10.1422 -7.7824 74.0000
  endloop
 endfacet
 facet normal -0.94693 0.32144 0.00000
  outer loop
   vertex -9.7007 -6.4818 4.0000
   vertex -10.1422 -7.7824 74.0000
   vertex -9.7007 -6.4818 74.0000
  endloop
 endfacet
 facet normal -0.98079 0.19509 0.00000
  outer loop
   vertex -10.1422 -7.7824 4.0000
   vertex -10.4102 -9.1295 4.0000
   vertex -10.4102 -9.1295 74.0000
  endloop
 endfacet
 facet normal -0.98079 0.19509 0.00000
  outer loop
   vertex -10.1422 -7.7824 4.0000
   vertex -10.4102 -9.1295 74.0000
   vertex -10.1422 -7.7824 74.0000
  endloop
 endfacet
 facet normal -0.99786 0.06540 0.00000
  outer loop
   vertex -10.4102 -9.1295 4.0000
   vertex -10.5000 -10.5000 4.0000
   vertex -10.5000 -10.5000 74.0000
  endloop
 endfacet
 facet normal -0.99786 0.06540 0.00000
  outer loop
   vertex -10.4102 -9.1295 4.0000
   vertex -10.5000 -10.5000 74.0000
   vertex -10.4102 -9.1295 74.0000
  endloop
 endfacet
 facet normal -0.99786 -0.06540 0.00000
  outer loop
   vertex -10.5000 -10.5000 4.0000
   vertex -10.4102 -11.8705 4.0000
   vertex -10.4102 -11.8705 74.0000
  endloop
 endfacet
 facet normal -0.99786 -0.06540 0.00000
  outer loop
   vertex -10.5000 -10.5000 4.0000
   vertex -10.4102 -11.8705 74.0000
   vertex -10.5000 -10.5000 74.0000
  endloop
 endfacet
 facet normal -0.98079 -0.19509 0.00000
  outer loop
   vertex -10.4102 -11.8705 4.0000
   vertex -10.1422 -13.2176 4.0000
   vertex -10.1422 -13.2176 74.0000
  endloop
 endfacet
 facet normal -0.98079 -0.19509 0.00000
  outer loop
   vertex -10.4102 -11.8705 4.0000
   vertex -10.1422 -13.2176 74.0000
   vertex -10.4102 -11.8705 74.0000
  endloop
 endfacet
 facet normal -0.94693 -0.32144 0.00000
  outer loop
   vertex -10.1422 -13.2176 4.0000
   vertex -9.7007 -14.5182 4.0000
   vertex -9.7007 -14.5182 74.0000
  endloop
 endfacet
 facet normal -0.94693 -0.32144 0.00000
  outer loop
   vertex -10.1422 -13.2176 4.0000
   vertex -9.7007 -14.5182 74.0000
   vertex -10.1422 -13.2176 74.0000
  endloop
 endfacet
 facet normal -0.89687 -0.44229 0.00000
  outer loop
   vertex -9.7007 -14.5182 4.0000
   vertex -9.0933 -15.7500 4.0000
   vertex -9.0933 -15.7500 74.0000
  endloop
 endfacet
 facet normal -0.89687 -0.44229 0.00000
  outer loop
   vertex -9.7007 -14.5182 4.0000
   vertex -9.0933 -15.7500 74.0000
   vertex -9.7007 -14.5182 74.0000
  endloop
 endfacet
 facet normal -0.83147 -0.55557 0.00000
  outer loop
   vertex -9.0933 -15.7500 4.0000
   vertex -8.3302 -16.8920 4.0000
   vertex -8.3302 -16.8920 74.0000
  endloop
 endfacet
 facet normal -0.83147 -0.55557 0.00000
  outer loop
   vertex -9.0933 -15.7500 4.0000
   vertex -8.3302 -16.8920 74.0000
   vertex -9.0933 -15.7500 74.0000
  endloop
 endfacet
 facet normal -0.75184 -0.65935 0.00000
  outer loop
   vertex -8.3302 -16.8920 4.0000
   vertex -7.4246 -17.9246 4.0000
   vertex -7.4246 -17.9246 74.0000
  endloop
 endfacet
 facet normal -0.75184 -0.65935 0.00000
  outer loop
   vertex -8.3302 -16.8920 4.0000
   vertex -7.4246 -17.9246 74.0000
   vertex -8.3302 -16.8920 74.0000
  endloop
 endfacet
 facet normal -0.65935 -0.75184 0.00000
  outer loop
   vertex -7.4246 -17.9246 4.0000
   vertex -6.3920 -18.8302 4.0000
   vertex -6.3920 -18.8302 74.0000
  endloop
 endfacet
 facet normal -0.65935 -0.75184 0.00000
  outer loop
   vertex -7.4246 -17.9246 4.0000
   vertex -6.3920 -18.8302 74.0000
   vertex -7.4246 -17.9246 74.0000
  endloop
 endfacet
 facet normal -0.55557 -0.83147 0.00000
  outer loop
   vertex -6.3920 -18.8302 4.0000
   vertex -5.2500 -19.5933 4.0000
   vertex -5.2500 -19.5933 74.0000
  endloop
 endfacet
 facet normal -0.55557 -0.83147 0.00000
  outer loop
   vertex -6.3920 -18.8302 4.0000
   vertex -5.2500 -19.5933 74.0000
   vertex -6.3920 -18.8302 74.0000
  endloop
 endfacet
 facet normal -0.44229 -0.89687 0.00000
  outer loop
   vertex -5.2500 -19.5933 4.0000
   vertex -4.0182 -20.2007 4.0000
   vertex -4.0182 -20.2007 74.0000
  endloop
 endfacet
 facet normal -0.44229 -0.89687 0.00000
  outer loop
   vertex -5.2500 -19.5933 4.0000
   vertex -4.0182 -20.2007 74.0000
   vertex -5.2500 -19.5933 74.0000
  endloop
 endfacet
 facet normal -0.32144 -0.94693 0.00000
  outer loop
   vertex -4.0182 -20.2007 4.0000
   vertex -2.7176 -20.6422 4.0000
   vertex -2.7176 -20.6422 74.0000
  endloop
 endfacet
 facet normal -0.32144 -0.94693 0.00000
  outer loop
   vertex -4.0182 -20.2007 4.0000
   vertex -2.7176 -20.6422 74.0000
   vertex -4.0182 -20.2007 74.0000
  endloop
 endfacet
 facet normal -0.19509 -0.98079 0.00000
  outer loop
   vertex -2.7176 -20.6422 4.0000
   vertex -1.3705 -20.9102 4.0000
   vertex -1.3705 -20.9102 74.0000
  endloop
 endfacet
 facet normal -0.19509 -0.98079 0.00000
  outer loop
   vertex -2.7176 -20.6422 4.0000
   vertex -1.3705 -20.9102 74.0000
   vertex -2.7176 -20.6422 74.0000
  endloop
 endfacet
 facet normal -0.06540 -0.99786 0.00000
  outer loop
   vertex -1.3705 -20.9102 4.0000
   vertex -0.0000 -21.0000 4.0000
   vertex -0.0000 -21.0000 74.0000
  endloop
 endfacet
 facet normal -0.06540 -0.99786 0.00000
  outer loop
   vertex -1.3705 -20.9102 4.0000
   vertex -0.0000 -21.0000 74.0000
   vertex -1.3705 -20.9102 74.0000
  endloop
 endfacet
 facet normal 0.06540 -0.99786 0.00000
  outer loop
   vertex -0.0000 -21.0000 4.0000
   vertex 1.3705 -20.9102 4.0000
   vertex 1.3705 -20.9102 74.0000
  endloop
 endfacet
 facet normal 0.06540 -0.99786 0.00000
  outer loop
   vertex -0.0000 -21.0000 4.0000
   vertex 1.3705 -20.9102 74.0000
   vertex -0.0000 -21.0000 74.0000
  endloop
 endfacet
 facet normal 0.19509 -0.98079 0.00000
  outer loop
   vertex 1.3705 -20.9102 4.0000
   vertex 2.7176 -20.6422 4.0000
   vertex 2.7176 -20.6422 74.0000
  endloop
 endfacet
 facet normal 0.19509 -0.98079 0.00000
  outer loop
   vertex 1.3705 -20.9102 4.0000
   vertex 2.7176 -20.6422 74.0000
   vertex 1.3705 -20.9102 74.0000
  endloop
 endfacet
 facet normal 0.32144 -0.94693 0.00000
  outer loop
   vertex 2.7176 -20.6422 4.0000
   vertex 4.0182 -20.2007 4.0000
   vertex 4.0182 -20.2007 74.0000
  endloop
 endfacet
 facet normal 0.32144 -0.94693 0.00000
  outer loop
   vertex 2.7176 -20.6422 4.0000
   vertex 4.0182 -20.2007 74.0000
   vertex 2.7176 -20.6422 74.0000
  endloop
 endfacet
 facet normal 0.44229 -0.89687 0.00000
  outer loop
   vertex 4.0182 -20.2007 4.0000
   vertex 5.2500 -19.5933 4.0000
   vertex 5.2500 -19.5933 74.0000
  endloop
 endfacet
 facet normal 0.44229 -0.89687 0.00000
  outer loop
   vertex 4.0182 -20.2007 4.0000
   vertex 5.2500 -19.5933 74.0000
   vertex 4.0182 -20.2007 74.0000
  endloop
 endfacet
 facet normal 0.55557 -0.83147 0.00000
  outer loop
   vertex 5.2500 -19.5933 4.0000
   vertex 6.3920 -18.8302 4.0000
   vertex 6.3920 -18.8302 74.0000
  endloop
 endfacet
 facet normal 0.55557 -0.83147 0.00000
  outer loop
   vertex 5.2500 -19.5933 4.0000
   vertex 6.3920 -18.8302 74.0000
   vertex 5.2500 -19.5933 74.0000
  endloop
 endfacet
 facet normal 0.65935 -0.75184 0.00000
  outer loop
   vertex 6.3920 -18.8302 4.0000
   vertex 7.4246 -17.9246 4.0000
   vertex 7.4246 -17.9246 74.0000
  endloop
 endfacet
 facet normal 0.65935 -0.75184 0.00000
  outer loop
   vertex 6.3920 -18.8302 4.0000
   vertex 7.4246 -17.9246 74.0000
   vertex 6.3920 -18.8302 74.0000
  endloop
 endfacet
 facet normal 0.75184 -0.65935 0.00000
  outer loop
   vertex 7.4246 -17.9246 4.0000
   vertex 8.3302 -16.8920 4.0000
   vertex 8.3302 -16.8920 74.0000
  endloop
 endfacet
 facet normal 0.75184 -0.65935 0.00000
  outer loop
   vertex 7.4246 -17.9246 4.0000
   vertex 8.3302 -16.8920 74.0000
   vertex 7.4246 -17.9246 74.0000
  endloop
 endfacet
 facet normal 0.83147 -0.55557 0.00000
  outer loop
   vertex 8.3302 -16.8920 4.0000
   vertex 9.0933 -15.7500 4.0000
   vertex 9.0933 -15.7500 74.0000
  endloop
 endfacet
 facet normal 0.83147 -0.55557 0.00000
  outer loop
   vertex 8.3302 -16.8920 4.0000
   vertex 9.0933 -15.7500 74.0000
   vertex 8.3302 -16.8920 74.0000
  endloop
 endfacet
 facet normal 0.89687 -0.44229 0.00000
  outer loop
   vertex 9.0933 -15.7500 4.0000
   vertex 9.7007 -14.5182 4.0000
   vertex 9.7007 -14.5182 74.0000
  endloop
 endfacet
 facet normal 0.89687 -0.44229 0.00000
  outer loop
   vertex 9.0933 -15.7500 4.0000
   vertex 9.7007 -14.5182 74.0000
   vertex 9.0933 -15.7500 74.0000
  endloop
 endfacet
 facet normal 0.94693 -0.32144 0.00000
  outer loop
   vertex 9.7007 -14.5182 4.0000
   vertex 10.1422 -13.2176 4.0000
   vertex 10.1422 -13.2176 74.0000
  endloop
 endfacet
 facet normal 0.94693 -0.32144 0.00000
  outer loop
   vertex 9.7007 -14.5182 4.0000
   vertex 10.1422 -13.2176 74.0000
   vertex 9.7007 -14.5182 74.0000
  endloop
 endfacet
 facet normal 0.98079 -0.19509 0.00000
  outer loop
   vertex 10.1422 -13.2176 4.0000
   vertex 10.4102 -11.8705 4.0000
   vertex 10.4102 -11.8705 74.0000
  endloop
 endfacet
 facet normal 0.98079 -0.19509 0.00000
  outer loop
   vertex 10.1422 -13.2176 4.0000
   vertex 10.4102 -11.8705 74.0000
   vertex 10.1422 -13.2176 74.0000
  endloop
 endfacet
 facet normal 0.99786 -0.06540 0.00000
  outer loop
   vertex 10.4102 -11.8705 4.0000
   vertex 10.5000 -10.5000 4.0000
   vertex 10.5000 -10.5000 74.0000
  endloop
 endfacet
 facet normal 0.99786 -0.06540 0.00000
  outer loop
   vertex 10.4102 -11.8705 4.0000
   vertex 10.5000 -10.5000 74.0000
   vertex 10.4102 -11.8705 74.0000
  endloop
 endfacet
 facet normal 0.00000 0.00000 -1.00000
  outer loop
   vertex 0.0000 -10.5000 4.0000
   vertex 10.4102 -9.1295 4.0000
   vertex 10.5000 -10.5000 4.0000
  endloop
 endfacet
 facet normal 0.00000 0.00000 1.00000
  outer loop
   vertex 0.0000 -10.5000 74.0000
   vertex 10.5000 -10.5000 74.0000
   vertex 10.4102 -9.1295 74.0000
  endloop
 endfacet
 facet normal 0.00000 0.00000 -1.00000
  outer loop
   vertex 0.0000 -10.5000 4.0000
   vertex 10.1422 -7.7824 4.0000
   vertex 10.4102 -9.1295 4.0000
  endloop
 endfacet
 facet normal 0.00000 0.00000 1.00000
  outer loop
   vertex 0.0000 -10.5000 74.0000
   vertex 10.4102 -9.1295 74.0000
   vertex 10.1422 -7.7824 74.0000
  endloop
 endfacet
 facet normal 0.00000 0.00000 -1.00000
  outer loop
   vertex 0.0000 -10.5000 4.0000
   vertex 9.7007 -6.4818 4.0000
   vertex 10.1422 -7.7824 4.0000
  endloop
 endfacet
 facet normal 0.00000 0.00000 1.00000
  outer loop
   vertex 0.0000 -10.5000 74.0000
   vertex 10.1422 -7.7824 74.0000
   vertex 9.7007 -6.4818 74.0000
  endloop
 endfacet
 facet normal 0.00000 0.00000 -1.00000
  outer loop
   vertex 0.0000 -10.5000 4.0000
   vertex 9.0933 -5.2500 4.0000
   vertex 9.7007 -6.4818 4.0000
  endloop
 endfacet
 facet normal 0.00000 0.00000 1.00000
  outer loop
   vertex 0.0000 -10.5000 74.0000
   vertex 9.7007 -6.4818 74.0000
   vertex 9.0933 -5.2500 74.0000
  endloop
 endfacet
 facet normal 0.00000 0.00000 -1.00000
  outer loop
   vertex 0.0000 -10.5000 4.0000
   vertex 8.3302 -4.1080 4.0000
   vertex 9.0933 -5.2500 4.0000
  endloop
 endfacet
 facet normal 0.00000 0.00000 1.00000
  outer loop
   vertex 0.0000 -10.5000 74.0000
   vertex 9.0933 -5.2500 74.0000
   vertex 8.3302 -4.1080 74.0000
  endloop
 endfacet
 facet normal 0.00000 0.00000 -1.00000
  outer loop
   vertex 0.0000 -10.5000 4.0000
   vertex 7.4246 -3.0754 4.0000
   vertex 8.3302 -4.1080 4.0000
  endloop
 endfacet
 facet normal 0.00000 0.00000 1.00000
  outer loop
   vertex 0.0000 -10.5000 74.0000
   vertex 8.3302 -4.1080 74.0000
   vertex 7.4246 -3.0754 74.0000
  endloop
 endfacet
 facet normal 0.00000 0.00000 -1.00000
  outer loop
   vertex 0.0000 -10.5000 4.0000
   vertex 6.3920 -2.1698 4.0000
   vertex 7.4246 -3.0754 4.0000
  endloop
 endfacet
 facet normal 0.00000 0.00000 1.00000
  outer loop
   vertex 0.0000 -10.5000 74.0000
   vertex 7.4246 -3.0754 74.0000
   vertex 6.3920 -2.1698 74.0000
  endloop
 endfacet
 facet normal 0.00000 0.00000 -1.00000
  outer loop
   vertex 0.0000 -10.5000 4.0000
   vertex 5.2500 -1.4067 4.0000
   vertex 6.3920 -2.1698 4.0000
  endloop
 endfacet
 facet normal 0.00000 0.00000 1.00000
  outer loop
   vertex 0.0000 -10.5000 74.0000
   vertex 6.3920 -2.1698 74.0000
   vertex 5.2500 -1.4067 74.0000
  endloop
 endfacet
 facet normal 0.00000 0.00000 -1.00000
  outer loop
   vertex 0.0000 -10.5000 4.0000
   vertex 4.0182 -0.7993 4.0000
   vertex 5.2500 -1.4067 4.0000
  endloop
 endfacet
 facet normal 0.00000 0.00000 1.00000
  outer loop
   vertex 0.0000 -10.5000 74.0000
   vertex 5.2500 -1.4067 74.0000
   vertex 4.0182 -0.7993 74.0000
  endloop
 endfacet
 facet normal 0.00000 0.00000 -1.00000
  outer loop
   vertex 0.0000 -10.5000 4.0000
   vertex 2.7176 -0.3578 4.0000
   vertex 4.0182 -0.7993 4.0000
  endloop
 endfacet
 facet normal 0.00000 0.00000 1.00000
  outer loop
   vertex 0.0000 -10.5000 74.0000
   vertex 4.0182 -0.7993 74.0000
   vertex 2.7176 -0.3578 74.0000
  endloop
 endfacet
 facet normal 0.00000 0.00000 -1.00000
  outer loop
   vertex 0.0000 -10.5000 4.0000
   vertex 1.3705 -0.0898 4.0000
   vertex 2.7176 -0.3578 4.0000
  endloop
 endfacet
 facet normal 0.00000 0.00000 1.00000
  outer loop
   vertex 0.0000 -10.5000 74.0000
   vertex 2.7176 -0.3578 74.0000
   vertex 1.3705 -0.0898 74.0000
  endloop
 endfacet
 facet normal 0.00000 0.00000 -1.00000
  outer loop
   vertex 0.0000 -10.5000 4.0000
   vertex 0.0000 0.0000 4.0000
   vertex 1.3705 -0.0898 4.0000
  endloop
 endfacet
 facet normal 0.00000 0.00000 1.00000
  outer loop
   vertex 0.0000 -10.5000 74.0000
   vertex 1.3705 -0.0898 74.0000
   vertex 0.0000 0.0000 74.0000
  endloop
 endfacet
 facet normal 0.00000 0.00000 -1.00000
  outer loop
   vertex 0.0000 -10.5000 4.0000
   vertex -1.3705 -0.0898 4.0000
   vertex 0.0000 0.0000 4.0000
  endloop
 endfacet
 facet normal 0.00000 -0.00000 1.00000
  outer loop
   vertex 0.0000 -10.5000 74.0000
   vertex 0.0000 0.0000 74.0000
   vertex -1.3705 -0.0898 74.0000
  endloop
 endfacet
 facet normal 0.00000 0.00000 -1.00000
  outer loop
   vertex 0.0000 -10.5000 4.0000
   vertex -2.7176 -0.3578 4.0000
   vertex -1.3705 -0.0898 4.0000
  endloop
 endfacet
 facet normal 0.00000 0.00000 1.00000
  outer loop
   vertex 0.0000 -10.5000 74.0000
   vertex -1.3705 -0.0898 74.0000
   vertex -2.7176 -0.3578 74.0000
  endloop
 endfacet
 facet normal 0.00000 0.00000 -1.00000
  outer loop
   vertex 0.0000 -10.5000 4.0000
   vertex -4.0182 -0.7993 4.0000
   vertex -2.7176 -0.3578 4.0000
  endloop
 endfacet
 facet normal 0.00000 0.00000 1.00000
  outer loop
   vertex 0.0000 -10.5000 74.0000
   vertex -2.7176 -0.3578 74.0000
   vertex -4.0182 -0.7993 74.0000
  endloop
 endfacet
 facet normal 0.00000 0.00000 -1.00000
  outer loop
   vertex 0.0000 -10.5000 4.0000
   vertex -5.2500 -1.4067 4.0000
   vertex -4.0182 -0.7993 4.0000
  endloop
 endfacet
 facet normal 0.00000 0.00000 1.00000
  outer loop
   vertex 0.0000 -10.5000 74.0000
   vertex -4.0182 -0.7993 74.0000
   vertex -5.2500 -1.4067 74.0000
  endloop
 endfacet
 facet normal 0.00000 0.00000 -1.00000
  outer loop
   vertex 0.0000 -10.5000 4.0000
   vertex -6.3920 -2.1698 4.0000
   vertex -5.2500 -1.4067 4.0000
  endloop
 endfacet
 facet normal 0.00000 0.00000 1.00000
  outer loop
   vertex 0.0000 -10.5000 74.0000
   vertex -5.2500 -1.4067 74.0000
   vertex -6.3920 -2.1698 74.0000
  endloop
 endfacet
 facet normal 0.00000 0.00000 -1.00000
  outer loop
   vertex 0.0000 -10.5000 4.0000
   vertex -7.4246 -3.0754 4.0000
   vertex -6.3920 -2.1698 4.0000
  endloop
 endfacet
 facet normal 0.00000 0.00000 1.00000
  outer loop
   vertex 0.0000 -10.5000 74.0000
   vertex -6.3920 -2.1698 74.0000
   vertex -7.4246 -3.0754 74.0000
  endloop
 endfacet
 facet normal 0.00000 0.00000 -1.00000
  outer loop
   vertex 0.0000 -10.5000 4.0000
   vertex -8.3302 -4.1080 4.0000
   vertex -7.4246 -3.0754 4.0000
  endloop
 endfacet
 facet normal 0.00000 0.00000 1.00000
  outer loop
   vertex 0.0000 -10.5000 74.0000
   vertex -7.4246 -3.0754 74.0000
   vertex -8.3302 -4.1080 74.0000
  endloop
 endfacet
 facet normal 0.00000 0.00000 -1.00000
  outer loop
   vertex 0.0000 -10.5000 4.0000
   vertex -9.0933 -5.2500 4.0000
   vertex -8.3302 -4.1080 4.0000
  endloop
 endfacet
 facet normal 0.00000 0.00000 1.00000
  outer loop
   vertex 0.0000 -10.5000 74.0000
   vertex -8.3302 -4.1080 74.0000
   vertex -9.0933 -5.2500 74.0000
  endloop
 endfacet
 facet normal 0.00000 0.00000 -1.00000
  outer loop
   vertex 0.0000 -10.5000 4.0000
   vertex -9.7007 -6.4818 4.0000
   vertex -9.0933 -5.2500 4.0000
  endloop
 endfacet
 facet normal 0.00000 0.00000 1.00000
  outer loop
   vertex 0.0000 -10.5000 74.0000
   vertex -9.0933 -5.2500 74.0000
   vertex -9.7007 -6.4818 74.0000
  endloop
 endfacet
 facet normal 0.00000 0.00000 -1.00000
  outer loop
   vertex 0.0000 -10.5000 4.0000
   vertex -10.1422 -7.7824 4.0000
   vertex -9.7007 -6.4818 4.0000
  endloop
 endfacet
 facet normal 0.00000 0.00000 1.00000
  outer loop
   vertex 0.0000 -10.5000 74.0000
   vertex -9.7007 -6.4818 74.0000
   vertex -10.1422 -7.7824 74.0000
  endloop
 endfacet
 facet normal 0.00000 0.00000 -1.00000
  outer loop
   vertex 0.0000 -10.5000 4.0000
   vertex -10.4102 -9.1295 4.0000
   vertex -10.1422 -7.7824 4.0000
  endloop
 endfacet
 facet normal 0.00000 0.00000 1.00000
  outer loop
   vertex 0.0000 -10.5000 74.0000
   vertex -10.1422 -7.7824 74.0000
   vertex -10.4102 -9.1295 74.0000
  endloop
 endfacet
 facet normal 0.00000 0.00000 -1.00000
  outer loop
   vertex 0.0000 -10.5000 4.0000
   vertex -10.5000 -10.5000 4.0000
   vertex -10.4102 -9.1295 4.0000
  endloop
 endfacet
 facet normal 0.00000 0.00000 1.00000
  outer loop
   vertex 0.0000 -10.5000 74.0000
   vertex -10.4102 -9.1295 74.0000
   vertex -10.5000 -10.5000 74.0000
  endloop
 endfacet
 facet normal -0.00000 0.00000 -1.00000
  outer loop
   vertex 0.0000 -10.5000 4.0000
   vertex -10.4102 -11.8705 4.0000
   vertex -10.5000 -10.5000 4.0000
  endloop
 endfacet
 facet normal 0.00000 0.00000 1.00000
  outer loop
   vertex 0.0000 -10.5000 74.0000
   vertex -10.5000 -10.5000 74.0000
   vertex -10.4102 -11.8705 74.0000
  endloop
 endfacet
 facet normal 0.00000 0.00000 -1.00000
  outer loop
   vertex 0.0000 -10.5000 4.0000
   vertex -10.1422 -13.2176 4.0000
   vertex -10.4102 -11.8705 4.0000
  endloop
 endfacet
 facet normal 0.00000 0.00000 1.00000
  outer loop
   vertex 0.0000 -10.5000 74.0000
   vertex -10.4102 -11.8705 74.0000
   vertex -10.1422 -13.2176 74.0000
  endloop
 endfacet
 facet normal 0.00000 0.00000 -1.00000
  outer loop
   vertex 0.0000 -10.5000 4.0000
   vertex -9.7007 -14.5182 4.0000
   vertex -10.1422 -13.2176 4.0000
  endloop
 endfacet
 facet normal 0.00000 0.00000 1.00000
  outer loop
   vertex 0.0000 -10.5000 74.0000
   vertex -10.1422 -13.2176 74.0000
   vertex -9.7007 -14.5182 74.0000
  endloop
 endfacet
 facet normal 0.00000 0.00000 -1.00000
  outer loop
   vertex 0.0000 -10.5000 4.0000
   vertex -9.0933 -15.7500 4.0000
   vertex -9.7007 -14.5182 4.0000
  endloop
 endfacet
 facet normal 0.00000 0.00000 1.00000
  outer loop
   vertex 0.0000 -10.5000 74.0000
   vertex -9.7007 -14.5182 74.0000
   vertex -9.0933 -15.7500 74.0000
  endloop
 endfacet
 facet normal 0.00000 0.00000 -1.00000
  outer loop
   vertex 0.0000 -10.5000 4.0000
   vertex -8.3302 -16.8920 4.0000
   vertex -9.0933 -15.7500 4.0000
  endloop
 endfacet
 facet normal 0.00000 0.00000 1.00000
  outer loop
   vertex 0.0000 -10.5000 74.0000
   vertex -9.0933 -15.7500 74.0000
   vertex -8.3302 -16.8920 74.0000
  endloop
 endfacet
 facet normal 0.00000 0.00000 -1.00000
  outer loop
   vertex 0.0000 -10.5000 4.0000
   vertex -7.4246 -17.9246 4.0000
   vertex -8.3302 -16.8920 4.0000
  endloop
 endfacet
 facet normal 0.00000 0.00000 1.00000
  outer loop
   vertex 0.0000 -10.5000 74.0000
   vertex -8.3302 -16.8920 74.0000
   vertex -7.4246 -17.9246 74.0000
  endloop
 endfacet
 facet normal 0.00000 0.00000 -1.00000
  outer loop
   vertex 0.0000 -10.5000 4.0000
   vertex -6.3920 -18.8302 4.0000
   vertex -7.4246 -17.9246 4.0000
  endloop
 endfacet
 facet normal 0.00000 0.00000 1.00000
  outer loop
   vertex 0.0000 -10.5000 74.0000
   vertex -7.4246 -17.9246 74.0000
   vertex -6.3920 -18.8302 74.0000
  endloop
 endfacet
 facet normal 0.00000 0.00000 -1.00000
  outer loop
   vertex 0.0000 -10.5000 4.0000
   vertex -5.2500 -19.5933 4.0000
   vertex -6.3920 -18.8302 4.0000
  endloop
 endfacet
 facet normal 0.00000 0.00000 1.00000
  outer loop
   vertex 0.0000 -10.5000 74.0000
   vertex -6.3920 -18.8302 74.0000
   vertex -5.2500 -19.5933 74.0000
  endloop
 endfacet
 facet normal 0.00000 0.00000 -1.00000
  outer loop
   vertex 0.0000 -10.5000 4.0000
   vertex -4.0182 -20.2007 4.0000
   vertex -5.2500 -19.5933 4.0000
  endloop
 endfacet
 facet normal 0.00000 0.00000 1.00000
  outer loop
   vertex 0.0000 -10.5000 74.0000
   vertex -5.2500 -19.5933 74.0000
   vertex -4.0182 -20.2007 74.0000
  endloop
 endfacet
 facet normal 0.00000 0.00000 -1.00000
  outer loop
   vertex 0.0000 -10.5000 4.0000
   vertex -2.7176 -20.6422 4.0000
   vertex -4.0182 -20.2007 4.0000
  endloop
 endfacet
 facet normal 0.00000 0.00000 1.00000
  outer loop
   vertex 0.0000 -10.5000 74.0000
   vertex -4.0182 -20.2007 74.0000
   vertex -2.7176 -20.6422 74.0000
  endloop
 endfacet
 facet normal 0.00000 0.00000 -1.00000
  outer loop
   vertex 0.0000 -10.5000 4.0000
   vertex -1.3705 -20.9102 4.0000
   vertex -2.7176 -20.6422 4.0000
  endloop
 endfacet
 facet normal 0.00000 0.00000 1.00000
  outer loop
   vertex 0.0000 -10.5000 74.0000
   vertex -2.7176 -20.6422 74.0000
   vertex -1.3705 -20.9102 74.0000
  endloop
 endfacet
 facet normal 0.00000 0.00000 -1.00000
  outer loop
   vertex 0.0000 -10.5000 4.0000
   vertex -0.0000 -21.0000 4.0000
   vertex -1.3705 -20.9102 4.0000
  endloop
 endfacet
 facet normal 0.00000 0.00000 1.00000
  outer loop
   vertex 0.0000 -10.5000 74.0000
   vertex -1.3705 -20.9102 74.0000
   vertex -0.0000 -21.0000 74.0000
  endloop
 endfacet
 facet normal 0.00000 -0.00000 -1.00000
  outer loop
   vertex 0.0000 -10.5000 4.0000
   vertex 1.3705 -20.9102 4.0000
   vertex -0.0000 -21.0000 4.0000
  endloop
 endfacet
 facet normal 0.00000 0.00000 1.00000
  outer loop
   vertex 0.0000 -10.5000 74.0000
   vertex -0.0000 -21.0000 74.0000
   vertex 1.3705 -20.9102 74.0000
  endloop
 endfacet
 facet normal 0.00000 0.00000 -1.00000
  outer loop
   vertex 0.0000 -10.5000 4.0000
   vertex 2.7176 -20.6422 4.0000
   vertex 1.3705 -20.9102 4.0000
  endloop
 endfacet
 facet normal 0.00000 0.00000 1.00000
  outer loop
   vertex 0.0000 -10.5000 74.0000
   vertex 1.3705 -20.9102 74.0000
   vertex 2.7176 -20.6422 74.0000
  endloop
 endfacet
 facet normal 0.00000 0.00000 -1.00000
  outer loop
   vertex 0.0000 -10.5000 4.0000
   vertex 4.0182 -20.2007 4.0000
   vertex 2.7176 -20.6422 4.0000
  endloop
 endfacet
 facet normal 0.00000 0.00000 1.00000
  outer loop
   vertex 0.0000 -10.5000 74.0000
   vertex 2.7176 -20.6422 74.0000
   vertex 4.0182 -20.2007 74.0000
  endloop
 endfacet
 facet normal 0.00000 0.00000 -1.00000
  outer loop
   vertex 0.0000 -10.5000 4.0000
   vertex 5.2500 -19.5933 4.0000
   vertex 4.0182 -20.2007 4.0000
  endloop
 endfacet
 facet normal 0.00000 0.00000 1.00000
  outer loop
   vertex 0.0000 -10.5000 74.0000
   vertex 4.0182 -20.2007 74.0000
   vertex 5.2500 -19.5933 74.0000
  endloop
 endfacet
 facet normal 0.00000 0.00000 -1.00000
  outer loop
   vertex 0.0000 -10.5000 4.0000
   vertex 6.3920 -18.8302 4.0000
   vertex 5.2500 -19.5933 4.0000
  endloop
 endfacet
 facet normal 0.00000 0.00000 1.00000
  outer loop
   vertex 0.0000 -10.5000 74.0000
   vertex 5.2500 -19.5933 74.0000
   vertex 6.3920 -18.8302 74.0000
  endloop
 endfacet
 facet normal 0.00000 0.00000 -1.00000
  outer loop
   vertex 0.0000 -10.5000 4.0000
   vertex 7.4246 -17.9246 4.0000
   vertex 6.3920 -18.8302 4.0000
  endloop
 endfacet
 facet normal 0.00000 0.00000 1.00000
  outer loop
   vertex 0.0000 -10.5000 74.0000
   vertex 6.3920 -18.8302 74.0000
   vertex 7.4246 -17.9246 74.0000
  endloop
 endfacet
 facet normal 0.00000 0.00000 -1.00000
  outer loop
   vertex 0.0000 -10.5000 4.0000
   vertex 8.3302 -16.8920 4.0000
   vertex 7.4246 -17.9246 4.0000
  endloop
 endfacet
 facet normal 0.00000 0.00000 1.00000
  outer loop
   vertex 0.0000 -10.5000 74.0000
   vertex 7.4246 -17.9246 74.0000
   vertex 8.3302 -16.8920 74.0000
  endloop
 endfacet
 facet normal 0.00000 0.00000 -1.00000
  outer loop
   vertex 0.0000 -10.5000 4.0000
   vertex 9.0933 -15.7500 4.0000
   vertex 8.3302 -16.8920 4.0000
  endloop
 endfacet
 facet normal 0.00000 0.00000 1.00000
  outer loop
   vertex 0.0000 -10.5000 74.0000
   vertex 8.3302 -16.8920 74.0000
   vertex 9.0933 -15.7500 74.0000
  endloop
 endfacet
 facet normal 0.00000 0.00000 -1.00000
  outer loop
   vertex 0.0000 -10.5000 4.0000
   vertex 9.7007 -14.5182 4.0000
   vertex 9.0933 -15.7500 4.0000
  endloop
 endfacet
 facet normal 0.00000 0.00000 1.00000
  outer loop
   vertex 0.0000 -10.5000 74.0000
   vertex 9.0933 -15.7500 74.0000
   vertex 9.7007 -14.5182 74.0000
  endloop
 endfacet
 facet normal 0.00000 0.00000 -1.00000
  outer loop
   vertex 0.0000 -10.5000 4.0000
   vertex 10.1422 -13.2176 4.0000
   vertex 9.7007 -14.5182 4.0000
  endloop
 endfacet
 facet normal 0.00000 0.00000 1.00000
  outer loop
   vertex 0.0000 -10.5000 74.0000
   vertex 9.7007 -14.5182 74.0000
   vertex 10.1422 -13.2176 74.0000
  endloop
 endfacet
 facet normal 0.00000 0.00000 -1.00000
  outer loop
   vertex 0.0000 -10.5000 4.0000
   vertex 10.4102 -11.8705 4.0000
   vertex 10.1422 -13.2176 4.0000
  endloop
 endfacet
 facet normal 0.00000 0.00000 1.00000
  outer loop
   vertex 0.0000 -10.5000 74.0000
   vertex 10.1422 -13.2176 74.0000
   vertex 10.4102 -11.8705 74.0000
  endloop
 endfacet
 facet normal 0.00000 0.00000 -1.00000
  outer loop
   vertex 0.0000 -10.5000 4.0000
   vertex 10.5000 -10.5000 4.0000
   vertex 10.4102 -11.8705 4.0000
  endloop
 endfacet
 facet normal -0.00000 0.00000 1.00000
  outer loop
   vertex 0.0000 -10.5000 74.0000
   vertex 10.4102 -11.8705 74.0000
   vertex 10.5000 -10.5000 74.0000
  endloop
 endfacet
 facet normal 0.99786 0.06540 0.00000
  outer loop
   vertex 10.5000 10.5000 4.0000
   vertex 10.4102 11.8705 4.0000
   vertex 10.4102 11.8705 74.0000
  endloop
 endfacet
 facet normal 0.99786 0.06540 -0.00000
  outer loop
   vertex 10.5000 10.5000 4.0000
   vertex 10.4102 11.8705 74.0000
   vertex 10.5000 10.5000 74.0000
  endloop
 endfacet
 facet normal 0.98079 0.19509 0.00000
  outer loop
   vertex 10.4102 11.8705 4.0000
   vertex 10.1422 13.2176 4.0000
   vertex 10.1422 13.2176 74.0000
  endloop
 endfacet
 facet normal 0.98079 0.19509 -0.00000
  outer loop
   vertex 10.4102 11.8705 4.0000
   vertex 10.1422 13.2176 74.0000
   vertex 10.4102 11.8705 74.0000
  endloop
 endfacet
 facet normal 0.94693 0.32144 0.00000
  outer loop
   vertex 10.1422 13.2176 4.0000
   vertex 9.7007 14.5182 4.0000
   vertex 9.7007 14.5182 74.0000
  endloop
 endfacet
 facet normal 0.94693 0.32144 -0.00000
  outer loop
   vertex 10.1422 13.2176 4.0000
   vertex 9.7007 14.5182 74.0000
   vertex 10.1422 13.2176 74.0000
  endloop
 endfacet
 facet normal 0.89687 0.44229 0.00000
  outer loop
   vertex 9.7007 14.5182 4.0000
   vertex 9.0933 15.7500 4.0000
   vertex 9.0933 15.7500 74.0000
  endloop
 endfacet
 facet normal 0.89687 0.44229 -0.00000
  outer loop
   vertex 9.7007 14.5182 4.0000
   vertex 9.0933 15.7500 74.0000
   vertex 9.7007 14.5182 74.0000
  endloop
 endfacet
 facet normal 0.83147 0.55557 0.00000
  outer loop
   vertex 9.0933 15.7500 4.0000
   vertex 8.3302 16.8920 4.0000
   vertex 8.3302 16.8920 74.0000
  endloop
 endfacet
 facet normal 0.83147 0.55557 -0.00000
  outer loop
   vertex 9.0933 15.7500 4.0000
   vertex 8.3302 16.8920 74.0000
   vertex 9.0933 15.7500 74.0000
  endloop
 endfacet
 facet normal 0.75184 0.65935 0.00000
  outer loop
   vertex 8.3302 16.8920 4.0000
   vertex 7.4246 17.9246 4.0000
   vertex 7.4246 17.9246 74.0000
  endloop
 endfacet
 facet normal 0.75184 0.65935 -0.00000
  outer loop
   vertex 8.3302 16.8920 4.0000
   vertex 7.4246 17.9246 74.0000
   vertex 8.3302 16.8920 74.0000
  endloop
 endfacet
 facet normal 0.65935 0.75184 0.00000
  outer loop
   vertex 7.4246 17.9246 4.0000
   vertex 6.3920 18.8302 4.0000
   vertex 6.3920 18.8302 74.0000
  endloop
 endfacet
 facet normal 0.65935 0.75184 -0.00000
  outer loop
   vertex 7.4246 17.9246 4.0000
   vertex 6.3920 18.8302 74.0000
   vertex 7.4246 17.9246 74.0000
  endloop
 endfacet
 facet normal 0.55557 0.83147 0.00000
  outer loop
   vertex 6.3920 18.8302 4.0000
   vertex 5.2500 19.5933 4.0000
   vertex 5.2500 19.5933 74.0000
  endloop
 endfacet
 facet normal 0.55557 0.83147 -0.00000
  outer loop
   vertex 6.3920 18.8302 4.0000
   vertex 5.2500 19.5933 74.0000
   vertex 6.3920 18.8302 74.0000
  endloop
 endfacet
 facet normal 0.44229 0.89687 0.00000
  outer loop
   vertex 5.2500 19.5933 4.0000
   vertex 4.0182 20.2007 4.0000
   vertex 4.0182 20.2007 74.0000
  endloop
 endfacet
 facet normal 0.44229 0.89687 -0.00000
  outer loop
   vertex 5.2500 19.5933 4.0000
   vertex 4.0182 20.2007 74.0000
   vertex 5.2500 19.5933 74.0000
  endloop
 endfacet
 facet normal 0.32144 0.94693 0.00000
  outer loop
   vertex 4.0182 20.2007 4.0000
   vertex 2.7176 20.6422 4.0000
   vertex 2.7176 20.6422 74.0000
  endloop
 endfacet
 facet normal 0.32144 0.94693 -0.00000
  outer loop
   vertex 4.0182 20.2007 4.0000
   vertex 2.7176 20.6422 74.0000
   vertex 4.0182 20.2007 74.0000
  endloop
 endfacet
 facet normal 0.19509 0.98079 0.00000
  outer loop
   vertex 2.7176 20.6422 4.0000
   vertex 1.3705 20.9102 4.0000
   vertex 1.3705 20.9102 74.0000
  endloop
 endfacet
 facet normal 0.19509 0.98079 -0.00000
  outer loop
   vertex 2.7176 20.6422 4.0000
   vertex 1.3705 20.9102 74.0000
   vertex 2.7176 20.6422 74.0000
  endloop
 endfacet
 facet normal 0.06540 0.99786 0.00000
  outer loop
   vertex 1.3705 20.9102 4.0000
   vertex 0.0000 21.0000 4.0000
   vertex 0.0000 21.0000 74.0000
  endloop
 endfacet
 facet normal 0.06540 0.99786 -0.00000
  outer loop
   vertex 1.3705 20.9102 4.0000
   vertex 0.0000 21.0000 74.0000
   vertex 1.3705 20.9102 74.0000
  endloop
 endfacet
 facet normal -0.06540 0.99786 0.00000
  outer loop
   vertex 0.0000 21.0000 4.0000
   vertex -1.3705 20.9102 4.0000
   vertex -1.3705 20.9102 74.0000
  endloop
 endfacet
 facet normal -0.06540 0.99786 0.00000
  outer loop
   vertex 0.0000 21.0000 4.0000
   vertex -1.3705 20.9102 74.0000
   vertex 0.0000 21.0000 74.0000
  endloop
 endfacet
 facet normal -0.19509 0.98079 0.00000
  outer loop
   vertex -1.3705 20.9102 4.0000
   vertex -2.7176 20.6422 4.0000
   vertex -2.7176 20.6422 74.0000
  endloop
 endfacet
 facet normal -0.19509 0.98079 0.00000
  outer loop
   vertex -1.3705 20.9102 4.0000
   vertex -2.7176 20.6422 74.0000
   vertex -1.3705 20.9102 74.0000
  endloop
 endfacet
 facet normal -0.32144 0.94693 0.00000
  outer loop
   vertex -2.7176 20.6422 4.0000
   vertex -4.0182 20.2007 4.0000
   vertex -4.0182 20.2007 74.0000
  endloop
 endfacet
 facet normal -0.32144 0.94693 0.00000
  outer loop
   vertex -2.7176 20.6422 4.0000
   vertex -4.0182 20.2007 74.0000
   vertex -2.7176 20.6422 74.0000
  endloop
 endfacet
 facet normal -0.44229 0.89687 0.00000
  outer loop
   vertex -4.0182 20.2007 4.0000
   vertex -5.2500 19.5933 4.0000
   vertex -5.2500 19.5933 74.0000
  endloop
 endfacet
 facet normal -0.44229 0.89687 0.00000
  outer loop
   vertex -4.0182 20.2007 4.0000
   vertex -5.2500 19.5933 74.0000
   vertex -4.0182 20.2007 74.0000
  endloop
 endfacet
 facet normal -0.55557 0.83147 0.00000
  outer loop
   vertex -5.2500 19.5933 4.0000
   vertex -6.3920 18.8302 4.0000
   vertex -6.3920 18.8302 74.0000
  endloop
 endfacet
 facet normal -0.55557 0.83147 0.00000
  outer loop
   vertex -5.2500 19.5933 4.0000
   vertex -6.3920 18.8302 74.0000
   vertex -5.2500 19.5933 74.0000
  endloop
 endfacet
 facet normal -0.65935 0.75184 0.00000
  outer loop
   vertex -6.3920 18.8302 4.0000
   vertex -7.4246 17.9246 4.0000
   vertex -7.4246 17.9246 74.0000
  endloop
 endfacet
 facet normal -0.65935 0.75184 0.00000
  outer loop
   vertex -6.3920 18.8302 4.0000
   vertex -7.4246 17.9246 74.0000
   vertex -6.3920 18.8302 74.0000
  endloop
 endfacet
 facet normal -0.75184 0.65935 0.00000
  outer loop
   vertex -7.4246 17.9246 4.0000
   vertex -8.3302 16.8920 4.0000
   vertex -8.3302 16.8920 74.0000
  endloop
 endfacet
 facet normal -0.75184 0.65935 0.00000
  outer loop
   vertex -7.4246 17.9246 4.0000
   vertex -8.3302 16.8920 74.0000
   vertex -7.4246 17.9246 74.0000
  endloop
 endfacet
 facet normal -0.83147 0.55557 0.00000
  outer loop
   vertex -8.3302 16.8920 4.0000
   vertex -9.0933 15.7500 4.0000
   vertex -9.0933 15.7500 74.0000
  endloop
 endfacet
 facet normal -0.83147 0.55557 0.00000
  outer loop
   vertex -8.3302 16.8920 4.0000
   vertex -9.0933 15.7500 74.0000
   vertex -8.3302 16.8920 74.0000
  endloop
 endfacet
 facet normal -0.89687 0.44229 0.00000
  outer loop
   vertex -9.0933 15.7500 4.0000
   vertex -9.7007 14.5182 4.0000
   vertex -9.7007 14.5182 74.0000
  endloop
 endfacet
 facet normal -0.89687 0.44229 0.00000
  outer loop
   vertex -9.0933 15.7500 4.0000
   vertex -9.7007 14.5182 74.0000
   vertex -9.0933 15.7500 74.0000
  endloop
 endfacet
 facet normal -0.94693 0.32144 0.00000
  outer loop
   vertex -9.7007 14.5182 4.0000
   vertex -10.1422 13.2176 4.0000
   vertex -10.1422 13.2176 74.0000
  endloop
 endfacet
 facet normal -0.94693 0.32144 0.00000
  outer loop
   vertex -9.7007 14.5182 4.0000
   vertex -10.1422 13.2176 74.0000
   vertex -9.7007 14.5182 74.0000
  endloop
 endfacet
 facet normal -0.98079 0.19509 0.00000
  outer loop
   vertex -10.1422 13.2176 4.0000
   vertex -10.4102 11.8705 4.0000
   vertex -10.4102 11.8705 74.0000
  endloop
 endfacet
 facet normal -0.98079 0.19509 0.00000
  outer loop
   vertex -10.1422 13.2176 4.0000
   vertex -10.4102 11.8705 74.0000
   vertex -10.1422 13.2176 74.0000
  endloop
 endfacet
 facet normal -0.99786 0.06540 0.00000
  outer loop
   vertex -10.4102 11.8705 4.0000
   vertex -10.5000 10.5000 4.0000
   vertex -10.5000 10.5000 74.0000
  endloop
 endfacet
 facet normal -0.99786 0.06540 0.00000
  outer loop
   vertex -10.4102 11.8705 4.0000
   vertex -10.5000 10.5000 74.0000
   vertex -10.4102 11.8705 74.0000
  endloop
 endfacet
 facet normal -0.99786 -0.06540 0.00000
  outer loop
   vertex -10.5000 10.5000 4.0000
   vertex -10.4102 9.1295 4.0000
   vertex -10.4102 9.1295 74.0000
  endloop
 endfacet
 facet normal -0.99786 -0.06540 0.00000
  outer loop
   vertex -10.5000 10.5000 4.0000
   vertex -10.4102 9.1295 74.0000
   vertex -10.5000 10.5000 74.0000
  endloop
 endfacet
 facet normal -0.98079 -0.19509 0.00000
  outer loop
   vertex -10.4102 9.1295 4.0000
   vertex -10.1422 7.7824 4.0000
   vertex -10.1422 7.7824 74.0000
  endloop
 endfacet
 facet normal -0.98079 -0.19509 0.00000
  outer loop
   vertex -10.4102 9.1295 4.0000
   vertex -10.1422 7.7824 74.0000
   vertex -10.4102 9.1295 74.0000
  endloop
 endfacet
 facet normal -0.94693 -0.32144 0.00000
  outer loop
   vertex -10.1422 7.7824 4.0000
   vertex -9.7007 6.4818 4.0000
   vertex -9.7007 6.4818 74.0000
  endloop
 endfacet
 facet normal -0.94693 -0.32144 0.00000
  outer loop
   vertex -10.1422 7.7824 4.0000
   vertex -9.7007 6.4818 74.0000
   vertex -10.1422 7.7824 74.0000
  endloop
 endfacet
 facet normal -0.89687 -0.44229 0.00000
  outer loop
   vertex -9.7007 6.4818 4.0000
   vertex -9.0933 5.2500 4.0000
   vertex -9.0933 5.2500 74.0000
  endloop
 endfacet
 facet normal -0.89687 -0.44229 0.00000
  outer loop
   vertex -9.7007 6.4818 4.0000
   vertex -9.0933 5.2500 74.0000
   vertex -9.7007 6.4818 74.0000
  endloop
 endfacet
 facet normal -0.83147 -0.55557 0.00000
  outer loop
   vertex -9.0933 5.2500 4.0000
   vertex -8.3302 4.1080 4.0000
   vertex -8.3302 4.1080 74.0000
  endloop
 endfacet
 facet normal -0.83147 -0.55557 0.00000
  outer loop
   vertex -9.0933 5.2500 4.0000
   vertex -8.3302 4.1080 74.0000
   vertex -9.0933 5.2500 74.0000
  endloop
 endfacet
 facet normal -0.75184 -0.65935 0.00000
  outer loop
   vertex -8.3302 4.1080 4.0000
   vertex -7.4246 3.0754 4.0000
   vertex -7.4246 3.0754 74.0000
  endloop
 endfacet
 facet normal -0.75184 -0.65935 0.00000
  outer loop
   vertex -8.3302 4.1080 4.0000
   vertex -7.4246 3.0754 74.0000
   vertex -8.3302 4.1080 74.0000
  endloop
 endfacet
 facet normal -0.65935 -0.75184 0.00000
  outer loop
   vertex -7.4246 3.0754 4.0000
   vertex -6.3920 2.1698 4.0000
   vertex -6.3920 2.1698 74.0000
  endloop
 endfacet
 facet normal -0.65935 -0.75184 0.00000
  outer loop
   vertex -7.4246 3.0754 4.0000
   vertex -6.3920 2.1698 74.0000
   vertex -7.4246 3.0754 74.0000
  endloop
 endfacet
 facet normal -0.55557 -0.83147 0.00000
  outer loop
   vertex -6.3920 2.1698 4.0000
   vertex -5.2500 1.4067 4.0000
   vertex -5.2500 1.4067 74.0000
  endloop
 endfacet
 facet normal -0.55557 -0.83147 0.00000
  outer loop
   vertex -6.3920 2.1698 4.0000
   vertex -5.2500 1.4067 74.0000
   vertex -6.3920 2.1698 74.0000
  endloop
 endfacet
 facet normal -0.44229 -0.89687 0.00000
  outer loop
   vertex -5.2500 1.4067 4.0000
   vertex -4.0182 0.7993 4.0000
   vertex -4.0182 0.7993 74.0000
  endloop
 endfacet
 facet normal -0.44229 -0.89687 0.00000
  outer loop
   vertex -5.2500 1.4067 4.0000
   vertex -4.0182 0.7993 74.0000
   vertex -5.2500 1.4067 74.0000
  endloop
 endfacet
 facet normal -0.32144 -0.94693 0.00000
  outer loop
   vertex -4.0182 0.7993 4.0000
   vertex -2.7176 0.3578 4.0000
   vertex -2.7176 0.3578 74.0000
  endloop
 endfacet
 facet normal -0.32144 -0.94693 0.00000
  outer loop
   vertex -4.0182 0.7993 4.0000
   vertex -2.7176 0.3578 74.0000
   vertex -4.0182 0.7993 74.0000
  endloop
 endfacet
 facet normal -0.19509 -0.98079 0.00000
  outer loop
   vertex -2.7176 0.3578 4.0000
   vertex -1.3705 0.0898 4.0000
   vertex -1.3705 0.0898 74.0000
  endloop
 endfacet
 facet normal -0.19509 -0.98079 0.00000
  outer loop
   vertex -2.7176 0.3578 4.0000
   vertex -1.3705 0.0898 74.0000
   vertex -2.7176 0.3578 74.0000
  endloop
 endfacet
 facet normal -0.06540 -0.99786 0.00000
  outer loop
   vertex -1.3705 0.0898 4.0000
   vertex -0.0000 0.0000 4.0000
   vertex -0.0000 0.0000 74.0000
  endloop
 endfacet
 facet normal -0.06540 -0.99786 0.00000
  outer loop
   vertex -1.3705 0.0898 4.0000
   vertex -0.0000 0.0000 74.0000
   vertex -1.3705 0.0898 74.0000
  endloop
 endfacet
 facet normal 0.06540 -0.99786 0.00000
  outer loop
   vertex -0.0000 0.0000 4.0000
   vertex 1.3705 0.0898 4.0000
   vertex 1.3705 0.0898 74.0000
  endloop
 endfacet
 facet normal 0.06540 -0.99786 0.00000
  outer loop
   vertex -0.0000 0.0000 4.0000
   vertex 1.3705 0.0898 74.0000
   vertex -0.0000 0.0000 74.0000
  endloop
 endfacet
 facet normal 0.19509 -0.98079 0.00000
  outer loop
   vertex 1.3705 0.0898 4.0000
   vertex 2.7176 0.3578 4.0000
   vertex 2.7176 0.3578 74.0000
  endloop
 endfacet
 facet normal 0.19509 -0.98079 0.00000
  outer loop
   vertex 1.3705 0.0898 4.0000
   vertex 2.7176 0.3578 74.0000
   vertex 1.3705 0.0898 74.0000
  endloop
 endfacet
 facet normal 0.32144 -0.94693 0.00000
  outer loop
   vertex 2.7176 0.3578 4.0000
   vertex 4.0182 0.7993 4.0000
   vertex 4.0182 0.7993 74.0000
  endloop
 endfacet
 facet normal 0.32144 -0.94693 0.00000
  outer loop
   vertex 2.7176 0.3578 4.0000
   vertex 4.0182 0.7993 74.0000
   vertex 2.7176 0.3578 74.0000
  endloop
 endfacet
 facet normal 0.44229 -0.89687 0.00000
  outer loop
   vertex 4.0182 0.7993 4.0000
   vertex 5.2500 1.4067 4.0000
   vertex 5.2500 1.4067 74.0000
  endloop
 endfacet
 facet normal 0.44229 -0.89687 0.00000
  outer loop
   vertex 4.0182 0.7993 4.0000
   vertex 5.2500 1.4067 74.0000
   vertex 4.0182 0.7993 74.0000
  endloop
 endfacet
 facet normal 0.55557 -0.83147 0.00000
  outer loop
   vertex 5.2500 1.4067 4.0000
   vertex 6.3920 2.1698 4.0000
   vertex 6.3920 2.1698 74.0000
  endloop
 endfacet
 facet normal 0.55557 -0.83147 0.00000
  outer loop
   vertex 5.2500 1.4067 4.0000
   vertex 6.3920 2.1698 74.0000
   vertex 5.2500 1.4067 74.0000
  endloop
 endfacet
 facet normal 0.65935 -0.75184 0.00000
  outer loop
   vertex 6.3920 2.1698 4.0000
   vertex 7.4246 3.0754 4.0000
   vertex 7.4246 3.0754 74.0000
  endloop
 endfacet
 facet normal 0.65935 -0.75184 0.00000
  outer loop
   vertex 6.3920 2.1698 4.0000
   vertex 7.4246 3.0754 74.0000
   vertex 6.3920 2.1698 74.0000
  endloop
 endfacet
 facet normal 0.75184 -0.65935 0.00000
  outer loop
   vertex 7.4246 3.0754 4.0000
   vertex 8.3302 4.1080 4.0000
   vertex 8.3302 4.1080 74.0000
  endloop
 endfacet
 facet normal 0.75184 -0.65935 0.00000
  outer loop
   vertex 7.4246 3.0754 4.0000
   vertex 8.3302 4.1080 74.0000
   vertex 7.4246 3.0754 74.0000
  endloop
 endfacet
 facet normal 0.83147 -0.55557 0.00000
  outer loop
   vertex 8.3302 4.1080 4.0000
   vertex 9.0933 5.2500 4.0000
   vertex 9.0933 5.2500 74.0000
  endloop
 endfacet
 facet normal 0.83147 -0.55557 0.00000
  outer loop
   vertex 8.3302 4.1080 4.0000
   vertex 9.0933 5.2500 74.0000
   vertex 8.3302 4.1080 74.0000
  endloop
 endfacet
 facet normal 0.89687 -0.44229 0.00000
  outer loop
   vertex 9.0933 5.2500 4.0000
   vertex 9.7007 6.4818 4.0000
   vertex 9.7007 6.4818 74.0000
  endloop
 endfacet
 facet normal 0.89687 -0.44229 0.00000
  outer loop
   vertex 9.0933 5.2500 4.0000
   vertex 9.7007 6.4818 74.0000
   vertex 9.0933 5.2500 74.0000
  endloop
 endfacet
 facet normal 0.94693 -0.32144 0.00000
  outer loop
   vertex 9.7007 6.4818 4.0000
   vertex 10.1422 7.7824 4.0000
   vertex 10.1422 7.7824 74.0000
  endloop
 endfacet
 facet normal 0.94693 -0.32144 0.00000
  outer loop
   vertex 9.7007 6.4818 4.0000
   vertex 10.1422 7.7824 74.0000
   vertex 9.7007 6.4818 74.0000
  endloop
 endfacet
 facet normal 0.98079 -0.19509 0.00000
  outer loop
   vertex 10.1422 7.7824 4.0000
   vertex 10.4102 9.1295 4.0000
   vertex 10.4102 9.1295 74.0000
  endloop
 endfacet
 facet normal 0.98079 -0.19509 0.00000
  outer loop
   vertex 10.1422 7.7824 4.0000
   vertex 10.4102 9.1295 74.0000
   vertex 10.1422 7.7824 74.0000
  endloop
 endfacet
 facet normal 0.99786 -0.06540 0.00000
  outer loop
   vertex 10.4102 9.1295 4.0000
   vertex 10.5000 10.5000 4.0000
   vertex 10.5000 10.5000 74.0000
  endloop
 endfacet
 facet normal 0.99786 -0.06540 0.00000
  outer loop
   vertex 10.4102 9.1295 4.0000
   vertex 10.5000 10.5000 74.0000
   vertex 10.4102 9.1295 74.0000
  endloop
 endfacet
 facet normal 0.00000 0.00000 -1.00000
  outer loop
   vertex 0.0000 10.5000 4.0000
   vertex 10.4102 11.8705 4.0000
   vertex 10.5000 10.5000 4.0000
  endloop
 endfacet
 facet normal 0.00000 0.00000 1.00000
  outer loop
   vertex 0.0000 10.5000 74.0000
   vertex 10.5000 10.5000 74.0000
   vertex 10.4102 11.8705 74.0000
  endloop
 endfacet
 facet normal 0.00000 0.00000 -1.00000
  outer loop
   vertex 0.0000 10.5000 4.0000
   vertex 10.1422 13.2176 4.0000
   vertex 10.4102 11.8705 4.0000
  endloop
 endfacet
 facet normal 0.00000 0.00000 1.00000
  outer loop
   vertex 0.0000 10.5000 74.0000
   vertex 10.4102 11.8705 74.0000
   vertex 10.1422 13.2176 74.0000
  endloop
 endfacet
 facet normal 0.00000 0.00000 -1.00000
  outer loop
   vertex 0.0000 10.5000 4.0000
   vertex 9.7007 14.5182 4.0000
   vertex 10.1422 13.2176 4.0000
  endloop
 endfacet
 facet normal 0.00000 0.00000 1.00000
  outer loop
   vertex 0.0000 10.5000 74.0000
   vertex 10.1422 13.2176 74.0000
   vertex 9.7007 14.5182 74.0000
  endloop
 endfacet
 facet normal 0.00000 0.00000 -1.00000
  outer loop
   vertex 0.0000 10.5000 4.0000
   vertex 9.0933 15.7500 4.0000
   vertex 9.7007 14.5182 4.0000
  endloop
 endfacet
 facet normal 0.00000 0.00000 1.00000
  outer loop
   vertex 0.0000 10.5000 74.0000
   vertex 9.7007 14.5182 74.0000
   vertex 9.0933 15.7500 74.0000
  endloop
 endfacet
 facet normal 0.00000 0.00000 -1.00000
  outer loop
   vertex 0.0000 10.5000 4.0000
   vertex 8.3302 16.8920 4.0000
   vertex 9.0933 15.7500 4.0000
  endloop
 endfacet
 facet normal 0.00000 0.00000 1.00000
  outer loop
   vertex 0.0000 10.5000 74.0000
   vertex 9.0933 15.7500 74.0000
   vertex 8.3302 16.8920 74.0000
  endloop
 endfacet
 facet normal 0.00000 0.00000 -1.00000
  outer loop
   vertex 0.0000 10.5000 4.0000
   vertex 7.4246 17.9246 4.0000
   vertex 8.3302 16.8920 4.0000
  endloop
 endfacet
 facet normal 0.00000 0.00000 1.00000
  outer loop
   vertex 0.0000 10.5000 74.0000
   vertex 8.3302 16.8920 74.0000
   vertex 7.4246 17.9246 74.0000
  endloop
 endfacet
 facet normal 0.00000 0.00000 -1.00000
  outer loop
   vertex 0.0000 10.5000 4.0000
   vertex 6.3920 18.8302 4.0000
   vertex 7.4246 17.9246 4.0000
  endloop
 endfacet
 facet normal 0.00000 0.00000 1.00000
  outer loop
   vertex 0.0000 10.5000 74.0000
   vertex 7.4246 17.9246 74.0000
   vertex 6.3920 18.8302 74.0000
  endloop
 endfacet
 facet normal 0.00000 0.00000 -1.00000
  outer loop
   vertex 0.0000 10.5000 4.0000
   vertex 5.2500 19.5933 4.0000
   vertex 6.3920 18.8302 4.0000
  endloop
 endfacet
 facet normal 0.00000 0.00000 1.00000
  outer loop
   vertex 0.0000 10.5000 74.0000
   vertex 6.3920 18.8302 74.0000
   vertex 5.2500 19.5933 74.0000
  endloop
 endfacet
 facet normal 0.00000 0.00000 -1.00000
  outer loop
   vertex 0.0000 10.5000 4.0000
   vertex 4.0182 20.2007 4.0000
   vertex 5.2500 19.5933 4.0000
  endloop
 endfacet
 facet normal 0.00000 0.00000 1.00000
  outer loop
   vertex 0.0000 10.5000 74.0000
   vertex 5.2500 19.5933 74.0000
   vertex 4.0182 20.2007 74.0000
  endloop
 endfacet
 facet normal 0.00000 0.00000 -1.00000
  outer loop
   vertex 0.0000 10.5000 4.0000
   vertex 2.7176 20.6422 4.0000
   vertex 4.0182 20.2007 4.0000
  endloop
 endfacet
 facet normal 0.00000 0.00000 1.00000
  outer loop
   vertex 0.0000 10.5000 74.0000
   vertex 4.0182 20.2007 74.0000
   vertex 2.7176 20.6422 74.0000
  endloop
 endfacet
 facet normal 0.00000 0.00000 -1.00000
  outer loop
   vertex 0.0000 10.5000 4.0000
   vertex 1.3705 20.9102 4.0000
   vertex 2.7176 20.6422 4.0000
  endloop
 endfacet
 facet normal 0.00000 0.00000 1.00000
  outer loop
   vertex 0.0000 10.5000 74.0000
   vertex 2.7176 20.6422 74.0000
   vertex 1.3705 20.9102 74.0000
  endloop
 endfacet
 facet normal 0.00000 0.00000 -1.00000
  outer loop
   vertex 0.0000 10.5000 4.0000
   vertex 0.0000 21.0000 4.0000
   vertex 1.3705 20.9102 4.0000
  endloop
 endfacet
 facet normal 0.00000 0.00000 1.00000
  outer loop
   vertex 0.0000 10.5000 74.0000
   vertex 1.3705 20.9102 74.0000
   vertex 0.0000 21.0000 74.0000
  endloop
 endfacet
 facet normal 0.00000 0.00000 -1.00000
  outer loop
   vertex 0.0000 10.5000 4.0000
   vertex -1.3705 20.9102 4.0000
   vertex 0.0000 21.0000 4.0000
  endloop
 endfacet
 facet normal 0.00000 -0.00000 1.00000
  outer loop
   vertex 0.0000 10.5000 74.0000
   vertex 0.0000 21.0000 74.0000
   vertex -1.3705 20.9102 74.0000
  endloop
 endfacet
 facet normal 0.00000 0.00000 -1.00000
  outer loop
   vertex 0.0000 10.5000 4.0000
   vertex -2.7176 20.6422 4.0000
   vertex -1.3705 20.9102 4.0000
  endloop
 endfacet
 facet normal 0.00000 0.00000 1.00000
  outer loop
   vertex 0.0000 10.5000 74.0000
   vertex -1.3705 20.9102 74.0000
   vertex -2.7176 20.6422 74.0000
  endloop
 endfacet
 facet normal 0.00000 0.00000 -1.00000
  outer loop
   vertex 0.0000 10.5000 4.0000
   vertex -4.0182 20.2007 4.0000
   vertex -2.7176 20.6422 4.0000
  endloop
 endfacet
 facet normal 0.00000 0.00000 1.00000
  outer loop
   vertex 0.0000 10.5000 74.0000
   vertex -2.7176 20.6422 74.0000
   vertex -4.0182 20.2007 74.0000
  endloop
 endfacet
 facet normal 0.00000 0.00000 -1.00000
  outer loop
   vertex 0.0000 10.5000 4.0000
   vertex -5.2500 19.5933 4.0000
   vertex -4.0182 20.2007 4.0000
  endloop
 endfacet
 facet normal 0.00000 0.00000 1.00000
  outer loop
   vertex 0.0000 10.5000 74.0000
   vertex -4.0182 20.2007 74.0000
   vertex -5.2500 19.5933 74.0000
  endloop
 endfacet
 facet normal 0.00000 0.00000 -1.00000
  outer loop
   vertex 0.0000 10.5000 4.0000
   vertex -6.3920 18.8302 4.0000
   vertex -5.2500 19.5933 4.0000
  endloop
 endfacet
 facet normal 0.00000 0.00000 1.00000
  outer loop
   vertex 0.0000 10.5000 74.0000
   vertex -5.2500 19.5933 74.0000
   vertex -6.3920 18.8302 74.0000
  endloop
 endfacet
 facet normal 0.00000 0.00000 -1.00000
  outer loop
   vertex 0.0000 10.5000 4.0000
   vertex -7.4246 17.9246 4.0000
   vertex -6.3920 18.8302 4.0000
  endloop
 endfacet
 facet normal 0.00000 0.00000 1.00000
  outer loop
   vertex 0.0000 10.5000 74.0000
   vertex -6.3920 18.8302 74.0000
   vertex -7.4246 17.9246 74.0000
  endloop
 endfacet
 facet normal 0.00000 0.00000 -1.00000
  outer loop
   vertex 0.0000 10.5000 4.0000
   vertex -8.3302 16.8920 4.0000
   vertex -7.4246 17.9246 4.0000
  endloop
 endfacet
 facet normal 0.00000 0.00000 1.00000
  outer loop
   vertex 0.0000 10.5000 74.0000
   vertex -7.4246 17.9246 74.0000
   vertex -8.3302 16.8920 74.0000
  endloop
 endfacet
 facet normal 0.00000 0.00000 -1.00000
  outer loop
   vertex 0.0000 10.5000 4.0000
   vertex -9.0933 15.7500 4.0000
   vertex -8.3302 16.8920 4.0000
  endloop
 endfacet
 facet normal 0.00000 0.00000 1.00000
  outer loop
   vertex 0.0000 10.5000 74.0000
   vertex -8.3302 16.8920 74.0000
   vertex -9.0933 15.7500 74.0000
  endloop
 endfacet
 facet normal 0.00000 0.00000 -1.00000
  outer loop
   vertex 0.0000 10.5000 4.0000
   vertex -9.7007 14.5182 4.0000
   vertex -9.0933 15.7500 4.0000
  endloop
 endfacet
 facet normal 0.00000 0.00000 1.00000
  outer loop
   vertex 0.0000 10.5000 74.0000
   vertex -9.0933 15.7500 74.0000
   vertex -9.7007 14.5182 74.0000
  endloop
 endfacet
 facet normal 0.00000 0.00000 -1.00000
  outer loop
   vertex 0.0000 10.5000 4.0000
   vertex -10.1422 13.2176 4.0000
   vertex -9.7007 14.5182 4.0000
  endloop
 endfacet
 facet normal 0.00000 0.00000 1.00000
  outer loop
   vertex 0.0000 10.5000 74.0000
   vertex -9.7007 14.5182 74.0000
   vertex -10.1422 13.2176 74.0000
  endloop
 endfacet
 facet normal 0.00000 0.00000 -1.00000
  outer loop
   vertex 0.0000 10.5000 4.0000
   vertex -10.4102 11.8705 4.0000
   vertex -10.1422 13.2176 4.0000
  endloop
 endfacet
 facet normal 0.00000 0.00000 1.00000
  outer loop
   vertex 0.0000 10.5000 74.0000
   vertex -10.1422 13.2176 74.0000
   vertex -10.4102 11.8705 74.0000
  endloop
 endfacet
 facet normal 0.00000 0.00000 -1.00000
  outer loop
   vertex 0.0000 10.5000 4.0000
   vertex -10.5000 10.5000 4.0000
   vertex -10.4102 11.8705 4.0000
  endloop
 endfacet
 facet normal 0.00000 0.00000 1.00000
  outer loop
   vertex 0.0000 10.5000 74.0000
   vertex -10.4102 11.8705 74.0000
   vertex -10.5000 10.5000 74.0000
  endloop
 endfacet
 facet normal -0.00000 0.00000 -1.00000
  outer loop
   vertex 0.0000 10.5000 4.0000
   vertex -10.4102 9.1295 4.0000
   vertex -10.5000 10.5000 4.0000
  endloop
 endfacet
 facet normal 0.00000 0.00000 1.00000
  outer loop
   vertex 0.0000 10.5000 74.0000
   vertex -10.5000 10.5000 74.0000
   vertex -10.4102 9.1295 74.0000
  endloop
 endfacet
 facet normal 0.00000 0.00000 -1.00000
  outer loop
   vertex 0.0000 10.5000 4.0000
   vertex -10.1422 7.7824 4.0000
   vertex -10.4102 9.1295 4.0000
  endloop
 endfacet
 facet normal 0.00000 0.00000 1.00000
  outer loop
   vertex 0.0000 10.5000 74.0000
   vertex -10.4102 9.1295 74.0000
   vertex -10.1422 7.7824 74.0000
  endloop
 endfacet
 facet normal 0.00000 0.00000 -1.00000
  outer loop
   vertex 0.0000 10.5000 4.0000
   vertex -9.7007 6.4818 4.0000
   vertex -10.1422 7.7824 4.0000
  endloop
 endfacet
 facet normal 0.00000 0.00000 1.00000
  outer loop
   vertex 0.0000 10.5000 74.0000
   vertex -10.1422 7.7824 74.0000
   vertex -9.7007 6.4818 74.0000
  endloop
 endfacet
 facet normal 0.00000 0.00000 -1.00000
  outer loop
   vertex 0.0000 10.5000 4.0000
   vertex -9.0933 5.2500 4.0000
   vertex -9.7007 6.4818 4.0000
  endloop
 endfacet
 facet normal 0.00000 0.00000 1.00000
  outer loop
   vertex 0.0000 10.5000 74.0000
   vertex -9.7007 6.4818 74.0000
   vertex -9.0933 5.2500 74.0000
  endloop
 endfacet
 facet normal 0.00000 0.00000 -1.00000
  outer loop
   vertex 0.0000 10.5000 4.0000
   vertex -8.3302 4.1080 4.0000
   vertex -9.0933 5.2500 4.0000
  endloop
 endfacet
 facet normal 0.00000 0.00000 1.00000
  outer loop
   vertex 0.0000 10.5000 74.0000
   vertex -9.0933 5.2500 74.0000
   vertex -8.3302 4.1080 74.0000
  endloop
 endfacet
 facet normal 0.00000 0.00000 -1.00000
  outer loop
   vertex 0.0000 10.5000 4.0000
   vertex -7.4246 3.0754 4.0000
   vertex -8.3302 4.1080 4.0000
  endloop
 endfacet
 facet normal 0.00000 0.00000 1.00000
  outer loop
   vertex 0.0000 10.5000 74.0000
   vertex -8.3302 4.1080 74.0000
   vertex -7.4246 3.0754 74.0000
  endloop
 endfacet
 facet normal 0.00000 0.00000 -1.00000
  outer loop
   vertex 0.0000 10.5000 4.0000
   vertex -6.3920 2.1698 4.0000
   vertex -7.4246 3.0754 4.0000
  endloop
 endfacet
 facet normal 0.00000 0.00000 1.00000
  outer loop
   vertex 0.0000 10.5000 74.0000
   vertex -7.4246 3.0754 74.0000
   vertex -6.3920 2.1698 74.0000
  endloop
 endfacet
 facet normal 0.00000 0.00000 -1.00000
  outer loop
   vertex 0.0000 10.5000 4.0000
   vertex -5.2500 1.4067 4.0000
   vertex -6.3920 2.1698 4.0000
  endloop
 endfacet
 facet normal 0.00000 0.00000 1.00000
  outer loop
   vertex 0.0000 10.5000 74.0000
   vertex -6.3920 2.1698 74.0000
   vertex -5.2500 1.4067 74.0000
  endloop
 endfacet
 facet normal 0.00000 0.00000 -1.00000
  outer loop
   vertex 0.0000 10.5000 4.0000
   vertex -4.0182 0.7993 4.0000
   vertex -5.2500 1.4067 4.0000
  endloop
 endfacet
 facet normal 0.00000 0.00000 1.00000
  outer loop
   vertex 0.0000 10.5000 74.0000
   vertex -5.2500 1.4067 74.0000
   vertex -4.0182 0.7993 74.0000
  endloop
 endfacet
 facet normal 0.00000 0.00000 -1.00000
  outer loop
   vertex 0.0000 10.5000 4.0000
   vertex -2.7176 0.3578 4.0000
   vertex -4.0182 0.7993 4.0000
  endloop
 endfacet
 facet normal 0.00000 0.00000 1.00000
  outer loop
   vertex 0.0000 10.5000 74.0000
   vertex -4.0182 0.7993 74.0000
   vertex -2.7176 0.3578 74.0000
  endloop
 endfacet
 facet normal 0.00000 0.00000 -1.00000
  outer loop
   vertex 0.0000 10.5000 4.0000
   vertex -1.3705 0.0898 4.0000
   vertex -2.7176 0.3578 4.0000
  endloop
 endfacet
 facet normal 0.00000 0.00000 1.00000
  outer loop
   vertex 0.0000 10.5000 74.0000
   vertex -2.7176 0.3578 74.0000
   vertex -1.3705 0.0898 74.0000
  endloop
 endfacet
 facet normal 0.00000 0.00000 -1.00000
  outer loop
   vertex 0.0000 10.5000 4.0000
   vertex -0.0000 0.0000 4.0000
   vertex -1.3705 0.0898 4.0000
  endloop
 endfacet
 facet normal 0.00000 0.00000 1.00000
  outer loop
   vertex 0.0000 10.5000 74.0000
   vertex -1.3705 0.0898 74.0000
   vertex -0.0000 0.0000 74.0000
  endloop
 endfacet
 facet normal 0.00000 -0.00000 -1.00000
  outer loop
   vertex 0.0000 10.5000 4.0000
   vertex 1.3705 0.0898 4.0000
   vertex -0.0000 0.0000 4.0000
  endloop
 endfacet
 facet normal 0.00000 0.00000 1.00000
  outer loop
   vertex 0.0000 10.5000 74.0000
   vertex -0.0000 0.0000 74.0000
   vertex 1.3705 0.0898 74.0000
  endloop
 endfacet
 facet normal 0.00000 0.00000 -1.00000
  outer loop
   vertex 0.0000 10.5000 4.0000
   vertex 2.7176 0.3578 4.0000
   vertex 1.3705 0.0898 4.0000
  endloop
 endfacet
 facet normal 0.00000 0.00000 1.00000
  outer loop
   vertex 0.0000 10.5000 74.0000
   vertex 1.3705 0.0898 74.0000
   vertex 2.7176 0.3578 74.0000
  endloop
 endfacet
 facet normal 0.00000 0.00000 -1.00000
  outer loop
   vertex 0.0000 10.5000 4.0000
   vertex 4.0182 0.7993 4.0000
   vertex 2.7176 0.3578 4.0000
  endloop
 endfacet
 facet normal 0.00000 0.00000 1.00000
  outer loop
   vertex 0.0000 10.5000 74.0000
   vertex 2.7176 0.3578 74.0000
   vertex 4.0182 0.7993 74.0000
  endloop
 endfacet
 facet normal 0.00000 0.00000 -1.00000
  outer loop
   vertex 0.0000 10.5000 4.0000
   vertex 5.2500 1.4067 4.0000
   vertex 4.0182 0.7993 4.0000
  endloop
 endfacet
 facet normal 0.00000 0.00000 1.00000
  outer loop
   vertex 0.0000 10.5000 74.0000
   vertex 4.0182 0.7993 74.0000
   vertex 5.2500 1.4067 74.0000
  endloop
 endfacet
 facet normal 0.00000 0.00000 -1.00000
  outer loop
   vertex 0.0000 10.5000 4.0000
   vertex 6.3920 2.1698 4.0000
   vertex 5.2500 1.4067 4.0000
  endloop
 endfacet
 facet normal 0.00000 0.00000 1.00000
  outer loop
   vertex 0.0000 10.5000 74.0000
   vertex 5.2500 1.4067 74.0000
   vertex 6.3920 2.1698 74.0000
  endloop
 endfacet
 facet normal 0.00000 0.00000 -1.00000
  outer loop
   vertex 0.0000 10.5000 4.0000
   vertex 7.4246 3.0754 4.0000
   vertex 6.3920 2.1698 4.0000
  endloop
 endfacet
 facet normal 0.00000 0.00000 1.00000
  outer loop
   vertex 0.0000 10.5000 74.0000
   vertex 6.3920 2.1698 74.0000
   vertex 7.4246 3.0754 74.0000
  endloop
 endfacet
 facet normal 0.00000 0.00000 -1.00000
  outer loop
   vertex 0.0000 10.5000 4.0000
   vertex 8.3302 4.1080 4.0000
   vertex 7.4246 3.0754 4.0000
  endloop
 endfacet
 facet normal 0.00000 0.00000 1.00000
  outer loop
   vertex 0.0000 10.5000 74.0000
   vertex 7.4246 3.0754 74.0000
   vertex 8.3302 4.1080 74.0000
  endloop
 endfacet
 facet normal 0.00000 0.00000 -1.00000
  outer loop
   vertex 0.0000 10.5000 4.0000
   vertex 9.0933 5.2500 4.0000
   vertex 8.3302 4.1080 4.0000
  endloop
 endfacet
 facet normal 0.00000 0.00000 1.00000
  outer loop
   vertex 0.0000 10.5000 74.0000
   vertex 8.3302 4.1080 74.0000
   vertex 9.0933 5.2500 74.0000
  endloop
 endfacet
 facet normal 0.00000 0.00000 -1.00000
  outer loop
   vertex 0.0000 10.5000 4.0000
   vertex 9.7007 6.4818 4.0000
   vertex 9.0933 5.2500 4.0000
  endloop
 endfacet
 facet normal 0.00000 0.00000 1.00000
  outer loop
   vertex 0.0000 10.5000 74.0000
   vertex 9.0933 5.2500 74.0000
   vertex 9.7007 6.4818 74.0000
  endloop
 endfacet
 facet normal 0.00000 0.00000 -1.00000
  outer loop
   vertex 0.0000 10.5000 4.0000
   vertex 10.1422 7.7824 4.0000
   vertex 9.7007 6.4818 4.0000
  endloop
 endfacet
 facet normal 0.00000 0.00000 1.00000
  outer loop
   vertex 0.0000 10.5000 74.0000
   vertex 9.7007 6.4818 74.0000
   vertex 10.1422 7.7824 74.0000
  endloop
 endfacet
 facet normal 0.00000 0.00000 -1.00000
  outer loop
   vertex 0.0000 10.5000 4.0000
   vertex 10.4102 9.1295 4.0000
   vertex 10.1422 7.7824 4.0000
  endloop
 endfacet
 facet normal 0.00000 0.00000 1.00000
  outer loop
   vertex 0.0000 10.5000 74.0000
   vertex 10.1422 7.7824 74.0000
   vertex 10.4102 9.1295 74.0000
  endloop
 endfacet
 facet normal 0.00000 0.00000 -1.00000
  outer loop
   vertex 0.0000 10.5000 4.0000
   vertex 10.5000 10.5000 4.0000
   vertex 10.4102 9.1295 4.0000
  endloop
 endfacet
 facet normal -0.00000 0.00000 1.00000
  outer loop
   vertex 0.0000 10.5000 74.0000
   vertex 10.4102 9.1295 74.0000
   vertex 10.5000 10.5000 74.0000
  endloop
 endfacet
 facet normal 0.99786 0.06540 0.00000
  outer loop
   vertex 31.5000 -10.5000 4.0000
   vertex 31.4102 -9.1295 4.0000
   vertex 31.4102 -9.1295 74.0000
  endloop
 endfacet
 facet normal 0.99786 0.06540 -0.00000
  outer loop
   vertex 31.5000 -10.5000 4.0000
   vertex 31.4102 -9.1295 74.0000
   vertex 31.5000 -10.5000 74.0000
  endloop
 endfacet
 facet normal 0.98079 0.19509 0.00000
  outer loop
   vertex 31.4102 -9.1295 4.0000
   vertex 31.1422 -7.7824 4.0000
   vertex 31.1422 -7.7824 74.0000
  endloop
 endfacet
 facet normal 0.98079 0.19509 -0.00000
  outer loop
   vertex 31.4102 -9.1295 4.0000
   vertex 31.1422 -7.7824 74.0000
   vertex 31.4102 -9.1295 74.0000
  endloop
 endfacet
 facet normal 0.94693 0.32144 0.00000
  outer loop
   vertex 31.1422 -7.7824 4.0000
   vertex 30.7007 -6.4818 4.0000
   vertex 30.7007 -6.4818 74.0000
  endloop
 endfacet
 facet normal 0.94693 0.32144 -0.00000
  outer loop
   vertex 31.1422 -7.7824 4.0000
   vertex 30.7007 -6.4818 74.0000
   vertex 31.1422 -7.7824 74.0000
  endloop
 endfacet
 facet normal 0.89687 0.44229 0.00000
  outer loop
   vertex 30.7007 -6.4818 4.0000
   vertex 30.0933 -5.2500 4.0000
   vertex 30.0933 -5.2500 74.0000
  endloop
 endfacet
 facet normal 0.89687 0.44229 -0.00000
  outer loop
   vertex 30.7007 -6.4818 4.0000
   vertex 30.0933 -5.2500 74.0000
   vertex 30.7007 -6.4818 74.0000
  endloop
 endfacet
 facet normal 0.83147 0.55557 0.00000
  outer loop
   vertex 30.0933 -5.2500 4.0000
   vertex 29.3302 -4.1080 4.0000
   vertex 29.3302 -4.1080 74.0000
  endloop
 endfacet
 facet normal 0.83147 0.55557 -0.00000
  outer loop
   vertex 30.0933 -5.2500 4.0000
   vertex 29.3302 -4.1080 74.0000
   vertex 30.0933 -5.2500 74.0000
  endloop
 endfacet
 facet normal 0.75184 0.65935 0.00000
  outer loop
   vertex 29.3302 -4.1080 4.0000
   vertex 28.4246 -3.0754 4.0000
   vertex 28.4246 -3.0754 74.0000
  endloop
 endfacet
 facet normal 0.75184 0.65935 -0.00000
  outer loop
   vertex 29.3302 -4.1080 4.0000
   vertex 28.4246 -3.0754 74.0000
   vertex 29.3302 -4.1080 74.0000
  endloop
 endfacet
 facet normal 0.65935 0.75184 0.00000
  outer loop
   vertex 28.4246 -3.0754 4.0000
   vertex 27.3920 -2.1698 4.0000
   vertex 27.3920 -2.1698 74.0000
  endloop
 endfacet
 facet normal 0.65935 0.75184 -0.00000
  outer loop
   vertex 28.4246 -3.0754 4.0000
   vertex 27.3920 -2.1698 74.0000
   vertex 28.4246 -3.0754 74.0000
  endloop
 endfacet
 facet normal 0.55557 0.83147 0.00000
  outer loop
   vertex 27.3920 -2.1698 4.0000
   vertex 26.2500 -1.4067 4.0000
   vertex 26.2500 -1.4067 74.0000
  endloop
 endfacet
 facet normal 0.55557 0.83147 -0.00000
  outer loop
   vertex 27.3920 -2.1698 4.0000
   vertex 26.2500 -1.4067 74.0000
   vertex 27.3920 -2.1698 74.0000
  endloop
 endfacet
 facet normal 0.44229 0.89687 0.00000
  outer loop
   vertex 26.2500 -1.4067 4.0000
   vertex 25.0182 -0.7993 4.0000
   vertex 25.0182 -0.7993 74.0000
  endloop
 endfacet
 facet normal 0.44229 0.89687 -0.00000
  outer loop
   vertex 26.2500 -1.4067 4.0000
   vertex 25.0182 -0.7993 74.0000
   vertex 26.2500 -1.4067 74.0000
  endloop
 endfacet
 facet normal 0.32144 0.94693 0.00000
  outer loop
   vertex 25.0182 -0.7993 4.0000
   vertex 23.7176 -0.3578 4.0000
   vertex 23.7176 -0.3578 74.0000
  endloop
 endfacet
 facet normal 0.32144 0.94693 -0.00000
  outer loop
   vertex 25.0182 -0.7993 4.0000
   vertex 23.7176 -0.3578 74.0000
   vertex 25.0182 -0.7993 74.0000
  endloop
 endfacet
 facet normal 0.19509 0.98079 0.00000
  outer loop
   vertex 23.7176 -0.3578 4.0000
   vertex 22.3705 -0.0898 4.0000
   vertex 22.3705 -0.0898 74.0000
  endloop
 endfacet
 facet normal 0.19509 0.98079 -0.00000
  outer loop
   vertex 23.7176 -0.3578 4.0000
   vertex 22.3705 -0.0898 74.0000
   vertex 23.7176 -0.3578 74.0000
  endloop
 endfacet
 facet normal 0.06540 0.99786 0.00000
  outer loop
   vertex 22.3705 -0.0898 4.0000
   vertex 21.0000 0.0000 4.0000
   vertex 21.0000 0.0000 74.0000
  endloop
 endfacet
 facet normal 0.06540 0.99786 -0.00000
  outer loop
   vertex 22.3705 -0.0898 4.0000
   vertex 21.0000 0.0000 74.0000
   vertex 22.3705 -0.0898 74.0000
  endloop
 endfacet
 facet normal -0.06540 0.99786 0.00000
  outer loop
   vertex 21.0000 0.0000 4.0000
   vertex 19.6295 -0.0898 4.0000
   vertex 19.6295 -0.0898 74.0000
  endloop
 endfacet
 facet normal -0.06540 0.99786 0.00000
  outer loop
   vertex 21.0000 0.0000 4.0000
   vertex 19.6295 -0.0898 74.0000
   vertex 21.0000 0.0000 74.0000
  endloop
 endfacet
 facet normal -0.19509 0.98079 0.00000
  outer loop
   vertex 19.6295 -0.0898 4.0000
   vertex 18.2824 -0.3578 4.0000
   vertex 18.2824 -0.3578 74.0000
  endloop
 endfacet
 facet normal -0.19509 0.98079 0.00000
  outer loop
   vertex 19.6295 -0.0898 4.0000
   vertex 18.2824 -0.3578 74.0000
   vertex 19.6295 -0.0898 74.0000
  endloop
 endfacet
 facet normal -0.32144 0.94693 0.00000
  outer loop
   vertex 18.2824 -0.3578 4.0000
   vertex 16.9818 -0.7993 4.0000
   vertex 16.9818 -0.7993 74.0000
  endloop
 endfacet
 facet normal -0.32144 0.94693 0.00000
  outer loop
   vertex 18.2824 -0.3578 4.0000
   vertex 16.9818 -0.7993 74.0000
   vertex 18.2824 -0.3578 74.0000
  endloop
 endfacet
 facet normal -0.44229 0.89687 0.00000
  outer loop
   vertex 16.9818 -0.7993 4.0000
   vertex 15.7500 -1.4067 4.0000
   vertex 15.7500 -1.4067 74.0000
  endloop
 endfacet
 facet normal -0.44229 0.89687 0.00000
  outer loop
   vertex 16.9818 -0.7993 4.0000
   vertex 15.7500 -1.4067 74.0000
   vertex 16.9818 -0.7993 74.0000
  endloop
 endfacet
 facet normal -0.55557 0.83147 0.00000
  outer loop
   vertex 15.7500 -1.4067 4.0000
   vertex 14.6080 -2.1698 4.0000
   vertex 14.6080 -2.1698 74.0000
  endloop
 endfacet
 facet normal -0.55557 0.83147 0.00000
  outer loop
   vertex 15.7500 -1.4067 4.0000
   vertex 14.6080 -2.1698 74.0000
   vertex 15.7500 -1.4067 74.0000
  endloop
 endfacet
 facet normal -0.65935 0.75184 0.00000
  outer loop
   vertex 14.6080 -2.1698 4.0000
   vertex 13.5754 -3.0754 4.0000
   vertex 13.5754 -3.0754 74.0000
  endloop
 endfacet
 facet normal -0.65935 0.75184 0.00000
  outer loop
   vertex 14.6080 -2.1698 4.0000
   vertex 13.5754 -3.0754 74.0000
   vertex 14.6080 -2.1698 74.0000
  endloop
 endfacet
 facet normal -0.75184 0.65935 0.00000
  outer loop
   vertex 13.5754 -3.0754 4.0000
   vertex 12.6698 -4.1080 4.0000
   vertex 12.6698 -4.1080 74.0000
  endloop
 endfacet
 facet normal -0.75184 0.65935 0.00000
  outer loop
   vertex 13.5754 -3.0754 4.0000
   vertex 12.6698 -4.1080 74.0000
   vertex 13.5754 -3.0754 74.0000
  endloop
 endfacet
 facet normal -0.83147 0.55557 0.00000
  outer loop
   vertex 12.6698 -4.1080 4.0000
   vertex 11.9067 -5.2500 4.0000
   vertex 11.9067 -5.2500 74.0000
  endloop
 endfacet
 facet normal -0.83147 0.55557 0.00000
  outer loop
   vertex 12.6698 -4.1080 4.0000
   vertex 11.9067 -5.2500 74.0000
   vertex 12.6698 -4.1080 74.0000
  endloop
 endfacet
 facet normal -0.89687 0.44229 0.00000
  outer loop
   vertex 11.9067 -5.2500 4.0000
   vertex 11.2993 -6.4818 4.0000
   vertex 11.2993 -6.4818 74.0000
  endloop
 endfacet
 facet normal -0.89687 0.44229 0.00000
  outer loop
   vertex 11.9067 -5.2500 4.0000
   vertex 11.2993 -6.4818 74.0000
   vertex 11.9067 -5.2500 74.0000
  endloop
 endfacet
 facet normal -0.94693 0.32144 0.00000
  outer loop
   vertex 11.2993 -6.4818 4.0000
   vertex 10.8578 -7.7824 4.0000
   vertex 10.8578 -7.7824 74.0000
  endloop
 endfacet
 facet normal -0.94693 0.32144 0.00000
  outer loop
   vertex 11.2993 -6.4818 4.0000
   vertex 10.8578 -7.7824 74.0000
   vertex 11.2993 -6.4818 74.0000
  endloop
 endfacet
 facet normal -0.98079 0.19509 0.00000
  outer loop
   vertex 10.8578 -7.7824 4.0000
   vertex 10.5898 -9.1295 4.0000
   vertex 10.5898 -9.1295 74.0000
  endloop
 endfacet
 facet normal -0.98079 0.19509 0.00000
  outer loop
   vertex 10.8578 -7.7824 4.0000
   vertex 10.5898 -9.1295 74.0000
   vertex 10.8578 -7.7824 74.0000
  endloop
 endfacet
 facet normal -0.99786 0.06540 0.00000
  outer loop
   vertex 10.5898 -9.1295 4.0000
   vertex 10.5000 -10.5000 4.0000
   vertex 10.5000 -10.5000 74.0000
  endloop
 endfacet
 facet normal -0.99786 0.06540 0.00000
  outer loop
   vertex 10.5898 -9.1295 4.0000
   vertex 10.5000 -10.5000 74.0000
   vertex 10.5898 -9.1295 74.0000
  endloop
 endfacet
 facet normal -0.99786 -0.06540 0.00000
  outer loop
   vertex 10.5000 -10.5000 4.0000
   vertex 10.5898 -11.8705 4.0000
   vertex 10.5898 -11.8705 74.0000
  endloop
 endfacet
 facet normal -0.99786 -0.06540 0.00000
  outer loop
   vertex 10.5000 -10.5000 4.0000
   vertex 10.5898 -11.8705 74.0000
   vertex 10.5000 -10.5000 74.0000
  endloop
 endfacet
 facet normal -0.98079 -0.19509 0.00000
  outer loop
   vertex 10.5898 -11.8705 4.0000
   vertex 10.8578 -13.2176 4.0000
   vertex 10.8578 -13.2176 74.0000
  endloop
 endfacet
 facet normal -0.98079 -0.19509 0.00000
  outer loop
   vertex 10.5898 -11.8705 4.0000
   vertex 10.8578 -13.2176 74.0000
   vertex 10.5898 -11.8705 74.0000
  endloop
 endfacet
 facet normal -0.94693 -0.32144 0.00000
  outer loop
   vertex 10.8578 -13.2176 4.0000
   vertex 11.2993 -14.5182 4.0000
   vertex 11.2993 -14.5182 74.0000
  endloop
 endfacet
 facet normal -0.94693 -0.32144 0.00000
  outer loop
   vertex 10.8578 -13.2176 4.0000
   vertex 11.2993 -14.5182 74.0000
   vertex 10.8578 -13.2176 74.0000
  endloop
 endfacet
 facet normal -0.89687 -0.44229 0.00000
  outer loop
   vertex 11.2993 -14.5182 4.0000
   vertex 11.9067 -15.7500 4.0000
   vertex 11.9067 -15.7500 74.0000
  endloop
 endfacet
 facet normal -0.89687 -0.44229 0.00000
  outer loop
   vertex 11.2993 -14.5182 4.0000
   vertex 11.9067 -15.7500 74.0000
   vertex 11.2993 -14.5182 74.0000
  endloop
 endfacet
 facet normal -0.83147 -0.55557 0.00000
  outer loop
   vertex 11.9067 -15.7500 4.0000
   vertex 12.6698 -16.8920 4.0000
   vertex 12.6698 -16.8920 74.0000
  endloop
 endfacet
 facet normal -0.83147 -0.55557 0.00000
  outer loop
   vertex 11.9067 -15.7500 4.0000
   vertex 12.6698 -16.8920 74.0000
   vertex 11.9067 -15.7500 74.0000
  endloop
 endfacet
 facet normal -0.75184 -0.65935 0.00000
  outer loop
   vertex 12.6698 -16.8920 4.0000
   vertex 13.5754 -17.9246 4.0000
   vertex 13.5754 -17.9246 74.0000
  endloop
 endfacet
 facet normal -0.75184 -0.65935 0.00000
  outer loop
   vertex 12.6698 -16.8920 4.0000
   vertex 13.5754 -17.9246 74.0000
   vertex 12.6698 -16.8920 74.0000
  endloop
 endfacet
 facet normal -0.65935 -0.75184 0.00000
  outer loop
   vertex 13.5754 -17.9246 4.0000
   vertex 14.6080 -18.8302 4.0000
   vertex 14.6080 -18.8302 74.0000
  endloop
 endfacet
 facet normal -0.65935 -0.75184 0.00000
  outer loop
   vertex 13.5754 -17.9246 4.0000
   vertex 14.6080 -18.8302 74.0000
   vertex 13.5754 -17.9246 74.0000
  endloop
 endfacet
 facet normal -0.55557 -0.83147 0.00000
  outer loop
   vertex 14.6080 -18.8302 4.0000
   vertex 15.7500 -19.5933 4.0000
   vertex 15.7500 -19.5933 74.0000
  endloop
 endfacet
 facet normal -0.55557 -0.83147 0.00000
  outer loop
   vertex 14.6080 -18.8302 4.0000
   vertex 15.7500 -19.5933 74.0000
   vertex 14.6080 -18.8302 74.0000
  endloop
 endfacet
 facet normal -0.44229 -0.89687 0.00000
  outer loop
   vertex 15.7500 -19.5933 4.0000
   vertex 16.9818 -20.2007 4.0000
   vertex 16.9818 -20.2007 74.0000
  endloop
 endfacet
 facet normal -0.44229 -0.89687 0.00000
  outer loop
   vertex 15.7500 -19.5933 4.0000
   vertex 16.9818 -20.2007 74.0000
   vertex 15.7500 -19.5933 74.0000
  endloop
 endfacet
 facet normal -0.32144 -0.94693 0.00000
  outer loop
   vertex 16.9818 -20.2007 4.0000
   vertex 18.2824 -20.6422 4.0000
   vertex 18.2824 -20.6422 74.0000
  endloop
 endfacet
 facet normal -0.32144 -0.94693 0.00000
  outer loop
   vertex 16.9818 -20.2007 4.0000
   vertex 18.2824 -20.6422 74.0000
   vertex 16.9818 -20.2007 74.0000
  endloop
 endfacet
 facet normal -0.19509 -0.98079 0.00000
  outer loop
   vertex 18.2824 -20.6422 4.0000
   vertex 19.6295 -20.9102 4.0000
   vertex 19.6295 -20.9102 74.0000
  endloop
 endfacet
 facet normal -0.19509 -0.98079 0.00000
  outer loop
   vertex 18.2824 -20.6422 4.0000
   vertex 19.6295 -20.9102 74.0000
   vertex 18.2824 -20.6422 74.0000
  endloop
 endfacet
 facet normal -0.06540 -0.99786 0.00000
  outer loop
   vertex 19.6295 -20.9102 4.0000
   vertex 21.0000 -21.0000 4.0000
   vertex 21.0000 -21.0000 74.0000
  endloop
 endfacet
 facet normal -0.06540 -0.99786 0.00000
  outer loop
   vertex 19.6295 -20.9102 4.0000
   vertex 21.0000 -21.0000 74.0000
   vertex 19.6295 -20.9102 74.0000
  endloop
 endfacet
 facet normal 0.06540 -0.99786 0.00000
  outer loop
   vertex 21.0000 -21.0000 4.0000
   vertex 22.3705 -20.9102 4.0000
   vertex 22.3705 -20.9102 74.0000
  endloop
 endfacet
 facet normal 0.06540 -0.99786 0.00000
  outer loop
   vertex 21.0000 -21.0000 4.0000
   vertex 22.3705 -20.9102 74.0000
   vertex 21.0000 -21.0000 74.0000
  endloop
 endfacet
 facet normal 0.19509 -0.98079 0.00000
  outer loop
   vertex 22.3705 -20.9102 4.0000
   vertex 23.7176 -20.6422 4.0000
   vertex 23.7176 -20.6422 74.0000
  endloop
 endfacet
 facet normal 0.19509 -0.98079 0.00000
  outer loop
   vertex 22.3705 -20.9102 4.0000
   vertex 23.7176 -20.6422 74.0000
   vertex 22.3705 -20.9102 74.0000
  endloop
 endfacet
 facet normal 0.32144 -0.94693 0.00000
  outer loop
   vertex 23.7176 -20.6422 4.0000
   vertex 25.0182 -20.2007 4.0000
   vertex 25.0182 -20.2007 74.0000
  endloop
 endfacet
 facet normal 0.32144 -0.94693 0.00000
  outer loop
   vertex 23.7176 -20.6422 4.0000
   vertex 25.0182 -20.2007 74.0000
   vertex 23.7176 -20.6422 74.0000
  endloop
 endfacet
 facet normal 0.44229 -0.89687 0.00000
  outer loop
   vertex 25.0182 -20.2007 4.0000
   vertex 26.2500 -19.5933 4.0000
   vertex 26.2500 -19.5933 74.0000
  endloop
 endfacet
 facet normal 0.44229 -0.89687 0.00000
  outer loop
   vertex 25.0182 -20.2007 4.0000
   vertex 26.2500 -19.5933 74.0000
   vertex 25.0182 -20.2007 74.0000
  endloop
 endfacet
 facet normal 0.55557 -0.83147 0.00000
  outer loop
   vertex 26.2500 -19.5933 4.0000
   vertex 27.3920 -18.8302 4.0000
   vertex 27.3920 -18.8302 74.0000
  endloop
 endfacet
 facet normal 0.55557 -0.83147 0.00000
  outer loop
   vertex 26.2500 -19.5933 4.0000
   vertex 27.3920 -18.8302 74.0000
   vertex 26.2500 -19.5933 74.0000
  endloop
 endfacet
 facet normal 0.65935 -0.75184 0.00000
  outer loop
   vertex 27.3920 -18.8302 4.0000
   vertex 28.4246 -17.9246 4.0000
   vertex 28.4246 -17.9246 74.0000
  endloop
 endfacet
 facet normal 0.65935 -0.75184 0.00000
  outer loop
   vertex 27.3920 -18.8302 4.0000
   vertex 28.4246 -17.9246 74.0000
   vertex 27.3920 -18.8302 74.0000
  endloop
 endfacet
 facet normal 0.75184 -0.65935 0.00000
  outer loop
   vertex 28.4246 -17.9246 4.0000
   vertex 29.3302 -16.8920 4.0000
   vertex 29.3302 -16.8920 74.0000
  endloop
 endfacet
 facet normal 0.75184 -0.65935 0.00000
  outer loop
   vertex 28.4246 -17.9246 4.0000
   vertex 29.3302 -16.8920 74.0000
   vertex 28.4246 -17.9246 74.0000
  endloop
 endfacet
 facet normal 0.83147 -0.55557 0.00000
  outer loop
   vertex 29.3302 -16.8920 4.0000
   vertex 30.0933 -15.7500 4.0000
   vertex 30.0933 -15.7500 74.0000
  endloop
 endfacet
 facet normal 0.83147 -0.55557 0.00000
  outer loop
   vertex 29.3302 -16.8920 4.0000
   vertex 30.0933 -15.7500 74.0000
   vertex 29.3302 -16.8920 74.0000
  endloop
 endfacet
 facet normal 0.89687 -0.44229 0.00000
  outer loop
   vertex 30.0933 -15.7500 4.0000
   vertex 30.7007 -14.5182 4.0000
   vertex 30.7007 -14.5182 74.0000
  endloop
 endfacet
 facet normal 0.89687 -0.44229 0.00000
  outer loop
   vertex 30.0933 -15.7500 4.0000
   vertex 30.7007 -14.5182 74.0000
   vertex 30.0933 -15.7500 74.0000
  endloop
 endfacet
 facet normal 0.94693 -0.32144 0.00000
  outer loop
   vertex 30.7007 -14.5182 4.0000
   vertex 31.1422 -13.2176 4.0000
   vertex 31.1422 -13.2176 74.0000
  endloop
 endfacet
 facet normal 0.94693 -0.32144 0.00000
  outer loop
   vertex 30.7007 -14.5182 4.0000
   vertex 31.1422 -13.2176 74.0000
   vertex 30.7007 -14.5182 74.0000
  endloop
 endfacet
 facet normal 0.98079 -0.19509 0.00000
  outer loop
   vertex 31.1422 -13.2176 4.0000
   vertex 31.4102 -11.8705 4.0000
   vertex 31.4102 -11.8705 74.0000
  endloop
 endfacet
 facet normal 0.98079 -0.19509 0.00000
  outer loop
   vertex 31.1422 -13.2176 4.0000
   vertex 31.4102 -11.8705 74.0000
   vertex 31.1422 -13.2176 74.0000
  endloop
 endfacet
 facet normal 0.99786 -0.06540 0.00000
  outer loop
   vertex 31.4102 -11.8705 4.0000
   vertex 31.5000 -10.5000 4.0000
   vertex 31.5000 -10.5000 74.0000
  endloop
 endfacet
 facet normal 0.99786 -0.06540 0.00000
  outer loop
   vertex 31.4102 -11.8705 4.0000
   vertex 31.5000 -10.5000 74.0000
   vertex 31.4102 -11.8705 74.0000
  endloop
 endfacet
 facet normal 0.00000 0.00000 -1.00000
  outer loop
   vertex 21.0000 -10.5000 4.0000
   vertex 31.4102 -9.1295 4.0000
   vertex 31.5000 -10.5000 4.0000
  endloop
 endfacet
 facet normal 0.00000 0.00000 1.00000
  outer loop
   vertex 21.0000 -10.5000 74.0000
   vertex 31.5000 -10.5000 74.0000
   vertex 31.4102 -9.1295 74.0000
  endloop
 endfacet
 facet normal 0.00000 0.00000 -1.00000
  outer loop
   vertex 21.0000 -10.5000 4.0000
   vertex 31.1422 -7.7824 4.0000
   vertex 31.4102 -9.1295 4.0000
  endloop
 endfacet
 facet normal 0.00000 0.00000 1.00000
  outer loop
   vertex 21.0000 -10.5000 74.0000
   vertex 31.4102 -9.1295 74.0000
   vertex 31.1422 -7.7824 74.0000
  endloop
 endfacet
 facet normal 0.00000 0.00000 -1.00000
  outer loop
   vertex 21.0000 -10.5000 4.0000
   vertex 30.7007 -6.4818 4.0000
   vertex 31.1422 -7.7824 4.0000
  endloop
 endfacet
 facet normal 0.00000 0.00000 1.00000
  outer loop
   vertex 21.0000 -10.5000 74.0000
   vertex 31.1422 -7.7824 74.0000
   vertex 30.7007 -6.4818 74.0000
  endloop
 endfacet
 facet normal 0.00000 0.00000 -1.00000
  outer loop
   vertex 21.0000 -10.5000 4.0000
   vertex 30.0933 -5.2500 4.0000
   vertex 30.7007 -6.4818 4.0000
  endloop
 endfacet
 facet normal 0.00000 0.00000 1.00000
  outer loop
   vertex 21.0000 -10.5000 74.0000
   vertex 30.7007 -6.4818 74.0000
   vertex 30.0933 -5.2500 74.0000
  endloop
 endfacet
 facet normal 0.00000 0.00000 -1.00000
  outer loop
   vertex 21.0000 -10.5000 4.0000
   vertex 29.3302 -4.1080 4.0000
   vertex 30.0933 -5.2500 4.0000
  endloop
 endfacet
 facet normal 0.00000 0.00000 1.00000
  outer loop
   vertex 21.0000 -10.5000 74.0000
   vertex 30.0933 -5.2500 74.0000
   vertex 29.3302 -4.1080 74.0000
  endloop
 endfacet
 facet normal 0.00000 0.00000 -1.00000
  outer loop
   vertex 21.0000 -10.5000 4.0000
   vertex 28.4246 -3.0754 4.0000
   vertex 29.3302 -4.1080 4.0000
  endloop
 endfacet
 facet normal 0.00000 0.00000 1.00000
  outer loop
   vertex 21.0000 -10.5000 74.0000
   vertex 29.3302 -4.1080 74.0000
   vertex 28.4246 -3.0754 74.0000
  endloop
 endfacet
 facet normal 0.00000 0.00000 -1.00000
  outer loop
   vertex 21.0000 -10.5000 4.0000
   vertex 27.3920 -2.1698 4.0000
   vertex 28.4246 -3.0754 4.0000
  endloop
 endfacet
 facet normal 0.00000 0.00000 1.00000
  outer loop
   vertex 21.0000 -10.5000 74.0000
   vertex 28.4246 -3.0754 74.0000
   vertex 27.3920 -2.1698 74.0000
  endloop
 endfacet
 facet normal 0.00000 0.00000 -1.00000
  outer loop
   vertex 21.0000 -10.5000 4.0000
   vertex 26.2500 -1.4067 4.0000
   vertex 27.3920 -2.1698 4.0000
  endloop
 endfacet
 facet normal 0.00000 0.00000 1.00000
  outer loop
   vertex 21.0000 -10.5000 74.0000
   vertex 27.3920 -2.1698 74.0000
   vertex 26.2500 -1.4067 74.0000
  endloop
 endfacet
 facet normal 0.00000 0.00000 -1.00000
  outer loop
   vertex 21.0000 -10.5000 4.0000
   vertex 25.0182 -0.7993 4.0000
   vertex 26.2500 -1.4067 4.0000
  endloop
 endfacet
 facet normal 0.00000 0.00000 1.00000
  outer loop
   vertex 21.0000 -10.5000 74.0000
   vertex 26.2500 -1.4067 74.0000
   vertex 25.0182 -0.7993 74.0000
  endloop
 endfacet
 facet normal 0.00000 0.00000 -1.00000
  outer loop
   vertex 21.0000 -10.5000 4.0000
   vertex 23.7176 -0.3578 4.0000
   vertex 25.0182 -0.7993 4.0000
  endloop
 endfacet
 facet normal 0.00000 0.00000 1.00000
  outer loop
   vertex 21.0000 -10.5000 74.0000
   vertex 25.0182 -0.7993 74.0000
   vertex 23.7176 -0.3578 74.0000
  endloop
 endfacet
 facet normal 0.00000 0.00000 -1.00000
  outer loop
   vertex 21.0000 -10.5000 4.0000
   vertex 22.3705 -0.0898 4.0000
   vertex 23.7176 -0.3578 4.0000
  endloop
 endfacet
 facet normal 0.00000 0.00000 1.00000
  outer loop
   vertex 21.0000 -10.5000 74.0000
   vertex 23.7176 -0.3578 74.0000
   vertex 22.3705 -0.0898 74.0000
  endloop
 endfacet
 facet normal 0.00000 0.00000 -1.00000
  outer loop
   vertex 21.0000 -10.5000 4.0000
   vertex 21.0000 0.0000 4.0000
   vertex 22.3705 -0.0898 4.0000
  endloop
 endfacet
 facet normal 0.00000 0.00000 1.00000
  outer loop
   vertex 21.0000 -10.5000 74.0000
   vertex 22.3705 -0.0898 74.0000
   vertex 21.0000 0.0000 74.0000
  endloop
 endfacet
 facet normal 0.00000 0.00000 -1.00000
  outer loop
   vertex 21.0000 -10.5000 4.0000
   vertex 19.6295 -0.0898 4.0000
   vertex 21.0000 0.0000 4.0000
  endloop
 endfacet
 facet normal 0.00000 -0.00000 1.00000
  outer loop
   vertex 21.0000 -10.5000 74.0000
   vertex 21.0000 0.0000 74.0000
   vertex 19.6295 -0.0898 74.0000
  endloop
 endfacet
 facet normal 0.00000 0.00000 -1.00000
  outer loop
   vertex 21.0000 -10.5000 4.0000
   vertex 18.2824 -0.3578 4.0000
   vertex 19.6295 -0.0898 4.0000
  endloop
 endfacet
 facet normal 0.00000 0.00000 1.00000
  outer loop
   vertex 21.0000 -10.5000 74.0000
   vertex 19.6295 -0.0898 74.0000
   vertex 18.2824 -0.3578 74.0000
  endloop
 endfacet
 facet normal 0.00000 0.00000 -1.00000
  outer loop
   vertex 21.0000 -10.5000 4.0000
   vertex 16.9818 -0.7993 4.0000
   vertex 18.2824 -0.3578 4.0000
  endloop
 endfacet
 facet normal 0.00000 0.00000 1.00000
  outer loop
   vertex 21.0000 -10.5000 74.0000
   vertex 18.2824 -0.3578 74.0000
   vertex 16.9818 -0.7993 74.0000
  endloop
 endfacet
 facet normal 0.00000 0.00000 -1.00000
  outer loop
   vertex 21.0000 -10.5000 4.0000
   vertex 15.7500 -1.4067 4.0000
   vertex 16.9818 -0.7993 4.0000
  endloop
 endfacet
 facet normal 0.00000 0.00000 1.00000
  outer loop
   vertex 21.0000 -10.5000 74.0000
   vertex 16.9818 -0.7993 74.0000
   vertex 15.7500 -1.4067 74.0000
  endloop
 endfacet
 facet normal 0.00000 0.00000 -1.00000
  outer loop
   vertex 21.0000 -10.5000 4.0000
   vertex 14.6080 -2.1698 4.0000
   vertex 15.7500 -1.4067 4.0000
  endloop
 endfacet
 facet normal 0.00000 0.00000 1.00000
  outer loop
   vertex 21.0000 -10.5000 74.0000
   vertex 15.7500 -1.4067 74.0000
   vertex 14.6080 -2.1698 74.0000
  endloop
 endfacet
 facet normal 0.00000 0.00000 -1.00000
  outer loop
   vertex 21.0000 -10.5000 4.0000
   vertex 13.5754 -3.0754 4.0000
   vertex 14.6080 -2.1698 4.0000
  endloop
 endfacet
 facet normal 0.00000 0.00000 1.00000
  outer loop
   vertex 21.0000 -10.5000 74.0000
   vertex 14.6080 -2.1698 74.0000
   vertex 13.5754 -3.0754 74.0000
  endloop
 endfacet
 facet normal 0.00000 0.00000 -1.00000
  outer loop
   vertex 21.0000 -10.5000 4.0000
   vertex 12.6698 -4.1080 4.0000
   vertex 13.5754 -3.0754 4.0000
  endloop
 endfacet
 facet normal 0.00000 0.00000 1.00000
  outer loop
   vertex 21.0000 -10.5000 74.0000
   vertex 13.5754 -3.0754 74.0000
   vertex 12.6698 -4.1080 74.0000
  endloop
 endfacet
 facet normal 0.00000 0.00000 -1.00000
  outer loop
   vertex 21.0000 -10.5000 4.0000
   vertex 11.9067 -5.2500 4.0000
   vertex 12.6698 -4.1080 4.0000
  endloop
 endfacet
 facet normal 0.00000 0.00000 1.00000
  outer loop
   vertex 21.0000 -10.5000 74.0000
   vertex 12.6698 -4.1080 74.0000
   vertex 11.9067 -5.2500 74.0000
  endloop
 endfacet
 facet normal 0.00000 0.00000 -1.00000
  outer loop
   vertex 21.0000 -10.5000 4.0000
   vertex 11.2993 -6.4818 4.0000
   vertex 11.9067 -5.2500 4.0000
  endloop
 endfacet
 facet normal 0.00000 0.00000 1.00000
  outer loop
   vertex 21.0000 -10.5000 74.0000
   vertex 11.9067 -5.2500 74.0000
   vertex 11.2993 -6.4818 74.0000
  endloop
 endfacet
 facet normal 0.00000 0.00000 -1.00000
  outer loop
   vertex 21.0000 -10.5000 4.0000
   vertex 10.8578 -7.7824 4.0000
   vertex 11.2993 -6.4818 4.0000
  endloop
 endfacet
 facet normal 0.00000 0.00000 1.00000
  outer loop
   vertex 21.0000 -10.5000 74.0000
   vertex 11.2993 -6.4818 74.0000
   vertex 10.8578 -7.7824 74.0000
  endloop
 endfacet
 facet normal 0.00000 0.00000 -1.00000
  outer loop
   vertex 21.0000 -10.5000 4.0000
   vertex 10.5898 -9.1295 4.0000
   vertex 10.8578 -7.7824 4.0000
  endloop
 endfacet
 facet normal 0.00000 0.00000 1.00000
  outer loop
   vertex 21.0000 -10.5000 74.0000
   vertex 10.8578 -7.7824 74.0000
   vertex 10.5898 -9.1295 74.0000
  endloop
 endfacet
 facet normal 0.00000 0.00000 -1.00000
  outer loop
   vertex 21.0000 -10.5000 4.0000
   vertex 10.5000 -10.5000 4.0000
   vertex 10.5898 -9.1295 4.0000
  endloop
 endfacet
 facet normal 0.00000 0.00000 1.00000
  outer loop
   vertex 21.0000 -10.5000 74.0000
   vertex 10.5898 -9.1295 74.0000
   vertex 10.5000 -10.5000 74.0000
  endloop
 endfacet
 facet normal -0.00000 0.00000 -1.00000
  outer loop
   vertex 21.0000 -10.5000 4.0000
   vertex 10.5898 -11.8705 4.0000
   vertex 10.5000 -10.5000 4.0000
  endloop
 endfacet
 facet normal 0.00000 0.00000 1.00000
  outer loop
   vertex 21.0000 -10.5000 74.0000
   vertex 10.5000 -10.5000 74.0000
   vertex 10.5898 -11.8705 74.0000
  endloop
 endfacet
 facet normal 0.00000 0.00000 -1.00000
  outer loop
   vertex 21.0000 -10.5000 4.0000
   vertex 10.8578 -13.2176 4.0000
   vertex 10.5898 -11.8705 4.0000
  endloop
 endfacet
 facet normal 0.00000 0.00000 1.00000
  outer loop
   vertex 21.0000 -10.5000 74.0000
   vertex 10.5898 -11.8705 74.0000
   vertex 10.8578 -13.2176 74.0000
  endloop
 endfacet
 facet normal 0.00000 0.00000 -1.00000
  outer loop
   vertex 21.0000 -10.5000 4.0000
   vertex 11.2993 -14.5182 4.0000
   vertex 10.8578 -13.2176 4.0000
  endloop
 endfacet
 facet normal 0.00000 0.00000 1.00000
  outer loop
   vertex 21.0000 -10.5000 74.0000
   vertex 10.8578 -13.2176 74.0000
   vertex 11.2993 -14.5182 74.0000
  endloop
 endfacet
 facet normal 0.00000 0.00000 -1.00000
  outer loop
   vertex 21.0000 -10.5000 4.0000
   vertex 11.9067 -15.7500 4.0000
   vertex 11.2993 -14.5182 4.0000
  endloop
 endfacet
 facet normal 0.00000 0.00000 1.00000
  outer loop
   vertex 21.0000 -10.5000 74.0000
   vertex 11.2993 -14.5182 74.0000
   vertex 11.9067 -15.7500 74.0000
  endloop
 endfacet
 facet normal 0.00000 0.00000 -1.00000
  outer loop
   vertex 21.0000 -10.5000 4.0000
   vertex 12.6698 -16.8920 4.0000
   vertex 11.9067 -15.7500 4.0000
  endloop
 endfacet
 facet normal 0.00000 0.00000 1.00000
  outer loop
   vertex 21.0000 -10.5000 74.0000
   vertex 11.9067 -15.7500 74.0000
   vertex 12.6698 -16.8920 74.0000
  endloop
 endfacet
 facet normal 0.00000 0.00000 -1.00000
  outer loop
   vertex 21.0000 -10.5000 4.0000
   vertex 13.5754 -17.9246 4.0000
   vertex 12.6698 -16.8920 4.0000
  endloop
 endfacet
 facet normal 0.00000 0.00000 1.00000
  outer loop
   vertex 21.0000 -10.5000 74.0000
   vertex 12.6698 -16.8920 74.0000
   vertex 13.5754 -17.9246 74.0000
  endloop
 endfacet
 facet normal 0.00000 0.00000 -1.00000
  outer loop
   vertex 21.0000 -10.5000 4.0000
   vertex 14.6080 -18.8302 4.0000
   vertex 13.5754 -17.9246 4.0000
  endloop
 endfacet
 facet normal 0.00000 0.00000 1.00000
  outer loop
   vertex 21.0000 -10.5000 74.0000
   vertex 13.5754 -17.9246 74.0000
   vertex 14.6080 -18.8302 74.0000
  endloop
 endfacet
 facet normal 0.00000 0.00000 -1.00000
  outer loop
   vertex 21.0000 -10.5000 4.0000
   vertex 15.7500 -19.5933 4.0000
   vertex 14.6080 -18.8302 4.0000
  endloop
 endfacet
 facet normal 0.00000 0.00000 1.00000
  outer loop
   vertex 21.0000 -10.5000 74.0000
   vertex 14.6080 -18.8302 74.0000
   vertex 15.7500 -19.5933 74.0000
  endloop
 endfacet
 facet normal 0.00000 0.00000 -1.00000
  outer loop
   vertex 21.0000 -10.5000 4.0000
   vertex 16.9818 -20.2007 4.0000
   vertex 15.7500 -19.5933 4.0000
  endloop
 endfacet
 facet normal 0.00000 0.00000 1.00000
  outer loop
   vertex 21.0000 -10.5000 74.0000
   vertex 15.7500 -19.5933 74.0000
   vertex 16.9818 -20.2007 74.0000
  endloop
 endfacet
 facet normal 0.00000 0.00000 -1.00000
  outer loop
   vertex 21.0000 -10.5000 4.0000
   vertex 18.2824 -20.6422 4.0000
   vertex 16.9818 -20.2007 4.0000
  endloop
 endfacet
 facet normal 0.00000 0.00000 1.00000
  outer loop
   vertex 21.0000 -10.5000 74.0000
   vertex 16.9818 -20.2007 74.0000
   vertex 18.2824 -20.6422 74.0000
  endloop
 endfacet
 facet normal 0.00000 0.00000 -1.00000
  outer loop
   vertex 21.0000 -10.5000 4.0000
   vertex 19.6295 -20.9102 4.0000
   vertex 18.2824 -20.6422 4.0000
  endloop
 endfacet
 facet normal 0.00000 0.00000 1.00000
  outer loop
   vertex 21.0000 -10.5000 74.0000
   vertex 18.2824 -20.6422 74.0000
   vertex 19.6295 -20.9102 74.0000
  endloop
 endfacet
 facet normal 0.00000 0.00000 -1.00000
  outer loop
   vertex 21.0000 -10.5000 4.0000
   vertex 21.0000 -21.0000 4.0000
   vertex 19.6295 -20.9102 4.0000
  endloop
 endfacet
 facet normal 0.00000 0.00000 1.00000
  outer loop
   vertex 21.0000 -10.5000 74.0000
   vertex 19.6295 -20.9102 74.0000
   vertex 21.0000 -21.0000 74.0000
  endloop
 endfacet
 facet normal 0.00000 -0.00000 -1.00000
  outer loop
   vertex 21.0000 -10.5000 4.0000
   vertex 22.3705 -20.9102 4.0000
   vertex 21.0000 -21.0000 4.0000
  endloop
 endfacet
 facet normal 0.00000 0.00000 1.00000
  outer loop
   vertex 21.0000 -10.5000 74.0000
   vertex 21.0000 -21.0000 74.0000
   vertex 22.3705 -20.9102 74.0000
  endloop
 endfacet
 facet normal 0.00000 0.00000 -1.00000
  outer loop
   vertex 21.0000 -10.5000 4.0000
   vertex 23.7176 -20.6422 4.0000
   vertex 22.3705 -20.9102 4.0000
  endloop
 endfacet
 facet normal 0.00000 0.00000 1.00000
  outer loop
   vertex 21.0000 -10.5000 74.0000
   vertex 22.3705 -20.9102 74.0000
   vertex 23.7176 -20.6422 74.0000
  endloop
 endfacet
 facet normal 0.00000 0.00000 -1.00000
  outer loop
   vertex 21.0000 -10.5000 4.0000
   vertex 25.0182 -20.2007 4.0000
   vertex 23.7176 -20.6422 4.0000
  endloop
 endfacet
 facet normal 0.00000 0.00000 1.00000
  outer loop
   vertex 21.0000 -10.5000 74.0000
   vertex 23.7176 -20.6422 74.0000
   vertex 25.0182 -20.2007 74.0000
  endloop
 endfacet
 facet normal 0.00000 0.00000 -1.00000
  outer loop
   vertex 21.0000 -10.5000 4.0000
   vertex 26.2500 -19.5933 4.0000
   vertex 25.0182 -20.2007 4.0000
  endloop
 endfacet
 facet normal 0.00000 0.00000 1.00000
  outer loop
   vertex 21.0000 -10.5000 74.0000
   vertex 25.0182 -20.2007 74.0000
   vertex 26.2500 -19.5933 74.0000
  endloop
 endfacet
 facet normal 0.00000 0.00000 -1.00000
  outer loop
   vertex 21.0000 -10.5000 4.0000
   vertex 27.3920 -18.8302 4.0000
   vertex 26.2500 -19.5933 4.0000
  endloop
 endfacet
 facet normal 0.00000 0.00000 1.00000
  outer loop
   vertex 21.0000 -10.5000 74.0000
   vertex 26.2500 -19.5933 74.0000
   vertex 27.3920 -18.8302 74.0000
  endloop
 endfacet
 facet normal 0.00000 0.00000 -1.00000
  outer loop
   vertex 21.0000 -10.5000 4.0000
   vertex 28.4246 -17.9246 4.0000
   vertex 27.3920 -18.8302 4.0000
  endloop
 endfacet
 facet normal 0.00000 0.00000 1.00000
  outer loop
   vertex 21.0000 -10.5000 74.0000
   vertex 27.3920 -18.8302 74.0000
   vertex 28.4246 -17.9246 74.0000
  endloop
 endfacet
 facet normal 0.00000 0.00000 -1.00000
  outer loop
   vertex 21.0000 -10.5000 4.0000
   vertex 29.3302 -16.8920 4.0000
   vertex 28.4246 -17.9246 4.0000
  endloop
 endfacet
 facet normal 0.00000 0.00000 1.00000
  outer loop
   vertex 21.0000 -10.5000 74.0000
   vertex 28.4246 -17.9246 74.0000
   vertex 29.3302 -16.8920 74.0000
  endloop
 endfacet
 facet normal 0.00000 0.00000 -1.00000
  outer loop
   vertex 21.0000 -10.5000 4.0000
   vertex 30.0933 -15.7500 4.0000
   vertex 29.3302 -16.8920 4.0000
  endloop
 endfacet
 facet normal 0.00000 0.00000 1.00000
  outer loop
   vertex 21.0000 -10.5000 74.0000
   vertex 29.3302 -16.8920 74.0000
   vertex 30.0933 -15.7500 74.0000
  endloop
 endfacet
 facet normal 0.00000 0.00000 -1.00000
  outer loop
   vertex 21.0000 -10.5000 4.0000
   vertex 30.7007 -14.5182 4.0000
   vertex 30.0933 -15.7500 4.0000
  endloop
 endfacet
 facet normal 0.00000 0.00000 1.00000
  outer loop
   vertex 21.0000 -10.5000 74.0000
   vertex 30.0933 -15.7500 74.0000
   vertex 30.7007 -14.5182 74.0000
  endloop
 endfacet
 facet normal 0.00000 0.00000 -1.00000
  outer loop
   vertex 21.0000 -10.5000 4.0000
   vertex 31.1422 -13.2176 4.0000
   vertex 30.7007 -14.5182 4.0000
  endloop
 endfacet
 facet normal 0.00000 0.00000 1.00000
  outer loop
   vertex 21.0000 -10.5000 74.0000
   vertex 30.7007 -14.5182 74.0000
   vertex 31.1422 -13.2176 74.0000
  endloop
 endfacet
 facet normal 0.00000 0.00000 -1.00000
  outer loop
   vertex 21.0000 -10.5000 4.0000
   vertex 31.4102 -11.8705 4.0000
   vertex 31.1422 -13.2176 4.0000
  endloop
 endfacet
 facet normal 0.00000 0.00000 1.00000
  outer loop
   vertex 21.0000 -10.5000 74.0000
   vertex 31.1422 -13.2176 74.0000
   vertex 31.4102 -11.8705 74.0000
  endloop
 endfacet
 facet normal 0.00000 0.00000 -1.00000
  outer loop
   vertex 21.0000 -10.5000 4.0000
   vertex 31.5000 -10.5000 4.0000
   vertex 31.4102 -11.8705 4.0000
  endloop
 endfacet
 facet normal -0.00000 0.00000 1.00000
  outer loop
   vertex 21.0000 -10.5000 74.0000
   vertex 31.4102 -11.8705 74.0000
   vertex 31.5000 -10.5000 74.0000
  endloop
 endfacet
 facet normal 0.99786 0.06540 0.00000
  outer loop
   vertex 31.5000 10.5000 4.0000
   vertex 31.4102 11.8705 4.0000
   vertex 31.4102 11.8705 74.0000
  endloop
 endfacet
 facet normal 0.99786 0.06540 -0.00000
  outer loop
   vertex 31.5000 10.5000 4.0000
   vertex 31.4102 11.8705 74.0000
   vertex 31.5000 10.5000 74.0000
  endloop
 endfacet
 facet normal 0.98079 0.19509 0.00000
  outer loop
   vertex 31.4102 11.8705 4.0000
   vertex 31.1422 13.2176 4.0000
   vertex 31.1422 13.2176 74.0000
  endloop
 endfacet
 facet normal 0.98079 0.19509 -0.00000
  outer loop
   vertex 31.4102 11.8705 4.0000
   vertex 31.1422 13.2176 74.0000
   vertex 31.4102 11.8705 74.0000
  endloop
 endfacet
 facet normal 0.94693 0.32144 0.00000
  outer loop
   vertex 31.1422 13.2176 4.0000
   vertex 30.7007 14.5182 4.0000
   vertex 30.7007 14.5182 74.0000
  endloop
 endfacet
 facet normal 0.94693 0.32144 -0.00000
  outer loop
   vertex 31.1422 13.2176 4.0000
   vertex 30.7007 14.5182 74.0000
   vertex 31.1422 13.2176 74.0000
  endloop
 endfacet
 facet normal 0.89687 0.44229 0.00000
  outer loop
   vertex 30.7007 14.5182 4.0000
   vertex 30.0933 15.7500 4.0000
   vertex 30.0933 15.7500 74.0000
  endloop
 endfacet
 facet normal 0.89687 0.44229 -0.00000
  outer loop
   vertex 30.7007 14.5182 4.0000
   vertex 30.0933 15.7500 74.0000
   vertex 30.7007 14.5182 74.0000
  endloop
 endfacet
 facet normal 0.83147 0.55557 0.00000
  outer loop
   vertex 30.0933 15.7500 4.0000
   vertex 29.3302 16.8920 4.0000
   vertex 29.3302 16.8920 74.0000
  endloop
 endfacet
 facet normal 0.83147 0.55557 -0.00000
  outer loop
   vertex 30.0933 15.7500 4.0000
   vertex 29.3302 16.8920 74.0000
   vertex 30.0933 15.7500 74.0000
  endloop
 endfacet
 facet normal 0.75184 0.65935 0.00000
  outer loop
   vertex 29.3302 16.8920 4.0000
   vertex 28.4246 17.9246 4.0000
   vertex 28.4246 17.9246 74.0000
  endloop
 endfacet
 facet normal 0.75184 0.65935 -0.00000
  outer loop
   vertex 29.3302 16.8920 4.0000
   vertex 28.4246 17.9246 74.0000
   vertex 29.3302 16.8920 74.0000
  endloop
 endfacet
 facet normal 0.65935 0.75184 0.00000
  outer loop
   vertex 28.4246 17.9246 4.0000
   vertex 27.3920 18.8302 4.0000
   vertex 27.3920 18.8302 74.0000
  endloop
 endfacet
 facet normal 0.65935 0.75184 -0.00000
  outer loop
   vertex 28.4246 17.9246 4.0000
   vertex 27.3920 18.8302 74.0000
   vertex 28.4246 17.9246 74.0000
  endloop
 endfacet
 facet normal 0.55557 0.83147 0.00000
  outer loop
   vertex 27.3920 18.8302 4.0000
   vertex 26.2500 19.5933 4.0000
   vertex 26.2500 19.5933 74.0000
  endloop
 endfacet
 facet normal 0.55557 0.83147 -0.00000
  outer loop
   vertex 27.3920 18.8302 4.0000
   vertex 26.2500 19.5933 74.0000
   vertex 27.3920 18.8302 74.0000
  endloop
 endfacet
 facet normal 0.44229 0.89687 0.00000
  outer loop
   vertex 26.2500 19.5933 4.0000
   vertex 25.0182 20.2007 4.0000
   vertex 25.0182 20.2007 74.0000
  endloop
 endfacet
 facet normal 0.44229 0.89687 -0.00000
  outer loop
   vertex 26.2500 19.5933 4.0000
   vertex 25.0182 20.2007 74.0000
   vertex 26.2500 19.5933 74.0000
  endloop
 endfacet
 facet normal 0.32144 0.94693 0.00000
  outer loop
   vertex 25.0182 20.2007 4.0000
   vertex 23.7176 20.6422 4.0000
   vertex 23.7176 20.6422 74.0000
  endloop
 endfacet
 facet normal 0.32144 0.94693 -0.00000
  outer loop
   vertex 25.0182 20.2007 4.0000
   vertex 23.7176 20.6422 74.0000
   vertex 25.0182 20.2007 74.0000
  endloop
 endfacet
 facet normal 0.19509 0.98079 0.00000
  outer loop
   vertex 23.7176 20.6422 4.0000
   vertex 22.3705 20.9102 4.0000
   vertex 22.3705 20.9102 74.0000
  endloop
 endfacet
 facet normal 0.19509 0.98079 -0.00000
  outer loop
   vertex 23.7176 20.6422 4.0000
   vertex 22.3705 20.9102 74.0000
   vertex 23.7176 20.6422 74.0000
  endloop
 endfacet
 facet normal 0.06540 0.99786 0.00000
  outer loop
   vertex 22.3705 20.9102 4.0000
   vertex 21.0000 21.0000 4.0000
   vertex 21.0000 21.0000 74.0000
  endloop
 endfacet
 facet normal 0.06540 0.99786 -0.00000
  outer loop
   vertex 22.3705 20.9102 4.0000
   vertex 21.0000 21.0000 74.0000
   vertex 22.3705 20.9102 74.0000
  endloop
 endfacet
 facet normal -0.06540 0.99786 0.00000
  outer loop
   vertex 21.0000 21.0000 4.0000
   vertex 19.6295 20.9102 4.0000
   vertex 19.6295 20.9102 74.0000
  endloop
 endfacet
 facet normal -0.06540 0.99786 0.00000
  outer loop
   vertex 21.0000 21.0000 4.0000
   vertex 19.6295 20.9102 74.0000
   vertex 21.0000 21.0000 74.0000
  endloop
 endfacet
 facet normal -0.19509 0.98079 0.00000
  outer loop
   vertex 19.6295 20.9102 4.0000
   vertex 18.2824 20.6422 4.0000
   vertex 18.2824 20.6422 74.0000
  endloop
 endfacet
 facet normal -0.19509 0.98079 0.00000
  outer loop
   vertex 19.6295 20.9102 4.0000
   vertex 18.2824 20.6422 74.0000
   vertex 19.6295 20.9102 74.0000
  endloop
 endfacet
 facet normal -0.32144 0.94693 0.00000
  outer loop
   vertex 18.2824 20.6422 4.0000
   vertex 16.9818 20.2007 4.0000
   vertex 16.9818 20.2007 74.0000
  endloop
 endfacet
 facet normal -0.32144 0.94693 0.00000
  outer loop
   vertex 18.2824 20.6422 4.0000
   vertex 16.9818 20.2007 74.0000
   vertex 18.2824 20.6422 74.0000
  endloop
 endfacet
 facet normal -0.44229 0.89687 0.00000
  outer loop
   vertex 16.9818 20.2007 4.0000
   vertex 15.7500 19.5933 4.0000
   vertex 15.7500 19.5933 74.0000
  endloop
 endfacet
 facet normal -0.44229 0.89687 0.00000
  outer loop
   vertex 16.9818 20.2007 4.0000
   vertex 15.7500 19.5933 74.0000
   vertex 16.9818 20.2007 74.0000
  endloop
 endfacet
 facet normal -0.55557 0.83147 0.00000
  outer loop
   vertex 15.7500 19.5933 4.0000
   vertex 14.6080 18.8302 4.0000
   vertex 14.6080 18.8302 74.0000
  endloop
 endfacet
 facet normal -0.55557 0.83147 0.00000
  outer loop
   vertex 15.7500 19.5933 4.0000
   vertex 14.6080 18.8302 74.0000
   vertex 15.7500 19.5933 74.0000
  endloop
 endfacet
 facet normal -0.65935 0.75184 0.00000
  outer loop
   vertex 14.6080 18.8302 4.0000
   vertex 13.5754 17.9246 4.0000
   vertex 13.5754 17.9246 74.0000
  endloop
 endfacet
 facet normal -0.65935 0.75184 0.00000
  outer loop
   vertex 14.6080 18.8302 4.0000
   vertex 13.5754 17.9246 74.0000
   vertex 14.6080 18.8302 74.0000
  endloop
 endfacet
 facet normal -0.75184 0.65935 0.00000
  outer loop
   vertex 13.5754 17.9246 4.0000
   vertex 12.6698 16.8920 4.0000
   vertex 12.6698 16.8920 74.0000
  endloop
 endfacet
 facet normal -0.75184 0.65935 0.00000
  outer loop
   vertex 13.5754 17.9246 4.0000
   vertex 12.6698 16.8920 74.0000
   vertex 13.5754 17.9246 74.0000
  endloop
 endfacet
 facet normal -0.83147 0.55557 0.00000
  outer loop
   vertex 12.6698 16.8920 4.0000
   vertex 11.9067 15.7500 4.0000
   vertex 11.9067 15.7500 74.0000
  endloop
 endfacet
 facet normal -0.83147 0.55557 0.00000
  outer loop
   vertex 12.6698 16.8920 4.0000
   vertex 11.9067 15.7500 74.0000
   vertex 12.6698 16.8920 74.0000
  endloop
 endfacet
 facet normal -0.89687 0.44229 0.00000
  outer loop
   vertex 11.9067 15.7500 4.0000
   vertex 11.2993 14.5182 4.0000
   vertex 11.2993 14.5182 74.0000
  endloop
 endfacet
 facet normal -0.89687 0.44229 0.00000
  outer loop
   vertex 11.9067 15.7500 4.0000
   vertex 11.2993 14.5182 74.0000
   vertex 11.9067 15.7500 74.0000
  endloop
 endfacet
 facet normal -0.94693 0.32144 0.00000
  outer loop
   vertex 11.2993 14.5182 4.0000
   vertex 10.8578 13.2176 4.0000
   vertex 10.8578 13.2176 74.0000
  endloop
 endfacet
 facet normal -0.94693 0.32144 0.00000
  outer loop
   vertex 11.2993 14.5182 4.0000
   vertex 10.8578 13.2176 74.0000
   vertex 11.2993 14.5182 74.0000
  endloop
 endfacet
 facet normal -0.98079 0.19509 0.00000
  outer loop
   vertex 10.8578 13.2176 4.0000
   vertex 10.5898 11.8705 4.0000
   vertex 10.5898 11.8705 74.0000
  endloop
 endfacet
 facet normal -0.98079 0.19509 0.00000
  outer loop
   vertex 10.8578 13.2176 4.0000
   vertex 10.5898 11.8705 74.0000
   vertex 10.8578 13.2176 74.0000
  endloop
 endfacet
 facet normal -0.99786 0.06540 0.00000
  outer loop
   vertex 10.5898 11.8705 4.0000
   vertex 10.5000 10.5000 4.0000
   vertex 10.5000 10.5000 74.0000
  endloop
 endfacet
 facet normal -0.99786 0.06540 0.00000
  outer loop
   vertex 10.5898 11.8705 4.0000
   vertex 10.5000 10.5000 74.0000
   vertex 10.5898 11.8705 74.0000
  endloop
 endfacet
 facet normal -0.99786 -0.06540 0.00000
  outer loop
   vertex 10.5000 10.5000 4.0000
   vertex 10.5898 9.1295 4.0000
   vertex 10.5898 9.1295 74.0000
  endloop
 endfacet
 facet normal -0.99786 -0.06540 0.00000
  outer loop
   vertex 10.5000 10.5000 4.0000
   vertex 10.5898 9.1295 74.0000
   vertex 10.5000 10.5000 74.0000
  endloop
 endfacet
 facet normal -0.98079 -0.19509 0.00000
  outer loop
   vertex 10.5898 9.1295 4.0000
   vertex 10.8578 7.7824 4.0000
   vertex 10.8578 7.7824 74.0000
  endloop
 endfacet
 facet normal -0.98079 -0.19509 0.00000
  outer loop
   vertex 10.5898 9.1295 4.0000
   vertex 10.8578 7.7824 74.0000
   vertex 10.5898 9.1295 74.0000
  endloop
 endfacet
 facet normal -0.94693 -0.32144 0.00000
  outer loop
   vertex 10.8578 7.7824 4.0000
   vertex 11.2993 6.4818 4.0000
   vertex 11.2993 6.4818 74.0000
  endloop
 endfacet
 facet normal -0.94693 -0.32144 0.00000
  outer loop
   vertex 10.8578 7.7824 4.0000
   vertex 11.2993 6.4818 74.0000
   vertex 10.8578 7.7824 74.0000
  endloop
 endfacet
 facet normal -0.89687 -0.44229 0.00000
  outer loop
   vertex 11.2993 6.4818 4.0000
   vertex 11.9067 5.2500 4.0000
   vertex 11.9067 5.2500 74.0000
  endloop
 endfacet
 facet normal -0.89687 -0.44229 0.00000
  outer loop
   vertex 11.2993 6.4818 4.0000
   vertex 11.9067 5.2500 74.0000
   vertex 11.2993 6.4818 74.0000
  endloop
 endfacet
 facet normal -0.83147 -0.55557 0.00000
  outer loop
   vertex 11.9067 5.2500 4.0000
   vertex 12.6698 4.1080 4.0000
   vertex 12.6698 4.1080 74.0000
  endloop
 endfacet
 facet normal -0.83147 -0.55557 0.00000
  outer loop
   vertex 11.9067 5.2500 4.0000
   vertex 12.6698 4.1080 74.0000
   vertex 11.9067 5.2500 74.0000
  endloop
 endfacet
 facet normal -0.75184 -0.65935 0.00000
  outer loop
   vertex 12.6698 4.1080 4.0000
   vertex 13.5754 3.0754 4.0000
   vertex 13.5754 3.0754 74.0000
  endloop
 endfacet
 facet normal -0.75184 -0.65935 0.00000
  outer loop
   vertex 12.6698 4.1080 4.0000
   vertex 13.5754 3.0754 74.0000
   vertex 12.6698 4.1080 74.0000
  endloop
 endfacet
 facet normal -0.65935 -0.75184 0.00000
  outer loop
   vertex 13.5754 3.0754 4.0000
   vertex 14.6080 2.1698 4.0000
   vertex 14.6080 2.1698 74.0000
  endloop
 endfacet
 facet normal -0.65935 -0.75184 0.00000
  outer loop
   vertex 13.5754 3.0754 4.0000
   vertex 14.6080 2.1698 74.0000
   vertex 13.5754 3.0754 74.0000
  endloop
 endfacet
 facet normal -0.55557 -0.83147 0.00000
  outer loop
   vertex 14.6080 2.1698 4.0000
   vertex 15.7500 1.4067 4.0000
   vertex 15.7500 1.4067 74.0000
  endloop
 endfacet
 facet normal -0.55557 -0.83147 0.00000
  outer loop
   vertex 14.6080 2.1698 4.0000
   vertex 15.7500 1.4067 74.0000
   vertex 14.6080 2.1698 74.0000
  endloop
 endfacet
 facet normal -0.44229 -0.89687 0.00000
  outer loop
   vertex 15.7500 1.4067 4.0000
   vertex 16.9818 0.7993 4.0000
   vertex 16.9818 0.7993 74.0000
  endloop
 endfacet
 facet normal -0.44229 -0.89687 0.00000
  outer loop
   vertex 15.7500 1.4067 4.0000
   vertex 16.9818 0.7993 74.0000
   vertex 15.7500 1.4067 74.0000
  endloop
 endfacet
 facet normal -0.32144 -0.94693 0.00000
  outer loop
   vertex 16.9818 0.7993 4.0000
   vertex 18.2824 0.3578 4.0000
   vertex 18.2824 0.3578 74.0000
  endloop
 endfacet
 facet normal -0.32144 -0.94693 0.00000
  outer loop
   vertex 16.9818 0.7993 4.0000
   vertex 18.2824 0.3578 74.0000
   vertex 16.9818 0.7993 74.0000
  endloop
 endfacet
 facet normal -0.19509 -0.98079 0.00000
  outer loop
   vertex 18.2824 0.3578 4.0000
   vertex 19.6295 0.0898 4.0000
   vertex 19.6295 0.0898 74.0000
  endloop
 endfacet
 facet normal -0.19509 -0.98079 0.00000
  outer loop
   vertex 18.2824 0.3578 4.0000
   vertex 19.6295 0.0898 74.0000
   vertex 18.2824 0.3578 74.0000
  endloop
 endfacet
 facet normal -0.06540 -0.99786 0.00000
  outer loop
   vertex 19.6295 0.0898 4.0000
   vertex 21.0000 0.0000 4.0000
   vertex 21.0000 0.0000 74.0000
  endloop
 endfacet
 facet normal -0.06540 -0.99786 0.00000
  outer loop
   vertex 19.6295 0.0898 4.0000
   vertex 21.0000 0.0000 74.0000
   vertex 19.6295 0.0898 74.0000
  endloop
 endfacet
 facet normal 0.06540 -0.99786 0.00000
  outer loop
   vertex 21.0000 0.0000 4.0000
   vertex 22.3705 0.0898 4.0000
   vertex 22.3705 0.0898 74.0000
  endloop
 endfacet
 facet normal 0.06540 -0.99786 0.00000
  outer loop
   vertex 21.0000 0.0000 4.0000
   vertex 22.3705 0.0898 74.0000
   vertex 21.0000 0.0000 74.0000
  endloop
 endfacet
 facet normal 0.19509 -0.98079 0.00000
  outer loop
   vertex 22.3705 0.0898 4.0000
   vertex 23.7176 0.3578 4.0000
   vertex 23.7176 0.3578 74.0000
  endloop
 endfacet
 facet normal 0.19509 -0.98079 0.00000
  outer loop
   vertex 22.3705 0.0898 4.0000
   vertex 23.7176 0.3578 74.0000
   vertex 22.3705 0.0898 74.0000
  endloop
 endfacet
 facet normal 0.32144 -0.94693 0.00000
  outer loop
   vertex 23.7176 0.3578 4.0000
   vertex 25.0182 0.7993 4.0000
   vertex 25.0182 0.7993 74.0000
  endloop
 endfacet
 facet normal 0.32144 -0.94693 0.00000
  outer loop
   vertex 23.7176 0.3578 4.0000
   vertex 25.0182 0.7993 74.0000
   vertex 23.7176 0.3578 74.0000
  endloop
 endfacet
 facet normal 0.44229 -0.89687 0.00000
  outer loop
   vertex 25.0182 0.7993 4.0000
   vertex 26.2500 1.4067 4.0000
   vertex 26.2500 1.4067 74.0000
  endloop
 endfacet
 facet normal 0.44229 -0.89687 0.00000
  outer loop
   vertex 25.0182 0.7993 4.0000
   vertex 26.2500 1.4067 74.0000
   vertex 25.0182 0.7993 74.0000
  endloop
 endfacet
 facet normal 0.55557 -0.83147 0.00000
  outer loop
   vertex 26.2500 1.4067 4.0000
   vertex 27.3920 2.1698 4.0000
   vertex 27.3920 2.1698 74.0000
  endloop
 endfacet
 facet normal 0.55557 -0.83147 0.00000
  outer loop
   vertex 26.2500 1.4067 4.0000
   vertex 27.3920 2.1698 74.0000
   vertex 26.2500 1.4067 74.0000
  endloop
 endfacet
 facet normal 0.65935 -0.75184 0.00000
  outer loop
   vertex 27.3920 2.1698 4.0000
   vertex 28.4246 3.0754 4.0000
   vertex 28.4246 3.0754 74.0000
  endloop
 endfacet
 facet normal 0.65935 -0.75184 0.00000
  outer loop
   vertex 27.3920 2.1698 4.0000
   vertex 28.4246 3.0754 74.0000
   vertex 27.3920 2.1698 74.0000
  endloop
 endfacet
 facet normal 0.75184 -0.65935 0.00000
  outer loop
   vertex 28.4246 3.0754 4.0000
   vertex 29.3302 4.1080 4.0000
   vertex 29.3302 4.1080 74.0000
  endloop
 endfacet
 facet normal 0.75184 -0.65935 0.00000
  outer loop
   vertex 28.4246 3.0754 4.0000
   vertex 29.3302 4.1080 74.0000
   vertex 28.4246 3.0754 74.0000
  endloop
 endfacet
 facet normal 0.83147 -0.55557 0.00000
  outer loop
   vertex 29.3302 4.1080 4.0000
   vertex 30.0933 5.2500 4.0000
   vertex 30.0933 5.2500 74.0000
  endloop
 endfacet
 facet normal 0.83147 -0.55557 0.00000
  outer loop
   vertex 29.3302 4.1080 4.0000
   vertex 30.0933 5.2500 74.0000
   vertex 29.3302 4.1080 74.0000
  endloop
 endfacet
 facet normal 0.89687 -0.44229 0.00000
  outer loop
   vertex 30.0933 5.2500 4.0000
   vertex 30.7007 6.4818 4.0000
   vertex 30.7007 6.4818 74.0000
  endloop
 endfacet
 facet normal 0.89687 -0.44229 0.00000
  outer loop
   vertex 30.0933 5.2500 4.0000
   vertex 30.7007 6.4818 74.0000
   vertex 30.0933 5.2500 74.0000
  endloop
 endfacet
 facet normal 0.94693 -0.32144 0.00000
  outer loop
   vertex 30.7007 6.4818 4.0000
   vertex 31.1422 7.7824 4.0000
   vertex 31.1422 7.7824 74.0000
  endloop
 endfacet
 facet normal 0.94693 -0.32144 0.00000
  outer loop
   vertex 30.7007 6.4818 4.0000
   vertex 31.1422 7.7824 74.0000
   vertex 30.7007 6.4818 74.0000
  endloop
 endfacet
 facet normal 0.98079 -0.19509 0.00000
  outer loop
   vertex 31.1422 7.7824 4.0000
   vertex 31.4102 9.1295 4.0000
   vertex 31.4102 9.1295 74.0000
  endloop
 endfacet
 facet normal 0.98079 -0.19509 0.00000
  outer loop
   vertex 31.1422 7.7824 4.0000
   vertex 31.4102 9.1295 74.0000
   vertex 31.1422 7.7824 74.0000
  endloop
 endfacet
 facet normal 0.99786 -0.06540 0.00000
  outer loop
   vertex 31.4102 9.1295 4.0000
   vertex 31.5000 10.5000 4.0000
   vertex 31.5000 10.5000 74.0000
  endloop
 endfacet
 facet normal 0.99786 -0.06540 0.00000
  outer loop
   vertex 31.4102 9.1295 4.0000
   vertex 31.5000 10.5000 74.0000
   vertex 31.4102 9.1295 74.0000
  endloop
 endfacet
 facet normal 0.00000 0.00000 -1.00000
  outer loop
   vertex 21.0000 10.5000 4.0000
   vertex 31.4102 11.8705 4.0000
   vertex 31.5000 10.5000 4.0000
  endloop
 endfacet
 facet normal 0.00000 0.00000 1.00000
  outer loop
   vertex 21.0000 10.5000 74.0000
   vertex 31.5000 10.5000 74.0000
   vertex 31.4102 11.8705 74.0000
  endloop
 endfacet
 facet normal 0.00000 0.00000 -1.00000
  outer loop
   vertex 21.0000 10.5000 4.0000
   vertex 31.1422 13.2176 4.0000
   vertex 31.4102 11.8705 4.0000
  endloop
 endfacet
 facet normal 0.00000 0.00000 1.00000
  outer loop
   vertex 21.0000 10.5000 74.0000
   vertex 31.4102 11.8705 74.0000
   vertex 31.1422 13.2176 74.0000
  endloop
 endfacet
 facet normal 0.00000 0.00000 -1.00000
  outer loop
   vertex 21.0000 10.5000 4.0000
   vertex 30.7007 14.5182 4.0000
   vertex 31.1422 13.2176 4.0000
  endloop
 endfacet
 facet normal 0.00000 0.00000 1.00000
  outer loop
   vertex 21.0000 10.5000 74.0000
   vertex 31.1422 13.2176 74.0000
   vertex 30.7007 14.5182 74.0000
  endloop
 endfacet
 facet normal 0.00000 0.00000 -1.00000
  outer loop
   vertex 21.0000 10.5000 4.0000
   vertex 30.0933 15.7500 4.0000
   vertex 30.7007 14.5182 4.0000
  endloop
 endfacet
 facet normal 0.00000 0.00000 1.00000
  outer loop
   vertex 21.0000 10.5000 74.0000
   vertex 30.7007 14.5182 74.0000
   vertex 30.0933 15.7500 74.0000
  endloop
 endfacet
 facet normal 0.00000 0.00000 -1.00000
  outer loop
   vertex 21.0000 10.5000 4.0000
   vertex 29.3302 16.8920 4.0000
   vertex 30.0933 15.7500 4.0000
  endloop
 endfacet
 facet normal 0.00000 0.00000 1.00000
  outer loop
   vertex 21.0000 10.5000 74.0000
   vertex 30.0933 15.7500 74.0000
   vertex 29.3302 16.8920 74.0000
  endloop
 endfacet
 facet normal 0.00000 0.00000 -1.00000
  outer loop
   vertex 21.0000 10.5000 4.0000
   vertex 28.4246 17.9246 4.0000
   vertex 29.3302 16.8920 4.0000
  endloop
 endfacet
 facet normal 0.00000 0.00000 1.00000
  outer loop
   vertex 21.0000 10.5000 74.0000
   vertex 29.3302 16.8920 74.0000
   vertex 28.4246 17.9246 74.0000
  endloop
 endfacet
 facet normal 0.00000 0.00000 -1.00000
  outer loop
   vertex 21.0000 10.5000 4.0000
   vertex 27.3920 18.8302 4.0000
   vertex 28.4246 17.9246 4.0000
  endloop
 endfacet
 facet normal 0.00000 0.00000 1.00000
  outer loop
   vertex 21.0000 10.5000 74.0000
   vertex 28.4246 17.9246 74.0000
   vertex 27.3920 18.8302 74.0000
  endloop
 endfacet
 facet normal 0.00000 0.00000 -1.00000
  outer loop
   vertex 21.0000 10.5000 4.0000
   vertex 26.2500 19.5933 4.0000
   vertex 27.3920 18.8302 4.0000
  endloop
 endfacet
 facet normal 0.00000 0.00000 1.00000
  outer loop
   vertex 21.0000 10.5000 74.0000
   vertex 27.3920 18.8302 74.0000
   vertex 26.2500 19.5933 74.0000
  endloop
 endfacet
 facet normal 0.00000 0.00000 -1.00000
  outer loop
   vertex 21.0000 10.5000 4.0000
   vertex 25.0182 20.2007 4.0000
   vertex 26.2500 19.5933 4.0000
  endloop
 endfacet
 facet normal 0.00000 0.00000 1.00000
  outer loop
   vertex 21.0000 10.5000 74.0000
   vertex 26.2500 19.5933 74.0000
   vertex 25.0182 20.2007 74.0000
  endloop
 endfacet
 facet normal 0.00000 0.00000 -1.00000
  outer loop
   vertex 21.0000 10.5000 4.0000
   vertex 23.7176 20.6422 4.0000
   vertex 25.0182 20.2007 4.0000
  endloop
 endfacet
 facet normal 0.00000 0.00000 1.00000
  outer loop
   vertex 21.0000 10.5000 74.0000
   vertex 25.0182 20.2007 74.0000
   vertex 23.7176 20.6422 74.0000
  endloop
 endfacet
 facet normal 0.00000 0.00000 -1.00000
  outer loop
   vertex 21.0000 10.5000 4.0000
   vertex 22.3705 20.9102 4.0000
   vertex 23.7176 20.6422 4.0000
  endloop
 endfacet
 facet normal 0.00000 0.00000 1.00000
  outer loop
   vertex 21.0000 10.5000 74.0000
   vertex 23.7176 20.6422 74.0000
   vertex 22.3705 20.9102 74.0000
  endloop
 endfacet
 facet normal 0.00000 0.00000 -1.00000
  outer loop
   vertex 21.0000 10.5000 4.0000
   vertex 21.0000 21.0000 4.0000
   vertex 22.3705 20.9102 4.0000
  endloop
 endfacet
 facet normal 0.00000 0.00000 1.00000
  outer loop
   vertex 21.0000 10.5000 74.0000
   vertex 22.3705 20.9102 74.0000
   vertex 21.0000 21.0000 74.0000
  endloop
 endfacet
 facet normal 0.00000 0.00000 -1.00000
  outer loop
   vertex 21.0000 10.5000 4.0000
   vertex 19.6295 20.9102 4.0000
   vertex 21.0000 21.0000 4.0000
  endloop
 endfacet
 facet normal 0.00000 -0.00000 1.00000
  outer loop
   vertex 21.0000 10.5000 74.0000
   vertex 21.0000 21.0000 74.0000
   vertex 19.6295 20.9102 74.0000
  endloop
 endfacet
 facet normal 0.00000 0.00000 -1.00000
  outer loop
   vertex 21.0000 10.5000 4.0000
   vertex 18.2824 20.6422 4.0000
   vertex 19.6295 20.9102 4.0000
  endloop
 endfacet
 facet normal 0.00000 0.00000 1.00000
  outer loop
   vertex 21.0000 10.5000 74.0000
   vertex 19.6295 20.9102 74.0000
   vertex 18.2824 20.6422 74.0000
  endloop
 endfacet
 facet normal 0.00000 0.00000 -1.00000
  outer loop
   vertex 21.0000 10.5000 4.0000
   vertex 16.9818 20.2007 4.0000
   vertex 18.2824 20.6422 4.0000
  endloop
 endfacet
 facet normal 0.00000 0.00000 1.00000
  outer loop
   vertex 21.0000 10.5000 74.0000
   vertex 18.2824 20.6422 74.0000
   vertex 16.9818 20.2007 74.0000
  endloop
 endfacet
 facet normal 0.00000 0.00000 -1.00000
  outer loop
   vertex 21.0000 10.5000 4.0000
   vertex 15.7500 19.5933 4.0000
   vertex 16.9818 20.2007 4.0000
  endloop
 endfacet
 facet normal 0.00000 0.00000 1.00000
  outer loop
   vertex 21.0000 10.5000 74.0000
   vertex 16.9818 20.2007 74.0000
   vertex 15.7500 19.5933 74.0000
  endloop
 endfacet
 facet normal 0.00000 0.00000 -1.00000
  outer loop
   vertex 21.0000 10.5000 4.0000
   vertex 14.6080 18.8302 4.0000
   vertex 15.7500 19.5933 4.0000
  endloop
 endfacet
 facet normal 0.00000 0.00000 1.00000
  outer loop
   vertex 21.0000 10.5000 74.0000
   vertex 15.7500 19.5933 74.0000
   vertex 14.6080 18.8302 74.0000
  endloop
 endfacet
 facet normal 0.00000 0.00000 -1.00000
  outer loop
   vertex 21.0000 10.5000 4.0000
   vertex 13.5754 17.9246 4.0000
   vertex 14.6080 18.8302 4.0000
  endloop
 endfacet
 facet normal 0.00000 0.00000 1.00000
  outer loop
   vertex 21.0000 10.5000 74.0000
   vertex 14.6080 18.8302 74.0000
   vertex 13.5754 17.9246 74.0000
  endloop
 endfacet
 facet normal 0.00000 0.00000 -1.00000
  outer loop
   vertex 21.0000 10.5000 4.0000
   vertex 12.6698 16.8920 4.0000
   vertex 13.5754 17.9246 4.0000
  endloop
 endfacet
 facet normal 0.00000 0.00000 1.00000
  outer loop
   vertex 21.0000 10.5000 74.0000
   vertex 13.5754 17.9246 74.0000
   vertex 12.6698 16.8920 74.0000
  endloop
 endfacet
 facet normal 0.00000 0.00000 -1.00000
  outer loop
   vertex 21.0000 10.5000 4.0000
   vertex 11.9067 15.7500 4.0000
   vertex 12.6698 16.8920 4.0000
  endloop
 endfacet
 facet normal 0.00000 0.00000 1.00000
  outer loop
   vertex 21.0000 10.5000 74.0000
   vertex 12.6698 16.8920 74.0000
   vertex 11.9067 15.7500 74.0000
  endloop
 endfacet
 facet normal 0.00000 0.00000 -1.00000
  outer loop
   vertex 21.0000 10.5000 4.0000
   vertex 11.2993 14.5182 4.0000
   vertex 11.9067 15.7500 4.0000
  endloop
 endfacet
 facet normal 0.00000 0.00000 1.00000
  outer loop
   vertex 21.0000 10.5000 74.0000
   vertex 11.9067 15.7500 74.0000
   vertex 11.2993 14.5182 74.0000
  endloop
 endfacet
 facet normal 0.00000 0.00000 -1.00000
  outer loop
   vertex 21.0000 10.5000 4.0000
   vertex 10.8578 13.2176 4.0000
   vertex 11.2993 14.5182 4.0000
  endloop
 endfacet
 facet normal 0.00000 0.00000 1.00000
  outer loop
   vertex 21.0000 10.5000 74.0000
   vertex 11.2993 14.5182 74.0000
   vertex 10.8578 13.2176 74.0000
  endloop
 endfacet
 facet normal 0.00000 0.00000 -1.00000
  outer loop
   vertex 21.0000 10.5000 4.0000
   vertex 10.5898 11.8705 4.0000
   vertex 10.8578 13.2176 4.0000
  endloop
 endfacet
 facet normal 0.00000 0.00000 1.00000
  outer loop
   vertex 21.0000 10.5000 74.0000
   vertex 10.8578 13.2176 74.0000
   vertex 10.5898 11.8705 74.0000
  endloop
 endfacet
 facet normal 0.00000 0.00000 -1.00000
  outer loop
   vertex 21.0000 10.5000 4.0000
   vertex 10.5000 10.5000 4.0000
   vertex 10.5898 11.8705 4.0000
  endloop
 endfacet
 facet normal 0.00000 0.00000 1.00000
  outer loop
   vertex 21.0000 10.5000 74.0000
   vertex 10.5898 11.8705 74.0000
   vertex 10.5000 10.5000 74.0000
  endloop
 endfacet
 facet normal -0.00000 0.00000 -1.00000
  outer loop
   vertex 21.0000 10.5000 4.0000
   vertex 10.5898 9.1295 4.0000
   vertex 10.5000 10.5000 4.0000
  endloop
 endfacet
 facet normal 0.00000 0.00000 1.00000
  outer loop
   vertex 21.0000 10.5000 74.0000
   vertex 10.5000 10.5000 74.0000
   vertex 10.5898 9.1295 74.0000
  endloop
 endfacet
 facet normal 0.00000 0.00000 -1.00000
  outer loop
   vertex 21.0000 10.5000 4.0000
   vertex 10.8578 7.7824 4.0000
   vertex 10.5898 9.1295 4.0000
  endloop
 endfacet
 facet normal 0.00000 0.00000 1.00000
  outer loop
   vertex 21.0000 10.5000 74.0000
   vertex 10.5898 9.1295 74.0000
   vertex 10.8578 7.7824 74.0000
  endloop
 endfacet
 facet normal 0.00000 0.00000 -1.00000
  outer loop
   vertex 21.0000 10.5000 4.0000
   vertex 11.2993 6.4818 4.0000
   vertex 10.8578 7.7824 4.0000
  endloop
 endfacet
 facet normal 0.00000 0.00000 1.00000
  outer loop
   vertex 21.0000 10.5000 74.0000
   vertex 10.8578 7.7824 74.0000
   vertex 11.2993 6.4818 74.0000
  endloop
 endfacet
 facet normal 0.00000 0.00000 -1.00000
  outer loop
   vertex 21.0000 10.5000 4.0000
   vertex 11.9067 5.2500 4.0000
   vertex 11.2993 6.4818 4.0000
  endloop
 endfacet
 facet normal 0.00000 0.00000 1.00000
  outer loop
   vertex 21.0000 10.5000 74.0000
   vertex 11.2993 6.4818 74.0000
   vertex 11.9067 5.2500 74.0000
  endloop
 endfacet
 facet normal 0.00000 0.00000 -1.00000
  outer loop
   vertex 21.0000 10.5000 4.0000
   vertex 12.6698 4.1080 4.0000
   vertex 11.9067 5.2500 4.0000
  endloop
 endfacet
 facet normal 0.00000 0.00000 1.00000
  outer loop
   vertex 21.0000 10.5000 74.0000
   vertex 11.9067 5.2500 74.0000
   vertex 12.6698 4.1080 74.0000
  endloop
 endfacet
 facet normal 0.00000 0.00000 -1.00000
  outer loop
   vertex 21.0000 10.5000 4.0000
   vertex 13.5754 3.0754 4.0000
   vertex 12.6698 4.1080 4.0000
  endloop
 endfacet
 facet normal 0.00000 0.00000 1.00000
  outer loop
   vertex 21.0000 10.5000 74.0000
   vertex 12.6698 4.1080 74.0000
   vertex 13.5754 3.0754 74.0000
  endloop
 endfacet
 facet normal 0.00000 0.00000 -1.00000
  outer loop
   vertex 21.0000 10.5000 4.0000
   vertex 14.6080 2.1698 4.0000
   vertex 13.5754 3.0754 4.0000
  endloop
 endfacet
 facet normal 0.00000 0.00000 1.00000
  outer loop
   vertex 21.0000 10.5000 74.0000
   vertex 13.5754 3.0754 74.0000
   vertex 14.6080 2.1698 74.0000
  endloop
 endfacet
 facet normal 0.00000 0.00000 -1.00000
  outer loop
   vertex 21.0000 10.5000 4.0000
   vertex 15.7500 1.4067 4.0000
   vertex 14.6080 2.1698 4.0000
  endloop
 endfacet
 facet normal 0.00000 0.00000 1.00000
  outer loop
   vertex 21.0000 10.5000 74.0000
   vertex 14.6080 2.1698 74.0000
   vertex 15.7500 1.4067 74.0000
  endloop
 endfacet
 facet normal 0.00000 0.00000 -1.00000
  outer loop
   vertex 21.0000 10.5000 4.0000
   vertex 16.9818 0.7993 4.0000
   vertex 15.7500 1.4067 4.0000
  endloop
 endfacet
 facet normal 0.00000 0.00000 1.00000
  outer loop
   vertex 21.0000 10.5000 74.0000
   vertex 15.7500 1.4067 74.0000
   vertex 16.9818 0.7993 74.0000
  endloop
 endfacet
 facet normal 0.00000 0.00000 -1.00000
  outer loop
   vertex 21.0000 10.5000 4.0000
   vertex 18.2824 0.3578 4.0000
   vertex 16.9818 0.7993 4.0000
  endloop
 endfacet
 facet normal 0.00000 0.00000 1.00000
  outer loop
   vertex 21.0000 10.5000 74.0000
   vertex 16.9818 0.7993 74.0000
   vertex 18.2824 0.3578 74.0000
  endloop
 endfacet
 facet normal 0.00000 0.00000 -1.00000
  outer loop
   vertex 21.0000 10.5000 4.0000
   vertex 19.6295 0.0898 4.0000
   vertex 18.2824 0.3578 4.0000
  endloop
 endfacet
 facet normal 0.00000 0.00000 1.00000
  outer loop
   vertex 21.0000 10.5000 74.0000
   vertex 18.2824 0.3578 74.0000
   vertex 19.6295 0.0898 74.0000
  endloop
 endfacet
 facet normal 0.00000 0.00000 -1.00000
  outer loop
   vertex 21.0000 10.5000 4.0000
   vertex 21.0000 0.0000 4.0000
   vertex 19.6295 0.0898 4.0000
  endloop
 endfacet
 facet normal 0.00000 0.00000 1.00000
  outer loop
   vertex 21.0000 10.5000 74.0000
   vertex 19.6295 0.0898 74.0000
   vertex 21.0000 0.0000 74.0000
  endloop
 endfacet
 facet normal 0.00000 -0.00000 -1.00000
  outer loop
   vertex 21.0000 10.5000 4.0000
   vertex 22.3705 0.0898 4.0000
   vertex 21.0000 0.0000 4.0000
  endloop
 endfacet
 facet normal 0.00000 0.00000 1.00000
  outer loop
   vertex 21.0000 10.5000 74.0000
   vertex 21.0000 0.0000 74.0000
   vertex 22.3705 0.0898 74.0000
  endloop
 endfacet
 facet normal 0.00000 0.00000 -1.00000
  outer loop
   vertex 21.0000 10.5000 4.0000
   vertex 23.7176 0.3578 4.0000
   vertex 22.3705 0.0898 4.0000
  endloop
 endfacet
 facet normal 0.00000 0.00000 1.00000
  outer loop
   vertex 21.0000 10.5000 74.0000
   vertex 22.3705 0.0898 74.0000
   vertex 23.7176 0.3578 74.0000
  endloop
 endfacet
 facet normal 0.00000 0.00000 -1.00000
  outer loop
   vertex 21.0000 10.5000 4.0000
   vertex 25.0182 0.7993 4.0000
   vertex 23.7176 0.3578 4.0000
  endloop
 endfacet
 facet normal 0.00000 0.00000 1.00000
  outer loop
   vertex 21.0000 10.5000 74.0000
   vertex 23.7176 0.3578 74.0000
   vertex 25.0182 0.7993 74.0000
  endloop
 endfacet
 facet normal 0.00000 0.00000 -1.00000
  outer loop
   vertex 21.0000 10.5000 4.0000
   vertex 26.2500 1.4067 4.0000
   vertex 25.0182 0.7993 4.0000
  endloop
 endfacet
 facet normal 0.00000 0.00000 1.00000
  outer loop
   vertex 21.0000 10.5000 74.0000
   vertex 25.0182 0.7993 74.0000
   vertex 26.2500 1.4067 74.0000
  endloop
 endfacet
 facet normal 0.00000 0.00000 -1.00000
  outer loop
   vertex 21.0000 10.5000 4.0000
   vertex 27.3920 2.1698 4.0000
   vertex 26.2500 1.4067 4.0000
  endloop
 endfacet
 facet normal 0.00000 0.00000 1.00000
  outer loop
   vertex 21.0000 10.5000 74.0000
   vertex 26.2500 1.4067 74.0000
   vertex 27.3920 2.1698 74.0000
  endloop
 endfacet
 facet normal 0.00000 0.00000 -1.00000
  outer loop
   vertex 21.0000 10.5000 4.0000
   vertex 28.4246 3.0754 4.0000
   vertex 27.3920 2.1698 4.0000
  endloop
 endfacet
 facet normal 0.00000 0.00000 1.00000
  outer loop
   vertex 21.0000 10.5000 74.0000
   vertex 27.3920 2.1698 74.0000
   vertex 28.4246 3.0754 74.0000
  endloop
 endfacet
 facet normal 0.00000 0.00000 -1.00000
  outer loop
   vertex 21.0000 10.5000 4.0000
   vertex 29.3302 4.1080 4.0000
   vertex 28.4246 3.0754 4.0000
  endloop
 endfacet
 facet normal 0.00000 0.00000 1.00000
  outer loop
   vertex 21.0000 10.5000 74.0000
   vertex 28.4246 3.0754 74.0000
   vertex 29.3302 4.1080 74.0000
  endloop
 endfacet
 facet normal 0.00000 0.00000 -1.00000
  outer loop
   vertex 21.0000 10.5000 4.0000
   vertex 30.0933 5.2500 4.0000
   vertex 29.3302 4.1080 4.0000
  endloop
 endfacet
 facet normal 0.00000 0.00000 1.00000
  outer loop
   vertex 21.0000 10.5000 74.0000
   vertex 29.3302 4.1080 74.0000
   vertex 30.0933 5.2500 74.0000
  endloop
 endfacet
 facet normal 0.00000 0.00000 -1.00000
  outer loop
   vertex 21.0000 10.5000 4.0000
   vertex 30.7007 6.4818 4.0000
   vertex 30.0933 5.2500 4.0000
  endloop
 endfacet
 facet normal 0.00000 0.00000 1.00000
  outer loop
   vertex 21.0000 10.5000 74.0000
   vertex 30.0933 5.2500 74.0000
   vertex 30.7007 6.4818 74.0000
  endloop
 endfacet
 facet normal 0.00000 0.00000 -1.00000
  outer loop
   vertex 21.0000 10.5000 4.0000
   vertex 31.1422 7.7824 4.0000
   vertex 30.7007 6.4818 4.0000
  endloop
 endfacet
 facet normal 0.00000 0.00000 1.00000
  outer loop
   vertex 21.0000 10.5000 74.0000
   vertex 30.7007 6.4818 74.0000
   vertex 31.1422 7.7824 74.0000
  endloop
 endfacet
 facet normal 0.00000 0.00000 -1.00000
  outer loop
   vertex 21.0000 10.5000 4.0000
   vertex 31.4102 9.1295 4.0000
   vertex 31.1422 7.7824 4.0000
  endloop
 endfacet
 facet normal 0.00000 0.00000 1.00000
  outer loop
   vertex 21.0000 10.5000 74.0000
   vertex 31.1422 7.7824 74.0000
   vertex 31.4102 9.1295 74.0000
  endloop
 endfacet
 facet normal 0.00000 0.00000 -1.00000
  outer loop
   vertex 21.0000 10.5000 4.0000
   vertex 31.5000 10.5000 4.0000
   vertex 31.4102 9.1295 4.0000
  endloop
 endfacet
 facet normal -0.00000 0.00000 1.00000
  outer loop
   vertex 21.0000 10.5000 74.0000
   vertex 31.4102 9.1295 74.0000
   vertex 31.5000 10.5000 74.0000
  endloop
 endfacet
 facet normal 0.00000 0.00000 -1.00000
  outer loop
   vertex -30.0000 -20.0000 75.0000
   vertex 30.0000 20.0000 75.0000
   vertex 30.0000 -20.0000 75.0000
  endloop
 endfacet
 facet normal 0.00000 0.00000 -1.00000
  outer loop
   vertex -30.0000 -20.0000 75.0000
   vertex -30.0000 20.0000 75.0000
   vertex 30.0000 20.0000 75.0000
  endloop
 endfacet
 facet normal 0.00000 0.00000 1.00000
  outer loop
   vertex -30.0000 -20.0000 78.0000
   vertex 30.0000 -20.0000 78.0000
   vertex 30.0000 20.0000 78.0000
  endloop
 endfacet
 facet normal 0.00000 0.00000 1.00000
  outer loop
   vertex -30.0000 -20.0000 78.0000
   vertex 30.0000 20.0000 78.0000
   vertex -30.0000 20.0000 78.0000
  endloop
 endfacet
 facet normal 0.00000 -1.00000 0.00000
  outer loop
   vertex -30.0000 -20.0000 75.0000
   vertex 30.0000 -20.0000 75.0000
   vertex 30.0000 -20.0000 78.0000
  endloop
 endfacet
 facet normal 0.00000 -1.00000 0.00000
  outer loop
   vertex -30.0000 -20.0000 75.0000
   vertex 30.0000 -20.0000 78.0000
   vertex -30.0000 -20.0000 78.0000
  endloop
 endfacet
 facet normal 1.00000 0.00000 0.00000
  outer loop
   vertex 30.0000 -20.0000 75.0000
   vertex 30.0000 20.0000 75.0000
   vertex 30.0000 20.0000 78.0000
  endloop
 endfacet
 facet normal 1.00000 0.00000 0.00000
  outer loop
   vertex 30.0000 -20.0000 75.0000
   vertex 30.0000 20.0000 78.0000
   vertex 30.0000 -20.0000 78.0000
  endloop
 endfacet
 facet normal 0.00000 1.00000 0.00000
  outer loop
   vertex 30.0000 20.0000 75.0000
   vertex -30.0000 20.0000 75.0000
   vertex -30.0000 20.0000 78.0000
  endloop
 endfacet
 facet normal 0.00000 1.00000 -0.00000
  outer loop
   vertex 30.0000 20.0000 75.0000
   vertex -30.0000 20.0000 78.0000
   vertex 30.0000 20.0000 78.0000
  endloop
 endfacet
 facet normal -1.00000 0.00000 0.00000
  outer loop
   vertex -30.0000 20.0000 75.0000
   vertex -30.0000 -20.0000 75.0000
   vertex -30.0000 -20.0000 78.0000
  endloop
 endfacet
 facet normal -1.00000 0.00000 0.00000
  outer loop
   vertex -30.0000 20.0000 75.0000
   vertex -30.0000 -20.0000 78.0000
   vertex -30.0000 20.0000 78.0000
  endloop
 endfacet
 facet normal 0.00000 0.00000 -1.00000
  outer loop
   vertex -25.0000 22.5000 4.0000
   vertex 25.0000 34.5000 4.0000
   vertex 25.0000 22.5000 4.0000
  endloop
 endfacet
 facet normal 0.00000 0.00000 -1.00000
  outer loop
   vertex -25.0000 22.5000 4.0000
   vertex -25.0000 34.5000 4.0000
   vertex 25.0000 34.5000 4.0000
  endloop
 endfacet
 facet normal 0.00000 0.00000 1.00000
  outer loop
   vertex -25.0000 22.5000 54.0000
   vertex 25.0000 22.5000 54.0000
   vertex 25.0000 34.5000 54.0000
  endloop
 endfacet
 facet normal 0.00000 0.00000 1.00000
  outer loop
   vertex -25.0000 22.5000 54.0000
   vertex 25.0000 34.5000 54.0000
   vertex -25.0000 34.5000 54.0000
  endloop
 endfacet
 facet normal 0.00000 -1.00000 0.00000
  outer loop
   vertex -25.0000 22.5000 4.0000
   vertex 25.0000 22.5000 4.0000
   vertex 25.0000 22.5000 54.0000
  endloop
 endfacet
 facet normal 0.00000 -1.00000 0.00000
  outer loop
   vertex -25.0000 22.5000 4.0000
   vertex 25.0000 22.5000 54.0000
   vertex -25.0000 22.5000 54.0000
  endloop
 endfacet
 facet normal 1.00000 0.00000 0.00000
  outer loop
   vertex 25.0000 22.5000 4.0000
   vertex 25.0000 34.5000 4.0000
   vertex 25.0000 34.5000 54.0000
  endloop
 endfacet
 facet normal 1.00000 0.00000 0.00000
  outer loop
   vertex 25.0000 22.5000 4.0000
   vertex 25.0000 34.5000 54.0000
   vertex 25.0000 22.5000 54.0000
  endloop
 endfacet
 facet normal 0.00000 1.00000 0.00000
  outer loop
   vertex 25.0000 34.5000 4.0000
   vertex -25.0000 34.5000 4.0000
   vertex -25.0000 34.5000 54.0000
  endloop
 endfacet
 facet normal 0.00000 1.00000 -0.00000
  outer loop
   vertex 25.0000 34.5000 4.0000
   vertex -25.0000 34.5000 54.0000
   vertex 25.0000 34.5000 54.0000
  endloop
 endfacet
 facet normal -1.00000 0.00000 0.00000
  outer loop
   vertex -25.0000 34.5000 4.0000
   vertex -25.0000 22.5000 4.0000
   vertex -25.0000 22.5000 54.0000
  endloop
 endfacet
 facet normal -1.00000 0.00000 0.00000
  outer loop
   vertex -25.0000 34.5000 4.0000
   vertex -25.0000 22.5000 54.0000
   vertex -25.0000 34.5000 54.0000
  endloop
 endfacet
 facet normal 0.00000 0.00000 -1.00000
  outer loop
   vertex -14.0000 -35.5000 5.0000
   vertex 14.0000 -22.5000 5.0000
   vertex 14.0000 -35.5000 5.0000
  endloop
 endfacet
 facet normal 0.00000 0.00000 -1.00000
  outer loop
   vertex -14.0000 -35.5000 5.0000
   vertex -14.0000 -22.5000 5.0000
   vertex 14.0000 -22.5000 5.0000
  endloop
 endfacet
 facet normal 0.00000 0.00000 1.00000
  outer loop
   vertex -14.0000 -35.5000 57.0000
   vertex 14.0000 -35.5000 57.0000
   vertex 14.0000 -22.5000 57.0000
  endloop
 endfacet
 facet normal 0.00000 0.00000 1.00000
  outer loop
   vertex -14.0000 -35.5000 57.0000
   vertex 14.0000 -22.5000 57.0000
   vertex -14.0000 -22.5000 57.0000
  endloop
 endfacet
 facet normal 0.00000 -1.00000 0.00000
  outer loop
   vertex -14.0000 -35.5000 5.0000
   vertex 14.0000 -35.5000 5.0000
   vertex 14.0000 -35.5000 57.0000
  endloop
 endfacet
 facet normal 0.00000 -1.00000 0.00000
  outer loop
   vertex -14.0000 -35.5000 5.0000
   vertex 14.0000 -35.5000 57.0000
   vertex -14.0000 -35.5000 57.0000
  endloop
 endfacet
 facet normal 1.00000 0.00000 0.00000
  outer loop
   vertex 14.0000 -35.5000 5.0000
   vertex 14.0000 -22.5000 5.0000
   vertex 14.0000 -22.5000 57.0000
  endloop
 endfacet
 facet normal 1.00000 0.00000 0.00000
  outer loop
   vertex 14.0000 -35.5000 5.0000
   vertex 14.0000 -22.5000 57.0000
   vertex 14.0000 -35.5000 57.0000
  endloop
 endfacet
 facet normal 0.00000 1.00000 0.00000
  outer loop
   vertex 14.0000 -22.5000 5.0000
   vertex -14.0000 -22.5000 5.0000
   vertex -14.0000 -22.5000 57.0000
  endloop
 endfacet
 facet normal 0.00000 1.00000 -0.00000
  outer loop
   vertex 14.0000 -22.5000 5.0000
   vertex -14.0000 -22.5000 57.0000
   vertex 14.0000 -22.5000 57.0000
  endloop
 endfacet
 facet normal -1.00000 0.00000 0.00000
  outer loop
   vertex -14.0000 -22.5000 5.0000
   vertex -14.0000 -35.5000 5.0000
   vertex -14.0000 -35.5000 57.0000
  endloop
 endfacet
 facet normal -1.00000 0.00000 0.00000
  outer loop
   vertex -14.0000 -22.5000 5.0000
   vertex -14.0000 -35.5000 57.0000
   vertex -14.0000 -22.5000 57.0000
  endloop
 endfacet
 facet normal 0.00000 0.00000 -1.00000
  outer loop
   vertex -8.5000 -34.0000 59.0000
   vertex 8.5000 -25.0000 59.0000
   vertex 8.5000 -34.0000 59.0000
  endloop
 endfacet
 facet normal 0.00000 0.00000 -1.00000
  outer loop
   vertex -8.5000 -34.0000 59.0000
   vertex -8.5000 -25.0000 59.0000
   vertex 8.5000 -25.0000 59.0000
  endloop
 endfacet
 facet normal 0.00000 0.00000 1.00000
  outer loop
   vertex -8.5000 -34.0000 81.0000
   vertex 8.5000 -34.0000 81.0000
   vertex 8.5000 -25.0000 81.0000
  endloop
 endfacet
 facet normal 0.00000 0.00000 1.00000
  outer loop
   vertex -8.5000 -34.0000 81.0000
   vertex 8.5000 -25.0000 81.0000
   vertex -8.5000 -25.0000 81.0000
  endloop
 endfacet
 facet normal 0.00000 -1.00000 0.00000
  outer loop
   vertex -8.5000 -34.0000 59.0000
   vertex 8.5000 -34.0000 59.0000
   vertex 8.5000 -34.0000 81.0000
  endloop
 endfacet
 facet normal 0.00000 -1.00000 0.00000
  outer loop
   vertex -8.5000 -34.0000 59.0000
   vertex 8.5000 -34.0000 81.0000
   vertex -8.5000 -34.0000 81.0000
  endloop
 endfacet
 facet normal 1.00000 0.00000 0.00000
  outer loop
   vertex 8.5000 -34.0000 59.0000
   vertex 8.5000 -25.0000 59.0000
   vertex 8.5000 -25.0000 81.0000
  endloop
 endfacet
 facet normal 1.00000 0.00000 0.00000
  outer loop
   vertex 8.5000 -34.0000 59.0000
   vertex 8.5000 -25.0000 81.0000
   vertex 8.5000 -34.0000 81.0000
  endloop
 endfacet
 facet normal 0.00000 1.00000 0.00000
  outer loop
   vertex 8.5000 -25.0000 59.0000
   vertex -8.5000 -25.0000 59.0000
   vertex -8.5000 -25.0000 81.0000
  endloop
 endfacet
 facet normal 0.00000 1.00000 -0.00000
  outer loop
   vertex 8.5000 -25.0000 59.0000
   vertex -8.5000 -25.0000 81.0000
   vertex 8.5000 -25.0000 81.0000
  endloop
 endfacet
 facet normal -1.00000 0.00000 0.00000
  outer loop
   vertex -8.5000 -25.0000 59.0000
   vertex -8.5000 -34.0000 59.0000
   vertex -8.5000 -34.0000 81.0000
  endloop
 endfacet
 facet normal -1.00000 0.00000 0.00000
  outer loop
   vertex -8.5000 -25.0000 59.0000
   vertex -8.5000 -34.0000 81.0000
   vertex -8.5000 -25.0000 81.0000
  endloop
 endfacet
endsolid thermox
