# ThermoX layout draft, millimetres, Z up
mtllib thermox_bottle.mtl
g shell
usemtl m_shell
v 45.0000 0.0000 3.0000
v 44.6150 5.8737 3.0000
v 43.4667 11.6469 3.0000
v 41.5746 17.2208 3.0000
v 38.9711 22.5000 3.0000
v 35.7009 27.3943 3.0000
v 31.8198 31.8198 3.0000
v 27.3943 35.7009 3.0000
v 22.5000 38.9711 3.0000
v 17.2208 41.5746 3.0000
v 11.6469 43.4667 3.0000
v 5.8737 44.6150 3.0000
v 0.0000 45.0000 3.0000
v -5.8737 44.6150 3.0000
v -11.6469 43.4667 3.0000
v -17.2208 41.5746 3.0000
v -22.5000 38.9711 3.0000
v -27.3943 35.7009 3.0000
v -31.8198 31.8198 3.0000
v -35.7009 27.3943 3.0000
v -38.9711 22.5000 3.0000
v -41.5746 17.2208 3.0000
v -43.4667 11.6469 3.0000
v -44.6150 5.8737 3.0000
v -45.0000 0.0000 3.0000
v -44.6150 -5.8737 3.0000
v -43.4667 -11.6469 3.0000
v -41.5746 -17.2208 3.0000
v -38.9711 -22.5000 3.0000
v -35.7009 -27.3943 3.0000
v -31.8198 -31.8198 3.0000
v -27.3943 -35.7009 3.0000
v -22.5000 -38.9711 3.0000
v -17.2208 -41.5746 3.0000
v -11.6469 -43.4667 3.0000
v -5.8737 -44.6150 3.0000
v -0.0000 -45.0000 3.0000
v 5.8737 -44.6150 3.0000
v 11.6469 -43.4667 3.0000
v 17.2208 -41.5746 3.0000
v 22.5000 -38.9711 3.0000
v 27.3943 -35.7009 3.0000
v 31.8198 -31.8198 3.0000
v 35.7009 -27.3943 3.0000
v 38.9711 -22.5000 3.0000
v 41.5746 -17.2208 3.0000
v 43.4667 -11.6469 3.0000
v 44.6150 -5.8737 3.0000
v 45.0000 0.0000 249.0000
v 44.6150 5.8737 249.0000
v 43.4667 11.6469 249.0000
v 41.5746 17.2208 249.0000
v 38.9711 22.5000 249.0000
v 35.7009 27.3943 249.0000
v 31.8198 31.8198 249.0000
v 27.3943 35.7009 249.0000
v 22.5000 38.9711 249.0000
v 17.2208 41.5746 249.0000
v 11.6469 43.4667 249.0000
v 5.8737 44.6150 249.0000
v 0.0000 45.0000 249.0000
v -5.8737 44.6150 249.0000
v -11.6469 43.4667 249.0000
v -17.2208 41.5746 249.0000
v -22.5000 38.9711 249.0000
v -27.3943 35.7009 249.0000
v -31.8198 31.8198 249.0000
v -35.7009 27.3943 249.0000
v -38.9711 22.5000 249.0000
v -41.5746 17.2208 249.0000
v -43.4667 11.6469 249.0000
v -44.6150 5.8737 249.0000
v -45.0000 0.0000 249.0000
v -44.6150 -5.8737 249.0000
v -43.4667 -11.6469 249.0000
v -41.5746 -17.2208 249.0000
v -38.9711 -22.5000 249.0000
v -35.7009 -27.3943 249.0000
v -31.8198 -31.8198 249.0000
v -27.3943 -35.7009 249.0000
v -22.5000 -38.9711 249.0000
v -17.2208 -41.5746 249.0000
v -11.6469 -43.4667 249.0000
v -5.8737 -44.6150 249.0000
v -0.0000 -45.0000 249.0000
v 5.8737 -44.6150 249.0000
v 11.6469 -43.4667 249.0000
v 17.2208 -41.5746 249.0000
v 22.5000 -38.9711 249.0000
v 27.3943 -35.7009 249.0000
v 31.8198 -31.8198 249.0000
v 35.7009 -27.3943 249.0000
v 38.9711 -22.5000 249.0000
v 41.5746 -17.2208 249.0000
v 43.4667 -11.6469 249.0000
v 44.6150 -5.8737 249.0000
v 43.5000 0.0000 3.0000
v 43.1279 5.6779 3.0000
v 42.0178 11.2586 3.0000
v 40.1888 16.6467 3.0000
v 37.6721 21.7500 3.0000
v 34.5109 26.4811 3.0000
v 30.7591 30.7591 3.0000
v 26.4811 34.5109 3.0000
v 21.7500 37.6721 3.0000
v 16.6467 40.1888 3.0000
v 11.2586 42.0178 3.0000
v 5.6779 43.1279 3.0000
v 0.0000 43.5000 3.0000
v -5.6779 43.1279 3.0000
v -11.2586 42.0178 3.0000
v -16.6467 40.1888 3.0000
v -21.7500 37.6721 3.0000
v -26.4811 34.5109 3.0000
v -30.7591 30.7591 3.0000
v -34.5109 26.4811 3.0000
v -37.6721 21.7500 3.0000
v -40.1888 16.6467 3.0000
v -42.0178 11.2586 3.0000
v -43.1279 5.6779 3.0000
v -43.5000 0.0000 3.0000
v -43.1279 -5.6779 3.0000
v -42.0178 -11.2586 3.0000
v -40.1888 -16.6467 3.0000
v -37.6721 -21.7500 3.0000
v -34.5109 -26.4811 3.0000
v -30.7591 -30.7591 3.0000
v -26.4811 -34.5109 3.0000
v -21.7500 -37.6721 3.0000
v -16.6467 -40.1888 3.0000
v -11.2586 -42.0178 3.0000
v -5.6779 -43.1279 3.0000
v -0.0000 -43.5000 3.0000
v 5.6779 -43.1279 3.0000
v 11.2586 -42.0178 3.0000
v 16.6467 -40.1888 3.0000
v 21.7500 -37.6721 3.0000
v 26.4811 -34.5109 3.0000
v 30.7591 -30.7591 3.0000
v 34.5109 -26.4811 3.0000
v 37.6721 -21.7500 3.0000
v 40.1888 -16.6467 3.0000
v 42.0178 -11.2586 3.0000
v 43.1279 -5.6779 3.0000
v 43.5000 0.0000 249.0000
v 43.1279 5.6779 249.0000
v 42.0178 11.2586 249.0000
v 40.1888 16.6467 249.0000
v 37.6721 21.7500 249.0000
v 34.5109 26.4811 249.0000
v 30.7591 30.7591 249.0000
v 26.4811 34.5109 249.0000
v 21.7500 37.6721 249.0000
v 16.6467 40.1888 249.0000
v 11.2586 42.0178 249.0000
v 5.6779 43.1279 249.0000
v 0.0000 43.5000 249.0000
v -5.6779 43.1279 249.0000
v -11.2586 42.0178 249.0000
v -16.6467 40.1888 249.0000
v -21.7500 37.6721 249.0000
v -26.4811 34.5109 249.0000
v -30.7591 30.7591 249.0000
v -34.5109 26.4811 249.0000
v -37.6721 21.7500 249.0000
v -40.1888 16.6467 249.0000
v -42.0178 11.2586 249.0000
v -43.1279 5.6779 249.0000
v -43.5000 0.0000 249.0000
v -43.1279 -5.6779 249.0000
v -42.0178 -11.2586 249.0000
v -40.1888 -16.6467 249.0000
v -37.6721 -21.7500 249.0000
v -34.5109 -26.4811 249.0000
v -30.7591 -30.7591 249.0000
v -26.4811 -34.5109 249.0000
v -21.7500 -37.6721 249.0000
v -16.6467 -40.1888 249.0000
v -11.2586 -42.0178 249.0000
v -5.6779 -43.1279 249.0000
v -0.0000 -43.5000 249.0000
v 5.6779 -43.1279 249.0000
v 11.2586 -42.0178 249.0000
v 16.6467 -40.1888 249.0000
v 21.7500 -37.6721 249.0000
v 26.4811 -34.5109 249.0000
v 30.7591 -30.7591 249.0000
v 34.5109 -26.4811 249.0000
v 37.6721 -21.7500 249.0000
v 40.1888 -16.6467 249.0000
v 42.0178 -11.2586 249.0000
v 43.1279 -5.6779 249.0000
f 1 2 50
f 1 50 49
f 2 3 51
f 2 51 50
f 3 4 52
f 3 52 51
f 4 5 53
f 4 53 52
f 5 6 54
f 5 54 53
f 6 7 55
f 6 55 54
f 7 8 56
f 7 56 55
f 8 9 57
f 8 57 56
f 9 10 58
f 9 58 57
f 10 11 59
f 10 59 58
f 11 12 60
f 11 60 59
f 12 13 61
f 12 61 60
f 13 14 62
f 13 62 61
f 14 15 63
f 14 63 62
f 15 16 64
f 15 64 63
f 16 17 65
f 16 65 64
f 17 18 66
f 17 66 65
f 18 19 67
f 18 67 66
f 19 20 68
f 19 68 67
f 20 21 69
f 20 69 68
f 21 22 70
f 21 70 69
f 22 23 71
f 22 71 70
f 23 24 72
f 23 72 71
f 24 25 73
f 24 73 72
f 25 26 74
f 25 74 73
f 26 27 75
f 26 75 74
f 27 28 76
f 27 76 75
f 28 29 77
f 28 77 76
f 29 30 78
f 29 78 77
f 30 31 79
f 30 79 78
f 31 32 80
f 31 80 79
f 32 33 81
f 32 81 80
f 33 34 82
f 33 82 81
f 34 35 83
f 34 83 82
f 35 36 84
f 35 84 83
f 36 37 85
f 36 85 84
f 37 38 86
f 37 86 85
f 38 39 87
f 38 87 86
f 39 40 88
f 39 88 87
f 40 41 89
f 40 89 88
f 41 42 90
f 41 90 89
f 42 43 91
f 42 91 90
f 43 44 92
f 43 92 91
f 44 45 93
f 44 93 92
f 45 46 94
f 45 94 93
f 46 47 95
f 46 95 94
f 47 48 96
f 47 96 95
f 48 1 49
f 48 49 96
f 97 146 98
f 97 145 146
f 1 97 98
f 1 98 2
f 49 50 146
f 49 146 145
f 98 147 99
f 98 146 147
f 2 98 99
f 2 99 3
f 50 51 147
f 50 147 146
f 99 148 100
f 99 147 148
f 3 99 100
f 3 100 4
f 51 52 148
f 51 148 147
f 100 149 101
f 100 148 149
f 4 100 101
f 4 101 5
f 52 53 149
f 52 149 148
f 101 150 102
f 101 149 150
f 5 101 102
f 5 102 6
f 53 54 150
f 53 150 149
f 102 151 103
f 102 150 151
f 6 102 103
f 6 103 7
f 54 55 151
f 54 151 150
f 103 152 104
f 103 151 152
f 7 103 104
f 7 104 8
f 55 56 152
f 55 152 151
f 104 153 105
f 104 152 153
f 8 104 105
f 8 105 9
f 56 57 153
f 56 153 152
f 105 154 106
f 105 153 154
f 9 105 106
f 9 106 10
f 57 58 154
f 57 154 153
f 106 155 107
f 106 154 155
f 10 106 107
f 10 107 11
f 58 59 155
f 58 155 154
f 107 156 108
f 107 155 156
f 11 107 108
f 11 108 12
f 59 60 156
f 59 156 155
f 108 157 109
f 108 156 157
f 12 108 109
f 12 109 13
f 60 61 157
f 60 157 156
f 109 158 110
f 109 157 158
f 13 109 110
f 13 110 14
f 61 62 158
f 61 158 157
f 110 159 111
f 110 158 159
f 14 110 111
f 14 111 15
f 62 63 159
f 62 159 158
f 111 160 112
f 111 159 160
f 15 111 112
f 15 112 16
f 63 64 160
f 63 160 159
f 112 161 113
f 112 160 161
f 16 112 113
f 16 113 17
f 64 65 161
f 64 161 160
f 113 162 114
f 113 161 162
f 17 113 114
f 17 114 18
f 65 66 162
f 65 162 161
f 114 163 115
f 114 162 163
f 18 114 115
f 18 115 19
f 66 67 163
f 66 163 162
f 115 164 116
f 115 163 164
f 19 115 116
f 19 116 20
f 67 68 164
f 67 164 163
f 116 165 117
f 116 164 165
f 20 116 117
f 20 117 21
f 68 69 165
f 68 165 164
f 117 166 118
f 117 165 166
f 21 117 118
f 21 118 22
f 69 70 166
f 69 166 165
f 118 167 119
f 118 166 167
f 22 118 119
f 22 119 23
f 70 71 167
f 70 167 166
f 119 168 120
f 119 167 168
f 23 119 120
f 23 120 24
f 71 72 168
f 71 168 167
f 120 169 121
f 120 168 169
f 24 120 121
f 24 121 25
f 72 73 169
f 72 169 168
f 121 170 122
f 121 169 170
f 25 121 122
f 25 122 26
f 73 74 170
f 73 170 169
f 122 171 123
f 122 170 171
f 26 122 123
f 26 123 27
f 74 75 171
f 74 171 170
f 123 172 124
f 123 171 172
f 27 123 124
f 27 124 28
f 75 76 172
f 75 172 171
f 124 173 125
f 124 172 173
f 28 124 125
f 28 125 29
f 76 77 173
f 76 173 172
f 125 174 126
f 125 173 174
f 29 125 126
f 29 126 30
f 77 78 174
f 77 174 173
f 126 175 127
f 126 174 175
f 30 126 127
f 30 127 31
f 78 79 175
f 78 175 174
f 127 176 128
f 127 175 176
f 31 127 128
f 31 128 32
f 79 80 176
f 79 176 175
f 128 177 129
f 128 176 177
f 32 128 129
f 32 129 33
f 80 81 177
f 80 177 176
f 129 178 130
f 129 177 178
f 33 129 130
f 33 130 34
f 81 82 178
f 81 178 177
f 130 179 131
f 130 178 179
f 34 130 131
f 34 131 35
f 82 83 179
f 82 179 178
f 131 180 132
f 131 179 180
f 35 131 132
f 35 132 36
f 83 84 180
f 83 180 179
f 132 181 133
f 132 180 181
f 36 132 133
f 36 133 37
f 84 85 181
f 84 181 180
f 133 182 134
f 133 181 182
f 37 133 134
f 37 134 38
f 85 86 182
f 85 182 181
f 134 183 135
f 134 182 183
f 38 134 135
f 38 135 39
f 86 87 183
f 86 183 182
f 135 184 136
f 135 183 184
f 39 135 136
f 39 136 40
f 87 88 184
f 87 184 183
f 136 185 137
f 136 184 185
f 40 136 137
f 40 137 41
f 88 89 185
f 88 185 184
f 137 186 138
f 137 185 186
f 41 137 138
f 41 138 42
f 89 90 186
f 89 186 185
f 138 187 139
f 138 186 187
f 42 138 139
f 42 139 43
f 90 91 187
f 90 187 186
f 139 188 140
f 139 187 188
f 43 139 140
f 43 140 44
f 91 92 188
f 91 188 187
f 140 189 141
f 140 188 189
f 44 140 141
f 44 141 45
f 92 93 189
f 92 189 188
f 141 190 142
f 141 189 190
f 45 141 142
f 45 142 46
f 93 94 190
f 93 190 189
f 142 191 143
f 142 190 191
f 46 142 143
f 46 143 47
f 94 95 191
f 94 191 190
f 143 192 144
f 143 191 192
f 47 143 144
f 47 144 48
f 95 96 192
f 95 192 191
f 144 145 97
f 144 192 145
f 48 144 97
f 48 97 1
f 96 49 145
f 96 145 192
g base_pad
usemtl m_base_pad
v 45.0000 0.0000 0.0000
v 44.6150 5.8737 0.0000
v 43.4667 11.6469 0.0000
v 41.5746 17.2208 0.0000
v 38.9711 22.5000 0.0000
v 35.7009 27.3943 0.0000
v 31.8198 31.8198 0.0000
v 27.3943 35.7009 0.0000
v 22.5000 38.9711 0.0000
v 17.2208 41.5746 0.0000
v 11.6469 43.4667 0.0000
v 5.8737 44.6150 0.0000
v 0.0000 45.0000 0.0000
v -5.8737 44.6150 0.0000
v -11.6469 43.4667 0.0000
v -17.2208 41.5746 0.0000
v -22.5000 38.9711 0.0000
v -27.3943 35.7009 0.0000
v -31.8198 31.8198 0.0000
v -35.7009 27.3943 0.0000
v -38.9711 22.5000 0.0000
v -41.5746 17.2208 0.0000
v -43.4667 11.6469 0.0000
v -44.6150 5.8737 0.0000
v -45.0000 0.0000 0.0000
v -44.6150 -5.8737 0.0000
v -43.4667 -11.6469 0.0000
v -41.5746 -17.2208 0.0000
v -38.9711 -22.5000 0.0000
v -35.7009 -27.3943 0.0000
v -31.8198 -31.8198 0.0000
v -27.3943 -35.7009 0.0000
v -22.5000 -38.9711 0.0000
v -17.2208 -41.5746 0.0000
v -11.6469 -43.4667 0.0000
v -5.8737 -44.6150 0.0000
v -0.0000 -45.0000 0.0000
v 5.8737 -44.6150 0.0000
v 11.6469 -43.4667 0.0000
v 17.2208 -41.5746 0.0000
v 22.5000 -38.9711 0.0000
v 27.3943 -35.7009 0.0000
v 31.8198 -31.8198 0.0000
v 35.7009 -27.3943 0.0000
v 38.9711 -22.5000 0.0000
v 41.5746 -17.2208 0.0000
v 43.4667 -11.6469 0.0000
v 44.6150 -5.8737 0.0000
v 45.0000 0.0000 3.0000
v 44.6150 5.8737 3.0000
v 43.4667 11.6469 3.0000
v 41.5746 17.2208 3.0000
v 38.9711 22.5000 3.0000
v 35.7009 27.3943 3.0000
v 31.8198 31.8198 3.0000
v 27.3943 35.7009 3.0000
v 22.5000 38.9711 3.0000
v 17.2208 41.5746 3.0000
v 11.6469 43.4667 3.0000
v 5.8737 44.6150 3.0000
v 0.0000 45.0000 3.0000
v -5.8737 44.6150 3.0000
v -11.6469 43.4667 3.0000
v -17.2208 41.5746 3.0000
v -22.5000 38.9711 3.0000
v -27.3943 35.7009 3.0000
v -31.8198 31.8198 3.0000
v -35.7009 27.3943 3.0000
v -38.9711 22.5000 3.0000
v -41.5746 17.2208 3.0000
v -43.4667 11.6469 3.0000
v -44.6150 5.8737 3.0000
v -45.0000 0.0000 3.0000
v -44.6150 -5.8737 3.0000
v -43.4667 -11.6469 3.0000
v -41.5746 -17.2208 3.0000
v -38.9711 -22.5000 3.0000
v -35.7009 -27.3943 3.0000
v -31.8198 -31.8198 3.0000
v -27.3943 -35.7009 3.0000
v -22.5000 -38.9711 3.0000
v -17.2208 -41.5746 3.0000
v -11.6469 -43.4667 3.0000
v -5.8737 -44.6150 3.0000
v -0.0000 -45.0000 3.0000
v 5.8737 -44.6150 3.0000
v 11.6469 -43.4667 3.0000
v 17.2208 -41.5746 3.0000
v 22.5000 -38.9711 3.0000
v 27.3943 -35.7009 3.0000
v 31.8198 -31.8198 3.0000
v 35.7009 -27.3943 3.0000
v 38.9711 -22.5000 3.0000
v 41.5746 -17.2208 3.0000
v 43.4667 -11.6469 3.0000
v 44.6150 -5.8737 3.0000
v 0.0000 0.0000 0.0000
v 0.0000 0.0000 3.0000
f 193 194 242
f 193 242 241
f 194 195 243
f 194 243 242
f 195 196 244
f 195 244 243
f 196 197 245
f 196 245 244
f 197 198 246
f 197 246 245
f 198 199 247
f 198 247 246
f 199 200 248
f 199 248 247
f 200 201 249
f 200 249 248
f 201 202 250
f 201 250 249
f 202 203 251
f 202 251 250
f 203 204 252
f 203 252 251
f 204 205 253
f 204 253 252
f 205 206 254
f 205 254 253
f 206 207 255
f 206 255 254
f 207 208 256
f 207 256 255
f 208 209 257
f 208 257 256
f 209 210 258
f 209 258 257
f 210 211 259
f 210 259 258
f 211 212 260
f 211 260 259
f 212 213 261
f 212 261 260
f 213 214 262
f 213 262 261
f 214 215 263
f 214 263 262
f 215 216 264
f 215 264 263
f 216 217 265
f 216 265 264
f 217 218 266
f 217 266 265
f 218 219 267
f 218 267 266
f 219 220 268
f 219 268 267
f 220 221 269
f 220 269 268
f 221 222 270
f 221 270 269
f 222 223 271
f 222 271 270
f 223 224 272
f 223 272 271
f 224 225 273
f 224 273 272
f 225 226 274
f 225 274 273
f 226 227 275
f 226 275 274
f 227 228 276
f 227 276 275
f 228 229 277
f 228 277 276
f 229 230 278
f 229 278 277
f 230 231 279
f 230 279 278
f 231 232 280
f 231 280 279
f 232 233 281
f 232 281 280
f 233 234 282
f 233 282 281
f 234 235 283
f 234 283 282
f 235 236 284
f 235 284 283
f 236 237 285
f 236 285 284
f 237 238 286
f 237 286 285
f 238 239 287
f 238 287 286
f 239 240 288
f 239 288 287
f 240 193 241
f 240 241 288
f 289 194 193
f 290 241 242
f 289 195 194
f 290 242 243
f 289 196 195
f 290 243 244
f 289 197 196
f 290 244 245
f 289 198 197
f 290 245 246
f 289 199 198
f 290 246 247
f 289 200 199
f 290 247 248
f 289 201 200
f 290 248 249
f 289 202 201
f 290 249 250
f 289 203 202
f 290 250 251
f 289 204 203
f 290 251 252
f 289 205 204
f 290 252 253
f 289 206 205
f 290 253 254
f 289 207 206
f 290 254 255
f 289 208 207
f 290 255 256
f 289 209 208
f 290 256 257
f 289 210 209
f 290 257 258
f 289 211 210
f 290 258 259
f 289 212 211
f 290 259 260
f 289 213 212
f 290 260 261
f 289 214 213
f 290 261 262
f 289 215 214
f 290 262 263
f 289 216 215
f 290 263 264
f 289 217 216
f 290 264 265
f 289 218 217
f 290 265 266
f 289 219 218
f 290 266 267
f 289 220 219
f 290 267 268
f 289 221 220
f 290 268 269
f 289 222 221
f 290 269 270
f 289 223 222
f 290 270 271
f 289 224 223
f 290 271 272
f 289 225 224
f 290 272 273
f 289 226 225
f 290 273 274
f 289 227 226
f 290 274 275
f 289 228 227
f 290 275 276
f 289 229 228
f 290 276 277
f 289 230 229
f 290 277 278
f 289 231 230
f 290 278 279
f 289 232 231
f 290 279 280
f 289 233 232
f 290 280 281
f 289 234 233
f 290 281 282
f 289 235 234
f 290 282 283
f 289 236 235
f 290 283 284
f 289 237 236
f 290 284 285
f 289 238 237
f 290 285 286
f 289 239 238
f 290 286 287
f 289 240 239
f 290 287 288
f 289 193 240
f 290 288 241
g bulkhead
usemtl m_bulkhead
v 43.5000 0.0000 82.0000
v 43.1279 5.6779 82.0000
v 42.0178 11.2586 82.0000
v 40.1888 16.6467 82.0000
v 37.6721 21.7500 82.0000
v 34.5109 26.4811 82.0000
v 30.7591 30.7591 82.0000
v 26.4811 34.5109 82.0000
v 21.7500 37.6721 82.0000
v 16.6467 40.1888 82.0000
v 11.2586 42.0178 82.0000
v 5.6779 43.1279 82.0000
v 0.0000 43.5000 82.0000
v -5.6779 43.1279 82.0000
v -11.2586 42.0178 82.0000
v -16.6467 40.1888 82.0000
v -21.7500 37.6721 82.0000
v -26.4811 34.5109 82.0000
v -30.7591 30.7591 82.0000
v -34.5109 26.4811 82.0000
v -37.6721 21.7500 82.0000
v -40.1888 16.6467 82.0000
v -42.0178 11.2586 82.0000
v -43.1279 5.6779 82.0000
v -43.5000 0.0000 82.0000
v -43.1279 -5.6779 82.0000
v -42.0178 -11.2586 82.0000
v -40.1888 -16.6467 82.0000
v -37.6721 -21.7500 82.0000
v -34.5109 -26.4811 82.0000
v -30.7591 -30.7591 82.0000
v -26.4811 -34.5109 82.0000
v -21.7500 -37.6721 82.0000
v -16.6467 -40.1888 82.0000
v -11.2586 -42.0178 82.0000
v -5.6779 -43.1279 82.0000
v -0.0000 -43.5000 82.0000
v 5.6779 -43.1279 82.0000
v 11.2586 -42.0178 82.0000
v 16.6467 -40.1888 82.0000
v 21.7500 -37.6721 82.0000
v 26.4811 -34.5109 82.0000
v 30.7591 -30.7591 82.0000
v 34.5109 -26.4811 82.0000
v 37.6721 -21.7500 82.0000
v 40.1888 -16.6467 82.0000
v 42.0178 -11.2586 82.0000
v 43.1279 -5.6779 82.0000
v 43.5000 0.0000 84.0000
v 43.1279 5.6779 84.0000
v 42.0178 11.2586 84.0000
v 40.1888 16.6467 84.0000
v 37.6721 21.7500 84.0000
v 34.5109 26.4811 84.0000
v 30.7591 30.7591 84.0000
v 26.4811 34.5109 84.0000
v 21.7500 37.6721 84.0000
v 16.6467 40.1888 84.0000
v 11.2586 42.0178 84.0000
v 5.6779 43.1279 84.0000
v 0.0000 43.5000 84.0000
v -5.6779 43.1279 84.0000
v -11.2586 42.0178 84.0000
v -16.6467 40.1888 84.0000
v -21.7500 37.6721 84.0000
v -26.4811 34.5109 84.0000
v -30.7591 30.7591 84.0000
v -34.5109 26.4811 84.0000
v -37.6721 21.7500 84.0000
v -40.1888 16.6467 84.0000
v -42.0178 11.2586 84.0000
v -43.1279 5.6779 84.0000
v -43.5000 0.0000 84.0000
v -43.1279 -5.6779 84.0000
v -42.0178 -11.2586 84.0000
v -40.1888 -16.6467 84.0000
v -37.6721 -21.7500 84.0000
v -34.5109 -26.4811 84.0000
v -30.7591 -30.7591 84.0000
v -26.4811 -34.5109 84.0000
v -21.7500 -37.6721 84.0000
v -16.6467 -40.1888 84.0000
v -11.2586 -42.0178 84.0000
v -5.6779 -43.1279 84.0000
v -0.0000 -43.5000 84.0000
v 5.6779 -43.1279 84.0000
v 11.2586 -42.0178 84.0000
v 16.6467 -40.1888 84.0000
v 21.7500 -37.6721 84.0000
v 26.4811 -34.5109 84.0000
v 30.7591 -30.7591 84.0000
v 34.5109 -26.4811 84.0000
v 37.6721 -21.7500 84.0000
v 40.1888 -16.6467 84.0000
v 42.0178 -11.2586 84.0000
v 43.1279 -5.6779 84.0000
v 0.0000 0.0000 82.0000
v 0.0000 0.0000 84.0000
f 291 292 340
f 291 340 339
f 292 293 341
f 292 341 340
f 293 294 342
f 293 342 341
f 294 295 343
f 294 343 342
f 295 296 344
f 295 344 343
f 296 297 345
f 296 345 344
f 297 298 346
f 297 346 345
f 298 299 347
f 298 347 346
f 299 300 348
f 299 348 347
f 300 301 349
f 300 349 348
f 301 302 350
f 301 350 349
f 302 303 351
f 302 351 350
f 303 304 352
f 303 352 351
f 304 305 353
f 304 353 352
f 305 306 354
f 305 354 353
f 306 307 355
f 306 355 354
f 307 308 356
f 307 356 355
f 308 309 357
f 308 357 356
f 309 310 358
f 309 358 357
f 310 311 359
f 310 359 358
f 311 312 360
f 311 360 359
f 312 313 361
f 312 361 360
f 313 314 362
f 313 362 361
f 314 315 363
f 314 363 362
f 315 316 364
f 315 364 363
f 316 317 365
f 316 365 364
f 317 318 366
f 317 366 365
f 318 319 367
f 318 367 366
f 319 320 368
f 319 368 367
f 320 321 369
f 320 369 368
f 321 322 370
f 321 370 369
f 322 323 371
f 322 371 370
f 323 324 372
f 323 372 371
f 324 325 373
f 324 373 372
f 325 326 374
f 325 374 373
f 326 327 375
f 326 375 374
f 327 328 376
f 327 376 375
f 328 329 377
f 328 377 376
f 329 330 378
f 329 378 377
f 330 331 379
f 330 379 378
f 331 332 380
f 331 380 379
f 332 333 381
f 332 381 380
f 333 334 382
f 333 382 381
f 334 335 383
f 334 383 382
f 335 336 384
f 335 384 383
f 336 337 385
f 336 385 384
f 337 338 386
f 337 386 385
f 338 291 339
f 338 339 386
f 387 292 291
f 388 339 340
f 387 293 292
f 388 340 341
f 387 294 293
f 388 341 342
f 387 295 294
f 388 342 343
f 387 296 295
f 388 343 344
f 387 297 296
f 388 344 345
f 387 298 297
f 388 345 346
f 387 299 298
f 388 346 347
f 387 300 299
f 388 347 348
f 387 301 300
f 388 348 349
f 387 302 301
f 388 349 350
f 387 303 302
f 388 350 351
f 387 304 303
f 388 351 352
f 387 305 304
f 388 352 353
f 387 306 305
f 388 353 354
f 387 307 306
f 388 354 355
f 387 308 307
f 388 355 356
f 387 309 308
f 388 356 357
f 387 310 309
f 388 357 358
f 387 311 310
f 388 358 359
f 387 312 311
f 388 359 360
f 387 313 312
f 388 360 361
f 387 314 313
f 388 361 362
f 387 315 314
f 388 362 363
f 387 316 315
f 388 363 364
f 387 317 316
f 388 364 365
f 387 318 317
f 388 365 366
f 387 319 318
f 388 366 367
f 387 320 319
f 388 367 368
f 387 321 320
f 388 368 369
f 387 322 321
f 388 369 370
f 387 323 322
f 388 370 371
f 387 324 323
f 388 371 372
f 387 325 324
f 388 372 373
f 387 326 325
f 388 373 374
f 387 327 326
f 388 374 375
f 387 328 327
f 388 375 376
f 387 329 328
f 388 376 377
f 387 330 329
f 388 377 378
f 387 331 330
f 388 378 379
f 387 332 331
f 388 379 380
f 387 333 332
f 388 380 381
f 387 334 333
f 388 381 382
f 387 335 334
f 388 382 383
f 387 336 335
f 388 383 384
f 387 337 336
f 388 384 385
f 387 338 337
f 388 385 386
f 387 291 338
f 388 386 339
g intake_slot_1
usemtl m_intake_slot_1
v 43.1447 10.2944 85.5000
v 44.8077 10.9832 85.5000
v 39.4501 23.9175 85.5000
v 37.7871 23.2287 85.5000
v 43.1447 10.2944 90.5000
v 44.8077 10.9832 90.5000
v 39.4501 23.9175 90.5000
v 37.7871 23.2287 90.5000
f 389 391 390
f 389 392 391
f 393 394 395
f 393 395 396
f 389 390 394
f 389 394 393
f 390 391 395
f 390 395 394
f 391 392 396
f 391 396 395
f 392 389 393
f 392 393 396
g intake_slot_2
usemtl m_intake_slot_2
v 23.2287 37.7871 85.5000
v 23.9175 39.4501 85.5000
v 10.9832 44.8077 85.5000
v 10.2944 43.1447 85.5000
v 23.2287 37.7871 90.5000
v 23.9175 39.4501 90.5000
v 10.9832 44.8077 90.5000
v 10.2944 43.1447 90.5000
f 397 399 398
f 397 400 399
f 401 402 403
f 401 403 404
f 397 398 402
f 397 402 401
f 398 399 403
f 398 403 402
f 399 400 404
f 399 404 403
f 400 397 401
f 400 401 404
g intake_slot_3
usemtl m_intake_slot_3
v -10.2944 43.1447 85.5000
v -10.9832 44.8077 85.5000
v -23.9175 39.4501 85.5000
v -23.2287 37.7871 85.5000
v -10.2944 43.1447 90.5000
v -10.9832 44.8077 90.5000
v -23.9175 39.4501 90.5000
v -23.2287 37.7871 90.5000
f 405 407 406
f 405 408 407
f 409 410 411
f 409 411 412
f 405 406 410
f 405 410 409
f 406 407 411
f 406 411 410
f 407 408 412
f 407 412 411
f 408 405 409
f 408 409 412
g intake_slot_4
usemtl m_intake_slot_4
v -37.7871 23.2287 85.5000
v -39.4501 23.9175 85.5000
v -44.8077 10.9832 85.5000
v -43.1447 10.2944 85.5000
v -37.7871 23.2287 90.5000
v -39.4501 23.9175 90.5000
v -44.8077 10.9832 90.5000
v -43.1447 10.2944 90.5000
f 413 415 414
f 413 416 415
f 417 418 419
f 417 419 420
f 413 414 418
f 413 418 417
f 414 415 419
f 414 419 418
f 415 416 420
f 415 420 419
f 416 413 417
f 416 417 420
g intake_slot_5
usemtl m_intake_slot_5
v -43.1447 -10.2944 85.5000
v -44.8077 -10.9832 85.5000
v -39.4501 -23.9175 85.5000
v -37.7871 -23.2287 85.5000
v -43.1447 -10.2944 90.5000
v -44.8077 -10.9832 90.5000
v -39.4501 -23.9175 90.5000
v -37.7871 -23.2287 90.5000
f 421 423 422
f 421 424 423
f 425 426 427
f 425 427 428
f 421 422 426
f 421 426 425
f 422 423 427
f 422 427 426
f 423 424 428
f 423 428 427
f 424 421 425
f 424 425 428
g intake_slot_6
usemtl m_intake_slot_6
v -23.2287 -37.7871 85.5000
v -23.9175 -39.4501 85.5000
v -10.9832 -44.8077 85.5000
v -10.2944 -43.1447 85.5000
v -23.2287 -37.7871 90.5000
v -23.9175 -39.4501 90.5000
v -10.9832 -44.8077 90.5000
v -10.2944 -43.1447 90.5000
f 429 431 430
f 429 432 431
f 433 434 435
f 433 435 436
f 429 430 434
f 429 434 433
f 430 431 435
f 430 435 434
f 431 432 436
f 431 436 435
f 432 429 433
f 432 433 436
g intake_slot_7
usemtl m_intake_slot_7
v 10.2944 -43.1447 85.5000
v 10.9832 -44.8077 85.5000
v 23.9175 -39.4501 85.5000
v 23.2287 -37.7871 85.5000
v 10.2944 -43.1447 90.5000
v 10.9832 -44.8077 90.5000
v 23.9175 -39.4501 90.5000
v 23.2287 -37.7871 90.5000
f 437 439 438
f 437 440 439
f 441 442 443
f 441 443 444
f 437 438 442
f 437 442 441
f 438 439 443
f 438 443 442
f 439 440 444
f 439 444 443
f 440 437 441
f 440 441 444
g intake_slot_8
usemtl m_intake_slot_8
v 37.7871 -23.2287 85.5000
v 39.4501 -23.9175 85.5000
v 44.8077 -10.9832 85.5000
v 43.1447 -10.2944 85.5000
v 37.7871 -23.2287 90.5000
v 39.4501 -23.9175 90.5000
v 44.8077 -10.9832 90.5000
v 43.1447 -10.2944 90.5000
f 445 447 446
f 445 448 447
f 449 450 451
f 449 451 452
f 445 446 450
f 445 450 449
f 446 447 451
f 446 451 450
f 447 448 452
f 447 452 451
f 448 445 449
f 448 449 452
g exhaust_slot_front_1
usemtl m_exhaust_slot_front_1
v 43.8000 -18.0000 124.0000
v 45.6000 -18.0000 124.0000
v 45.6000 18.0000 124.0000
v 43.8000 18.0000 124.0000
v 43.8000 -18.0000 127.5000
v 45.6000 -18.0000 127.5000
v 45.6000 18.0000 127.5000
v 43.8000 18.0000 127.5000
f 453 455 454
f 453 456 455
f 457 458 459
f 457 459 460
f 453 454 458
f 453 458 457
f 454 455 459
f 454 459 458
f 455 456 460
f 455 460 459
f 456 453 457
f 456 457 460
g exhaust_slot_front_2
usemtl m_exhaust_slot_front_2
v 43.8000 -18.0000 129.5000
v 45.6000 -18.0000 129.5000
v 45.6000 18.0000 129.5000
v 43.8000 18.0000 129.5000
v 43.8000 -18.0000 133.0000
v 45.6000 -18.0000 133.0000
v 45.6000 18.0000 133.0000
v 43.8000 18.0000 133.0000
f 461 463 462
f 461 464 463
f 465 466 467
f 465 467 468
f 461 462 466
f 461 466 465
f 462 463 467
f 462 467 466
f 463 464 468
f 463 468 467
f 464 461 465
f 464 465 468
g exhaust_slot_front_3
usemtl m_exhaust_slot_front_3
v 43.8000 -18.0000 135.0000
v 45.6000 -18.0000 135.0000
v 45.6000 18.0000 135.0000
v 43.8000 18.0000 135.0000
v 43.8000 -18.0000 138.5000
v 45.6000 -18.0000 138.5000
v 45.6000 18.0000 138.5000
v 43.8000 18.0000 138.5000
f 469 471 470
f 469 472 471
f 473 474 475
f 473 475 476
f 469 470 474
f 469 474 473
f 470 471 475
f 470 475 474
f 471 472 476
f 471 476 475
f 472 469 473
f 472 473 476
g exhaust_slot_front_4
usemtl m_exhaust_slot_front_4
v 43.8000 -18.0000 140.5000
v 45.6000 -18.0000 140.5000
v 45.6000 18.0000 140.5000
v 43.8000 18.0000 140.5000
v 43.8000 -18.0000 144.0000
v 45.6000 -18.0000 144.0000
v 45.6000 18.0000 144.0000
v 43.8000 18.0000 144.0000
f 477 479 478
f 477 480 479
f 481 482 483
f 481 483 484
f 477 478 482
f 477 482 481
f 478 479 483
f 478 483 482
f 479 480 484
f 479 484 483
f 480 477 481
f 480 481 484
g exhaust_slot_rear_1
usemtl m_exhaust_slot_rear_1
v -43.8000 18.0000 124.0000
v -45.6000 18.0000 124.0000
v -45.6000 -18.0000 124.0000
v -43.8000 -18.0000 124.0000
v -43.8000 18.0000 127.5000
v -45.6000 18.0000 127.5000
v -45.6000 -18.0000 127.5000
v -43.8000 -18.0000 127.5000
f 485 487 486
f 485 488 487
f 489 490 491
f 489 491 492
f 485 486 490
f 485 490 489
f 486 487 491
f 486 491 490
f 487 488 492
f 487 492 491
f 488 485 489
f 488 489 492
g exhaust_slot_rear_2
usemtl m_exhaust_slot_rear_2
v -43.8000 18.0000 129.5000
v -45.6000 18.0000 129.5000
v -45.6000 -18.0000 129.5000
v -43.8000 -18.0000 129.5000
v -43.8000 18.0000 133.0000
v -45.6000 18.0000 133.0000
v -45.6000 -18.0000 133.0000
v -43.8000 -18.0000 133.0000
f 493 495 494
f 493 496 495
f 497 498 499
f 497 499 500
f 493 494 498
f 493 498 497
f 494 495 499
f 494 499 498
f 495 496 500
f 495 500 499
f 496 493 497
f 496 497 500
g exhaust_slot_rear_3
usemtl m_exhaust_slot_rear_3
v -43.8000 18.0000 135.0000
v -45.6000 18.0000 135.0000
v -45.6000 -18.0000 135.0000
v -43.8000 -18.0000 135.0000
v -43.8000 18.0000 138.5000
v -45.6000 18.0000 138.5000
v -45.6000 -18.0000 138.5000
v -43.8000 -18.0000 138.5000
f 501 503 502
f 501 504 503
f 505 506 507
f 505 507 508
f 501 502 506
f 501 506 505
f 502 503 507
f 502 507 506
f 503 504 508
f 503 508 507
f 504 501 505
f 504 505 508
g exhaust_slot_rear_4
usemtl m_exhaust_slot_rear_4
v -43.8000 18.0000 140.5000
v -45.6000 18.0000 140.5000
v -45.6000 -18.0000 140.5000
v -43.8000 -18.0000 140.5000
v -43.8000 18.0000 144.0000
v -45.6000 18.0000 144.0000
v -45.6000 -18.0000 144.0000
v -43.8000 -18.0000 144.0000
f 509 511 510
f 509 512 511
f 513 514 515
f 513 515 516
f 509 510 514
f 509 514 513
f 510 511 515
f 510 515 514
f 511 512 516
f 511 516 515
f 512 509 513
f 512 513 516
g fan_frame_a
usemtl m_fan_frame_a
v -20.0000 -20.0000 92.0000
v 20.0000 -20.0000 92.0000
v 20.0000 -17.0000 92.0000
v -20.0000 -17.0000 92.0000
v -20.0000 -20.0000 120.0000
v 20.0000 -20.0000 120.0000
v 20.0000 -17.0000 120.0000
v -20.0000 -17.0000 120.0000
f 517 519 518
f 517 520 519
f 521 522 523
f 521 523 524
f 517 518 522
f 517 522 521
f 518 519 523
f 518 523 522
f 519 520 524
f 519 524 523
f 520 517 521
f 520 521 524
g fan_frame_b
usemtl m_fan_frame_b
v -20.0000 17.0000 92.0000
v 20.0000 17.0000 92.0000
v 20.0000 20.0000 92.0000
v -20.0000 20.0000 92.0000
v -20.0000 17.0000 120.0000
v 20.0000 17.0000 120.0000
v 20.0000 20.0000 120.0000
v -20.0000 20.0000 120.0000
f 525 527 526
f 525 528 527
f 529 530 531
f 529 531 532
f 525 526 530
f 525 530 529
f 526 527 531
f 526 531 530
f 527 528 532
f 527 532 531
f 528 525 529
f 528 529 532
g fan_frame_c
usemtl m_fan_frame_c
v -20.0000 -17.0000 92.0000
v -17.0000 -17.0000 92.0000
v -17.0000 17.0000 92.0000
v -20.0000 17.0000 92.0000
v -20.0000 -17.0000 120.0000
v -17.0000 -17.0000 120.0000
v -17.0000 17.0000 120.0000
v -20.0000 17.0000 120.0000
f 533 535 534
f 533 536 535
f 537 538 539
f 537 539 540
f 533 534 538
f 533 538 537
f 534 535 539
f 534 539 538
f 535 536 540
f 535 540 539
f 536 533 537
f 536 537 540
g fan_frame_d
usemtl m_fan_frame_d
v 17.0000 -17.0000 92.0000
v 20.0000 -17.0000 92.0000
v 20.0000 17.0000 92.0000
v 17.0000 17.0000 92.0000
v 17.0000 -17.0000 120.0000
v 20.0000 -17.0000 120.0000
v 20.0000 17.0000 120.0000
v 17.0000 17.0000 120.0000
f 541 543 542
f 541 544 543
f 545 546 547
f 545 547 548
f 541 542 546
f 541 546 545
f 542 543 547
f 542 547 546
f 543 544 548
f 543 548 547
f 544 541 545
f 544 545 548
g fan_hub
usemtl m_fan_hub
v 8.0000 0.0000 93.0000
v 7.9316 1.0442 93.0000
v 7.7274 2.0706 93.0000
v 7.3910 3.0615 93.0000
v 6.9282 4.0000 93.0000
v 6.3468 4.8701 93.0000
v 5.6569 5.6569 93.0000
v 4.8701 6.3468 93.0000
v 4.0000 6.9282 93.0000
v 3.0615 7.3910 93.0000
v 2.0706 7.7274 93.0000
v 1.0442 7.9316 93.0000
v 0.0000 8.0000 93.0000
v -1.0442 7.9316 93.0000
v -2.0706 7.7274 93.0000
v -3.0615 7.3910 93.0000
v -4.0000 6.9282 93.0000
v -4.8701 6.3468 93.0000
v -5.6569 5.6569 93.0000
v -6.3468 4.8701 93.0000
v -6.9282 4.0000 93.0000
v -7.3910 3.0615 93.0000
v -7.7274 2.0706 93.0000
v -7.9316 1.0442 93.0000
v -8.0000 0.0000 93.0000
v -7.9316 -1.0442 93.0000
v -7.7274 -2.0706 93.0000
v -7.3910 -3.0615 93.0000
v -6.9282 -4.0000 93.0000
v -6.3468 -4.8701 93.0000
v -5.6569 -5.6569 93.0000
v -4.8701 -6.3468 93.0000
v -4.0000 -6.9282 93.0000
v -3.0615 -7.3910 93.0000
v -2.0706 -7.7274 93.0000
v -1.0442 -7.9316 93.0000
v -0.0000 -8.0000 93.0000
v 1.0442 -7.9316 93.0000
v 2.0706 -7.7274 93.0000
v 3.0615 -7.3910 93.0000
v 4.0000 -6.9282 93.0000
v 4.8701 -6.3468 93.0000
v 5.6569 -5.6569 93.0000
v 6.3468 -4.8701 93.0000
v 6.9282 -4.0000 93.0000
v 7.3910 -3.0615 93.0000
v 7.7274 -2.0706 93.0000
v 7.9316 -1.0442 93.0000
v 8.0000 0.0000 119.0000
v 7.9316 1.0442 119.0000
v 7.7274 2.0706 119.0000
v 7.3910 3.0615 119.0000
v 6.9282 4.0000 119.0000
v 6.3468 4.8701 119.0000
v 5.6569 5.6569 119.0000
v 4.8701 6.3468 119.0000
v 4.0000 6.9282 119.0000
v 3.0615 7.3910 119.0000
v 2.0706 7.7274 119.0000
v 1.0442 7.9316 119.0000
v 0.0000 8.0000 119.0000
v -1.0442 7.9316 119.0000
v -2.0706 7.7274 119.0000
v -3.0615 7.3910 119.0000
v -4.0000 6.9282 119.0000
v -4.8701 6.3468 119.0000
v -5.6569 5.6569 119.0000
v -6.3468 4.8701 119.0000
v -6.9282 4.0000 119.0000
v -7.3910 3.0615 119.0000
v -7.7274 2.0706 119.0000
v -7.9316 1.0442 119.0000
v -8.0000 0.0000 119.0000
v -7.9316 -1.0442 119.0000
v -7.7274 -2.0706 119.0000
v -7.3910 -3.0615 119.0000
v -6.9282 -4.0000 119.0000
v -6.3468 -4.8701 119.0000
v -5.6569 -5.6569 119.0000
v -4.8701 -6.3468 119.0000
v -4.0000 -6.9282 119.0000
v -3.0615 -7.3910 119.0000
v -2.0706 -7.7274 119.0000
v -1.0442 -7.9316 119.0000
v -0.0000 -8.0000 119.0000
v 1.0442 -7.9316 119.0000
v 2.0706 -7.7274 119.0000
v 3.0615 -7.3910 119.0000
v 4.0000 -6.9282 119.0000
v 4.8701 -6.3468 119.0000
v 5.6569 -5.6569 119.0000
v 6.3468 -4.8701 119.0000
v 6.9282 -4.0000 119.0000
v 7.3910 -3.0615 119.0000
v 7.7274 -2.0706 119.0000
v 7.9316 -1.0442 119.0000
v 0.0000 0.0000 93.0000
v 0.0000 0.0000 119.0000
f 549 550 598
f 549 598 597
f 550 551 599
f 550 599 598
f 551 552 600
f 551 600 599
f 552 553 601
f 552 601 600
f 553 554 602
f 553 602 601
f 554 555 603
f 554 603 602
f 555 556 604
f 555 604 603
f 556 557 605
f 556 605 604
f 557 558 606
f 557 606 605
f 558 559 607
f 558 607 606
f 559 560 608
f 559 608 607
f 560 561 609
f 560 609 608
f 561 562 610
f 561 610 609
f 562 563 611
f 562 611 610
f 563 564 612
f 563 612 611
f 564 565 613
f 564 613 612
f 565 566 614
f 565 614 613
f 566 567 615
f 566 615 614
f 567 568 616
f 567 616 615
f 568 569 617
f 568 617 616
f 569 570 618
f 569 618 617
f 570 571 619
f 570 619 618
f 571 572 620
f 571 620 619
f 572 573 621
f 572 621 620
f 573 574 622
f 573 622 621
f 574 575 623
f 574 623 622
f 575 576 624
f 575 624 623
f 576 577 625
f 576 625 624
f 577 578 626
f 577 626 625
f 578 579 627
f 578 627 626
f 579 580 628
f 579 628 627
f 580 581 629
f 580 629 628
f 581 582 630
f 581 630 629
f 582 583 631
f 582 631 630
f 583 584 632
f 583 632 631
f 584 585 633
f 584 633 632
f 585 586 634
f 585 634 633
f 586 587 635
f 586 635 634
f 587 588 636
f 587 636 635
f 588 589 637
f 588 637 636
f 589 590 638
f 589 638 637
f 590 591 639
f 590 639 638
f 591 592 640
f 591 640 639
f 592 593 641
f 592 641 640
f 593 594 642
f 593 642 641
f 594 595 643
f 594 643 642
f 595 596 644
f 595 644 643
f 596 549 597
f 596 597 644
f 645 550 549
f 646 597 598
f 645 551 550
f 646 598 599
f 645 552 551
f 646 599 600
f 645 553 552
f 646 600 601
f 645 554 553
f 646 601 602
f 645 555 554
f 646 602 603
f 645 556 555
f 646 603 604
f 645 557 556
f 646 604 605
f 645 558 557
f 646 605 606
f 645 559 558
f 646 606 607
f 645 560 559
f 646 607 608
f 645 561 560
f 646 608 609
f 645 562 561
f 646 609 610
f 645 563 562
f 646 610 611
f 645 564 563
f 646 611 612
f 645 565 564
f 646 612 613
f 645 566 565
f 646 613 614
f 645 567 566
f 646 614 615
f 645 568 567
f 646 615 616
f 645 569 568
f 646 616 617
f 645 570 569
f 646 617 618
f 645 571 570
f 646 618 619
f 645 572 571
f 646 619 620
f 645 573 572
f 646 620 621
f 645 574 573
f 646 621 622
f 645 575 574
f 646 622 623
f 645 576 575
f 646 623 624
f 645 577 576
f 646 624 625
f 645 578 577
f 646 625 626
f 645 579 578
f 646 626 627
f 645 580 579
f 646 627 628
f 645 581 580
f 646 628 629
f 645 582 581
f 646 629 630
f 645 583 582
f 646 630 631
f 645 584 583
f 646 631 632
f 645 585 584
f 646 632 633
f 645 586 585
f 646 633 634
f 645 587 586
f 646 634 635
f 645 588 587
f 646 635 636
f 645 589 588
f 646 636 637
f 645 590 589
f 646 637 638
f 645 591 590
f 646 638 639
f 645 592 591
f 646 639 640
f 645 593 592
f 646 640 641
f 645 594 593
f 646 641 642
f 645 595 594
f 646 642 643
f 645 596 595
f 646 643 644
f 645 549 596
f 646 644 597
g fan_blade_1
usemtl m_fan_blade_1
v 8.0000 -0.8000 96.0000
v 16.5000 -0.8000 96.0000
v 16.5000 0.8000 96.0000
v 8.0000 0.8000 96.0000
v 8.0000 -0.8000 116.0000
v 16.5000 -0.8000 116.0000
v 16.5000 0.8000 116.0000
v 8.0000 0.8000 116.0000
f 647 649 648
f 647 650 649
f 651 652 653
f 651 653 654
f 647 648 652
f 647 652 651
f 648 649 653
f 648 653 652
f 649 650 654
f 649 654 653
f 650 647 651
f 650 651 654
g fan_blade_2
usemtl m_fan_blade_2
v 5.6134 5.7559 96.0000
v 10.9130 12.4014 96.0000
v 9.6621 13.3990 96.0000
v 4.3625 6.7534 96.0000
v 5.6134 5.7559 116.0000
v 10.9130 12.4014 116.0000
v 9.6621 13.3990 116.0000
v 4.3625 6.7534 116.0000
f 655 657 656
f 655 658 657
f 659 660 661
f 659 661 662
f 655 656 660
f 655 660 659
f 656 657 661
f 656 661 660
f 657 658 662
f 657 662 661
f 658 655 659
f 658 659 662
g fan_blade_3
usemtl m_fan_blade_3
v -1.0002 7.9774 96.0000
v -2.8917 16.2643 96.0000
v -4.4515 15.9083 96.0000
v -2.5601 7.6214 96.0000
v -1.0002 7.9774 116.0000
v -2.8917 16.2643 116.0000
v -4.4515 15.9083 116.0000
v -2.5601 7.6214 116.0000
f 663 665 664
f 663 666 665
f 667 668 669
f 667 669 670
f 663 664 668
f 663 668 667
f 664 665 669
f 664 669 668
f 665 666 670
f 665 670 669
f 666 663 667
f 666 667 670
g fan_blade_4
usemtl m_fan_blade_4
v -6.8606 4.1918 96.0000
v -14.5189 7.8799 96.0000
v -15.2131 6.4383 96.0000
v -7.5549 2.7503 96.0000
v -6.8606 4.1918 116.0000
v -14.5189 7.8799 116.0000
v -15.2131 6.4383 116.0000
v -7.5549 2.7503 116.0000
f 671 673 672
f 671 674 673
f 675 676 677
f 675 677 678
f 671 672 676
f 671 676 675
f 672 673 677
f 672 677 676
f 673 674 678
f 673 678 677
f 674 671 675
f 674 675 678
g fan_blade_5
usemtl m_fan_blade_5
v -7.5549 -2.7503 96.0000
v -15.2131 -6.4383 96.0000
v -14.5189 -7.8799 96.0000
v -6.8606 -4.1918 96.0000
v -7.5549 -2.7503 116.0000
v -15.2131 -6.4383 116.0000
v -14.5189 -7.8799 116.0000
v -6.8606 -4.1918 116.0000
f 679 681 680
f 679 682 681
f 683 684 685
f 683 685 686
f 679 680 684
f 679 684 683
f 680 681 685
f 680 685 684
f 681 682 686
f 681 686 685
f 682 679 683
f 682 683 686
g fan_blade_6
usemtl m_fan_blade_6
v -2.5601 -7.6214 96.0000
v -4.4515 -15.9083 96.0000
v -2.8917 -16.2643 96.0000
v -1.0002 -7.9774 96.0000
v -2.5601 -7.6214 116.0000
v -4.4515 -15.9083 116.0000
v -2.8917 -16.2643 116.0000
v -1.0002 -7.9774 116.0000
f 687 689 688
f 687 690 689
f 691 692 693
f 691 693 694
f 687 688 692
f 687 692 691
f 688 689 693
f 688 693 692
f 689 690 694
f 689 694 693
f 690 687 691
f 690 691 694
g fan_blade_7
usemtl m_fan_blade_7
v 4.3625 -6.7534 96.0000
v 9.6621 -13.3990 96.0000
v 10.9130 -12.4014 96.0000
v 5.6134 -5.7559 96.0000
v 4.3625 -6.7534 116.0000
v 9.6621 -13.3990 116.0000
v 10.9130 -12.4014 116.0000
v 5.6134 -5.7559 116.0000
f 695 697 696
f 695 698 697
f 699 700 701
f 699 701 702
f 695 696 700
f 695 700 699
f 696 697 701
f 696 701 700
f 697 698 702
f 697 702 701
f 698 695 699
f 698 699 702
g fin_01
usemtl m_fin_01
v -25.0000 -24.4500 120.0000
v 25.0000 -24.4500 120.0000
v 25.0000 -23.5500 120.0000
v -25.0000 -23.5500 120.0000
v -25.0000 -24.4500 145.0000
v 25.0000 -24.4500 145.0000
v 25.0000 -23.5500 145.0000
v -25.0000 -23.5500 145.0000
f 703 705 704
f 703 706 705
f 707 708 709
f 707 709 710
f 703 704 708
f 703 708 707
f 704 705 709
f 704 709 708
f 705 706 710
f 705 710 709
f 706 703 707
f 706 707 710
g fin_02
usemtl m_fin_02
v -25.0000 -21.4500 120.0000
v 25.0000 -21.4500 120.0000
v 25.0000 -20.5500 120.0000
v -25.0000 -20.5500 120.0000
v -25.0000 -21.4500 145.0000
v 25.0000 -21.4500 145.0000
v 25.0000 -20.5500 145.0000
v -25.0000 -20.5500 145.0000
f 711 713 712
f 711 714 713
f 715 716 717
f 715 717 718
f 711 712 716
f 711 716 715
f 712 713 717
f 712 717 716
f 713 714 718
f 713 718 717
f 714 711 715
f 714 715 718
g fin_03
usemtl m_fin_03
v -25.0000 -18.4500 120.0000
v 25.0000 -18.4500 120.0000
v 25.0000 -17.5500 120.0000
v -25.0000 -17.5500 120.0000
v -25.0000 -18.4500 145.0000
v 25.0000 -18.4500 145.0000
v 25.0000 -17.5500 145.0000
v -25.0000 -17.5500 145.0000
f 719 721 720
f 719 722 721
f 723 724 725
f 723 725 726
f 719 720 724
f 719 724 723
f 720 721 725
f 720 725 724
f 721 722 726
f 721 726 725
f 722 719 723
f 722 723 726
g fin_04
usemtl m_fin_04
v -25.0000 -15.4500 120.0000
v 25.0000 -15.4500 120.0000
v 25.0000 -14.5500 120.0000
v -25.0000 -14.5500 120.0000
v -25.0000 -15.4500 145.0000
v 25.0000 -15.4500 145.0000
v 25.0000 -14.5500 145.0000
v -25.0000 -14.5500 145.0000
f 727 729 728
f 727 730 729
f 731 732 733
f 731 733 734
f 727 728 732
f 727 732 731
f 728 729 733
f 728 733 732
f 729 730 734
f 729 734 733
f 730 727 731
f 730 731 734
g fin_05
usemtl m_fin_05
v -25.0000 -12.4500 120.0000
v 25.0000 -12.4500 120.0000
v 25.0000 -11.5500 120.0000
v -25.0000 -11.5500 120.0000
v -25.0000 -12.4500 145.0000
v 25.0000 -12.4500 145.0000
v 25.0000 -11.5500 145.0000
v -25.0000 -11.5500 145.0000
f 735 737 736
f 735 738 737
f 739 740 741
f 739 741 742
f 735 736 740
f 735 740 739
f 736 737 741
f 736 741 740
f 737 738 742
f 737 742 741
f 738 735 739
f 738 739 742
g fin_06
usemtl m_fin_06
v -25.0000 -9.4500 120.0000
v 25.0000 -9.4500 120.0000
v 25.0000 -8.5500 120.0000
v -25.0000 -8.5500 120.0000
v -25.0000 -9.4500 145.0000
v 25.0000 -9.4500 145.0000
v 25.0000 -8.5500 145.0000
v -25.0000 -8.5500 145.0000
f 743 745 744
f 743 746 745
f 747 748 749
f 747 749 750
f 743 744 748
f 743 748 747
f 744 745 749
f 744 749 748
f 745 746 750
f 745 750 749
f 746 743 747
f 746 747 750
g fin_07
usemtl m_fin_07
v -25.0000 -6.4500 120.0000
v 25.0000 -6.4500 120.0000
v 25.0000 -5.5500 120.0000
v -25.0000 -5.5500 120.0000
v -25.0000 -6.4500 145.0000
v 25.0000 -6.4500 145.0000
v 25.0000 -5.5500 145.0000
v -25.0000 -5.5500 145.0000
f 751 753 752
f 751 754 753
f 755 756 757
f 755 757 758
f 751 752 756
f 751 756 755
f 752 753 757
f 752 757 756
f 753 754 758
f 753 758 757
f 754 751 755
f 754 755 758
g fin_08
usemtl m_fin_08
v -25.0000 -3.4500 120.0000
v 25.0000 -3.4500 120.0000
v 25.0000 -2.5500 120.0000
v -25.0000 -2.5500 120.0000
v -25.0000 -3.4500 145.0000
v 25.0000 -3.4500 145.0000
v 25.0000 -2.5500 145.0000
v -25.0000 -2.5500 145.0000
f 759 761 760
f 759 762 761
f 763 764 765
f 763 765 766
f 759 760 764
f 759 764 763
f 760 761 765
f 760 765 764
f 761 762 766
f 761 766 765
f 762 759 763
f 762 763 766
g fin_09
usemtl m_fin_09
v -25.0000 -0.4500 120.0000
v 25.0000 -0.4500 120.0000
v 25.0000 0.4500 120.0000
v -25.0000 0.4500 120.0000
v -25.0000 -0.4500 145.0000
v 25.0000 -0.4500 145.0000
v 25.0000 0.4500 145.0000
v -25.0000 0.4500 145.0000
f 767 769 768
f 767 770 769
f 771 772 773
f 771 773 774
f 767 768 772
f 767 772 771
f 768 769 773
f 768 773 772
f 769 770 774
f 769 774 773
f 770 767 771
f 770 771 774
g fin_10
usemtl m_fin_10
v -25.0000 2.5500 120.0000
v 25.0000 2.5500 120.0000
v 25.0000 3.4500 120.0000
v -25.0000 3.4500 120.0000
v -25.0000 2.5500 145.0000
v 25.0000 2.5500 145.0000
v 25.0000 3.4500 145.0000
v -25.0000 3.4500 145.0000
f 775 777 776
f 775 778 777
f 779 780 781
f 779 781 782
f 775 776 780
f 775 780 779
f 776 777 781
f 776 781 780
f 777 778 782
f 777 782 781
f 778 775 779
f 778 779 782
g fin_11
usemtl m_fin_11
v -25.0000 5.5500 120.0000
v 25.0000 5.5500 120.0000
v 25.0000 6.4500 120.0000
v -25.0000 6.4500 120.0000
v -25.0000 5.5500 145.0000
v 25.0000 5.5500 145.0000
v 25.0000 6.4500 145.0000
v -25.0000 6.4500 145.0000
f 783 785 784
f 783 786 785
f 787 788 789
f 787 789 790
f 783 784 788
f 783 788 787
f 784 785 789
f 784 789 788
f 785 786 790
f 785 790 789
f 786 783 787
f 786 787 790
g fin_12
usemtl m_fin_12
v -25.0000 8.5500 120.0000
v 25.0000 8.5500 120.0000
v 25.0000 9.4500 120.0000
v -25.0000 9.4500 120.0000
v -25.0000 8.5500 145.0000
v 25.0000 8.5500 145.0000
v 25.0000 9.4500 145.0000
v -25.0000 9.4500 145.0000
f 791 793 792
f 791 794 793
f 795 796 797
f 795 797 798
f 791 792 796
f 791 796 795
f 792 793 797
f 792 797 796
f 793 794 798
f 793 798 797
f 794 791 795
f 794 795 798
g fin_13
usemtl m_fin_13
v -25.0000 11.5500 120.0000
v 25.0000 11.5500 120.0000
v 25.0000 12.4500 120.0000
v -25.0000 12.4500 120.0000
v -25.0000 11.5500 145.0000
v 25.0000 11.5500 145.0000
v 25.0000 12.4500 145.0000
v -25.0000 12.4500 145.0000
f 799 801 800
f 799 802 801
f 803 804 805
f 803 805 806
f 799 800 804
f 799 804 803
f 800 801 805
f 800 805 804
f 801 802 806
f 801 806 805
f 802 799 803
f 802 803 806
g fin_14
usemtl m_fin_14
v -25.0000 14.5500 120.0000
v 25.0000 14.5500 120.0000
v 25.0000 15.4500 120.0000
v -25.0000 15.4500 120.0000
v -25.0000 14.5500 145.0000
v 25.0000 14.5500 145.0000
v 25.0000 15.4500 145.0000
v -25.0000 15.4500 145.0000
f 807 809 808
f 807 810 809
f 811 812 813
f 811 813 814
f 807 808 812
f 807 812 811
f 808 809 813
f 808 813 812
f 809 810 814
f 809 814 813
f 810 807 811
f 810 811 814
g fin_15
usemtl m_fin_15
v -25.0000 17.5500 120.0000
v 25.0000 17.5500 120.0000
v 25.0000 18.4500 120.0000
v -25.0000 18.4500 120.0000
v -25.0000 17.5500 145.0000
v 25.0000 17.5500 145.0000
v 25.0000 18.4500 145.0000
v -25.0000 18.4500 145.0000
f 815 817 816
f 815 818 817
f 819 820 821
f 819 821 822
f 815 816 820
f 815 820 819
f 816 817 821
f 816 821 820
f 817 818 822
f 817 822 821
f 818 815 819
f 818 819 822
g fin_16
usemtl m_fin_16
v -25.0000 20.5500 120.0000
v 25.0000 20.5500 120.0000
v 25.0000 21.4500 120.0000
v -25.0000 21.4500 120.0000
v -25.0000 20.5500 145.0000
v 25.0000 20.5500 145.0000
v 25.0000 21.4500 145.0000
v -25.0000 21.4500 145.0000
f 823 825 824
f 823 826 825
f 827 828 829
f 827 829 830
f 823 824 828
f 823 828 827
f 824 825 829
f 824 829 828
f 825 826 830
f 825 830 829
f 826 823 827
f 826 827 830
g fin_17
usemtl m_fin_17
v -25.0000 23.5500 120.0000
v 25.0000 23.5500 120.0000
v 25.0000 24.4500 120.0000
v -25.0000 24.4500 120.0000
v -25.0000 23.5500 145.0000
v 25.0000 23.5500 145.0000
v 25.0000 24.4500 145.0000
v -25.0000 24.4500 145.0000
f 831 833 832
f 831 834 833
f 835 836 837
f 835 837 838
f 831 832 836
f 831 836 835
f 832 833 837
f 832 837 836
f 833 834 838
f 833 838 837
f 834 831 835
f 834 835 838
g heatsink_base
usemtl m_heatsink_base
v -25.0000 -25.0000 145.0000
v 25.0000 -25.0000 145.0000
v 25.0000 25.0000 145.0000
v -25.0000 25.0000 145.0000
v -25.0000 -25.0000 150.0000
v 25.0000 -25.0000 150.0000
v 25.0000 25.0000 150.0000
v -25.0000 25.0000 150.0000
f 839 841 840
f 839 842 841
f 843 844 845
f 843 845 846
f 839 840 844
f 839 844 843
f 840 841 845
f 840 845 844
f 841 842 846
f 841 846 845
f 842 839 843
f 842 843 846
g foam_ring_a
usemtl m_foam_ring_a
v -25.0000 -25.0000 150.0000
v -20.0000 -25.0000 150.0000
v -20.0000 25.0000 150.0000
v -25.0000 25.0000 150.0000
v -25.0000 -25.0000 154.0000
v -20.0000 -25.0000 154.0000
v -20.0000 25.0000 154.0000
v -25.0000 25.0000 154.0000
f 847 849 848
f 847 850 849
f 851 852 853
f 851 853 854
f 847 848 852
f 847 852 851
f 848 849 853
f 848 853 852
f 849 850 854
f 849 854 853
f 850 847 851
f 850 851 854
g foam_ring_b
usemtl m_foam_ring_b
v 20.0000 -25.0000 150.0000
v 25.0000 -25.0000 150.0000
v 25.0000 25.0000 150.0000
v 20.0000 25.0000 150.0000
v 20.0000 -25.0000 154.0000
v 25.0000 -25.0000 154.0000
v 25.0000 25.0000 154.0000
v 20.0000 25.0000 154.0000
f 855 857 856
f 855 858 857
f 859 860 861
f 859 861 862
f 855 856 860
f 855 860 859
f 856 857 861
f 856 861 860
f 857 858 862
f 857 862 861
f 858 855 859
f 858 859 862
g foam_ring_c
usemtl m_foam_ring_c
v -20.0000 -25.0000 150.0000
v 20.0000 -25.0000 150.0000
v 20.0000 -20.0000 150.0000
v -20.0000 -20.0000 150.0000
v -20.0000 -25.0000 154.0000
v 20.0000 -25.0000 154.0000
v 20.0000 -20.0000 154.0000
v -20.0000 -20.0000 154.0000
f 863 865 864
f 863 866 865
f 867 868 869
f 867 869 870
f 863 864 868
f 863 868 867
f 864 865 869
f 864 869 868
f 865 866 870
f 865 870 869
f 866 863 867
f 866 867 870
g foam_ring_d
usemtl m_foam_ring_d
v -20.0000 20.0000 150.0000
v 20.0000 20.0000 150.0000
v 20.0000 25.0000 150.0000
v -20.0000 25.0000 150.0000
v -20.0000 20.0000 154.0000
v 20.0000 20.0000 154.0000
v 20.0000 25.0000 154.0000
v -20.0000 25.0000 154.0000
f 871 873 872
f 871 874 873
f 875 876 877
f 875 877 878
f 871 872 876
f 871 876 875
f 872 873 877
f 872 877 876
f 873 874 878
f 873 878 877
f 874 871 875
f 874 875 878
g tec_hot_face
usemtl m_tec_hot_face
v -20.0000 -20.0000 150.0000
v 20.0000 -20.0000 150.0000
v 20.0000 20.0000 150.0000
v -20.0000 20.0000 150.0000
v -20.0000 -20.0000 151.0000
v 20.0000 -20.0000 151.0000
v 20.0000 20.0000 151.0000
v -20.0000 20.0000 151.0000
f 879 881 880
f 879 882 881
f 883 884 885
f 883 885 886
f 879 880 884
f 879 884 883
f 880 881 885
f 880 885 884
f 881 882 886
f 881 886 885
f 882 879 883
f 882 883 886
g tec_body
usemtl m_tec_body
v -20.0000 -20.0000 151.0000
v 20.0000 -20.0000 151.0000
v 20.0000 20.0000 151.0000
v -20.0000 20.0000 151.0000
v -20.0000 -20.0000 152.8000
v 20.0000 -20.0000 152.8000
v 20.0000 20.0000 152.8000
v -20.0000 20.0000 152.8000
f 887 889 888
f 887 890 889
f 891 892 893
f 891 893 894
f 887 888 892
f 887 892 891
f 888 889 893
f 888 893 892
f 889 890 894
f 889 894 893
f 890 887 891
f 890 891 894
g tec_cold_face
usemtl m_tec_cold_face
v -20.0000 -20.0000 152.8000
v 20.0000 -20.0000 152.8000
v 20.0000 20.0000 152.8000
v -20.0000 20.0000 152.8000
v -20.0000 -20.0000 153.8000
v 20.0000 -20.0000 153.8000
v 20.0000 20.0000 153.8000
v -20.0000 20.0000 153.8000
f 895 897 896
f 895 898 897
f 899 900 901
f 899 901 902
f 895 896 900
f 895 900 899
f 896 897 901
f 896 901 900
f 897 898 902
f 897 902 901
f 898 895 899
f 898 899 902
g water_plate
usemtl m_water_plate
v -20.0000 -20.0000 154.0000
v 20.0000 -20.0000 154.0000
v 20.0000 20.0000 154.0000
v -20.0000 20.0000 154.0000
v -20.0000 -20.0000 162.0000
v 20.0000 -20.0000 162.0000
v 20.0000 20.0000 162.0000
v -20.0000 20.0000 162.0000
f 903 905 904
f 903 906 905
f 907 908 909
f 907 909 910
f 903 904 908
f 903 908 907
f 904 905 909
f 904 909 908
f 905 906 910
f 905 910 909
f 906 903 907
f 906 907 910
g cup_floor
usemtl m_cup_floor
v 37.0000 0.0000 162.0000
v 36.6835 4.8295 162.0000
v 35.7393 9.5763 162.0000
v 34.1835 14.1593 162.0000
v 32.0429 18.5000 162.0000
v 29.3541 22.5242 162.0000
v 26.1630 26.1630 162.0000
v 22.5242 29.3541 162.0000
v 18.5000 32.0429 162.0000
v 14.1593 34.1835 162.0000
v 9.5763 35.7393 162.0000
v 4.8295 36.6835 162.0000
v 0.0000 37.0000 162.0000
v -4.8295 36.6835 162.0000
v -9.5763 35.7393 162.0000
v -14.1593 34.1835 162.0000
v -18.5000 32.0429 162.0000
v -22.5242 29.3541 162.0000
v -26.1630 26.1630 162.0000
v -29.3541 22.5242 162.0000
v -32.0429 18.5000 162.0000
v -34.1835 14.1593 162.0000
v -35.7393 9.5763 162.0000
v -36.6835 4.8295 162.0000
v -37.0000 0.0000 162.0000
v -36.6835 -4.8295 162.0000
v -35.7393 -9.5763 162.0000
v -34.1835 -14.1593 162.0000
v -32.0429 -18.5000 162.0000
v -29.3541 -22.5242 162.0000
v -26.1630 -26.1630 162.0000
v -22.5242 -29.3541 162.0000
v -18.5000 -32.0429 162.0000
v -14.1593 -34.1835 162.0000
v -9.5763 -35.7393 162.0000
v -4.8295 -36.6835 162.0000
v -0.0000 -37.0000 162.0000
v 4.8295 -36.6835 162.0000
v 9.5763 -35.7393 162.0000
v 14.1593 -34.1835 162.0000
v 18.5000 -32.0429 162.0000
v 22.5242 -29.3541 162.0000
v 26.1630 -26.1630 162.0000
v 29.3541 -22.5242 162.0000
v 32.0429 -18.5000 162.0000
v 34.1835 -14.1593 162.0000
v 35.7393 -9.5763 162.0000
v 36.6835 -4.8295 162.0000
v 37.0000 0.0000 165.0000
v 36.6835 4.8295 165.0000
v 35.7393 9.5763 165.0000
v 34.1835 14.1593 165.0000
v 32.0429 18.5000 165.0000
v 29.3541 22.5242 165.0000
v 26.1630 26.1630 165.0000
v 22.5242 29.3541 165.0000
v 18.5000 32.0429 165.0000
v 14.1593 34.1835 165.0000
v 9.5763 35.7393 165.0000
v 4.8295 36.6835 165.0000
v 0.0000 37.0000 165.0000
v -4.8295 36.6835 165.0000
v -9.5763 35.7393 165.0000
v -14.1593 34.1835 165.0000
v -18.5000 32.0429 165.0000
v -22.5242 29.3541 165.0000
v -26.1630 26.1630 165.0000
v -29.3541 22.5242 165.0000
v -32.0429 18.5000 165.0000
v -34.1835 14.1593 165.0000
v -35.7393 9.5763 165.0000
v -36.6835 4.8295 165.0000
v -37.0000 0.0000 165.0000
v -36.6835 -4.8295 165.0000
v -35.7393 -9.5763 165.0000
v -34.1835 -14.1593 165.0000
v -32.0429 -18.5000 165.0000
v -29.3541 -22.5242 165.0000
v -26.1630 -26.1630 165.0000
v -22.5242 -29.3541 165.0000
v -18.5000 -32.0429 165.0000
v -14.1593 -34.1835 165.0000
v -9.5763 -35.7393 165.0000
v -4.8295 -36.6835 165.0000
v -0.0000 -37.0000 165.0000
v 4.8295 -36.6835 165.0000
v 9.5763 -35.7393 165.0000
v 14.1593 -34.1835 165.0000
v 18.5000 -32.0429 165.0000
v 22.5242 -29.3541 165.0000
v 26.1630 -26.1630 165.0000
v 29.3541 -22.5242 165.0000
v 32.0429 -18.5000 165.0000
v 34.1835 -14.1593 165.0000
v 35.7393 -9.5763 165.0000
v 36.6835 -4.8295 165.0000
v 0.0000 0.0000 162.0000
v 0.0000 0.0000 165.0000
f 911 912 960
f 911 960 959
f 912 913 961
f 912 961 960
f 913 914 962
f 913 962 961
f 914 915 963
f 914 963 962
f 915 916 964
f 915 964 963
f 916 917 965
f 916 965 964
f 917 918 966
f 917 966 965
f 918 919 967
f 918 967 966
f 919 920 968
f 919 968 967
f 920 921 969
f 920 969 968
f 921 922 970
f 921 970 969
f 922 923 971
f 922 971 970
f 923 924 972
f 923 972 971
f 924 925 973
f 924 973 972
f 925 926 974
f 925 974 973
f 926 927 975
f 926 975 974
f 927 928 976
f 927 976 975
f 928 929 977
f 928 977 976
f 929 930 978
f 929 978 977
f 930 931 979
f 930 979 978
f 931 932 980
f 931 980 979
f 932 933 981
f 932 981 980
f 933 934 982
f 933 982 981
f 934 935 983
f 934 983 982
f 935 936 984
f 935 984 983
f 936 937 985
f 936 985 984
f 937 938 986
f 937 986 985
f 938 939 987
f 938 987 986
f 939 940 988
f 939 988 987
f 940 941 989
f 940 989 988
f 941 942 990
f 941 990 989
f 942 943 991
f 942 991 990
f 943 944 992
f 943 992 991
f 944 945 993
f 944 993 992
f 945 946 994
f 945 994 993
f 946 947 995
f 946 995 994
f 947 948 996
f 947 996 995
f 948 949 997
f 948 997 996
f 949 950 998
f 949 998 997
f 950 951 999
f 950 999 998
f 951 952 1000
f 951 1000 999
f 952 953 1001
f 952 1001 1000
f 953 954 1002
f 953 1002 1001
f 954 955 1003
f 954 1003 1002
f 955 956 1004
f 955 1004 1003
f 956 957 1005
f 956 1005 1004
f 957 958 1006
f 957 1006 1005
f 958 911 959
f 958 959 1006
f 1007 912 911
f 1008 959 960
f 1007 913 912
f 1008 960 961
f 1007 914 913
f 1008 961 962
f 1007 915 914
f 1008 962 963
f 1007 916 915
f 1008 963 964
f 1007 917 916
f 1008 964 965
f 1007 918 917
f 1008 965 966
f 1007 919 918
f 1008 966 967
f 1007 920 919
f 1008 967 968
f 1007 921 920
f 1008 968 969
f 1007 922 921
f 1008 969 970
f 1007 923 922
f 1008 970 971
f 1007 924 923
f 1008 971 972
f 1007 925 924
f 1008 972 973
f 1007 926 925
f 1008 973 974
f 1007 927 926
f 1008 974 975
f 1007 928 927
f 1008 975 976
f 1007 929 928
f 1008 976 977
f 1007 930 929
f 1008 977 978
f 1007 931 930
f 1008 978 979
f 1007 932 931
f 1008 979 980
f 1007 933 932
f 1008 980 981
f 1007 934 933
f 1008 981 982
f 1007 935 934
f 1008 982 983
f 1007 936 935
f 1008 983 984
f 1007 937 936
f 1008 984 985
f 1007 938 937
f 1008 985 986
f 1007 939 938
f 1008 986 987
f 1007 940 939
f 1008 987 988
f 1007 941 940
f 1008 988 989
f 1007 942 941
f 1008 989 990
f 1007 943 942
f 1008 990 991
f 1007 944 943
f 1008 991 992
f 1007 945 944
f 1008 992 993
f 1007 946 945
f 1008 993 994
f 1007 947 946
f 1008 994 995
f 1007 948 947
f 1008 995 996
f 1007 949 948
f 1008 996 997
f 1007 950 949
f 1008 997 998
f 1007 951 950
f 1008 998 999
f 1007 952 951
f 1008 999 1000
f 1007 953 952
f 1008 1000 1001
f 1007 954 953
f 1008 1001 1002
f 1007 955 954
f 1008 1002 1003
f 1007 956 955
f 1008 1003 1004
f 1007 957 956
f 1008 1004 1005
f 1007 958 957
f 1008 1005 1006
f 1007 911 958
f 1008 1006 959
g cup_wall
usemtl m_cup_wall
v 37.0000 0.0000 165.0000
v 36.6835 4.8295 165.0000
v 35.7393 9.5763 165.0000
v 34.1835 14.1593 165.0000
v 32.0429 18.5000 165.0000
v 29.3541 22.5242 165.0000
v 26.1630 26.1630 165.0000
v 22.5242 29.3541 165.0000
v 18.5000 32.0429 165.0000
v 14.1593 34.1835 165.0000
v 9.5763 35.7393 165.0000
v 4.8295 36.6835 165.0000
v 0.0000 37.0000 165.0000
v -4.8295 36.6835 165.0000
v -9.5763 35.7393 165.0000
v -14.1593 34.1835 165.0000
v -18.5000 32.0429 165.0000
v -22.5242 29.3541 165.0000
v -26.1630 26.1630 165.0000
v -29.3541 22.5242 165.0000
v -32.0429 18.5000 165.0000
v -34.1835 14.1593 165.0000
v -35.7393 9.5763 165.0000
v -36.6835 4.8295 165.0000
v -37.0000 0.0000 165.0000
v -36.6835 -4.8295 165.0000
v -35.7393 -9.5763 165.0000
v -34.1835 -14.1593 165.0000
v -32.0429 -18.5000 165.0000
v -29.3541 -22.5242 165.0000
v -26.1630 -26.1630 165.0000
v -22.5242 -29.3541 165.0000
v -18.5000 -32.0429 165.0000
v -14.1593 -34.1835 165.0000
v -9.5763 -35.7393 165.0000
v -4.8295 -36.6835 165.0000
v -0.0000 -37.0000 165.0000
v 4.8295 -36.6835 165.0000
v 9.5763 -35.7393 165.0000
v 14.1593 -34.1835 165.0000
v 18.5000 -32.0429 165.0000
v 22.5242 -29.3541 165.0000
v 26.1630 -26.1630 165.0000
v 29.3541 -22.5242 165.0000
v 32.0429 -18.5000 165.0000
v 34.1835 -14.1593 165.0000
v 35.7393 -9.5763 165.0000
v 36.6835 -4.8295 165.0000
v 37.0000 0.0000 241.0000
v 36.6835 4.8295 241.0000
v 35.7393 9.5763 241.0000
v 34.1835 14.1593 241.0000
v 32.0429 18.5000 241.0000
v 29.3541 22.5242 241.0000
v 26.1630 26.1630 241.0000
v 22.5242 29.3541 241.0000
v 18.5000 32.0429 241.0000
v 14.1593 34.1835 241.0000
v 9.5763 35.7393 241.0000
v 4.8295 36.6835 241.0000
v 0.0000 37.0000 241.0000
v -4.8295 36.6835 241.0000
v -9.5763 35.7393 241.0000
v -14.1593 34.1835 241.0000
v -18.5000 32.0429 241.0000
v -22.5242 29.3541 241.0000
v -26.1630 26.1630 241.0000
v -29.3541 22.5242 241.0000
v -32.0429 18.5000 241.0000
v -34.1835 14.1593 241.0000
v -35.7393 9.5763 241.0000
v -36.6835 4.8295 241.0000
v -37.0000 0.0000 241.0000
v -36.6835 -4.8295 241.0000
v -35.7393 -9.5763 241.0000
v -34.1835 -14.1593 241.0000
v -32.0429 -18.5000 241.0000
v -29.3541 -22.5242 241.0000
v -26.1630 -26.1630 241.0000
v -22.5242 -29.3541 241.0000
v -18.5000 -32.0429 241.0000
v -14.1593 -34.1835 241.0000
v -9.5763 -35.7393 241.0000
v -4.8295 -36.6835 241.0000
v -0.0000 -37.0000 241.0000
v 4.8295 -36.6835 241.0000
v 9.5763 -35.7393 241.0000
v 14.1593 -34.1835 241.0000
v 18.5000 -32.0429 241.0000
v 22.5242 -29.3541 241.0000
v 26.1630 -26.1630 241.0000
v 29.3541 -22.5242 241.0000
v 32.0429 -18.5000 241.0000
v 34.1835 -14.1593 241.0000
v 35.7393 -9.5763 241.0000
v 36.6835 -4.8295 241.0000
v 36.0000 0.0000 165.0000
v 35.6920 4.6989 165.0000
v 34.7733 9.3175 165.0000
v 33.2597 13.7766 165.0000
v 31.1769 18.0000 165.0000
v 28.5607 21.9154 165.0000
v 25.4558 25.4558 165.0000
v 21.9154 28.5607 165.0000
v 18.0000 31.1769 165.0000
v 13.7766 33.2597 165.0000
v 9.3175 34.7733 165.0000
v 4.6989 35.6920 165.0000
v 0.0000 36.0000 165.0000
v -4.6989 35.6920 165.0000
v -9.3175 34.7733 165.0000
v -13.7766 33.2597 165.0000
v -18.0000 31.1769 165.0000
v -21.9154 28.5607 165.0000
v -25.4558 25.4558 165.0000
v -28.5607 21.9154 165.0000
v -31.1769 18.0000 165.0000
v -33.2597 13.7766 165.0000
v -34.7733 9.3175 165.0000
v -35.6920 4.6989 165.0000
v -36.0000 0.0000 165.0000
v -35.6920 -4.6989 165.0000
v -34.7733 -9.3175 165.0000
v -33.2597 -13.7766 165.0000
v -31.1769 -18.0000 165.0000
v -28.5607 -21.9154 165.0000
v -25.4558 -25.4558 165.0000
v -21.9154 -28.5607 165.0000
v -18.0000 -31.1769 165.0000
v -13.7766 -33.2597 165.0000
v -9.3175 -34.7733 165.0000
v -4.6989 -35.6920 165.0000
v -0.0000 -36.0000 165.0000
v 4.6989 -35.6920 165.0000
v 9.3175 -34.7733 165.0000
v 13.7766 -33.2597 165.0000
v 18.0000 -31.1769 165.0000
v 21.9154 -28.5607 165.0000
v 25.4558 -25.4558 165.0000
v 28.5607 -21.9154 165.0000
v 31.1769 -18.0000 165.0000
v 33.2597 -13.7766 165.0000
v 34.7733 -9.3175 165.0000
v 35.6920 -4.6989 165.0000
v 36.0000 0.0000 241.0000
v 35.6920 4.6989 241.0000
v 34.7733 9.3175 241.0000
v 33.2597 13.7766 241.0000
v 31.1769 18.0000 241.0000
v 28.5607 21.9154 241.0000
v 25.4558 25.4558 241.0000
v 21.9154 28.5607 241.0000
v 18.0000 31.1769 241.0000
v 13.7766 33.2597 241.0000
v 9.3175 34.7733 241.0000
v 4.6989 35.6920 241.0000
v 0.0000 36.0000 241.0000
v -4.6989 35.6920 241.0000
v -9.3175 34.7733 241.0000
v -13.7766 33.2597 241.0000
v -18.0000 31.1769 241.0000
v -21.9154 28.5607 241.0000
v -25.4558 25.4558 241.0000
v -28.5607 21.9154 241.0000
v -31.1769 18.0000 241.0000
v -33.2597 13.7766 241.0000
v -34.7733 9.3175 241.0000
v -35.6920 4.6989 241.0000
v -36.0000 0.0000 241.0000
v -35.6920 -4.6989 241.0000
v -34.7733 -9.3175 241.0000
v -33.2597 -13.7766 241.0000
v -31.1769 -18.0000 241.0000
v -28.5607 -21.9154 241.0000
v -25.4558 -25.4558 241.0000
v -21.9154 -28.5607 241.0000
v -18.0000 -31.1769 241.0000
v -13.7766 -33.2597 241.0000
v -9.3175 -34.7733 241.0000
v -4.6989 -35.6920 241.0000
v -0.0000 -36.0000 241.0000
v 4.6989 -35.6920 241.0000
v 9.3175 -34.7733 241.0000
v 13.7766 -33.2597 241.0000
v 18.0000 -31.1769 241.0000
v 21.9154 -28.5607 241.0000
v 25.4558 -25.4558 241.0000
v 28.5607 -21.9154 241.0000
v 31.1769 -18.0000 241.0000
v 33.2597 -13.7766 241.0000
v 34.7733 -9.3175 241.0000
v 35.6920 -4.6989 241.0000
f 1009 1010 1058
f 1009 1058 1057
f 1010 1011 1059
f 1010 1059 1058
f 1011 1012 1060
f 1011 1060 1059
f 1012 1013 1061
f 1012 1061 1060
f 1013 1014 1062
f 1013 1062 1061
f 1014 1015 1063
f 1014 1063 1062
f 1015 1016 1064
f 1015 1064 1063
f 1016 1017 1065
f 1016 1065 1064
f 1017 1018 1066
f 1017 1066 1065
f 1018 1019 1067
f 1018 1067 1066
f 1019 1020 1068
f 1019 1068 1067
f 1020 1021 1069
f 1020 1069 1068
f 1021 1022 1070
f 1021 1070 1069
f 1022 1023 1071
f 1022 1071 1070
f 1023 1024 1072
f 1023 1072 1071
f 1024 1025 1073
f 1024 1073 1072
f 1025 1026 1074
f 1025 1074 1073
f 1026 1027 1075
f 1026 1075 1074
f 1027 1028 1076
f 1027 1076 1075
f 1028 1029 1077
f 1028 1077 1076
f 1029 1030 1078
f 1029 1078 1077
f 1030 1031 1079
f 1030 1079 1078
f 1031 1032 1080
f 1031 1080 1079
f 1032 1033 1081
f 1032 1081 1080
f 1033 1034 1082
f 1033 1082 1081
f 1034 1035 1083
f 1034 1083 1082
f 1035 1036 1084
f 1035 1084 1083
f 1036 1037 1085
f 1036 1085 1084
f 1037 1038 1086
f 1037 1086 1085
f 1038 1039 1087
f 1038 1087 1086
f 1039 1040 1088
f 1039 1088 1087
f 1040 1041 1089
f 1040 1089 1088
f 1041 1042 1090
f 1041 1090 1089
f 1042 1043 1091
f 1042 1091 1090
f 1043 1044 1092
f 1043 1092 1091
f 1044 1045 1093
f 1044 1093 1092
f 1045 1046 1094
f 1045 1094 1093
f 1046 1047 1095
f 1046 1095 1094
f 1047 1048 1096
f 1047 1096 1095
f 1048 1049 1097
f 1048 1097 1096
f 1049 1050 1098
f 1049 1098 1097
f 1050 1051 1099
f 1050 1099 1098
f 1051 1052 1100
f 1051 1100 1099
f 1052 1053 1101
f 1052 1101 1100
f 1053 1054 1102
f 1053 1102 1101
f 1054 1055 1103
f 1054 1103 1102
f 1055 1056 1104
f 1055 1104 1103
f 1056 1009 1057
f 1056 1057 1104
f 1105 1154 1106
f 1105 1153 1154
f 1009 1105 1106
f 1009 1106 1010
f 1057 1058 1154
f 1057 1154 1153
f 1106 1155 1107
f 1106 1154 1155
f 1010 1106 1107
f 1010 1107 1011
f 1058 1059 1155
f 1058 1155 1154
f 1107 1156 1108
f 1107 1155 1156
f 1011 1107 1108
f 1011 1108 1012
f 1059 1060 1156
f 1059 1156 1155
f 1108 1157 1109
f 1108 1156 1157
f 1012 1108 1109
f 1012 1109 1013
f 1060 1061 1157
f 1060 1157 1156
f 1109 1158 1110
f 1109 1157 1158
f 1013 1109 1110
f 1013 1110 1014
f 1061 1062 1158
f 1061 1158 1157
f 1110 1159 1111
f 1110 1158 1159
f 1014 1110 1111
f 1014 1111 1015
f 1062 1063 1159
f 1062 1159 1158
f 1111 1160 1112
f 1111 1159 1160
f 1015 1111 1112
f 1015 1112 1016
f 1063 1064 1160
f 1063 1160 1159
f 1112 1161 1113
f 1112 1160 1161
f 1016 1112 1113
f 1016 1113 1017
f 1064 1065 1161
f 1064 1161 1160
f 1113 1162 1114
f 1113 1161 1162
f 1017 1113 1114
f 1017 1114 1018
f 1065 1066 1162
f 1065 1162 1161
f 1114 1163 1115
f 1114 1162 1163
f 1018 1114 1115
f 1018 1115 1019
f 1066 1067 1163
f 1066 1163 1162
f 1115 1164 1116
f 1115 1163 1164
f 1019 1115 1116
f 1019 1116 1020
f 1067 1068 1164
f 1067 1164 1163
f 1116 1165 1117
f 1116 1164 1165
f 1020 1116 1117
f 1020 1117 1021
f 1068 1069 1165
f 1068 1165 1164
f 1117 1166 1118
f 1117 1165 1166
f 1021 1117 1118
f 1021 1118 1022
f 1069 1070 1166
f 1069 1166 1165
f 1118 1167 1119
f 1118 1166 1167
f 1022 1118 1119
f 1022 1119 1023
f 1070 1071 1167
f 1070 1167 1166
f 1119 1168 1120
f 1119 1167 1168
f 1023 1119 1120
f 1023 1120 1024
f 1071 1072 1168
f 1071 1168 1167
f 1120 1169 1121
f 1120 1168 1169
f 1024 1120 1121
f 1024 1121 1025
f 1072 1073 1169
f 1072 1169 1168
f 1121 1170 1122
f 1121 1169 1170
f 1025 1121 1122
f 1025 1122 1026
f 1073 1074 1170
f 1073 1170 1169
f 1122 1171 1123
f 1122 1170 1171
f 1026 1122 1123
f 1026 1123 1027
f 1074 1075 1171
f 1074 1171 1170
f 1123 1172 1124
f 1123 1171 1172
f 1027 1123 1124
f 1027 1124 1028
f 1075 1076 1172
f 1075 1172 1171
f 1124 1173 1125
f 1124 1172 1173
f 1028 1124 1125
f 1028 1125 1029
f 1076 1077 1173
f 1076 1173 1172
f 1125 1174 1126
f 1125 1173 1174
f 1029 1125 1126
f 1029 1126 1030
f 1077 1078 1174
f 1077 1174 1173
f 1126 1175 1127
f 1126 1174 1175
f 1030 1126 1127
f 1030 1127 1031
f 1078 1079 1175
f 1078 1175 1174
f 1127 1176 1128
f 1127 1175 1176
f 1031 1127 1128
f 1031 1128 1032
f 1079 1080 1176
f 1079 1176 1175
f 1128 1177 1129
f 1128 1176 1177
f 1032 1128 1129
f 1032 1129 1033
f 1080 1081 1177
f 1080 1177 1176
f 1129 1178 1130
f 1129 1177 1178
f 1033 1129 1130
f 1033 1130 1034
f 1081 1082 1178
f 1081 1178 1177
f 1130 1179 1131
f 1130 1178 1179
f 1034 1130 1131
f 1034 1131 1035
f 1082 1083 1179
f 1082 1179 1178
f 1131 1180 1132
f 1131 1179 1180
f 1035 1131 1132
f 1035 1132 1036
f 1083 1084 1180
f 1083 1180 1179
f 1132 1181 1133
f 1132 1180 1181
f 1036 1132 1133
f 1036 1133 1037
f 1084 1085 1181
f 1084 1181 1180
f 1133 1182 1134
f 1133 1181 1182
f 1037 1133 1134
f 1037 1134 1038
f 1085 1086 1182
f 1085 1182 1181
f 1134 1183 1135
f 1134 1182 1183
f 1038 1134 1135
f 1038 1135 1039
f 1086 1087 1183
f 1086 1183 1182
f 1135 1184 1136
f 1135 1183 1184
f 1039 1135 1136
f 1039 1136 1040
f 1087 1088 1184
f 1087 1184 1183
f 1136 1185 1137
f 1136 1184 1185
f 1040 1136 1137
f 1040 1137 1041
f 1088 1089 1185
f 1088 1185 1184
f 1137 1186 1138
f 1137 1185 1186
f 1041 1137 1138
f 1041 1138 1042
f 1089 1090 1186
f 1089 1186 1185
f 1138 1187 1139
f 1138 1186 1187
f 1042 1138 1139
f 1042 1139 1043
f 1090 1091 1187
f 1090 1187 1186
f 1139 1188 1140
f 1139 1187 1188
f 1043 1139 1140
f 1043 1140 1044
f 1091 1092 1188
f 1091 1188 1187
f 1140 1189 1141
f 1140 1188 1189
f 1044 1140 1141
f 1044 1141 1045
f 1092 1093 1189
f 1092 1189 1188
f 1141 1190 1142
f 1141 1189 1190
f 1045 1141 1142
f 1045 1142 1046
f 1093 1094 1190
f 1093 1190 1189
f 1142 1191 1143
f 1142 1190 1191
f 1046 1142 1143
f 1046 1143 1047
f 1094 1095 1191
f 1094 1191 1190
f 1143 1192 1144
f 1143 1191 1192
f 1047 1143 1144
f 1047 1144 1048
f 1095 1096 1192
f 1095 1192 1191
f 1144 1193 1145
f 1144 1192 1193
f 1048 1144 1145
f 1048 1145 1049
f 1096 1097 1193
f 1096 1193 1192
f 1145 1194 1146
f 1145 1193 1194
f 1049 1145 1146
f 1049 1146 1050
f 1097 1098 1194
f 1097 1194 1193
f 1146 1195 1147
f 1146 1194 1195
f 1050 1146 1147
f 1050 1147 1051
f 1098 1099 1195
f 1098 1195 1194
f 1147 1196 1148
f 1147 1195 1196
f 1051 1147 1148
f 1051 1148 1052
f 1099 1100 1196
f 1099 1196 1195
f 1148 1197 1149
f 1148 1196 1197
f 1052 1148 1149
f 1052 1149 1053
f 1100 1101 1197
f 1100 1197 1196
f 1149 1198 1150
f 1149 1197 1198
f 1053 1149 1150
f 1053 1150 1054
f 1101 1102 1198
f 1101 1198 1197
f 1150 1199 1151
f 1150 1198 1199
f 1054 1150 1151
f 1054 1151 1055
f 1102 1103 1199
f 1102 1199 1198
f 1151 1200 1152
f 1151 1199 1200
f 1055 1151 1152
f 1055 1152 1056
f 1103 1104 1200
f 1103 1200 1199
f 1152 1153 1105
f 1152 1200 1153
f 1056 1152 1105
f 1056 1105 1009
f 1104 1057 1153
f 1104 1153 1200
g insulation_sleeve
usemtl m_insulation_sleeve
v 42.5000 0.0000 165.0000
v 42.1364 5.5474 165.0000
v 41.0518 10.9998 165.0000
v 39.2649 16.2640 165.0000
v 36.8061 21.2500 165.0000
v 33.7175 25.8724 165.0000
v 30.0520 30.0520 165.0000
v 25.8724 33.7175 165.0000
v 21.2500 36.8061 165.0000
v 16.2640 39.2649 165.0000
v 10.9998 41.0518 165.0000
v 5.5474 42.1364 165.0000
v 0.0000 42.5000 165.0000
v -5.5474 42.1364 165.0000
v -10.9998 41.0518 165.0000
v -16.2640 39.2649 165.0000
v -21.2500 36.8061 165.0000
v -25.8724 33.7175 165.0000
v -30.0520 30.0520 165.0000
v -33.7175 25.8724 165.0000
v -36.8061 21.2500 165.0000
v -39.2649 16.2640 165.0000
v -41.0518 10.9998 165.0000
v -42.1364 5.5474 165.0000
v -42.5000 0.0000 165.0000
v -42.1364 -5.5474 165.0000
v -41.0518 -10.9998 165.0000
v -39.2649 -16.2640 165.0000
v -36.8061 -21.2500 165.0000
v -33.7175 -25.8724 165.0000
v -30.0520 -30.0520 165.0000
v -25.8724 -33.7175 165.0000
v -21.2500 -36.8061 165.0000
v -16.2640 -39.2649 165.0000
v -10.9998 -41.0518 165.0000
v -5.5474 -42.1364 165.0000
v -0.0000 -42.5000 165.0000
v 5.5474 -42.1364 165.0000
v 10.9998 -41.0518 165.0000
v 16.2640 -39.2649 165.0000
v 21.2500 -36.8061 165.0000
v 25.8724 -33.7175 165.0000
v 30.0520 -30.0520 165.0000
v 33.7175 -25.8724 165.0000
v 36.8061 -21.2500 165.0000
v 39.2649 -16.2640 165.0000
v 41.0518 -10.9998 165.0000
v 42.1364 -5.5474 165.0000
v 42.5000 0.0000 241.0000
v 42.1364 5.5474 241.0000
v 41.0518 10.9998 241.0000
v 39.2649 16.2640 241.0000
v 36.8061 21.2500 241.0000
v 33.7175 25.8724 241.0000
v 30.0520 30.0520 241.0000
v 25.8724 33.7175 241.0000
v 21.2500 36.8061 241.0000
v 16.2640 39.2649 241.0000
v 10.9998 41.0518 241.0000
v 5.5474 42.1364 241.0000
v 0.0000 42.5000 241.0000
v -5.5474 42.1364 241.0000
v -10.9998 41.0518 241.0000
v -16.2640 39.2649 241.0000
v -21.2500 36.8061 241.0000
v -25.8724 33.7175 241.0000
v -30.0520 30.0520 241.0000
v -33.7175 25.8724 241.0000
v -36.8061 21.2500 241.0000
v -39.2649 16.2640 241.0000
v -41.0518 10.9998 241.0000
v -42.1364 5.5474 241.0000
v -42.5000 0.0000 241.0000
v -42.1364 -5.5474 241.0000
v -41.0518 -10.9998 241.0000
v -39.2649 -16.2640 241.0000
v -36.8061 -21.2500 241.0000
v -33.7175 -25.8724 241.0000
v -30.0520 -30.0520 241.0000
v -25.8724 -33.7175 241.0000
v -21.2500 -36.8061 241.0000
v -16.2640 -39.2649 241.0000
v -10.9998 -41.0518 241.0000
v -5.5474 -42.1364 241.0000
v -0.0000 -42.5000 241.0000
v 5.5474 -42.1364 241.0000
v 10.9998 -41.0518 241.0000
v 16.2640 -39.2649 241.0000
v 21.2500 -36.8061 241.0000
v 25.8724 -33.7175 241.0000
v 30.0520 -30.0520 241.0000
v 33.7175 -25.8724 241.0000
v 36.8061 -21.2500 241.0000
v 39.2649 -16.2640 241.0000
v 41.0518 -10.9998 241.0000
v 42.1364 -5.5474 241.0000
v 37.0000 0.0000 165.0000
v 36.6835 4.8295 165.0000
v 35.7393 9.5763 165.0000
v 34.1835 14.1593 165.0000
v 32.0429 18.5000 165.0000
v 29.3541 22.5242 165.0000
v 26.1630 26.1630 165.0000
v 22.5242 29.3541 165.0000
v 18.5000 32.0429 165.0000
v 14.1593 34.1835 165.0000
v 9.5763 35.7393 165.0000
v 4.8295 36.6835 165.0000
v 0.0000 37.0000 165.0000
v -4.8295 36.6835 165.0000
v -9.5763 35.7393 165.0000
v -14.1593 34.1835 165.0000
v -18.5000 32.0429 165.0000
v -22.5242 29.3541 165.0000
v -26.1630 26.1630 165.0000
v -29.3541 22.5242 165.0000
v -32.0429 18.5000 165.0000
v -34.1835 14.1593 165.0000
v -35.7393 9.5763 165.0000
v -36.6835 4.8295 165.0000
v -37.0000 0.0000 165.0000
v -36.6835 -4.8295 165.0000
v -35.7393 -9.5763 165.0000
v -34.1835 -14.1593 165.0000
v -32.0429 -18.5000 165.0000
v -29.3541 -22.5242 165.0000
v -26.1630 -26.1630 165.0000
v -22.5242 -29.3541 165.0000
v -18.5000 -32.0429 165.0000
v -14.1593 -34.1835 165.0000
v -9.5763 -35.7393 165.0000
v -4.8295 -36.6835 165.0000
v -0.0000 -37.0000 165.0000
v 4.8295 -36.6835 165.0000
v 9.5763 -35.7393 165.0000
v 14.1593 -34.1835 165.0000
v 18.5000 -32.0429 165.0000
v 22.5242 -29.3541 165.0000
v 26.1630 -26.1630 165.0000
v 29.3541 -22.5242 165.0000
v 32.0429 -18.5000 165.0000
v 34.1835 -14.1593 165.0000
v 35.7393 -9.5763 165.0000
v 36.6835 -4.8295 165.0000
v 37.0000 0.0000 241.0000
v 36.6835 4.8295 241.0000
v 35.7393 9.5763 241.0000
v 34.1835 14.1593 241.0000
v 32.0429 18.5000 241.0000
v 29.3541 22.5242 241.0000
v 26.1630 26.1630 241.0000
v 22.5242 29.3541 241.0000
v 18.5000 32.0429 241.0000
v 14.1593 34.1835 241.0000
v 9.5763 35.7393 241.0000
v 4.8295 36.6835 241.0000
v 0.0000 37.0000 241.0000
v -4.8295 36.6835 241.0000
v -9.5763 35.7393 241.0000
v -14.1593 34.1835 241.0000
v -18.5000 32.0429 241.0000
v -22.5242 29.3541 241.0000
v -26.1630 26.1630 241.0000
v -29.3541 22.5242 241.0000
v -32.0429 18.5000 241.0000
v -34.1835 14.1593 241.0000
v -35.7393 9.5763 241.0000
v -36.6835 4.8295 241.0000
v -37.0000 0.0000 241.0000
v -36.6835 -4.8295 241.0000
v -35.7393 -9.5763 241.0000
v -34.1835 -14.1593 241.0000
v -32.0429 -18.5000 241.0000
v -29.3541 -22.5242 241.0000
v -26.1630 -26.1630 241.0000
v -22.5242 -29.3541 241.0000
v -18.5000 -32.0429 241.0000
v -14.1593 -34.1835 241.0000
v -9.5763 -35.7393 241.0000
v -4.8295 -36.6835 241.0000
v -0.0000 -37.0000 241.0000
v 4.8295 -36.6835 241.0000
v 9.5763 -35.7393 241.0000
v 14.1593 -34.1835 241.0000
v 18.5000 -32.0429 241.0000
v 22.5242 -29.3541 241.0000
v 26.1630 -26.1630 241.0000
v 29.3541 -22.5242 241.0000
v 32.0429 -18.5000 241.0000
v 34.1835 -14.1593 241.0000
v 35.7393 -9.5763 241.0000
v 36.6835 -4.8295 241.0000
f 1201 1202 1250
f 1201 1250 1249
f 1202 1203 1251
f 1202 1251 1250
f 1203 1204 1252
f 1203 1252 1251
f 1204 1205 1253
f 1204 1253 1252
f 1205 1206 1254
f 1205 1254 1253
f 1206 1207 1255
f 1206 1255 1254
f 1207 1208 1256
f 1207 1256 1255
f 1208 1209 1257
f 1208 1257 1256
f 1209 1210 1258
f 1209 1258 1257
f 1210 1211 1259
f 1210 1259 1258
f 1211 1212 1260
f 1211 1260 1259
f 1212 1213 1261
f 1212 1261 1260
f 1213 1214 1262
f 1213 1262 1261
f 1214 1215 1263
f 1214 1263 1262
f 1215 1216 1264
f 1215 1264 1263
f 1216 1217 1265
f 1216 1265 1264
f 1217 1218 1266
f 1217 1266 1265
f 1218 1219 1267
f 1218 1267 1266
f 1219 1220 1268
f 1219 1268 1267
f 1220 1221 1269
f 1220 1269 1268
f 1221 1222 1270
f 1221 1270 1269
f 1222 1223 1271
f 1222 1271 1270
f 1223 1224 1272
f 1223 1272 1271
f 1224 1225 1273
f 1224 1273 1272
f 1225 1226 1274
f 1225 1274 1273
f 1226 1227 1275
f 1226 1275 1274
f 1227 1228 1276
f 1227 1276 1275
f 1228 1229 1277
f 1228 1277 1276
f 1229 1230 1278
f 1229 1278 1277
f 1230 1231 1279
f 1230 1279 1278
f 1231 1232 1280
f 1231 1280 1279
f 1232 1233 1281
f 1232 1281 1280
f 1233 1234 1282
f 1233 1282 1281
f 1234 1235 1283
f 1234 1283 1282
f 1235 1236 1284
f 1235 1284 1283
f 1236 1237 1285
f 1236 1285 1284
f 1237 1238 1286
f 1237 1286 1285
f 1238 1239 1287
f 1238 1287 1286
f 1239 1240 1288
f 1239 1288 1287
f 1240 1241 1289
f 1240 1289 1288
f 1241 1242 1290
f 1241 1290 1289
f 1242 1243 1291
f 1242 1291 1290
f 1243 1244 1292
f 1243 1292 1291
f 1244 1245 1293
f 1244 1293 1292
f 1245 1246 1294
f 1245 1294 1293
f 1246 1247 1295
f 1246 1295 1294
f 1247 1248 1296
f 1247 1296 1295
f 1248 1201 1249
f 1248 1249 1296
f 1297 1346 1298
f 1297 1345 1346
f 1201 1297 1298
f 1201 1298 1202
f 1249 1250 1346
f 1249 1346 1345
f 1298 1347 1299
f 1298 1346 1347
f 1202 1298 1299
f 1202 1299 1203
f 1250 1251 1347
f 1250 1347 1346
f 1299 1348 1300
f 1299 1347 1348
f 1203 1299 1300
f 1203 1300 1204
f 1251 1252 1348
f 1251 1348 1347
f 1300 1349 1301
f 1300 1348 1349
f 1204 1300 1301
f 1204 1301 1205
f 1252 1253 1349
f 1252 1349 1348
f 1301 1350 1302
f 1301 1349 1350
f 1205 1301 1302
f 1205 1302 1206
f 1253 1254 1350
f 1253 1350 1349
f 1302 1351 1303
f 1302 1350 1351
f 1206 1302 1303
f 1206 1303 1207
f 1254 1255 1351
f 1254 1351 1350
f 1303 1352 1304
f 1303 1351 1352
f 1207 1303 1304
f 1207 1304 1208
f 1255 1256 1352
f 1255 1352 1351
f 1304 1353 1305
f 1304 1352 1353
f 1208 1304 1305
f 1208 1305 1209
f 1256 1257 1353
f 1256 1353 1352
f 1305 1354 1306
f 1305 1353 1354
f 1209 1305 1306
f 1209 1306 1210
f 1257 1258 1354
f 1257 1354 1353
f 1306 1355 1307
f 1306 1354 1355
f 1210 1306 1307
f 1210 1307 1211
f 1258 1259 1355
f 1258 1355 1354
f 1307 1356 1308
f 1307 1355 1356
f 1211 1307 1308
f 1211 1308 1212
f 1259 1260 1356
f 1259 1356 1355
f 1308 1357 1309
f 1308 1356 1357
f 1212 1308 1309
f 1212 1309 1213
f 1260 1261 1357
f 1260 1357 1356
f 1309 1358 1310
f 1309 1357 1358
f 1213 1309 1310
f 1213 1310 1214
f 1261 1262 1358
f 1261 1358 1357
f 1310 1359 1311
f 1310 1358 1359
f 1214 1310 1311
f 1214 1311 1215
f 1262 1263 1359
f 1262 1359 1358
f 1311 1360 1312
f 1311 1359 1360
f 1215 1311 1312
f 1215 1312 1216
f 1263 1264 1360
f 1263 1360 1359
f 1312 1361 1313
f 1312 1360 1361
f 1216 1312 1313
f 1216 1313 1217
f 1264 1265 1361
f 1264 1361 1360
f 1313 1362 1314
f 1313 1361 1362
f 1217 1313 1314
f 1217 1314 1218
f 1265 1266 1362
f 1265 1362 1361
f 1314 1363 1315
f 1314 1362 1363
f 1218 1314 1315
f 1218 1315 1219
f 1266 1267 1363
f 1266 1363 1362
f 1315 1364 1316
f 1315 1363 1364
f 1219 1315 1316
f 1219 1316 1220
f 1267 1268 1364
f 1267 1364 1363
f 1316 1365 1317
f 1316 1364 1365
f 1220 1316 1317
f 1220 1317 1221
f 1268 1269 1365
f 1268 1365 1364
f 1317 1366 1318
f 1317 1365 1366
f 1221 1317 1318
f 1221 1318 1222
f 1269 1270 1366
f 1269 1366 1365
f 1318 1367 1319
f 1318 1366 1367
f 1222 1318 1319
f 1222 1319 1223
f 1270 1271 1367
f 1270 1367 1366
f 1319 1368 1320
f 1319 1367 1368
f 1223 1319 1320
f 1223 1320 1224
f 1271 1272 1368
f 1271 1368 1367
f 1320 1369 1321
f 1320 1368 1369
f 1224 1320 1321
f 1224 1321 1225
f 1272 1273 1369
f 1272 1369 1368
f 1321 1370 1322
f 1321 1369 1370
f 1225 1321 1322
f 1225 1322 1226
f 1273 1274 1370
f 1273 1370 1369
f 1322 1371 1323
f 1322 1370 1371
f 1226 1322 1323
f 1226 1323 1227
f 1274 1275 1371
f 1274 1371 1370
f 1323 1372 1324
f 1323 1371 1372
f 1227 1323 1324
f 1227 1324 1228
f 1275 1276 1372
f 1275 1372 1371
f 1324 1373 1325
f 1324 1372 1373
f 1228 1324 1325
f 1228 1325 1229
f 1276 1277 1373
f 1276 1373 1372
f 1325 1374 1326
f 1325 1373 1374
f 1229 1325 1326
f 1229 1326 1230
f 1277 1278 1374
f 1277 1374 1373
f 1326 1375 1327
f 1326 1374 1375
f 1230 1326 1327
f 1230 1327 1231
f 1278 1279 1375
f 1278 1375 1374
f 1327 1376 1328
f 1327 1375 1376
f 1231 1327 1328
f 1231 1328 1232
f 1279 1280 1376
f 1279 1376 1375
f 1328 1377 1329
f 1328 1376 1377
f 1232 1328 1329
f 1232 1329 1233
f 1280 1281 1377
f 1280 1377 1376
f 1329 1378 1330
f 1329 1377 1378
f 1233 1329 1330
f 1233 1330 1234
f 1281 1282 1378
f 1281 1378 1377
f 1330 1379 1331
f 1330 1378 1379
f 1234 1330 1331
f 1234 1331 1235
f 1282 1283 1379
f 1282 1379 1378
f 1331 1380 1332
f 1331 1379 1380
f 1235 1331 1332
f 1235 1332 1236
f 1283 1284 1380
f 1283 1380 1379
f 1332 1381 1333
f 1332 1380 1381
f 1236 1332 1333
f 1236 1333 1237
f 1284 1285 1381
f 1284 1381 1380
f 1333 1382 1334
f 1333 1381 1382
f 1237 1333 1334
f 1237 1334 1238
f 1285 1286 1382
f 1285 1382 1381
f 1334 1383 1335
f 1334 1382 1383
f 1238 1334 1335
f 1238 1335 1239
f 1286 1287 1383
f 1286 1383 1382
f 1335 1384 1336
f 1335 1383 1384
f 1239 1335 1336
f 1239 1336 1240
f 1287 1288 1384
f 1287 1384 1383
f 1336 1385 1337
f 1336 1384 1385
f 1240 1336 1337
f 1240 1337 1241
f 1288 1289 1385
f 1288 1385 1384
f 1337 1386 1338
f 1337 1385 1386
f 1241 1337 1338
f 1241 1338 1242
f 1289 1290 1386
f 1289 1386 1385
f 1338 1387 1339
f 1338 1386 1387
f 1242 1338 1339
f 1242 1339 1243
f 1290 1291 1387
f 1290 1387 1386
f 1339 1388 1340
f 1339 1387 1388
f 1243 1339 1340
f 1243 1340 1244
f 1291 1292 1388
f 1291 1388 1387
f 1340 1389 1341
f 1340 1388 1389
f 1244 1340 1341
f 1244 1341 1245
f 1292 1293 1389
f 1292 1389 1388
f 1341 1390 1342
f 1341 1389 1390
f 1245 1341 1342
f 1245 1342 1246
f 1293 1294 1390
f 1293 1390 1389
f 1342 1391 1343
f 1342 1390 1391
f 1246 1342 1343
f 1246 1343 1247
f 1294 1295 1391
f 1294 1391 1390
f 1343 1392 1344
f 1343 1391 1392
f 1247 1343 1344
f 1247 1344 1248
f 1295 1296 1392
f 1295 1392 1391
f 1344 1345 1297
f 1344 1392 1345
f 1248 1344 1297
f 1248 1297 1201
f 1296 1249 1345
f 1296 1345 1392
g water
usemtl m_water
v 36.0000 0.0000 165.0000
v 35.6920 4.6989 165.0000
v 34.7733 9.3175 165.0000
v 33.2597 13.7766 165.0000
v 31.1769 18.0000 165.0000
v 28.5607 21.9154 165.0000
v 25.4558 25.4558 165.0000
v 21.9154 28.5607 165.0000
v 18.0000 31.1769 165.0000
v 13.7766 33.2597 165.0000
v 9.3175 34.7733 165.0000
v 4.6989 35.6920 165.0000
v 0.0000 36.0000 165.0000
v -4.6989 35.6920 165.0000
v -9.3175 34.7733 165.0000
v -13.7766 33.2597 165.0000
v -18.0000 31.1769 165.0000
v -21.9154 28.5607 165.0000
v -25.4558 25.4558 165.0000
v -28.5607 21.9154 165.0000
v -31.1769 18.0000 165.0000
v -33.2597 13.7766 165.0000
v -34.7733 9.3175 165.0000
v -35.6920 4.6989 165.0000
v -36.0000 0.0000 165.0000
v -35.6920 -4.6989 165.0000
v -34.7733 -9.3175 165.0000
v -33.2597 -13.7766 165.0000
v -31.1769 -18.0000 165.0000
v -28.5607 -21.9154 165.0000
v -25.4558 -25.4558 165.0000
v -21.9154 -28.5607 165.0000
v -18.0000 -31.1769 165.0000
v -13.7766 -33.2597 165.0000
v -9.3175 -34.7733 165.0000
v -4.6989 -35.6920 165.0000
v -0.0000 -36.0000 165.0000
v 4.6989 -35.6920 165.0000
v 9.3175 -34.7733 165.0000
v 13.7766 -33.2597 165.0000
v 18.0000 -31.1769 165.0000
v 21.9154 -28.5607 165.0000
v 25.4558 -25.4558 165.0000
v 28.5607 -21.9154 165.0000
v 31.1769 -18.0000 165.0000
v 33.2597 -13.7766 165.0000
v 34.7733 -9.3175 165.0000
v 35.6920 -4.6989 165.0000
v 36.0000 0.0000 233.0000
v 35.6920 4.6989 233.0000
v 34.7733 9.3175 233.0000
v 33.2597 13.7766 233.0000
v 31.1769 18.0000 233.0000
v 28.5607 21.9154 233.0000
v 25.4558 25.4558 233.0000
v 21.9154 28.5607 233.0000
v 18.0000 31.1769 233.0000
v 13.7766 33.2597 233.0000
v 9.3175 34.7733 233.0000
v 4.6989 35.6920 233.0000
v 0.0000 36.0000 233.0000
v -4.6989 35.6920 233.0000
v -9.3175 34.7733 233.0000
v -13.7766 33.2597 233.0000
v -18.0000 31.1769 233.0000
v -21.9154 28.5607 233.0000
v -25.4558 25.4558 233.0000
v -28.5607 21.9154 233.0000
v -31.1769 18.0000 233.0000
v -33.2597 13.7766 233.0000
v -34.7733 9.3175 233.0000
v -35.6920 4.6989 233.0000
v -36.0000 0.0000 233.0000
v -35.6920 -4.6989 233.0000
v -34.7733 -9.3175 233.0000
v -33.2597 -13.7766 233.0000
v -31.1769 -18.0000 233.0000
v -28.5607 -21.9154 233.0000
v -25.4558 -25.4558 233.0000
v -21.9154 -28.5607 233.0000
v -18.0000 -31.1769 233.0000
v -13.7766 -33.2597 233.0000
v -9.3175 -34.7733 233.0000
v -4.6989 -35.6920 233.0000
v -0.0000 -36.0000 233.0000
v 4.6989 -35.6920 233.0000
v 9.3175 -34.7733 233.0000
v 13.7766 -33.2597 233.0000
v 18.0000 -31.1769 233.0000
v 21.9154 -28.5607 233.0000
v 25.4558 -25.4558 233.0000
v 28.5607 -21.9154 233.0000
v 31.1769 -18.0000 233.0000
v 33.2597 -13.7766 233.0000
v 34.7733 -9.3175 233.0000
v 35.6920 -4.6989 233.0000
v 0.0000 0.0000 165.0000
v 0.0000 0.0000 233.0000
f 1393 1394 1442
f 1393 1442 1441
f 1394 1395 1443
f 1394 1443 1442
f 1395 1396 1444
f 1395 1444 1443
f 1396 1397 1445
f 1396 1445 1444
f 1397 1398 1446
f 1397 1446 1445
f 1398 1399 1447
f 1398 1447 1446
f 1399 1400 1448
f 1399 1448 1447
f 1400 1401 1449
f 1400 1449 1448
f 1401 1402 1450
f 1401 1450 1449
f 1402 1403 1451
f 1402 1451 1450
f 1403 1404 1452
f 1403 1452 1451
f 1404 1405 1453
f 1404 1453 1452
f 1405 1406 1454
f 1405 1454 1453
f 1406 1407 1455
f 1406 1455 1454
f 1407 1408 1456
f 1407 1456 1455
f 1408 1409 1457
f 1408 1457 1456
f 1409 1410 1458
f 1409 1458 1457
f 1410 1411 1459
f 1410 1459 1458
f 1411 1412 1460
f 1411 1460 1459
f 1412 1413 1461
f 1412 1461 1460
f 1413 1414 1462
f 1413 1462 1461
f 1414 1415 1463
f 1414 1463 1462
f 1415 1416 1464
f 1415 1464 1463
f 1416 1417 1465
f 1416 1465 1464
f 1417 1418 1466
f 1417 1466 1465
f 1418 1419 1467
f 1418 1467 1466
f 1419 1420 1468
f 1419 1468 1467
f 1420 1421 1469
f 1420 1469 1468
f 1421 1422 1470
f 1421 1470 1469
f 1422 1423 1471
f 1422 1471 1470
f 1423 1424 1472
f 1423 1472 1471
f 1424 1425 1473
f 1424 1473 1472
f 1425 1426 1474
f 1425 1474 1473
f 1426 1427 1475
f 1426 1475 1474
f 1427 1428 1476
f 1427 1476 1475
f 1428 1429 1477
f 1428 1477 1476
f 1429 1430 1478
f 1429 1478 1477
f 1430 1431 1479
f 1430 1479 1478
f 1431 1432 1480
f 1431 1480 1479
f 1432 1433 1481
f 1432 1481 1480
f 1433 1434 1482
f 1433 1482 1481
f 1434 1435 1483
f 1434 1483 1482
f 1435 1436 1484
f 1435 1484 1483
f 1436 1437 1485
f 1436 1485 1484
f 1437 1438 1486
f 1437 1486 1485
f 1438 1439 1487
f 1438 1487 1486
f 1439 1440 1488
f 1439 1488 1487
f 1440 1393 1441
f 1440 1441 1488
f 1489 1394 1393
f 1490 1441 1442
f 1489 1395 1394
f 1490 1442 1443
f 1489 1396 1395
f 1490 1443 1444
f 1489 1397 1396
f 1490 1444 1445
f 1489 1398 1397
f 1490 1445 1446
f 1489 1399 1398
f 1490 1446 1447
f 1489 1400 1399
f 1490 1447 1448
f 1489 1401 1400
f 1490 1448 1449
f 1489 1402 1401
f 1490 1449 1450
f 1489 1403 1402
f 1490 1450 1451
f 1489 1404 1403
f 1490 1451 1452
f 1489 1405 1404
f 1490 1452 1453
f 1489 1406 1405
f 1490 1453 1454
f 1489 1407 1406
f 1490 1454 1455
f 1489 1408 1407
f 1490 1455 1456
f 1489 1409 1408
f 1490 1456 1457
f 1489 1410 1409
f 1490 1457 1458
f 1489 1411 1410
f 1490 1458 1459
f 1489 1412 1411
f 1490 1459 1460
f 1489 1413 1412
f 1490 1460 1461
f 1489 1414 1413
f 1490 1461 1462
f 1489 1415 1414
f 1490 1462 1463
f 1489 1416 1415
f 1490 1463 1464
f 1489 1417 1416
f 1490 1464 1465
f 1489 1418 1417
f 1490 1465 1466
f 1489 1419 1418
f 1490 1466 1467
f 1489 1420 1419
f 1490 1467 1468
f 1489 1421 1420
f 1490 1468 1469
f 1489 1422 1421
f 1490 1469 1470
f 1489 1423 1422
f 1490 1470 1471
f 1489 1424 1423
f 1490 1471 1472
f 1489 1425 1424
f 1490 1472 1473
f 1489 1426 1425
f 1490 1473 1474
f 1489 1427 1426
f 1490 1474 1475
f 1489 1428 1427
f 1490 1475 1476
f 1489 1429 1428
f 1490 1476 1477
f 1489 1430 1429
f 1490 1477 1478
f 1489 1431 1430
f 1490 1478 1479
f 1489 1432 1431
f 1490 1479 1480
f 1489 1433 1432
f 1490 1480 1481
f 1489 1434 1433
f 1490 1481 1482
f 1489 1435 1434
f 1490 1482 1483
f 1489 1436 1435
f 1490 1483 1484
f 1489 1437 1436
f 1490 1484 1485
f 1489 1438 1437
f 1490 1485 1486
f 1489 1439 1438
f 1490 1486 1487
f 1489 1440 1439
f 1490 1487 1488
f 1489 1393 1440
f 1490 1488 1441
g lid
usemtl m_lid
v 43.5000 0.0000 241.0000
v 43.1279 5.6779 241.0000
v 42.0178 11.2586 241.0000
v 40.1888 16.6467 241.0000
v 37.6721 21.7500 241.0000
v 34.5109 26.4811 241.0000
v 30.7591 30.7591 241.0000
v 26.4811 34.5109 241.0000
v 21.7500 37.6721 241.0000
v 16.6467 40.1888 241.0000
v 11.2586 42.0178 241.0000
v 5.6779 43.1279 241.0000
v 0.0000 43.5000 241.0000
v -5.6779 43.1279 241.0000
v -11.2586 42.0178 241.0000
v -16.6467 40.1888 241.0000
v -21.7500 37.6721 241.0000
v -26.4811 34.5109 241.0000
v -30.7591 30.7591 241.0000
v -34.5109 26.4811 241.0000
v -37.6721 21.7500 241.0000
v -40.1888 16.6467 241.0000
v -42.0178 11.2586 241.0000
v -43.1279 5.6779 241.0000
v -43.5000 0.0000 241.0000
v -43.1279 -5.6779 241.0000
v -42.0178 -11.2586 241.0000
v -40.1888 -16.6467 241.0000
v -37.6721 -21.7500 241.0000
v -34.5109 -26.4811 241.0000
v -30.7591 -30.7591 241.0000
v -26.4811 -34.5109 241.0000
v -21.7500 -37.6721 241.0000
v -16.6467 -40.1888 241.0000
v -11.2586 -42.0178 241.0000
v -5.6779 -43.1279 241.0000
v -0.0000 -43.5000 241.0000
v 5.6779 -43.1279 241.0000
v 11.2586 -42.0178 241.0000
v 16.6467 -40.1888 241.0000
v 21.7500 -37.6721 241.0000
v 26.4811 -34.5109 241.0000
v 30.7591 -30.7591 241.0000
v 34.5109 -26.4811 241.0000
v 37.6721 -21.7500 241.0000
v 40.1888 -16.6467 241.0000
v 42.0178 -11.2586 241.0000
v 43.1279 -5.6779 241.0000
v 43.5000 0.0000 249.0000
v 43.1279 5.6779 249.0000
v 42.0178 11.2586 249.0000
v 40.1888 16.6467 249.0000
v 37.6721 21.7500 249.0000
v 34.5109 26.4811 249.0000
v 30.7591 30.7591 249.0000
v 26.4811 34.5109 249.0000
v 21.7500 37.6721 249.0000
v 16.6467 40.1888 249.0000
v 11.2586 42.0178 249.0000
v 5.6779 43.1279 249.0000
v 0.0000 43.5000 249.0000
v -5.6779 43.1279 249.0000
v -11.2586 42.0178 249.0000
v -16.6467 40.1888 249.0000
v -21.7500 37.6721 249.0000
v -26.4811 34.5109 249.0000
v -30.7591 30.7591 249.0000
v -34.5109 26.4811 249.0000
v -37.6721 21.7500 249.0000
v -40.1888 16.6467 249.0000
v -42.0178 11.2586 249.0000
v -43.1279 5.6779 249.0000
v -43.5000 0.0000 249.0000
v -43.1279 -5.6779 249.0000
v -42.0178 -11.2586 249.0000
v -40.1888 -16.6467 249.0000
v -37.6721 -21.7500 249.0000
v -34.5109 -26.4811 249.0000
v -30.7591 -30.7591 249.0000
v -26.4811 -34.5109 249.0000
v -21.7500 -37.6721 249.0000
v -16.6467 -40.1888 249.0000
v -11.2586 -42.0178 249.0000
v -5.6779 -43.1279 249.0000
v -0.0000 -43.5000 249.0000
v 5.6779 -43.1279 249.0000
v 11.2586 -42.0178 249.0000
v 16.6467 -40.1888 249.0000
v 21.7500 -37.6721 249.0000
v 26.4811 -34.5109 249.0000
v 30.7591 -30.7591 249.0000
v 34.5109 -26.4811 249.0000
v 37.6721 -21.7500 249.0000
v 40.1888 -16.6467 249.0000
v 42.0178 -11.2586 249.0000
v 43.1279 -5.6779 249.0000
v 0.0000 0.0000 241.0000
v 0.0000 0.0000 249.0000
f 1491 1492 1540
f 1491 1540 1539
f 1492 1493 1541
f 1492 1541 1540
f 1493 1494 1542
f 1493 1542 1541
f 1494 1495 1543
f 1494 1543 1542
f 1495 1496 1544
f 1495 1544 1543
f 1496 1497 1545
f 1496 1545 1544
f 1497 1498 1546
f 1497 1546 1545
f 1498 1499 1547
f 1498 1547 1546
f 1499 1500 1548
f 1499 1548 1547
f 1500 1501 1549
f 1500 1549 1548
f 1501 1502 1550
f 1501 1550 1549
f 1502 1503 1551
f 1502 1551 1550
f 1503 1504 1552
f 1503 1552 1551
f 1504 1505 1553
f 1504 1553 1552
f 1505 1506 1554
f 1505 1554 1553
f 1506 1507 1555
f 1506 1555 1554
f 1507 1508 1556
f 1507 1556 1555
f 1508 1509 1557
f 1508 1557 1556
f 1509 1510 1558
f 1509 1558 1557
f 1510 1511 1559
f 1510 1559 1558
f 1511 1512 1560
f 1511 1560 1559
f 1512 1513 1561
f 1512 1561 1560
f 1513 1514 1562
f 1513 1562 1561
f 1514 1515 1563
f 1514 1563 1562
f 1515 1516 1564
f 1515 1564 1563
f 1516 1517 1565
f 1516 1565 1564
f 1517 1518 1566
f 1517 1566 1565
f 1518 1519 1567
f 1518 1567 1566
f 1519 1520 1568
f 1519 1568 1567
f 1520 1521 1569
f 1520 1569 1568
f 1521 1522 1570
f 1521 1570 1569
f 1522 1523 1571
f 1522 1571 1570
f 1523 1524 1572
f 1523 1572 1571
f 1524 1525 1573
f 1524 1573 1572
f 1525 1526 1574
f 1525 1574 1573
f 1526 1527 1575
f 1526 1575 1574
f 1527 1528 1576
f 1527 1576 1575
f 1528 1529 1577
f 1528 1577 1576
f 1529 1530 1578
f 1529 1578 1577
f 1530 1531 1579
f 1530 1579 1578
f 1531 1532 1580
f 1531 1580 1579
f 1532 1533 1581
f 1532 1581 1580
f 1533 1534 1582
f 1533 1582 1581
f 1534 1535 1583
f 1534 1583 1582
f 1535 1536 1584
f 1535 1584 1583
f 1536 1537 1585
f 1536 1585 1584
f 1537 1538 1586
f 1537 1586 1585
f 1538 1491 1539
f 1538 1539 1586
f 1587 1492 1491
f 1588 1539 1540
f 1587 1493 1492
f 1588 1540 1541
f 1587 1494 1493
f 1588 1541 1542
f 1587 1495 1494
f 1588 1542 1543
f 1587 1496 1495
f 1588 1543 1544
f 1587 1497 1496
f 1588 1544 1545
f 1587 1498 1497
f 1588 1545 1546
f 1587 1499 1498
f 1588 1546 1547
f 1587 1500 1499
f 1588 1547 1548
f 1587 1501 1500
f 1588 1548 1549
f 1587 1502 1501
f 1588 1549 1550
f 1587 1503 1502
f 1588 1550 1551
f 1587 1504 1503
f 1588 1551 1552
f 1587 1505 1504
f 1588 1552 1553
f 1587 1506 1505
f 1588 1553 1554
f 1587 1507 1506
f 1588 1554 1555
f 1587 1508 1507
f 1588 1555 1556
f 1587 1509 1508
f 1588 1556 1557
f 1587 1510 1509
f 1588 1557 1558
f 1587 1511 1510
f 1588 1558 1559
f 1587 1512 1511
f 1588 1559 1560
f 1587 1513 1512
f 1588 1560 1561
f 1587 1514 1513
f 1588 1561 1562
f 1587 1515 1514
f 1588 1562 1563
f 1587 1516 1515
f 1588 1563 1564
f 1587 1517 1516
f 1588 1564 1565
f 1587 1518 1517
f 1588 1565 1566
f 1587 1519 1518
f 1588 1566 1567
f 1587 1520 1519
f 1588 1567 1568
f 1587 1521 1520
f 1588 1568 1569
f 1587 1522 1521
f 1588 1569 1570
f 1587 1523 1522
f 1588 1570 1571
f 1587 1524 1523
f 1588 1571 1572
f 1587 1525 1524
f 1588 1572 1573
f 1587 1526 1525
f 1588 1573 1574
f 1587 1527 1526
f 1588 1574 1575
f 1587 1528 1527
f 1588 1575 1576
f 1587 1529 1528
f 1588 1576 1577
f 1587 1530 1529
f 1588 1577 1578
f 1587 1531 1530
f 1588 1578 1579
f 1587 1532 1531
f 1588 1579 1580
f 1587 1533 1532
f 1588 1580 1581
f 1587 1534 1533
f 1588 1581 1582
f 1587 1535 1534
f 1588 1582 1583
f 1587 1536 1535
f 1588 1583 1584
f 1587 1537 1536
f 1588 1584 1585
f 1587 1538 1537
f 1588 1585 1586
f 1587 1491 1538
f 1588 1586 1539
g oled_1_5in
usemtl m_oled_1_5in
v -25.0000 -19.0000 249.0000
v 13.0000 -19.0000 249.0000
v 13.0000 19.0000 249.0000
v -25.0000 19.0000 249.0000
v -25.0000 -19.0000 252.2000
v 13.0000 -19.0000 252.2000
v 13.0000 19.0000 252.2000
v -25.0000 19.0000 252.2000
f 1589 1591 1590
f 1589 1592 1591
f 1593 1594 1595
f 1593 1595 1596
f 1589 1590 1594
f 1589 1594 1593
f 1590 1591 1595
f 1590 1595 1594
f 1591 1592 1596
f 1591 1596 1595
f 1592 1589 1593
f 1592 1593 1596
g oled_screen
usemtl m_oled_screen
v -22.0000 -16.0000 252.2000
v 10.0000 -16.0000 252.2000
v 10.0000 16.0000 252.2000
v -22.0000 16.0000 252.2000
v -22.0000 -16.0000 252.4000
v 10.0000 -16.0000 252.4000
v 10.0000 16.0000 252.4000
v -22.0000 16.0000 252.4000
f 1597 1599 1598
f 1597 1600 1599
f 1601 1602 1603
f 1601 1603 1604
f 1597 1598 1602
f 1597 1602 1601
f 1598 1599 1603
f 1598 1603 1602
f 1599 1600 1604
f 1599 1604 1603
f 1600 1597 1601
f 1600 1601 1604
g button_1
usemtl m_button_1
v 27.2000 -8.0000 249.0000
v 27.1726 -7.5823 249.0000
v 27.0910 -7.1718 249.0000
v 26.9564 -6.7754 249.0000
v 26.7713 -6.4000 249.0000
v 26.5387 -6.0520 249.0000
v 26.2627 -5.7373 249.0000
v 25.9480 -5.4613 249.0000
v 25.6000 -5.2287 249.0000
v 25.2246 -5.0436 249.0000
v 24.8282 -4.9090 249.0000
v 24.4177 -4.8274 249.0000
v 24.0000 -4.8000 249.0000
v 23.5823 -4.8274 249.0000
v 23.1718 -4.9090 249.0000
v 22.7754 -5.0436 249.0000
v 22.4000 -5.2287 249.0000
v 22.0520 -5.4613 249.0000
v 21.7373 -5.7373 249.0000
v 21.4613 -6.0520 249.0000
v 21.2287 -6.4000 249.0000
v 21.0436 -6.7754 249.0000
v 20.9090 -7.1718 249.0000
v 20.8274 -7.5823 249.0000
v 20.8000 -8.0000 249.0000
v 20.8274 -8.4177 249.0000
v 20.9090 -8.8282 249.0000
v 21.0436 -9.2246 249.0000
v 21.2287 -9.6000 249.0000
v 21.4613 -9.9480 249.0000
v 21.7373 -10.2627 249.0000
v 22.0520 -10.5387 249.0000
v 22.4000 -10.7713 249.0000
v 22.7754 -10.9564 249.0000
v 23.1718 -11.0910 249.0000
v 23.5823 -11.1726 249.0000
v 24.0000 -11.2000 249.0000
v 24.4177 -11.1726 249.0000
v 24.8282 -11.0910 249.0000
v 25.2246 -10.9564 249.0000
v 25.6000 -10.7713 249.0000
v 25.9480 -10.5387 249.0000
v 26.2627 -10.2627 249.0000
v 26.5387 -9.9480 249.0000
v 26.7713 -9.6000 249.0000
v 26.9564 -9.2246 249.0000
v 27.0910 -8.8282 249.0000
v 27.1726 -8.4177 249.0000
v 27.2000 -8.0000 252.0000
v 27.1726 -7.5823 252.0000
v 27.0910 -7.1718 252.0000
v 26.9564 -6.7754 252.0000
v 26.7713 -6.4000 252.0000
v 26.5387 -6.0520 252.0000
v 26.2627 -5.7373 252.0000
v 25.9480 -5.4613 252.0000
v 25.6000 -5.2287 252.0000
v 25.2246 -5.0436 252.0000
v 24.8282 -4.9090 252.0000
v 24.4177 -4.8274 252.0000
v 24.0000 -4.8000 252.0000
v 23.5823 -4.8274 252.0000
v 23.1718 -4.9090 252.0000
v 22.7754 -5.0436 252.0000
v 22.4000 -5.2287 252.0000
v 22.0520 -5.4613 252.0000
v 21.7373 -5.7373 252.0000
v 21.4613 -6.0520 252.0000
v 21.2287 -6.4000 252.0000
v 21.0436 -6.7754 252.0000
v 20.9090 -7.1718 252.0000
v 20.8274 -7.5823 252.0000
v 20.8000 -8.0000 252.0000
v 20.8274 -8.4177 252.0000
v 20.9090 -8.8282 252.0000
v 21.0436 -9.2246 252.0000
v 21.2287 -9.6000 252.0000
v 21.4613 -9.9480 252.0000
v 21.7373 -10.2627 252.0000
v 22.0520 -10.5387 252.0000
v 22.4000 -10.7713 252.0000
v 22.7754 -10.9564 252.0000
v 23.1718 -11.0910 252.0000
v 23.5823 -11.1726 252.0000
v 24.0000 -11.2000 252.0000
v 24.4177 -11.1726 252.0000
v 24.8282 -11.0910 252.0000
v 25.2246 -10.9564 252.0000
v 25.6000 -10.7713 252.0000
v 25.9480 -10.5387 252.0000
v 26.2627 -10.2627 252.0000
v 26.5387 -9.9480 252.0000
v 26.7713 -9.6000 252.0000
v 26.9564 -9.2246 252.0000
v 27.0910 -8.8282 252.0000
v 27.1726 -8.4177 252.0000
v 24.0000 -8.0000 249.0000
v 24.0000 -8.0000 252.0000
f 1605 1606 1654
f 1605 1654 1653
f 1606 1607 1655
f 1606 1655 1654
f 1607 1608 1656
f 1607 1656 1655
f 1608 1609 1657
f 1608 1657 1656
f 1609 1610 1658
f 1609 1658 1657
f 1610 1611 1659
f 1610 1659 1658
f 1611 1612 1660
f 1611 1660 1659
f 1612 1613 1661
f 1612 1661 1660
f 1613 1614 1662
f 1613 1662 1661
f 1614 1615 1663
f 1614 1663 1662
f 1615 1616 1664
f 1615 1664 1663
f 1616 1617 1665
f 1616 1665 1664
f 1617 1618 1666
f 1617 1666 1665
f 1618 1619 1667
f 1618 1667 1666
f 1619 1620 1668
f 1619 1668 1667
f 1620 1621 1669
f 1620 1669 1668
f 1621 1622 1670
f 1621 1670 1669
f 1622 1623 1671
f 1622 1671 1670
f 1623 1624 1672
f 1623 1672 1671
f 1624 1625 1673
f 1624 1673 1672
f 1625 1626 1674
f 1625 1674 1673
f 1626 1627 1675
f 1626 1675 1674
f 1627 1628 1676
f 1627 1676 1675
f 1628 1629 1677
f 1628 1677 1676
f 1629 1630 1678
f 1629 1678 1677
f 1630 1631 1679
f 1630 1679 1678
f 1631 1632 1680
f 1631 1680 1679
f 1632 1633 1681
f 1632 1681 1680
f 1633 1634 1682
f 1633 1682 1681
f 1634 1635 1683
f 1634 1683 1682
f 1635 1636 1684
f 1635 1684 1683
f 1636 1637 1685
f 1636 1685 1684
f 1637 1638 1686
f 1637 1686 1685
f 1638 1639 1687
f 1638 1687 1686
f 1639 1640 1688
f 1639 1688 1687
f 1640 1641 1689
f 1640 1689 1688
f 1641 1642 1690
f 1641 1690 1689
f 1642 1643 1691
f 1642 1691 1690
f 1643 1644 1692
f 1643 1692 1691
f 1644 1645 1693
f 1644 1693 1692
f 1645 1646 1694
f 1645 1694 1693
f 1646 1647 1695
f 1646 1695 1694
f 1647 1648 1696
f 1647 1696 1695
f 1648 1649 1697
f 1648 1697 1696
f 1649 1650 1698
f 1649 1698 1697
f 1650 1651 1699
f 1650 1699 1698
f 1651 1652 1700
f 1651 1700 1699
f 1652 1605 1653
f 1652 1653 1700
f 1701 1606 1605
f 1702 1653 1654
f 1701 1607 1606
f 1702 1654 1655
f 1701 1608 1607
f 1702 1655 1656
f 1701 1609 1608
f 1702 1656 1657
f 1701 1610 1609
f 1702 1657 1658
f 1701 1611 1610
f 1702 1658 1659
f 1701 1612 1611
f 1702 1659 1660
f 1701 1613 1612
f 1702 1660 1661
f 1701 1614 1613
f 1702 1661 1662
f 1701 1615 1614
f 1702 1662 1663
f 1701 1616 1615
f 1702 1663 1664
f 1701 1617 1616
f 1702 1664 1665
f 1701 1618 1617
f 1702 1665 1666
f 1701 1619 1618
f 1702 1666 1667
f 1701 1620 1619
f 1702 1667 1668
f 1701 1621 1620
f 1702 1668 1669
f 1701 1622 1621
f 1702 1669 1670
f 1701 1623 1622
f 1702 1670 1671
f 1701 1624 1623
f 1702 1671 1672
f 1701 1625 1624
f 1702 1672 1673
f 1701 1626 1625
f 1702 1673 1674
f 1701 1627 1626
f 1702 1674 1675
f 1701 1628 1627
f 1702 1675 1676
f 1701 1629 1628
f 1702 1676 1677
f 1701 1630 1629
f 1702 1677 1678
f 1701 1631 1630
f 1702 1678 1679
f 1701 1632 1631
f 1702 1679 1680
f 1701 1633 1632
f 1702 1680 1681
f 1701 1634 1633
f 1702 1681 1682
f 1701 1635 1634
f 1702 1682 1683
f 1701 1636 1635
f 1702 1683 1684
f 1701 1637 1636
f 1702 1684 1685
f 1701 1638 1637
f 1702 1685 1686
f 1701 1639 1638
f 1702 1686 1687
f 1701 1640 1639
f 1702 1687 1688
f 1701 1641 1640
f 1702 1688 1689
f 1701 1642 1641
f 1702 1689 1690
f 1701 1643 1642
f 1702 1690 1691
f 1701 1644 1643
f 1702 1691 1692
f 1701 1645 1644
f 1702 1692 1693
f 1701 1646 1645
f 1702 1693 1694
f 1701 1647 1646
f 1702 1694 1695
f 1701 1648 1647
f 1702 1695 1696
f 1701 1649 1648
f 1702 1696 1697
f 1701 1650 1649
f 1702 1697 1698
f 1701 1651 1650
f 1702 1698 1699
f 1701 1652 1651
f 1702 1699 1700
f 1701 1605 1652
f 1702 1700 1653
g button_2
usemtl m_button_2
v 27.2000 8.0000 249.0000
v 27.1726 8.4177 249.0000
v 27.0910 8.8282 249.0000
v 26.9564 9.2246 249.0000
v 26.7713 9.6000 249.0000
v 26.5387 9.9480 249.0000
v 26.2627 10.2627 249.0000
v 25.9480 10.5387 249.0000
v 25.6000 10.7713 249.0000
v 25.2246 10.9564 249.0000
v 24.8282 11.0910 249.0000
v 24.4177 11.1726 249.0000
v 24.0000 11.2000 249.0000
v 23.5823 11.1726 249.0000
v 23.1718 11.0910 249.0000
v 22.7754 10.9564 249.0000
v 22.4000 10.7713 249.0000
v 22.0520 10.5387 249.0000
v 21.7373 10.2627 249.0000
v 21.4613 9.9480 249.0000
v 21.2287 9.6000 249.0000
v 21.0436 9.2246 249.0000
v 20.9090 8.8282 249.0000
v 20.8274 8.4177 249.0000
v 20.8000 8.0000 249.0000
v 20.8274 7.5823 249.0000
v 20.9090 7.1718 249.0000
v 21.0436 6.7754 249.0000
v 21.2287 6.4000 249.0000
v 21.4613 6.0520 249.0000
v 21.7373 5.7373 249.0000
v 22.0520 5.4613 249.0000
v 22.4000 5.2287 249.0000
v 22.7754 5.0436 249.0000
v 23.1718 4.9090 249.0000
v 23.5823 4.8274 249.0000
v 24.0000 4.8000 249.0000
v 24.4177 4.8274 249.0000
v 24.8282 4.9090 249.0000
v 25.2246 5.0436 249.0000
v 25.6000 5.2287 249.0000
v 25.9480 5.4613 249.0000
v 26.2627 5.7373 249.0000
v 26.5387 6.0520 249.0000
v 26.7713 6.4000 249.0000
v 26.9564 6.7754 249.0000
v 27.0910 7.1718 249.0000
v 27.1726 7.5823 249.0000
v 27.2000 8.0000 252.0000
v 27.1726 8.4177 252.0000
v 27.0910 8.8282 252.0000
v 26.9564 9.2246 252.0000
v 26.7713 9.6000 252.0000
v 26.5387 9.9480 252.0000
v 26.2627 10.2627 252.0000
v 25.9480 10.5387 252.0000
v 25.6000 10.7713 252.0000
v 25.2246 10.9564 252.0000
v 24.8282 11.0910 252.0000
v 24.4177 11.1726 252.0000
v 24.0000 11.2000 252.0000
v 23.5823 11.1726 252.0000
v 23.1718 11.0910 252.0000
v 22.7754 10.9564 252.0000
v 22.4000 10.7713 252.0000
v 22.0520 10.5387 252.0000
v 21.7373 10.2627 252.0000
v 21.4613 9.9480 252.0000
v 21.2287 9.6000 252.0000
v 21.0436 9.2246 252.0000
v 20.9090 8.8282 252.0000
v 20.8274 8.4177 252.0000
v 20.8000 8.0000 252.0000
v 20.8274 7.5823 252.0000
v 20.9090 7.1718 252.0000
v 21.0436 6.7754 252.0000
v 21.2287 6.4000 252.0000
v 21.4613 6.0520 252.0000
v 21.7373 5.7373 252.0000
v 22.0520 5.4613 252.0000
v 22.4000 5.2287 252.0000
v 22.7754 5.0436 252.0000
v 23.1718 4.9090 252.0000
v 23.5823 4.8274 252.0000
v 24.0000 4.8000 252.0000
v 24.4177 4.8274 252.0000
v 24.8282 4.9090 252.0000
v 25.2246 5.0436 252.0000
v 25.6000 5.2287 252.0000
v 25.9480 5.4613 252.0000
v 26.2627 5.7373 252.0000
v 26.5387 6.0520 252.0000
v 26.7713 6.4000 252.0000
v 26.9564 6.7754 252.0000
v 27.0910 7.1718 252.0000
v 27.1726 7.5823 252.0000
v 24.0000 8.0000 249.0000
v 24.0000 8.0000 252.0000
f 1703 1704 1752
f 1703 1752 1751
f 1704 1705 1753
f 1704 1753 1752
f 1705 1706 1754
f 1705 1754 1753
f 1706 1707 1755
f 1706 1755 1754
f 1707 1708 1756
f 1707 1756 1755
f 1708 1709 1757
f 1708 1757 1756
f 1709 1710 1758
f 1709 1758 1757
f 1710 1711 1759
f 1710 1759 1758
f 1711 1712 1760
f 1711 1760 1759
f 1712 1713 1761
f 1712 1761 1760
f 1713 1714 1762
f 1713 1762 1761
f 1714 1715 1763
f 1714 1763 1762
f 1715 1716 1764
f 1715 1764 1763
f 1716 1717 1765
f 1716 1765 1764
f 1717 1718 1766
f 1717 1766 1765
f 1718 1719 1767
f 1718 1767 1766
f 1719 1720 1768
f 1719 1768 1767
f 1720 1721 1769
f 1720 1769 1768
f 1721 1722 1770
f 1721 1770 1769
f 1722 1723 1771
f 1722 1771 1770
f 1723 1724 1772
f 1723 1772 1771
f 1724 1725 1773
f 1724 1773 1772
f 1725 1726 1774
f 1725 1774 1773
f 1726 1727 1775
f 1726 1775 1774
f 1727 1728 1776
f 1727 1776 1775
f 1728 1729 1777
f 1728 1777 1776
f 1729 1730 1778
f 1729 1778 1777
f 1730 1731 1779
f 1730 1779 1778
f 1731 1732 1780
f 1731 1780 1779
f 1732 1733 1781
f 1732 1781 1780
f 1733 1734 1782
f 1733 1782 1781
f 1734 1735 1783
f 1734 1783 1782
f 1735 1736 1784
f 1735 1784 1783
f 1736 1737 1785
f 1736 1785 1784
f 1737 1738 1786
f 1737 1786 1785
f 1738 1739 1787
f 1738 1787 1786
f 1739 1740 1788
f 1739 1788 1787
f 1740 1741 1789
f 1740 1789 1788
f 1741 1742 1790
f 1741 1790 1789
f 1742 1743 1791
f 1742 1791 1790
f 1743 1744 1792
f 1743 1792 1791
f 1744 1745 1793
f 1744 1793 1792
f 1745 1746 1794
f 1745 1794 1793
f 1746 1747 1795
f 1746 1795 1794
f 1747 1748 1796
f 1747 1796 1795
f 1748 1749 1797
f 1748 1797 1796
f 1749 1750 1798
f 1749 1798 1797
f 1750 1703 1751
f 1750 1751 1798
f 1799 1704 1703
f 1800 1751 1752
f 1799 1705 1704
f 1800 1752 1753
f 1799 1706 1705
f 1800 1753 1754
f 1799 1707 1706
f 1800 1754 1755
f 1799 1708 1707
f 1800 1755 1756
f 1799 1709 1708
f 1800 1756 1757
f 1799 1710 1709
f 1800 1757 1758
f 1799 1711 1710
f 1800 1758 1759
f 1799 1712 1711
f 1800 1759 1760
f 1799 1713 1712
f 1800 1760 1761
f 1799 1714 1713
f 1800 1761 1762
f 1799 1715 1714
f 1800 1762 1763
f 1799 1716 1715
f 1800 1763 1764
f 1799 1717 1716
f 1800 1764 1765
f 1799 1718 1717
f 1800 1765 1766
f 1799 1719 1718
f 1800 1766 1767
f 1799 1720 1719
f 1800 1767 1768
f 1799 1721 1720
f 1800 1768 1769
f 1799 1722 1721
f 1800 1769 1770
f 1799 1723 1722
f 1800 1770 1771
f 1799 1724 1723
f 1800 1771 1772
f 1799 1725 1724
f 1800 1772 1773
f 1799 1726 1725
f 1800 1773 1774
f 1799 1727 1726
f 1800 1774 1775
f 1799 1728 1727
f 1800 1775 1776
f 1799 1729 1728
f 1800 1776 1777
f 1799 1730 1729
f 1800 1777 1778
f 1799 1731 1730
f 1800 1778 1779
f 1799 1732 1731
f 1800 1779 1780
f 1799 1733 1732
f 1800 1780 1781
f 1799 1734 1733
f 1800 1781 1782
f 1799 1735 1734
f 1800 1782 1783
f 1799 1736 1735
f 1800 1783 1784
f 1799 1737 1736
f 1800 1784 1785
f 1799 1738 1737
f 1800 1785 1786
f 1799 1739 1738
f 1800 1786 1787
f 1799 1740 1739
f 1800 1787 1788
f 1799 1741 1740
f 1800 1788 1789
f 1799 1742 1741
f 1800 1789 1790
f 1799 1743 1742
f 1800 1790 1791
f 1799 1744 1743
f 1800 1791 1792
f 1799 1745 1744
f 1800 1792 1793
f 1799 1746 1745
f 1800 1793 1794
f 1799 1747 1746
f 1800 1794 1795
f 1799 1748 1747
f 1800 1795 1796
f 1799 1749 1748
f 1800 1796 1797
f 1799 1750 1749
f 1800 1797 1798
f 1799 1703 1750
f 1800 1798 1751
g handle_post_L
usemtl m_handle_post_L
v 30.0000 -26.0000 249.0000
v 38.0000 -26.0000 249.0000
v 38.0000 -21.0000 249.0000
v 30.0000 -21.0000 249.0000
v 30.0000 -26.0000 264.0000
v 38.0000 -26.0000 264.0000
v 38.0000 -21.0000 264.0000
v 30.0000 -21.0000 264.0000
f 1801 1803 1802
f 1801 1804 1803
f 1805 1806 1807
f 1805 1807 1808
f 1801 1802 1806
f 1801 1806 1805
f 1802 1803 1807
f 1802 1807 1806
f 1803 1804 1808
f 1803 1808 1807
f 1804 1801 1805
f 1804 1805 1808
g handle_post_R
usemtl m_handle_post_R
v 30.0000 21.0000 249.0000
v 38.0000 21.0000 249.0000
v 38.0000 26.0000 249.0000
v 30.0000 26.0000 249.0000
v 30.0000 21.0000 264.0000
v 38.0000 21.0000 264.0000
v 38.0000 26.0000 264.0000
v 30.0000 26.0000 264.0000
f 1809 1811 1810
f 1809 1812 1811
f 1813 1814 1815
f 1813 1815 1816
f 1809 1810 1814
f 1809 1814 1813
f 1810 1811 1815
f 1810 1815 1814
f 1811 1812 1816
f 1811 1816 1815
f 1812 1809 1813
f 1812 1813 1816
g handle_bar
usemtl m_handle_bar
v 30.0000 -26.0000 264.0000
v 38.0000 -26.0000 264.0000
v 38.0000 26.0000 264.0000
v 30.0000 26.0000 264.0000
v 30.0000 -26.0000 268.0000
v 38.0000 -26.0000 268.0000
v 38.0000 26.0000 268.0000
v 30.0000 26.0000 268.0000
f 1817 1819 1818
f 1817 1820 1819
f 1821 1822 1823
f 1821 1823 1824
f 1817 1818 1822
f 1817 1822 1821
f 1818 1819 1823
f 1818 1823 1822
f 1819 1820 1824
f 1819 1824 1823
f 1820 1817 1821
f 1820 1821 1824
g strap_lug_L
usemtl m_strap_lug_L
v -3.0000 -49.0000 196.0000
v 3.0000 -49.0000 196.0000
v 3.0000 -44.0000 196.0000
v -3.0000 -44.0000 196.0000
v -3.0000 -49.0000 206.0000
v 3.0000 -49.0000 206.0000
v 3.0000 -44.0000 206.0000
v -3.0000 -44.0000 206.0000
f 1825 1827 1826
f 1825 1828 1827
f 1829 1830 1831
f 1829 1831 1832
f 1825 1826 1830
f 1825 1830 1829
f 1826 1827 1831
f 1826 1831 1830
f 1827 1828 1832
f 1827 1832 1831
f 1828 1825 1829
f 1828 1829 1832
g strap_lug_R
usemtl m_strap_lug_R
v -3.0000 44.0000 196.0000
v 3.0000 44.0000 196.0000
v 3.0000 49.0000 196.0000
v -3.0000 49.0000 196.0000
v -3.0000 44.0000 206.0000
v 3.0000 44.0000 206.0000
v 3.0000 49.0000 206.0000
v -3.0000 49.0000 206.0000
f 1833 1835 1834
f 1833 1836 1835
f 1837 1838 1839
f 1837 1839 1840
f 1833 1834 1838
f 1833 1838 1837
f 1834 1835 1839
f 1834 1839 1838
f 1835 1836 1840
f 1835 1840 1839
f 1836 1833 1837
f 1836 1837 1840
g cell_11
usemtl m_cell_11
v -10.5000 -10.5000 4.0000
v -10.5898 -9.1295 4.0000
v -10.8578 -7.7824 4.0000
v -11.2993 -6.4818 4.0000
v -11.9067 -5.2500 4.0000
v -12.6698 -4.1080 4.0000
v -13.5754 -3.0754 4.0000
v -14.6080 -2.1698 4.0000
v -15.7500 -1.4067 4.0000
v -16.9818 -0.7993 4.0000
v -18.2824 -0.3578 4.0000
v -19.6295 -0.0898 4.0000
v -21.0000 0.0000 4.0000
v -22.3705 -0.0898 4.0000
v -23.7176 -0.3578 4.0000
v -25.0182 -0.7993 4.0000
v -26.2500 -1.4067 4.0000
v -27.3920 -2.1698 4.0000
v -28.4246 -3.0754 4.0000
v -29.3302 -4.1080 4.0000
v -30.0933 -5.2500 4.0000
v -30.7007 -6.4818 4.0000
v -31.1422 -7.7824 4.0000
v -31.4102 -9.1295 4.0000
v -31.5000 -10.5000 4.0000
v -31.4102 -11.8705 4.0000
v -31.1422 -13.2176 4.0000
v -30.7007 -14.5182 4.0000
v -30.0933 -15.7500 4.0000
v -29.3302 -16.8920 4.0000
v -28.4246 -17.9246 4.0000
v -27.3920 -18.8302 4.0000
v -26.2500 -19.5933 4.0000
v -25.0182 -20.2007 4.0000
v -23.7176 -20.6422 4.0000
v -22.3705 -20.9102 4.0000
v -21.0000 -21.0000 4.0000
v -19.6295 -20.9102 4.0000
v -18.2824 -20.6422 4.0000
v -16.9818 -20.2007 4.0000
v -15.7500 -19.5933 4.0000
v -14.6080 -18.8302 4.0000
v -13.5754 -17.9246 4.0000
v -12.6698 -16.8920 4.0000
v -11.9067 -15.7500 4.0000
v -11.2993 -14.5182 4.0000
v -10.8578 -13.2176 4.0000
v -10.5898 -11.8705 4.0000
v -10.5000 -10.5000 74.0000
v -10.5898 -9.1295 74.0000
v -10.8578 -7.7824 74.0000
v -11.2993 -6.4818 74.0000
v -11.9067 -5.2500 74.0000
v -12.6698 -4.1080 74.0000
v -13.5754 -3.0754 74.0000
v -14.6080 -2.1698 74.0000
v -15.7500 -1.4067 74.0000
v -16.9818 -0.7993 74.0000
v -18.2824 -0.3578 74.0000
v -19.6295 -0.0898 74.0000
v -21.0000 0.0000 74.0000
v -22.3705 -0.0898 74.0000
v -23.7176 -0.3578 74.0000
v -25.0182 -0.7993 74.0000
v -26.2500 -1.4067 74.0000
v -27.3920 -2.1698 74.0000
v -28.4246 -3.0754 74.0000
v -29.3302 -4.1080 74.0000
v -30.0933 -5.2500 74.0000
v -30.7007 -6.4818 74.0000
v -31.1422 -7.7824 74.0000
v -31.4102 -9.1295 74.0000
v -31.5000 -10.5000 74.0000
v -31.4102 -11.8705 74.0000
v -31.1422 -13.2176 74.0000
v -30.7007 -14.5182 74.0000
v -30.0933 -15.7500 74.0000
v -29.3302 -16.8920 74.0000
v -28.4246 -17.9246 74.0000
v -27.3920 -18.8302 74.0000
v -26.2500 -19.5933 74.0000
v -25.0182 -20.2007 74.0000
v -23.7176 -20.6422 74.0000
v -22.3705 -20.9102 74.0000
v -21.0000 -21.0000 74.0000
v -19.6295 -20.9102 74.0000
v -18.2824 -20.6422 74.0000
v -16.9818 -20.2007 74.0000
v -15.7500 -19.5933 74.0000
v -14.6080 -18.8302 74.0000
v -13.5754 -17.9246 74.0000
v -12.6698 -16.8920 74.0000
v -11.9067 -15.7500 74.0000
v -11.2993 -14.5182 74.0000
v -10.8578 -13.2176 74.0000
v -10.5898 -11.8705 74.0000
v -21.0000 -10.5000 4.0000
v -21.0000 -10.5000 74.0000
f 1841 1842 1890
f 1841 1890 1889
f 1842 1843 1891
f 1842 1891 1890
f 1843 1844 1892
f 1843 1892 1891
f 1844 1845 1893
f 1844 1893 1892
f 1845 1846 1894
f 1845 1894 1893
f 1846 1847 1895
f 1846 1895 1894
f 1847 1848 1896
f 1847 1896 1895
f 1848 1849 1897
f 1848 1897 1896
f 1849 1850 1898
f 1849 1898 1897
f 1850 1851 1899
f 1850 1899 1898
f 1851 1852 1900
f 1851 1900 1899
f 1852 1853 1901
f 1852 1901 1900
f 1853 1854 1902
f 1853 1902 1901
f 1854 1855 1903
f 1854 1903 1902
f 1855 1856 1904
f 1855 1904 1903
f 1856 1857 1905
f 1856 1905 1904
f 1857 1858 1906
f 1857 1906 1905
f 1858 1859 1907
f 1858 1907 1906
f 1859 1860 1908
f 1859 1908 1907
f 1860 1861 1909
f 1860 1909 1908
f 1861 1862 1910
f 1861 1910 1909
f 1862 1863 1911
f 1862 1911 1910
f 1863 1864 1912
f 1863 1912 1911
f 1864 1865 1913
f 1864 1913 1912
f 1865 1866 1914
f 1865 1914 1913
f 1866 1867 1915
f 1866 1915 1914
f 1867 1868 1916
f 1867 1916 1915
f 1868 1869 1917
f 1868 1917 1916
f 1869 1870 1918
f 1869 1918 1917
f 1870 1871 1919
f 1870 1919 1918
f 1871 1872 1920
f 1871 1920 1919
f 1872 1873 1921
f 1872 1921 1920
f 1873 1874 1922
f 1873 1922 1921
f 1874 1875 1923
f 1874 1923 1922
f 1875 1876 1924
f 1875 1924 1923
f 1876 1877 1925
f 1876 1925 1924
f 1877 1878 1926
f 1877 1926 1925
f 1878 1879 1927
f 1878 1927 1926
f 1879 1880 1928
f 1879 1928 1927
f 1880 1881 1929
f 1880 1929 1928
f 1881 1882 1930
f 1881 1930 1929
f 1882 1883 1931
f 1882 1931 1930
f 1883 1884 1932
f 1883 1932 1931
f 1884 1885 1933
f 1884 1933 1932
f 1885 1886 1934
f 1885 1934 1933
f 1886 1887 1935
f 1886 1935 1934
f 1887 1888 1936
f 1887 1936 1935
f 1888 1841 1889
f 1888 1889 1936
f 1937 1842 1841
f 1938 1889 1890
f 1937 1843 1842
f 1938 1890 1891
f 1937 1844 1843
f 1938 1891 1892
f 1937 1845 1844
f 1938 1892 1893
f 1937 1846 1845
f 1938 1893 1894
f 1937 1847 1846
f 1938 1894 1895
f 1937 1848 1847
f 1938 1895 1896
f 1937 1849 1848
f 1938 1896 1897
f 1937 1850 1849
f 1938 1897 1898
f 1937 1851 1850
f 1938 1898 1899
f 1937 1852 1851
f 1938 1899 1900
f 1937 1853 1852
f 1938 1900 1901
f 1937 1854 1853
f 1938 1901 1902
f 1937 1855 1854
f 1938 1902 1903
f 1937 1856 1855
f 1938 1903 1904
f 1937 1857 1856
f 1938 1904 1905
f 1937 1858 1857
f 1938 1905 1906
f 1937 1859 1858
f 1938 1906 1907
f 1937 1860 1859
f 1938 1907 1908
f 1937 1861 1860
f 1938 1908 1909
f 1937 1862 1861
f 1938 1909 1910
f 1937 1863 1862
f 1938 1910 1911
f 1937 1864 1863
f 1938 1911 1912
f 1937 1865 1864
f 1938 1912 1913
f 1937 1866 1865
f 1938 1913 1914
f 1937 1867 1866
f 1938 1914 1915
f 1937 1868 1867
f 1938 1915 1916
f 1937 1869 1868
f 1938 1916 1917
f 1937 1870 1869
f 1938 1917 1918
f 1937 1871 1870
f 1938 1918 1919
f 1937 1872 1871
f 1938 1919 1920
f 1937 1873 1872
f 1938 1920 1921
f 1937 1874 1873
f 1938 1921 1922
f 1937 1875 1874
f 1938 1922 1923
f 1937 1876 1875
f 1938 1923 1924
f 1937 1877 1876
f 1938 1924 1925
f 1937 1878 1877
f 1938 1925 1926
f 1937 1879 1878
f 1938 1926 1927
f 1937 1880 1879
f 1938 1927 1928
f 1937 1881 1880
f 1938 1928 1929
f 1937 1882 1881
f 1938 1929 1930
f 1937 1883 1882
f 1938 1930 1931
f 1937 1884 1883
f 1938 1931 1932
f 1937 1885 1884
f 1938 1932 1933
f 1937 1886 1885
f 1938 1933 1934
f 1937 1887 1886
f 1938 1934 1935
f 1937 1888 1887
f 1938 1935 1936
f 1937 1841 1888
f 1938 1936 1889
g cell_12
usemtl m_cell_12
v -10.5000 10.5000 4.0000
v -10.5898 11.8705 4.0000
v -10.8578 13.2176 4.0000
v -11.2993 14.5182 4.0000
v -11.9067 15.7500 4.0000
v -12.6698 16.8920 4.0000
v -13.5754 17.9246 4.0000
v -14.6080 18.8302 4.0000
v -15.7500 19.5933 4.0000
v -16.9818 20.2007 4.0000
v -18.2824 20.6422 4.0000
v -19.6295 20.9102 4.0000
v -21.0000 21.0000 4.0000
v -22.3705 20.9102 4.0000
v -23.7176 20.6422 4.0000
v -25.0182 20.2007 4.0000
v -26.2500 19.5933 4.0000
v -27.3920 18.8302 4.0000
v -28.4246 17.9246 4.0000
v -29.3302 16.8920 4.0000
v -30.0933 15.7500 4.0000
v -30.7007 14.5182 4.0000
v -31.1422 13.2176 4.0000
v -31.4102 11.8705 4.0000
v -31.5000 10.5000 4.0000
v -31.4102 9.1295 4.0000
v -31.1422 7.7824 4.0000
v -30.7007 6.4818 4.0000
v -30.0933 5.2500 4.0000
v -29.3302 4.1080 4.0000
v -28.4246 3.0754 4.0000
v -27.3920 2.1698 4.0000
v -26.2500 1.4067 4.0000
v -25.0182 0.7993 4.0000
v -23.7176 0.3578 4.0000
v -22.3705 0.0898 4.0000
v -21.0000 0.0000 4.0000
v -19.6295 0.0898 4.0000
v -18.2824 0.3578 4.0000
v -16.9818 0.7993 4.0000
v -15.7500 1.4067 4.0000
v -14.6080 2.1698 4.0000
v -13.5754 3.0754 4.0000
v -12.6698 4.1080 4.0000
v -11.9067 5.2500 4.0000
v -11.2993 6.4818 4.0000
v -10.8578 7.7824 4.0000
v -10.5898 9.1295 4.0000
v -10.5000 10.5000 74.0000
v -10.5898 11.8705 74.0000
v -10.8578 13.2176 74.0000
v -11.2993 14.5182 74.0000
v -11.9067 15.7500 74.0000
v -12.6698 16.8920 74.0000
v -13.5754 17.9246 74.0000
v -14.6080 18.8302 74.0000
v -15.7500 19.5933 74.0000
v -16.9818 20.2007 74.0000
v -18.2824 20.6422 74.0000
v -19.6295 20.9102 74.0000
v -21.0000 21.0000 74.0000
v -22.3705 20.9102 74.0000
v -23.7176 20.6422 74.0000
v -25.0182 20.2007 74.0000
v -26.2500 19.5933 74.0000
v -27.3920 18.8302 74.0000
v -28.4246 17.9246 74.0000
v -29.3302 16.8920 74.0000
v -30.0933 15.7500 74.0000
v -30.7007 14.5182 74.0000
v -31.1422 13.2176 74.0000
v -31.4102 11.8705 74.0000
v -31.5000 10.5000 74.0000
v -31.4102 9.1295 74.0000
v -31.1422 7.7824 74.0000
v -30.7007 6.4818 74.0000
v -30.0933 5.2500 74.0000
v -29.3302 4.1080 74.0000
v -28.4246 3.0754 74.0000
v -27.3920 2.1698 74.0000
v -26.2500 1.4067 74.0000
v -25.0182 0.7993 74.0000
v -23.7176 0.3578 74.0000
v -22.3705 0.0898 74.0000
v -21.0000 0.0000 74.0000
v -19.6295 0.0898 74.0000
v -18.2824 0.3578 74.0000
v -16.9818 0.7993 74.0000
v -15.7500 1.4067 74.0000
v -14.6080 2.1698 74.0000
v -13.5754 3.0754 74.0000
v -12.6698 4.1080 74.0000
v -11.9067 5.2500 74.0000
v -11.2993 6.4818 74.0000
v -10.8578 7.7824 74.0000
v -10.5898 9.1295 74.0000
v -21.0000 10.5000 4.0000
v -21.0000 10.5000 74.0000
f 1939 1940 1988
f 1939 1988 1987
f 1940 1941 1989
f 1940 1989 1988
f 1941 1942 1990
f 1941 1990 1989
f 1942 1943 1991
f 1942 1991 1990
f 1943 1944 1992
f 1943 1992 1991
f 1944 1945 1993
f 1944 1993 1992
f 1945 1946 1994
f 1945 1994 1993
f 1946 1947 1995
f 1946 1995 1994
f 1947 1948 1996
f 1947 1996 1995
f 1948 1949 1997
f 1948 1997 1996
f 1949 1950 1998
f 1949 1998 1997
f 1950 1951 1999
f 1950 1999 1998
f 1951 1952 2000
f 1951 2000 1999
f 1952 1953 2001
f 1952 2001 2000
f 1953 1954 2002
f 1953 2002 2001
f 1954 1955 2003
f 1954 2003 2002
f 1955 1956 2004
f 1955 2004 2003
f 1956 1957 2005
f 1956 2005 2004
f 1957 1958 2006
f 1957 2006 2005
f 1958 1959 2007
f 1958 2007 2006
f 1959 1960 2008
f 1959 2008 2007
f 1960 1961 2009
f 1960 2009 2008
f 1961 1962 2010
f 1961 2010 2009
f 1962 1963 2011
f 1962 2011 2010
f 1963 1964 2012
f 1963 2012 2011
f 1964 1965 2013
f 1964 2013 2012
f 1965 1966 2014
f 1965 2014 2013
f 1966 1967 2015
f 1966 2015 2014
f 1967 1968 2016
f 1967 2016 2015
f 1968 1969 2017
f 1968 2017 2016
f 1969 1970 2018
f 1969 2018 2017
f 1970 1971 2019
f 1970 2019 2018
f 1971 1972 2020
f 1971 2020 2019
f 1972 1973 2021
f 1972 2021 2020
f 1973 1974 2022
f 1973 2022 2021
f 1974 1975 2023
f 1974 2023 2022
f 1975 1976 2024
f 1975 2024 2023
f 1976 1977 2025
f 1976 2025 2024
f 1977 1978 2026
f 1977 2026 2025
f 1978 1979 2027
f 1978 2027 2026
f 1979 1980 2028
f 1979 2028 2027
f 1980 1981 2029
f 1980 2029 2028
f 1981 1982 2030
f 1981 2030 2029
f 1982 1983 2031
f 1982 2031 2030
f 1983 1984 2032
f 1983 2032 2031
f 1984 1985 2033
f 1984 2033 2032
f 1985 1986 2034
f 1985 2034 2033
f 1986 1939 1987
f 1986 1987 2034
f 2035 1940 1939
f 2036 1987 1988
f 2035 1941 1940
f 2036 1988 1989
f 2035 1942 1941
f 2036 1989 1990
f 2035 1943 1942
f 2036 1990 1991
f 2035 1944 1943
f 2036 1991 1992
f 2035 1945 1944
f 2036 1992 1993
f 2035 1946 1945
f 2036 1993 1994
f 2035 1947 1946
f 2036 1994 1995
f 2035 1948 1947
f 2036 1995 1996
f 2035 1949 1948
f 2036 1996 1997
f 2035 1950 1949
f 2036 1997 1998
f 2035 1951 1950
f 2036 1998 1999
f 2035 1952 1951
f 2036 1999 2000
f 2035 1953 1952
f 2036 2000 2001
f 2035 1954 1953
f 2036 2001 2002
f 2035 1955 1954
f 2036 2002 2003
f 2035 1956 1955
f 2036 2003 2004
f 2035 1957 1956
f 2036 2004 2005
f 2035 1958 1957
f 2036 2005 2006
f 2035 1959 1958
f 2036 2006 2007
f 2035 1960 1959
f 2036 2007 2008
f 2035 1961 1960
f 2036 2008 2009
f 2035 1962 1961
f 2036 2009 2010
f 2035 1963 1962
f 2036 2010 2011
f 2035 1964 1963
f 2036 2011 2012
f 2035 1965 1964
f 2036 2012 2013
f 2035 1966 1965
f 2036 2013 2014
f 2035 1967 1966
f 2036 2014 2015
f 2035 1968 1967
f 2036 2015 2016
f 2035 1969 1968
f 2036 2016 2017
f 2035 1970 1969
f 2036 2017 2018
f 2035 1971 1970
f 2036 2018 2019
f 2035 1972 1971
f 2036 2019 2020
f 2035 1973 1972
f 2036 2020 2021
f 2035 1974 1973
f 2036 2021 2022
f 2035 1975 1974
f 2036 2022 2023
f 2035 1976 1975
f 2036 2023 2024
f 2035 1977 1976
f 2036 2024 2025
f 2035 1978 1977
f 2036 2025 2026
f 2035 1979 1978
f 2036 2026 2027
f 2035 1980 1979
f 2036 2027 2028
f 2035 1981 1980
f 2036 2028 2029
f 2035 1982 1981
f 2036 2029 2030
f 2035 1983 1982
f 2036 2030 2031
f 2035 1984 1983
f 2036 2031 2032
f 2035 1985 1984
f 2036 2032 2033
f 2035 1986 1985
f 2036 2033 2034
f 2035 1939 1986
f 2036 2034 1987
g cell_21
usemtl m_cell_21
v 10.5000 -10.5000 4.0000
v 10.4102 -9.1295 4.0000
v 10.1422 -7.7824 4.0000
v 9.7007 -6.4818 4.0000
v 9.0933 -5.2500 4.0000
v 8.3302 -4.1080 4.0000
v 7.4246 -3.0754 4.0000
v 6.3920 -2.1698 4.0000
v 5.2500 -1.4067 4.0000
v 4.0182 -0.7993 4.0000
v 2.7176 -0.3578 4.0000
v 1.3705 -0.0898 4.0000
v 0.0000 0.0000 4.0000
v -1.3705 -0.0898 4.0000
v -2.7176 -0.3578 4.0000
v -4.0182 -0.7993 4.0000
v -5.2500 -1.4067 4.0000
v -6.3920 -2.1698 4.0000
v -7.4246 -3.0754 4.0000
v -8.3302 -4.1080 4.0000
v -9.0933 -5.2500 4.0000
v -9.7007 -6.4818 4.0000
v -10.1422 -7.7824 4.0000
v -10.4102 -9.1295 4.0000
v -10.5000 -10.5000 4.0000
v -10.4102 -11.8705 4.0000
v -10.1422 -13.2176 4.0000
v -9.7007 -14.5182 4.0000
v -9.0933 -15.7500 4.0000
v -8.3302 -16.8920 4.0000
v -7.4246 -17.9246 4.0000
v -6.3920 -18.8302 4.0000
v -5.2500 -19.5933 4.0000
v -4.0182 -20.2007 4.0000
v -2.7176 -20.6422 4.0000
v -1.3705 -20.9102 4.0000
v -0.0000 -21.0000 4.0000
v 1.3705 -20.9102 4.0000
v 2.7176 -20.6422 4.0000
v 4.0182 -20.2007 4.0000
v 5.2500 -19.5933 4.0000
v 6.3920 -18.8302 4.0000
v 7.4246 -17.9246 4.0000
v 8.3302 -16.8920 4.0000
v 9.0933 -15.7500 4.0000
v 9.7007 -14.5182 4.0000
v 10.1422 -13.2176 4.0000
v 10.4102 -11.8705 4.0000
v 10.5000 -10.5000 74.0000
v 10.4102 -9.1295 74.0000
v 10.1422 -7.7824 74.0000
v 9.7007 -6.4818 74.0000
v 9.0933 -5.2500 74.0000
v 8.3302 -4.1080 74.0000
v 7.4246 -3.0754 74.0000
v 6.3920 -2.1698 74.0000
v 5.2500 -1.4067 74.0000
v 4.0182 -0.7993 74.0000
v 2.7176 -0.3578 74.0000
v 1.3705 -0.0898 74.0000
v 0.0000 0.0000 74.0000
v -1.3705 -0.0898 74.0000
v -2.7176 -0.3578 74.0000
v -4.0182 -0.7993 74.0000
v -5.2500 -1.4067 74.0000
v -6.3920 -2.1698 74.0000
v -7.4246 -3.0754 74.0000
v -8.3302 -4.1080 74.0000
v -9.0933 -5.2500 74.0000
v -9.7007 -6.4818 74.0000
v -10.1422 -7.7824 74.0000
v -10.4102 -9.1295 74.0000
v -10.5000 -10.5000 74.0000
v -10.4102 -11.8705 74.0000
v -10.1422 -13.2176 74.0000
v -9.7007 -14.5182 74.0000
v -9.0933 -15.7500 74.0000
v -8.3302 -16.8920 74.0000
v -7.4246 -17.9246 74.0000
v -6.3920 -18.8302 74.0000
v -5.2500 -19.5933 74.0000
v -4.0182 -20.2007 74.0000
v -2.7176 -20.6422 74.0000
v -1.3705 -20.9102 74.0000
v -0.0000 -21.0000 74.0000
v 1.3705 -20.9102 74.0000
v 2.7176 -20.6422 74.0000
v 4.0182 -20.2007 74.0000
v 5.2500 -19.5933 74.0000
v 6.3920 -18.8302 74.0000
v 7.4246 -17.9246 74.0000
v 8.3302 -16.8920 74.0000
v 9.0933 -15.7500 74.0000
v 9.7007 -14.5182 74.0000
v 10.1422 -13.2176 74.0000
v 10.4102 -11.8705 74.0000
v 0.0000 -10.5000 4.0000
v 0.0000 -10.5000 74.0000
f 2037 2038 2086
f 2037 2086 2085
f 2038 2039 2087
f 2038 2087 2086
f 2039 2040 2088
f 2039 2088 2087
f 2040 2041 2089
f 2040 2089 2088
f 2041 2042 2090
f 2041 2090 2089
f 2042 2043 2091
f 2042 2091 2090
f 2043 2044 2092
f 2043 2092 2091
f 2044 2045 2093
f 2044 2093 2092
f 2045 2046 2094
f 2045 2094 2093
f 2046 2047 2095
f 2046 2095 2094
f 2047 2048 2096
f 2047 2096 2095
f 2048 2049 2097
f 2048 2097 2096
f 2049 2050 2098
f 2049 2098 2097
f 2050 2051 2099
f 2050 2099 2098
f 2051 2052 2100
f 2051 2100 2099
f 2052 2053 2101
f 2052 2101 2100
f 2053 2054 2102
f 2053 2102 2101
f 2054 2055 2103
f 2054 2103 2102
f 2055 2056 2104
f 2055 2104 2103
f 2056 2057 2105
f 2056 2105 2104
f 2057 2058 2106
f 2057 2106 2105
f 2058 2059 2107
f 2058 2107 2106
f 2059 2060 2108
f 2059 2108 2107
f 2060 2061 2109
f 2060 2109 2108
f 2061 2062 2110
f 2061 2110 2109
f 2062 2063 2111
f 2062 2111 2110
f 2063 2064 2112
f 2063 2112 2111
f 2064 2065 2113
f 2064 2113 2112
f 2065 2066 2114
f 2065 2114 2113
f 2066 2067 2115
f 2066 2115 2114
f 2067 2068 2116
f 2067 2116 2115
f 2068 2069 2117
f 2068 2117 2116
f 2069 2070 2118
f 2069 2118 2117
f 2070 2071 2119
f 2070 2119 2118
f 2071 2072 2120
f 2071 2120 2119
f 2072 2073 2121
f 2072 2121 2120
f 2073 2074 2122
f 2073 2122 2121
f 2074 2075 2123
f 2074 2123 2122
f 2075 2076 2124
f 2075 2124 2123
f 2076 2077 2125
f 2076 2125 2124
f 2077 2078 2126
f 2077 2126 2125
f 2078 2079 2127
f 2078 2127 2126
f 2079 2080 2128
f 2079 2128 2127
f 2080 2081 2129
f 2080 2129 2128
f 2081 2082 2130
f 2081 2130 2129
f 2082 2083 2131
f 2082 2131 2130
f 2083 2084 2132
f 2083 2132 2131
f 2084 2037 2085
f 2084 2085 2132
f 2133 2038 2037
f 2134 2085 2086
f 2133 2039 2038
f 2134 2086 2087
f 2133 2040 2039
f 2134 2087 2088
f 2133 2041 2040
f 2134 2088 2089
f 2133 2042 2041
f 2134 2089 2090
f 2133 2043 2042
f 2134 2090 2091
f 2133 2044 2043
f 2134 2091 2092
f 2133 2045 2044
f 2134 2092 2093
f 2133 2046 2045
f 2134 2093 2094
f 2133 2047 2046
f 2134 2094 2095
f 2133 2048 2047
f 2134 2095 2096
f 2133 2049 2048
f 2134 2096 2097
f 2133 2050 2049
f 2134 2097 2098
f 2133 2051 2050
f 2134 2098 2099
f 2133 2052 2051
f 2134 2099 2100
f 2133 2053 2052
f 2134 2100 2101
f 2133 2054 2053
f 2134 2101 2102
f 2133 2055 2054
f 2134 2102 2103
f 2133 2056 2055
f 2134 2103 2104
f 2133 2057 2056
f 2134 2104 2105
f 2133 2058 2057
f 2134 2105 2106
f 2133 2059 2058
f 2134 2106 2107
f 2133 2060 2059
f 2134 2107 2108
f 2133 2061 2060
f 2134 2108 2109
f 2133 2062 2061
f 2134 2109 2110
f 2133 2063 2062
f 2134 2110 2111
f 2133 2064 2063
f 2134 2111 2112
f 2133 2065 2064
f 2134 2112 2113
f 2133 2066 2065
f 2134 2113 2114
f 2133 2067 2066
f 2134 2114 2115
f 2133 2068 2067
f 2134 2115 2116
f 2133 2069 2068
f 2134 2116 2117
f 2133 2070 2069
f 2134 2117 2118
f 2133 2071 2070
f 2134 2118 2119
f 2133 2072 2071
f 2134 2119 2120
f 2133 2073 2072
f 2134 2120 2121
f 2133 2074 2073
f 2134 2121 2122
f 2133 2075 2074
f 2134 2122 2123
f 2133 2076 2075
f 2134 2123 2124
f 2133 2077 2076
f 2134 2124 2125
f 2133 2078 2077
f 2134 2125 2126
f 2133 2079 2078
f 2134 2126 2127
f 2133 2080 2079
f 2134 2127 2128
f 2133 2081 2080
f 2134 2128 2129
f 2133 2082 2081
f 2134 2129 2130
f 2133 2083 2082
f 2134 2130 2131
f 2133 2084 2083
f 2134 2131 2132
f 2133 2037 2084
f 2134 2132 2085
g cell_22
usemtl m_cell_22
v 10.5000 10.5000 4.0000
v 10.4102 11.8705 4.0000
v 10.1422 13.2176 4.0000
v 9.7007 14.5182 4.0000
v 9.0933 15.7500 4.0000
v 8.3302 16.8920 4.0000
v 7.4246 17.9246 4.0000
v 6.3920 18.8302 4.0000
v 5.2500 19.5933 4.0000
v 4.0182 20.2007 4.0000
v 2.7176 20.6422 4.0000
v 1.3705 20.9102 4.0000
v 0.0000 21.0000 4.0000
v -1.3705 20.9102 4.0000
v -2.7176 20.6422 4.0000
v -4.0182 20.2007 4.0000
v -5.2500 19.5933 4.0000
v -6.3920 18.8302 4.0000
v -7.4246 17.9246 4.0000
v -8.3302 16.8920 4.0000
v -9.0933 15.7500 4.0000
v -9.7007 14.5182 4.0000
v -10.1422 13.2176 4.0000
v -10.4102 11.8705 4.0000
v -10.5000 10.5000 4.0000
v -10.4102 9.1295 4.0000
v -10.1422 7.7824 4.0000
v -9.7007 6.4818 4.0000
v -9.0933 5.2500 4.0000
v -8.3302 4.1080 4.0000
v -7.4246 3.0754 4.0000
v -6.3920 2.1698 4.0000
v -5.2500 1.4067 4.0000
v -4.0182 0.7993 4.0000
v -2.7176 0.3578 4.0000
v -1.3705 0.0898 4.0000
v -0.0000 0.0000 4.0000
v 1.3705 0.0898 4.0000
v 2.7176 0.3578 4.0000
v 4.0182 0.7993 4.0000
v 5.2500 1.4067 4.0000
v 6.3920 2.1698 4.0000
v 7.4246 3.0754 4.0000
v 8.3302 4.1080 4.0000
v 9.0933 5.2500 4.0000
v 9.7007 6.4818 4.0000
v 10.1422 7.7824 4.0000
v 10.4102 9.1295 4.0000
v 10.5000 10.5000 74.0000
v 10.4102 11.8705 74.0000
v 10.1422 13.2176 74.0000
v 9.7007 14.5182 74.0000
v 9.0933 15.7500 74.0000
v 8.3302 16.8920 74.0000
v 7.4246 17.9246 74.0000
v 6.3920 18.8302 74.0000
v 5.2500 19.5933 74.0000
v 4.0182 20.2007 74.0000
v 2.7176 20.6422 74.0000
v 1.3705 20.9102 74.0000
v 0.0000 21.0000 74.0000
v -1.3705 20.9102 74.0000
v -2.7176 20.6422 74.0000
v -4.0182 20.2007 74.0000
v -5.2500 19.5933 74.0000
v -6.3920 18.8302 74.0000
v -7.4246 17.9246 74.0000
v -8.3302 16.8920 74.0000
v -9.0933 15.7500 74.0000
v -9.7007 14.5182 74.0000
v -10.1422 13.2176 74.0000
v -10.4102 11.8705 74.0000
v -10.5000 10.5000 74.0000
v -10.4102 9.1295 74.0000
v -10.1422 7.7824 74.0000
v -9.7007 6.4818 74.0000
v -9.0933 5.2500 74.0000
v -8.3302 4.1080 74.0000
v -7.4246 3.0754 74.0000
v -6.3920 2.1698 74.0000
v -5.2500 1.4067 74.0000
v -4.0182 0.7993 74.0000
v -2.7176 0.3578 74.0000
v -1.3705 0.0898 74.0000
v -0.0000 0.0000 74.0000
v 1.3705 0.0898 74.0000
v 2.7176 0.3578 74.0000
v 4.0182 0.7993 74.0000
v 5.2500 1.4067 74.0000
v 6.3920 2.1698 74.0000
v 7.4246 3.0754 74.0000
v 8.3302 4.1080 74.0000
v 9.0933 5.2500 74.0000
v 9.7007 6.4818 74.0000
v 10.1422 7.7824 74.0000
v 10.4102 9.1295 74.0000
v 0.0000 10.5000 4.0000
v 0.0000 10.5000 74.0000
f 2135 2136 2184
f 2135 2184 2183
f 2136 2137 2185
f 2136 2185 2184
f 2137 2138 2186
f 2137 2186 2185
f 2138 2139 2187
f 2138 2187 2186
f 2139 2140 2188
f 2139 2188 2187
f 2140 2141 2189
f 2140 2189 2188
f 2141 2142 2190
f 2141 2190 2189
f 2142 2143 2191
f 2142 2191 2190
f 2143 2144 2192
f 2143 2192 2191
f 2144 2145 2193
f 2144 2193 2192
f 2145 2146 2194
f 2145 2194 2193
f 2146 2147 2195
f 2146 2195 2194
f 2147 2148 2196
f 2147 2196 2195
f 2148 2149 2197
f 2148 2197 2196
f 2149 2150 2198
f 2149 2198 2197
f 2150 2151 2199
f 2150 2199 2198
f 2151 2152 2200
f 2151 2200 2199
f 2152 2153 2201
f 2152 2201 2200
f 2153 2154 2202
f 2153 2202 2201
f 2154 2155 2203
f 2154 2203 2202
f 2155 2156 2204
f 2155 2204 2203
f 2156 2157 2205
f 2156 2205 2204
f 2157 2158 2206
f 2157 2206 2205
f 2158 2159 2207
f 2158 2207 2206
f 2159 2160 2208
f 2159 2208 2207
f 2160 2161 2209
f 2160 2209 2208
f 2161 2162 2210
f 2161 2210 2209
f 2162 2163 2211
f 2162 2211 2210
f 2163 2164 2212
f 2163 2212 2211
f 2164 2165 2213
f 2164 2213 2212
f 2165 2166 2214
f 2165 2214 2213
f 2166 2167 2215
f 2166 2215 2214
f 2167 2168 2216
f 2167 2216 2215
f 2168 2169 2217
f 2168 2217 2216
f 2169 2170 2218
f 2169 2218 2217
f 2170 2171 2219
f 2170 2219 2218
f 2171 2172 2220
f 2171 2220 2219
f 2172 2173 2221
f 2172 2221 2220
f 2173 2174 2222
f 2173 2222 2221
f 2174 2175 2223
f 2174 2223 2222
f 2175 2176 2224
f 2175 2224 2223
f 2176 2177 2225
f 2176 2225 2224
f 2177 2178 2226
f 2177 2226 2225
f 2178 2179 2227
f 2178 2227 2226
f 2179 2180 2228
f 2179 2228 2227
f 2180 2181 2229
f 2180 2229 2228
f 2181 2182 2230
f 2181 2230 2229
f 2182 2135 2183
f 2182 2183 2230
f 2231 2136 2135
f 2232 2183 2184
f 2231 2137 2136
f 2232 2184 2185
f 2231 2138 2137
f 2232 2185 2186
f 2231 2139 2138
f 2232 2186 2187
f 2231 2140 2139
f 2232 2187 2188
f 2231 2141 2140
f 2232 2188 2189
f 2231 2142 2141
f 2232 2189 2190
f 2231 2143 2142
f 2232 2190 2191
f 2231 2144 2143
f 2232 2191 2192
f 2231 2145 2144
f 2232 2192 2193
f 2231 2146 2145
f 2232 2193 2194
f 2231 2147 2146
f 2232 2194 2195
f 2231 2148 2147
f 2232 2195 2196
f 2231 2149 2148
f 2232 2196 2197
f 2231 2150 2149
f 2232 2197 2198
f 2231 2151 2150
f 2232 2198 2199
f 2231 2152 2151
f 2232 2199 2200
f 2231 2153 2152
f 2232 2200 2201
f 2231 2154 2153
f 2232 2201 2202
f 2231 2155 2154
f 2232 2202 2203
f 2231 2156 2155
f 2232 2203 2204
f 2231 2157 2156
f 2232 2204 2205
f 2231 2158 2157
f 2232 2205 2206
f 2231 2159 2158
f 2232 2206 2207
f 2231 2160 2159
f 2232 2207 2208
f 2231 2161 2160
f 2232 2208 2209
f 2231 2162 2161
f 2232 2209 2210
f 2231 2163 2162
f 2232 2210 2211
f 2231 2164 2163
f 2232 2211 2212
f 2231 2165 2164
f 2232 2212 2213
f 2231 2166 2165
f 2232 2213 2214
f 2231 2167 2166
f 2232 2214 2215
f 2231 2168 2167
f 2232 2215 2216
f 2231 2169 2168
f 2232 2216 2217
f 2231 2170 2169
f 2232 2217 2218
f 2231 2171 2170
f 2232 2218 2219
f 2231 2172 2171
f 2232 2219 2220
f 2231 2173 2172
f 2232 2220 2221
f 2231 2174 2173
f 2232 2221 2222
f 2231 2175 2174
f 2232 2222 2223
f 2231 2176 2175
f 2232 2223 2224
f 2231 2177 2176
f 2232 2224 2225
f 2231 2178 2177
f 2232 2225 2226
f 2231 2179 2178
f 2232 2226 2227
f 2231 2180 2179
f 2232 2227 2228
f 2231 2181 2180
f 2232 2228 2229
f 2231 2182 2181
f 2232 2229 2230
f 2231 2135 2182
f 2232 2230 2183
g cell_31
usemtl m_cell_31
v 31.5000 -10.5000 4.0000
v 31.4102 -9.1295 4.0000
v 31.1422 -7.7824 4.0000
v 30.7007 -6.4818 4.0000
v 30.0933 -5.2500 4.0000
v 29.3302 -4.1080 4.0000
v 28.4246 -3.0754 4.0000
v 27.3920 -2.1698 4.0000
v 26.2500 -1.4067 4.0000
v 25.0182 -0.7993 4.0000
v 23.7176 -0.3578 4.0000
v 22.3705 -0.0898 4.0000
v 21.0000 0.0000 4.0000
v 19.6295 -0.0898 4.0000
v 18.2824 -0.3578 4.0000
v 16.9818 -0.7993 4.0000
v 15.7500 -1.4067 4.0000
v 14.6080 -2.1698 4.0000
v 13.5754 -3.0754 4.0000
v 12.6698 -4.1080 4.0000
v 11.9067 -5.2500 4.0000
v 11.2993 -6.4818 4.0000
v 10.8578 -7.7824 4.0000
v 10.5898 -9.1295 4.0000
v 10.5000 -10.5000 4.0000
v 10.5898 -11.8705 4.0000
v 10.8578 -13.2176 4.0000
v 11.2993 -14.5182 4.0000
v 11.9067 -15.7500 4.0000
v 12.6698 -16.8920 4.0000
v 13.5754 -17.9246 4.0000
v 14.6080 -18.8302 4.0000
v 15.7500 -19.5933 4.0000
v 16.9818 -20.2007 4.0000
v 18.2824 -20.6422 4.0000
v 19.6295 -20.9102 4.0000
v 21.0000 -21.0000 4.0000
v 22.3705 -20.9102 4.0000
v 23.7176 -20.6422 4.0000
v 25.0182 -20.2007 4.0000
v 26.2500 -19.5933 4.0000
v 27.3920 -18.8302 4.0000
v 28.4246 -17.9246 4.0000
v 29.3302 -16.8920 4.0000
v 30.0933 -15.7500 4.0000
v 30.7007 -14.5182 4.0000
v 31.1422 -13.2176 4.0000
v 31.4102 -11.8705 4.0000
v 31.5000 -10.5000 74.0000
v 31.4102 -9.1295 74.0000
v 31.1422 -7.7824 74.0000
v 30.7007 -6.4818 74.0000
v 30.0933 -5.2500 74.0000
v 29.3302 -4.1080 74.0000
v 28.4246 -3.0754 74.0000
v 27.3920 -2.1698 74.0000
v 26.2500 -1.4067 74.0000
v 25.0182 -0.7993 74.0000
v 23.7176 -0.3578 74.0000
v 22.3705 -0.0898 74.0000
v 21.0000 0.0000 74.0000
v 19.6295 -0.0898 74.0000
v 18.2824 -0.3578 74.0000
v 16.9818 -0.7993 74.0000
v 15.7500 -1.4067 74.0000
v 14.6080 -2.1698 74.0000
v 13.5754 -3.0754 74.0000
v 12.6698 -4.1080 74.0000
v 11.9067 -5.2500 74.0000
v 11.2993 -6.4818 74.0000
v 10.8578 -7.7824 74.0000
v 10.5898 -9.1295 74.0000
v 10.5000 -10.5000 74.0000
v 10.5898 -11.8705 74.0000
v 10.8578 -13.2176 74.0000
v 11.2993 -14.5182 74.0000
v 11.9067 -15.7500 74.0000
v 12.6698 -16.8920 74.0000
v 13.5754 -17.9246 74.0000
v 14.6080 -18.8302 74.0000
v 15.7500 -19.5933 74.0000
v 16.9818 -20.2007 74.0000
v 18.2824 -20.6422 74.0000
v 19.6295 -20.9102 74.0000
v 21.0000 -21.0000 74.0000
v 22.3705 -20.9102 74.0000
v 23.7176 -20.6422 74.0000
v 25.0182 -20.2007 74.0000
v 26.2500 -19.5933 74.0000
v 27.3920 -18.8302 74.0000
v 28.4246 -17.9246 74.0000
v 29.3302 -16.8920 74.0000
v 30.0933 -15.7500 74.0000
v 30.7007 -14.5182 74.0000
v 31.1422 -13.2176 74.0000
v 31.4102 -11.8705 74.0000
v 21.0000 -10.5000 4.0000
v 21.0000 -10.5000 74.0000
f 2233 2234 2282
f 2233 2282 2281
f 2234 2235 2283
f 2234 2283 2282
f 2235 2236 2284
f 2235 2284 2283
f 2236 2237 2285
f 2236 2285 2284
f 2237 2238 2286
f 2237 2286 2285
f 2238 2239 2287
f 2238 2287 2286
f 2239 2240 2288
f 2239 2288 2287
f 2240 2241 2289
f 2240 2289 2288
f 2241 2242 2290
f 2241 2290 2289
f 2242 2243 2291
f 2242 2291 2290
f 2243 2244 2292
f 2243 2292 2291
f 2244 2245 2293
f 2244 2293 2292
f 2245 2246 2294
f 2245 2294 2293
f 2246 2247 2295
f 2246 2295 2294
f 2247 2248 2296
f 2247 2296 2295
f 2248 2249 2297
f 2248 2297 2296
f 2249 2250 2298
f 2249 2298 2297
f 2250 2251 2299
f 2250 2299 2298
f 2251 2252 2300
f 2251 2300 2299
f 2252 2253 2301
f 2252 2301 2300
f 2253 2254 2302
f 2253 2302 2301
f 2254 2255 2303
f 2254 2303 2302
f 2255 2256 2304
f 2255 2304 2303
f 2256 2257 2305
f 2256 2305 2304
f 2257 2258 2306
f 2257 2306 2305
f 2258 2259 2307
f 2258 2307 2306
f 2259 2260 2308
f 2259 2308 2307
f 2260 2261 2309
f 2260 2309 2308
f 2261 2262 2310
f 2261 2310 2309
f 2262 2263 2311
f 2262 2311 2310
f 2263 2264 2312
f 2263 2312 2311
f 2264 2265 2313
f 2264 2313 2312
f 2265 2266 2314
f 2265 2314 2313
f 2266 2267 2315
f 2266 2315 2314
f 2267 2268 2316
f 2267 2316 2315
f 2268 2269 2317
f 2268 2317 2316
f 2269 2270 2318
f 2269 2318 2317
f 2270 2271 2319
f 2270 2319 2318
f 2271 2272 2320
f 2271 2320 2319
f 2272 2273 2321
f 2272 2321 2320
f 2273 2274 2322
f 2273 2322 2321
f 2274 2275 2323
f 2274 2323 2322
f 2275 2276 2324
f 2275 2324 2323
f 2276 2277 2325
f 2276 2325 2324
f 2277 2278 2326
f 2277 2326 2325
f 2278 2279 2327
f 2278 2327 2326
f 2279 2280 2328
f 2279 2328 2327
f 2280 2233 2281
f 2280 2281 2328
f 2329 2234 2233
f 2330 2281 2282
f 2329 2235 2234
f 2330 2282 2283
f 2329 2236 2235
f 2330 2283 2284
f 2329 2237 2236
f 2330 2284 2285
f 2329 2238 2237
f 2330 2285 2286
f 2329 2239 2238
f 2330 2286 2287
f 2329 2240 2239
f 2330 2287 2288
f 2329 2241 2240
f 2330 2288 2289
f 2329 2242 2241
f 2330 2289 2290
f 2329 2243 2242
f 2330 2290 2291
f 2329 2244 2243
f 2330 2291 2292
f 2329 2245 2244
f 2330 2292 2293
f 2329 2246 2245
f 2330 2293 2294
f 2329 2247 2246
f 2330 2294 2295
f 2329 2248 2247
f 2330 2295 2296
f 2329 2249 2248
f 2330 2296 2297
f 2329 2250 2249
f 2330 2297 2298
f 2329 2251 2250
f 2330 2298 2299
f 2329 2252 2251
f 2330 2299 2300
f 2329 2253 2252
f 2330 2300 2301
f 2329 2254 2253
f 2330 2301 2302
f 2329 2255 2254
f 2330 2302 2303
f 2329 2256 2255
f 2330 2303 2304
f 2329 2257 2256
f 2330 2304 2305
f 2329 2258 2257
f 2330 2305 2306
f 2329 2259 2258
f 2330 2306 2307
f 2329 2260 2259
f 2330 2307 2308
f 2329 2261 2260
f 2330 2308 2309
f 2329 2262 2261
f 2330 2309 2310
f 2329 2263 2262
f 2330 2310 2311
f 2329 2264 2263
f 2330 2311 2312
f 2329 2265 2264
f 2330 2312 2313
f 2329 2266 2265
f 2330 2313 2314
f 2329 2267 2266
f 2330 2314 2315
f 2329 2268 2267
f 2330 2315 2316
f 2329 2269 2268
f 2330 2316 2317
f 2329 2270 2269
f 2330 2317 2318
f 2329 2271 2270
f 2330 2318 2319
f 2329 2272 2271
f 2330 2319 2320
f 2329 2273 2272
f 2330 2320 2321
f 2329 2274 2273
f 2330 2321 2322
f 2329 2275 2274
f 2330 2322 2323
f 2329 2276 2275
f 2330 2323 2324
f 2329 2277 2276
f 2330 2324 2325
f 2329 2278 2277
f 2330 2325 2326
f 2329 2279 2278
f 2330 2326 2327
f 2329 2280 2279
f 2330 2327 2328
f 2329 2233 2280
f 2330 2328 2281
g cell_32
usemtl m_cell_32
v 31.5000 10.5000 4.0000
v 31.4102 11.8705 4.0000
v 31.1422 13.2176 4.0000
v 30.7007 14.5182 4.0000
v 30.0933 15.7500 4.0000
v 29.3302 16.8920 4.0000
v 28.4246 17.9246 4.0000
v 27.3920 18.8302 4.0000
v 26.2500 19.5933 4.0000
v 25.0182 20.2007 4.0000
v 23.7176 20.6422 4.0000
v 22.3705 20.9102 4.0000
v 21.0000 21.0000 4.0000
v 19.6295 20.9102 4.0000
v 18.2824 20.6422 4.0000
v 16.9818 20.2007 4.0000
v 15.7500 19.5933 4.0000
v 14.6080 18.8302 4.0000
v 13.5754 17.9246 4.0000
v 12.6698 16.8920 4.0000
v 11.9067 15.7500 4.0000
v 11.2993 14.5182 4.0000
v 10.8578 13.2176 4.0000
v 10.5898 11.8705 4.0000
v 10.5000 10.5000 4.0000
v 10.5898 9.1295 4.0000
v 10.8578 7.7824 4.0000
v 11.2993 6.4818 4.0000
v 11.9067 5.2500 4.0000
v 12.6698 4.1080 4.0000
v 13.5754 3.0754 4.0000
v 14.6080 2.1698 4.0000
v 15.7500 1.4067 4.0000
v 16.9818 0.7993 4.0000
v 18.2824 0.3578 4.0000
v 19.6295 0.0898 4.0000
v 21.0000 0.0000 4.0000
v 22.3705 0.0898 4.0000
v 23.7176 0.3578 4.0000
v 25.0182 0.7993 4.0000
v 26.2500 1.4067 4.0000
v 27.3920 2.1698 4.0000
v 28.4246 3.0754 4.0000
v 29.3302 4.1080 4.0000
v 30.0933 5.2500 4.0000
v 30.7007 6.4818 4.0000
v 31.1422 7.7824 4.0000
v 31.4102 9.1295 4.0000
v 31.5000 10.5000 74.0000
v 31.4102 11.8705 74.0000
v 31.1422 13.2176 74.0000
v 30.7007 14.5182 74.0000
v 30.0933 15.7500 74.0000
v 29.3302 16.8920 74.0000
v 28.4246 17.9246 74.0000
v 27.3920 18.8302 74.0000
v 26.2500 19.5933 74.0000
v 25.0182 20.2007 74.0000
v 23.7176 20.6422 74.0000
v 22.3705 20.9102 74.0000
v 21.0000 21.0000 74.0000
v 19.6295 20.9102 74.0000
v 18.2824 20.6422 74.0000
v 16.9818 20.2007 74.0000
v 15.7500 19.5933 74.0000
v 14.6080 18.8302 74.0000
v 13.5754 17.9246 74.0000
v 12.6698 16.8920 74.0000
v 11.9067 15.7500 74.0000
v 11.2993 14.5182 74.0000
v 10.8578 13.2176 74.0000
v 10.5898 11.8705 74.0000
v 10.5000 10.5000 74.0000
v 10.5898 9.1295 74.0000
v 10.8578 7.7824 74.0000
v 11.2993 6.4818 74.0000
v 11.9067 5.2500 74.0000
v 12.6698 4.1080 74.0000
v 13.5754 3.0754 74.0000
v 14.6080 2.1698 74.0000
v 15.7500 1.4067 74.0000
v 16.9818 0.7993 74.0000
v 18.2824 0.3578 74.0000
v 19.6295 0.0898 74.0000
v 21.0000 0.0000 74.0000
v 22.3705 0.0898 74.0000
v 23.7176 0.3578 74.0000
v 25.0182 0.7993 74.0000
v 26.2500 1.4067 74.0000
v 27.3920 2.1698 74.0000
v 28.4246 3.0754 74.0000
v 29.3302 4.1080 74.0000
v 30.0933 5.2500 74.0000
v 30.7007 6.4818 74.0000
v 31.1422 7.7824 74.0000
v 31.4102 9.1295 74.0000
v 21.0000 10.5000 4.0000
v 21.0000 10.5000 74.0000
f 2331 2332 2380
f 2331 2380 2379
f 2332 2333 2381
f 2332 2381 2380
f 2333 2334 2382
f 2333 2382 2381
f 2334 2335 2383
f 2334 2383 2382
f 2335 2336 2384
f 2335 2384 2383
f 2336 2337 2385
f 2336 2385 2384
f 2337 2338 2386
f 2337 2386 2385
f 2338 2339 2387
f 2338 2387 2386
f 2339 2340 2388
f 2339 2388 2387
f 2340 2341 2389
f 2340 2389 2388
f 2341 2342 2390
f 2341 2390 2389
f 2342 2343 2391
f 2342 2391 2390
f 2343 2344 2392
f 2343 2392 2391
f 2344 2345 2393
f 2344 2393 2392
f 2345 2346 2394
f 2345 2394 2393
f 2346 2347 2395
f 2346 2395 2394
f 2347 2348 2396
f 2347 2396 2395
f 2348 2349 2397
f 2348 2397 2396
f 2349 2350 2398
f 2349 2398 2397
f 2350 2351 2399
f 2350 2399 2398
f 2351 2352 2400
f 2351 2400 2399
f 2352 2353 2401
f 2352 2401 2400
f 2353 2354 2402
f 2353 2402 2401
f 2354 2355 2403
f 2354 2403 2402
f 2355 2356 2404
f 2355 2404 2403
f 2356 2357 2405
f 2356 2405 2404
f 2357 2358 2406
f 2357 2406 2405
f 2358 2359 2407
f 2358 2407 2406
f 2359 2360 2408
f 2359 2408 2407
f 2360 2361 2409
f 2360 2409 2408
f 2361 2362 2410
f 2361 2410 2409
f 2362 2363 2411
f 2362 2411 2410
f 2363 2364 2412
f 2363 2412 2411
f 2364 2365 2413
f 2364 2413 2412
f 2365 2366 2414
f 2365 2414 2413
f 2366 2367 2415
f 2366 2415 2414
f 2367 2368 2416
f 2367 2416 2415
f 2368 2369 2417
f 2368 2417 2416
f 2369 2370 2418
f 2369 2418 2417
f 2370 2371 2419
f 2370 2419 2418
f 2371 2372 2420
f 2371 2420 2419
f 2372 2373 2421
f 2372 2421 2420
f 2373 2374 2422
f 2373 2422 2421
f 2374 2375 2423
f 2374 2423 2422
f 2375 2376 2424
f 2375 2424 2423
f 2376 2377 2425
f 2376 2425 2424
f 2377 2378 2426
f 2377 2426 2425
f 2378 2331 2379
f 2378 2379 2426
f 2427 2332 2331
f 2428 2379 2380
f 2427 2333 2332
f 2428 2380 2381
f 2427 2334 2333
f 2428 2381 2382
f 2427 2335 2334
f 2428 2382 2383
f 2427 2336 2335
f 2428 2383 2384
f 2427 2337 2336
f 2428 2384 2385
f 2427 2338 2337
f 2428 2385 2386
f 2427 2339 2338
f 2428 2386 2387
f 2427 2340 2339
f 2428 2387 2388
f 2427 2341 2340
f 2428 2388 2389
f 2427 2342 2341
f 2428 2389 2390
f 2427 2343 2342
f 2428 2390 2391
f 2427 2344 2343
f 2428 2391 2392
f 2427 2345 2344
f 2428 2392 2393
f 2427 2346 2345
f 2428 2393 2394
f 2427 2347 2346
f 2428 2394 2395
f 2427 2348 2347
f 2428 2395 2396
f 2427 2349 2348
f 2428 2396 2397
f 2427 2350 2349
f 2428 2397 2398
f 2427 2351 2350
f 2428 2398 2399
f 2427 2352 2351
f 2428 2399 2400
f 2427 2353 2352
f 2428 2400 2401
f 2427 2354 2353
f 2428 2401 2402
f 2427 2355 2354
f 2428 2402 2403
f 2427 2356 2355
f 2428 2403 2404
f 2427 2357 2356
f 2428 2404 2405
f 2427 2358 2357
f 2428 2405 2406
f 2427 2359 2358
f 2428 2406 2407
f 2427 2360 2359
f 2428 2407 2408
f 2427 2361 2360
f 2428 2408 2409
f 2427 2362 2361
f 2428 2409 2410
f 2427 2363 2362
f 2428 2410 2411
f 2427 2364 2363
f 2428 2411 2412
f 2427 2365 2364
f 2428 2412 2413
f 2427 2366 2365
f 2428 2413 2414
f 2427 2367 2366
f 2428 2414 2415
f 2427 2368 2367
f 2428 2415 2416
f 2427 2369 2368
f 2428 2416 2417
f 2427 2370 2369
f 2428 2417 2418
f 2427 2371 2370
f 2428 2418 2419
f 2427 2372 2371
f 2428 2419 2420
f 2427 2373 2372
f 2428 2420 2421
f 2427 2374 2373
f 2428 2421 2422
f 2427 2375 2374
f 2428 2422 2423
f 2427 2376 2375
f 2428 2423 2424
f 2427 2377 2376
f 2428 2424 2425
f 2427 2378 2377
f 2428 2425 2426
f 2427 2331 2378
f 2428 2426 2379
g bms_3s
usemtl m_bms_3s
v -30.0000 -20.0000 75.0000
v 30.0000 -20.0000 75.0000
v 30.0000 20.0000 75.0000
v -30.0000 20.0000 75.0000
v -30.0000 -20.0000 78.0000
v 30.0000 -20.0000 78.0000
v 30.0000 20.0000 78.0000
v -30.0000 20.0000 78.0000
f 2429 2431 2430
f 2429 2432 2431
f 2433 2434 2435
f 2433 2435 2436
f 2429 2430 2434
f 2429 2434 2433
f 2430 2431 2435
f 2430 2435 2434
f 2431 2432 2436
f 2431 2436 2435
f 2432 2429 2433
f 2432 2433 2436
g bts7960
usemtl m_bts7960
v -25.0000 22.5000 4.0000
v 25.0000 22.5000 4.0000
v 25.0000 34.5000 4.0000
v -25.0000 34.5000 4.0000
v -25.0000 22.5000 54.0000
v 25.0000 22.5000 54.0000
v 25.0000 34.5000 54.0000
v -25.0000 34.5000 54.0000
f 2437 2439 2438
f 2437 2440 2439
f 2441 2442 2443
f 2441 2443 2444
f 2437 2438 2442
f 2437 2442 2441
f 2438 2439 2443
f 2438 2443 2442
f 2439 2440 2444
f 2439 2444 2443
f 2440 2437 2441
f 2440 2441 2444
g esp32_30pin
usemtl m_esp32_30pin
v -14.0000 -35.5000 5.0000
v 14.0000 -35.5000 5.0000
v 14.0000 -22.5000 5.0000
v -14.0000 -22.5000 5.0000
v -14.0000 -35.5000 57.0000
v 14.0000 -35.5000 57.0000
v 14.0000 -22.5000 57.0000
v -14.0000 -22.5000 57.0000
f 2445 2447 2446
f 2445 2448 2447
f 2449 2450 2451
f 2449 2451 2452
f 2445 2446 2450
f 2445 2450 2449
f 2446 2447 2451
f 2446 2451 2450
f 2447 2448 2452
f 2447 2452 2451
f 2448 2445 2449
f 2448 2449 2452
g buck_12v_5v
usemtl m_buck_12v_5v
v -8.5000 -34.0000 59.0000
v 8.5000 -34.0000 59.0000
v 8.5000 -25.0000 59.0000
v -8.5000 -25.0000 59.0000
v -8.5000 -34.0000 81.0000
v 8.5000 -34.0000 81.0000
v 8.5000 -25.0000 81.0000
v -8.5000 -25.0000 81.0000
f 2453 2455 2454
f 2453 2456 2455
f 2457 2458 2459
f 2457 2459 2460
f 2453 2454 2458
f 2453 2458 2457
f 2454 2455 2459
f 2454 2459 2458
f 2455 2456 2460
f 2455 2460 2459
f 2456 2453 2457
f 2456 2457 2460
