solid thermox
 facet normal 0.00000 0.00000 -1.00000
  outer loop
   vertex 0.0000 -37.5000 0.0000
   vertex 10.0000 -27.5000 0.0000
   vertex 10.0000 -37.5000 0.0000
  endloop
 endfacet
 facet normal 0.00000 0.00000 -1.00000
  outer loop
   vertex 0.0000 -37.5000 0.0000
   vertex 0.0000 -27.5000 0.0000
   vertex 10.0000 -27.5000 0.0000
  endloop
 endfacet
 facet normal 0.00000 0.00000 1.00000
  outer loop
   vertex 0.0000 -37.5000 5.0000
   vertex 10.0000 -37.5000 5.0000
   vertex 10.0000 -27.5000 5.0000
  endloop
 endfacet
 facet normal 0.00000 0.00000 1.00000
  outer loop
   vertex 0.0000 -37.5000 5.0000
   vertex 10.0000 -27.5000 5.0000
   vertex 0.0000 -27.5000 5.0000
  endloop
 endfacet
 facet normal 0.00000 -1.00000 0.00000
  outer loop
   vertex 0.0000 -37.5000 0.0000
   vertex 10.0000 -37.5000 0.0000
   vertex 10.0000 -37.5000 5.0000
  endloop
 endfacet
 facet normal 0.00000 -1.00000 0.00000
  outer loop
   vertex 0.0000 -37.5000 0.0000
   vertex 10.0000 -37.5000 5.0000
   vertex 0.0000 -37.5000 5.0000
  endloop
 endfacet
 facet normal 1.00000 0.00000 0.00000
  outer loop
   vertex 10.0000 -37.5000 0.0000
   vertex 10.0000 -27.5000 0.0000
   vertex 10.0000 -27.5000 5.0000
  endloop
 endfacet
 facet normal 1.00000 0.00000 0.00000
  outer loop
   vertex 10.0000 -37.5000 0.0000
   vertex 10.0000 -27.5000 5.0000
   vertex 10.0000 -37.5000 5.0000
  endloop
 endfacet
 facet normal 0.00000 1.00000 0.00000
  outer loop
   vertex 10.0000 -27.5000 0.0000
   vertex 0.0000 -27.5000 0.0000
   vertex 0.0000 -27.5000 5.0000
  endloop
 endfacet
 facet normal 0.00000 1.00000 -0.00000
  outer loop
   vertex 10.0000 -27.5000 0.0000
   vertex 0.0000 -27.5000 5.0000
   vertex 10.0000 -27.5000 5.0000
  endloop
 endfacet
 facet normal -1.00000 0.00000 0.00000
  outer loop
   vertex 0.0000 -27.5000 0.0000
   vertex 0.0000 -37.5000 0.0000
   vertex 0.0000 -37.5000 5.0000
  endloop
 endfacet
 facet normal -1.00000 0.00000 0.00000
  outer loop
   vertex 0.0000 -27.5000 0.0000
   vertex 0.0000 -37.5000 5.0000
   vertex 0.0000 -27.5000 5.0000
  endloop
 endfacet
 facet normal 0.00000 0.00000 -1.00000
  outer loop
   vertex 0.0000 27.5000 0.0000
   vertex 10.0000 37.5000 0.0000
   vertex 10.0000 27.5000 0.0000
  endloop
 endfacet
 facet normal 0.00000 0.00000 -1.00000
  outer loop
   vertex 0.0000 27.5000 0.0000
   vertex 0.0000 37.5000 0.0000
   vertex 10.0000 37.5000 0.0000
  endloop
 endfacet
 facet normal 0.00000 0.00000 1.00000
  outer loop
   vertex 0.0000 27.5000 5.0000
   vertex 10.0000 27.5000 5.0000
   vertex 10.0000 37.5000 5.0000
  endloop
 endfacet
 facet normal 0.00000 0.00000 1.00000
  outer loop
   vertex 0.0000 27.5000 5.0000
   vertex 10.0000 37.5000 5.0000
   vertex 0.0000 37.5000 5.0000
  endloop
 endfacet
 facet normal 0.00000 -1.00000 0.00000
  outer loop
   vertex 0.0000 27.5000 0.0000
   vertex 10.0000 27.5000 0.0000
   vertex 10.0000 27.5000 5.0000
  endloop
 endfacet
 facet normal 0.00000 -1.00000 0.00000
  outer loop
   vertex 0.0000 27.5000 0.0000
   vertex 10.0000 27.5000 5.0000
   vertex 0.0000 27.5000 5.0000
  endloop
 endfacet
 facet normal 1.00000 0.00000 0.00000
  outer loop
   vertex 10.0000 27.5000 0.0000
   vertex 10.0000 37.5000 0.0000
   vertex 10.0000 37.5000 5.0000
  endloop
 endfacet
 facet normal 1.00000 0.00000 0.00000
  outer loop
   vertex 10.0000 27.5000 0.0000
   vertex 10.0000 37.5000 5.0000
   vertex 10.0000 27.5000 5.0000
  endloop
 endfacet
 facet normal 0.00000 1.00000 0.00000
  outer loop
   vertex 10.0000 37.5000 0.0000
   vertex 0.0000 37.5000 0.0000
   vertex 0.0000 37.5000 5.0000
  endloop
 endfacet
 facet normal 0.00000 1.00000 -0.00000
  outer loop
   vertex 10.0000 37.5000 0.0000
   vertex 0.0000 37.5000 5.0000
   vertex 10.0000 37.5000 5.0000
  endloop
 endfacet
 facet normal -1.00000 0.00000 0.00000
  outer loop
   vertex 0.0000 37.5000 0.0000
   vertex 0.0000 27.5000 0.0000
   vertex 0.0000 27.5000 5.0000
  endloop
 endfacet
 facet normal -1.00000 0.00000 0.00000
  outer loop
   vertex 0.0000 37.5000 0.0000
   vertex 0.0000 27.5000 5.0000
   vertex 0.0000 37.5000 5.0000
  endloop
 endfacet
 facet normal 0.00000 0.00000 -1.00000
  outer loop
   vertex 65.0000 -37.5000 0.0000
   vertex 75.0000 -27.5000 0.0000
   vertex 75.0000 -37.5000 0.0000
  endloop
 endfacet
 facet normal 0.00000 0.00000 -1.00000
  outer loop
   vertex 65.0000 -37.5000 0.0000
   vertex 65.0000 -27.5000 0.0000
   vertex 75.0000 -27.5000 0.0000
  endloop
 endfacet
 facet normal 0.00000 0.00000 1.00000
  outer loop
   vertex 65.0000 -37.5000 5.0000
   vertex 75.0000 -37.5000 5.0000
   vertex 75.0000 -27.5000 5.0000
  endloop
 endfacet
 facet normal 0.00000 0.00000 1.00000
  outer loop
   vertex 65.0000 -37.5000 5.0000
   vertex 75.0000 -27.5000 5.0000
   vertex 65.0000 -27.5000 5.0000
  endloop
 endfacet
 facet normal 0.00000 -1.00000 0.00000
  outer loop
   vertex 65.0000 -37.5000 0.0000
   vertex 75.0000 -37.5000 0.0000
   vertex 75.0000 -37.5000 5.0000
  endloop
 endfacet
 facet normal 0.00000 -1.00000 0.00000
  outer loop
   vertex 65.0000 -37.5000 0.0000
   vertex 75.0000 -37.5000 5.0000
   vertex 65.0000 -37.5000 5.0000
  endloop
 endfacet
 facet normal 1.00000 0.00000 0.00000
  outer loop
   vertex 75.0000 -37.5000 0.0000
   vertex 75.0000 -27.5000 0.0000
   vertex 75.0000 -27.5000 5.0000
  endloop
 endfacet
 facet normal 1.00000 0.00000 0.00000
  outer loop
   vertex 75.0000 -37.5000 0.0000
   vertex 75.0000 -27.5000 5.0000
   vertex 75.0000 -37.5000 5.0000
  endloop
 endfacet
 facet normal 0.00000 1.00000 0.00000
  outer loop
   vertex 75.0000 -27.5000 0.0000
   vertex 65.0000 -27.5000 0.0000
   vertex 65.0000 -27.5000 5.0000
  endloop
 endfacet
 facet normal 0.00000 1.00000 -0.00000
  outer loop
   vertex 75.0000 -27.5000 0.0000
   vertex 65.0000 -27.5000 5.0000
   vertex 75.0000 -27.5000 5.0000
  endloop
 endfacet
 facet normal -1.00000 0.00000 0.00000
  outer loop
   vertex 65.0000 -27.5000 0.0000
   vertex 65.0000 -37.5000 0.0000
   vertex 65.0000 -37.5000 5.0000
  endloop
 endfacet
 facet normal -1.00000 0.00000 0.00000
  outer loop
   vertex 65.0000 -27.5000 0.0000
   vertex 65.0000 -37.5000 5.0000
   vertex 65.0000 -27.5000 5.0000
  endloop
 endfacet
 facet normal 0.00000 0.00000 -1.00000
  outer loop
   vertex 65.0000 27.5000 0.0000
   vertex 75.0000 37.5000 0.0000
   vertex 75.0000 27.5000 0.0000
  endloop
 endfacet
 facet normal 0.00000 0.00000 -1.00000
  outer loop
   vertex 65.0000 27.5000 0.0000
   vertex 65.0000 37.5000 0.0000
   vertex 75.0000 37.5000 0.0000
  endloop
 endfacet
 facet normal 0.00000 0.00000 1.00000
  outer loop
   vertex 65.0000 27.5000 5.0000
   vertex 75.0000 27.5000 5.0000
   vertex 75.0000 37.5000 5.0000
  endloop
 endfacet
 facet normal 0.00000 0.00000 1.00000
  outer loop
   vertex 65.0000 27.5000 5.0000
   vertex 75.0000 37.5000 5.0000
   vertex 65.0000 37.5000 5.0000
  endloop
 endfacet
 facet normal 0.00000 -1.00000 0.00000
  outer loop
   vertex 65.0000 27.5000 0.0000
   vertex 75.0000 27.5000 0.0000
   vertex 75.0000 27.5000 5.0000
  endloop
 endfacet
 facet normal 0.00000 -1.00000 0.00000
  outer loop
   vertex 65.0000 27.5000 0.0000
   vertex 75.0000 27.5000 5.0000
   vertex 65.0000 27.5000 5.0000
  endloop
 endfacet
 facet normal 1.00000 0.00000 0.00000
  outer loop
   vertex 75.0000 27.5000 0.0000
   vertex 75.0000 37.5000 0.0000
   vertex 75.0000 37.5000 5.0000
  endloop
 endfacet
 facet normal 1.00000 0.00000 0.00000
  outer loop
   vertex 75.0000 27.5000 0.0000
   vertex 75.0000 37.5000 5.0000
   vertex 75.0000 27.5000 5.0000
  endloop
 endfacet
 facet normal 0.00000 1.00000 0.00000
  outer loop
   vertex 75.0000 37.5000 0.0000
   vertex 65.0000 37.5000 0.0000
   vertex 65.0000 37.5000 5.0000
  endloop
 endfacet
 facet normal 0.00000 1.00000 -0.00000
  outer loop
   vertex 75.0000 37.5000 0.0000
   vertex 65.0000 37.5000 5.0000
   vertex 75.0000 37.5000 5.0000
  endloop
 endfacet
 facet normal -1.00000 0.00000 0.00000
  outer loop
   vertex 65.0000 37.5000 0.0000
   vertex 65.0000 27.5000 0.0000
   vertex 65.0000 27.5000 5.0000
  endloop
 endfacet
 facet normal -1.00000 0.00000 0.00000
  outer loop
   vertex 65.0000 37.5000 0.0000
   vertex 65.0000 27.5000 5.0000
   vertex 65.0000 37.5000 5.0000
  endloop
 endfacet
 facet normal 0.00000 0.00000 -1.00000
  outer loop
   vertex 75.0000 -37.5000 0.0000
   vertex 125.0000 37.5000 0.0000
   vertex 125.0000 -37.5000 0.0000
  endloop
 endfacet
 facet normal 0.00000 0.00000 -1.00000
  outer loop
   vertex 75.0000 -37.5000 0.0000
   vertex 75.0000 37.5000 0.0000
   vertex 125.0000 37.5000 0.0000
  endloop
 endfacet
 facet normal 0.00000 0.00000 1.00000
  outer loop
   vertex 75.0000 -37.5000 1.5000
   vertex 125.0000 -37.5000 1.5000
   vertex 125.0000 37.5000 1.5000
  endloop
 endfacet
 facet normal 0.00000 0.00000 1.00000
  outer loop
   vertex 75.0000 -37.5000 1.5000
   vertex 125.0000 37.5000 1.5000
   vertex 75.0000 37.5000 1.5000
  endloop
 endfacet
 facet normal 0.00000 -1.00000 0.00000
  outer loop
   vertex 75.0000 -37.5000 0.0000
   vertex 125.0000 -37.5000 0.0000
   vertex 125.0000 -37.5000 1.5000
  endloop
 endfacet
 facet normal 0.00000 -1.00000 0.00000
  outer loop
   vertex 75.0000 -37.5000 0.0000
   vertex 125.0000 -37.5000 1.5000
   vertex 75.0000 -37.5000 1.5000
  endloop
 endfacet
 facet normal 1.00000 0.00000 0.00000
  outer loop
   vertex 125.0000 -37.5000 0.0000
   vertex 125.0000 37.5000 0.0000
   vertex 125.0000 37.5000 1.5000
  endloop
 endfacet
 facet normal 1.00000 0.00000 0.00000
  outer loop
   vertex 125.0000 -37.5000 0.0000
   vertex 125.0000 37.5000 1.5000
   vertex 125.0000 -37.5000 1.5000
  endloop
 endfacet
 facet normal 0.00000 1.00000 0.00000
  outer loop
   vertex 125.0000 37.5000 0.0000
   vertex 75.0000 37.5000 0.0000
   vertex 75.0000 37.5000 1.5000
  endloop
 endfacet
 facet normal 0.00000 1.00000 -0.00000
  outer loop
   vertex 125.0000 37.5000 0.0000
   vertex 75.0000 37.5000 1.5000
   vertex 125.0000 37.5000 1.5000
  endloop
 endfacet
 facet normal -1.00000 0.00000 0.00000
  outer loop
   vertex 75.0000 37.5000 0.0000
   vertex 75.0000 -37.5000 0.0000
   vertex 75.0000 -37.5000 1.5000
  endloop
 endfacet
 facet normal -1.00000 0.00000 0.00000
  outer loop
   vertex 75.0000 37.5000 0.0000
   vertex 75.0000 -37.5000 1.5000
   vertex 75.0000 37.5000 1.5000
  endloop
 endfacet
 facet normal 0.00000 0.00000 -1.00000
  outer loop
   vertex 75.0000 -37.5000 185.4000
   vertex 125.0000 37.5000 185.4000
   vertex 125.0000 -37.5000 185.4000
  endloop
 endfacet
 facet normal 0.00000 0.00000 -1.00000
  outer loop
   vertex 75.0000 -37.5000 185.4000
   vertex 75.0000 37.5000 185.4000
   vertex 125.0000 37.5000 185.4000
  endloop
 endfacet
 facet normal 0.00000 0.00000 1.00000
  outer loop
   vertex 75.0000 -37.5000 191.0000
   vertex 125.0000 -37.5000 191.0000
   vertex 125.0000 37.5000 191.0000
  endloop
 endfacet
 facet normal 0.00000 0.00000 1.00000
  outer loop
   vertex 75.0000 -37.5000 191.0000
   vertex 125.0000 37.5000 191.0000
   vertex 75.0000 37.5000 191.0000
  endloop
 endfacet
 facet normal 0.00000 -1.00000 0.00000
  outer loop
   vertex 75.0000 -37.5000 185.4000
   vertex 125.0000 -37.5000 185.4000
   vertex 125.0000 -37.5000 191.0000
  endloop
 endfacet
 facet normal 0.00000 -1.00000 0.00000
  outer loop
   vertex 75.0000 -37.5000 185.4000
   vertex 125.0000 -37.5000 191.0000
   vertex 75.0000 -37.5000 191.0000
  endloop
 endfacet
 facet normal 1.00000 0.00000 0.00000
  outer loop
   vertex 125.0000 -37.5000 185.4000
   vertex 125.0000 37.5000 185.4000
   vertex 125.0000 37.5000 191.0000
  endloop
 endfacet
 facet normal 1.00000 0.00000 0.00000
  outer loop
   vertex 125.0000 -37.5000 185.4000
   vertex 125.0000 37.5000 191.0000
   vertex 125.0000 -37.5000 191.0000
  endloop
 endfacet
 facet normal 0.00000 1.00000 0.00000
  outer loop
   vertex 125.0000 37.5000 185.4000
   vertex 75.0000 37.5000 185.4000
   vertex 75.0000 37.5000 191.0000
  endloop
 endfacet
 facet normal 0.00000 1.00000 -0.00000
  outer loop
   vertex 125.0000 37.5000 185.4000
   vertex 75.0000 37.5000 191.0000
   vertex 125.0000 37.5000 191.0000
  endloop
 endfacet
 facet normal -1.00000 0.00000 0.00000
  outer loop
   vertex 75.0000 37.5000 185.4000
   vertex 75.0000 -37.5000 185.4000
   vertex 75.0000 -37.5000 191.0000
  endloop
 endfacet
 facet normal -1.00000 0.00000 0.00000
  outer loop
   vertex 75.0000 37.5000 185.4000
   vertex 75.0000 -37.5000 191.0000
   vertex 75.0000 37.5000 191.0000
  endloop
 endfacet
 facet normal 0.00000 0.00000 -1.00000
  outer loop
   vertex -0.1000 -20.0000 53.4000
   vertex 0.6000 20.0000 53.4000
   vertex 0.6000 -20.0000 53.4000
  endloop
 endfacet
 facet normal 0.00000 0.00000 -1.00000
  outer loop
   vertex -0.1000 -20.0000 53.4000
   vertex -0.1000 20.0000 53.4000
   vertex 0.6000 20.0000 53.4000
  endloop
 endfacet
 facet normal 0.00000 0.00000 1.00000
  outer loop
   vertex -0.1000 -20.0000 56.0000
   vertex 0.6000 -20.0000 56.0000
   vertex 0.6000 20.0000 56.0000
  endloop
 endfacet
 facet normal 0.00000 0.00000 1.00000
  outer loop
   vertex -0.1000 -20.0000 56.0000
   vertex 0.6000 20.0000 56.0000
   vertex -0.1000 20.0000 56.0000
  endloop
 endfacet
 facet normal 0.00000 -1.00000 0.00000
  outer loop
   vertex -0.1000 -20.0000 53.4000
   vertex 0.6000 -20.0000 53.4000
   vertex 0.6000 -20.0000 56.0000
  endloop
 endfacet
 facet normal 0.00000 -1.00000 0.00000
  outer loop
   vertex -0.1000 -20.0000 53.4000
   vertex 0.6000 -20.0000 56.0000
   vertex -0.1000 -20.0000 56.0000
  endloop
 endfacet
 facet normal 1.00000 0.00000 0.00000
  outer loop
   vertex 0.6000 -20.0000 53.4000
   vertex 0.6000 20.0000 53.4000
   vertex 0.6000 20.0000 56.0000
  endloop
 endfacet
 facet normal 1.00000 0.00000 0.00000
  outer loop
   vertex 0.6000 -20.0000 53.4000
   vertex 0.6000 20.0000 56.0000
   vertex 0.6000 -20.0000 56.0000
  endloop
 endfacet
 facet normal 0.00000 1.00000 0.00000
  outer loop
   vertex 0.6000 20.0000 53.4000
   vertex -0.1000 20.0000 53.4000
   vertex -0.1000 20.0000 56.0000
  endloop
 endfacet
 facet normal 0.00000 1.00000 -0.00000
  outer loop
   vertex 0.6000 20.0000 53.4000
   vertex -0.1000 20.0000 56.0000
   vertex 0.6000 20.0000 56.0000
  endloop
 endfacet
 facet normal -1.00000 0.00000 0.00000
  outer loop
   vertex -0.1000 20.0000 53.4000
   vertex -0.1000 -20.0000 53.4000
   vertex -0.1000 -20.0000 56.0000
  endloop
 endfacet
 facet normal -1.00000 0.00000 0.00000
  outer loop
   vertex -0.1000 20.0000 53.4000
   vertex -0.1000 -20.0000 56.0000
   vertex -0.1000 20.0000 56.0000
  endloop
 endfacet
 facet normal 0.00000 0.00000 -1.00000
  outer loop
   vertex -0.1000 -20.0000 48.4000
   vertex 0.6000 20.0000 48.4000
   vertex 0.6000 -20.0000 48.4000
  endloop
 endfacet
 facet normal 0.00000 0.00000 -1.00000
  outer loop
   vertex -0.1000 -20.0000 48.4000
   vertex -0.1000 20.0000 48.4000
   vertex 0.6000 20.0000 48.4000
  endloop
 endfacet
 facet normal 0.00000 0.00000 1.00000
  outer loop
   vertex -0.1000 -20.0000 51.0000
   vertex 0.6000 -20.0000 51.0000
   vertex 0.6000 20.0000 51.0000
  endloop
 endfacet
 facet normal 0.00000 0.00000 1.00000
  outer loop
   vertex -0.1000 -20.0000 51.0000
   vertex 0.6000 20.0000 51.0000
   vertex -0.1000 20.0000 51.0000
  endloop
 endfacet
 facet normal 0.00000 -1.00000 0.00000
  outer loop
   vertex -0.1000 -20.0000 48.4000
   vertex 0.6000 -20.0000 48.4000
   vertex 0.6000 -20.0000 51.0000
  endloop
 endfacet
 facet normal 0.00000 -1.00000 0.00000
  outer loop
   vertex -0.1000 -20.0000 48.4000
   vertex 0.6000 -20.0000 51.0000
   vertex -0.1000 -20.0000 51.0000
  endloop
 endfacet
 facet normal 1.00000 0.00000 0.00000
  outer loop
   vertex 0.6000 -20.0000 48.4000
   vertex 0.6000 20.0000 48.4000
   vertex 0.6000 20.0000 51.0000
  endloop
 endfacet
 facet normal 1.00000 0.00000 0.00000
  outer loop
   vertex 0.6000 -20.0000 48.4000
   vertex 0.6000 20.0000 51.0000
   vertex 0.6000 -20.0000 51.0000
  endloop
 endfacet
 facet normal 0.00000 1.00000 0.00000
  outer loop
   vertex 0.6000 20.0000 48.4000
   vertex -0.1000 20.0000 48.4000
   vertex -0.1000 20.0000 51.0000
  endloop
 endfacet
 facet normal 0.00000 1.00000 -0.00000
  outer loop
   vertex 0.6000 20.0000 48.4000
   vertex -0.1000 20.0000 51.0000
   vertex 0.6000 20.0000 51.0000
  endloop
 endfacet
 facet normal -1.00000 0.00000 0.00000
  outer loop
   vertex -0.1000 20.0000 48.4000
   vertex -0.1000 -20.0000 48.4000
   vertex -0.1000 -20.0000 51.0000
  endloop
 endfacet
 facet normal -1.00000 0.00000 0.00000
  outer loop
   vertex -0.1000 20.0000 48.4000
   vertex -0.1000 -20.0000 51.0000
   vertex -0.1000 20.0000 51.0000
  endloop
 endfacet
 facet normal 0.00000 0.00000 -1.00000
  outer loop
   vertex -0.1000 -20.0000 43.4000
   vertex 0.6000 20.0000 43.4000
   vertex 0.6000 -20.0000 43.4000
  endloop
 endfacet
 facet normal 0.00000 0.00000 -1.00000
  outer loop
   vertex -0.1000 -20.0000 43.4000
   vertex -0.1000 20.0000 43.4000
   vertex 0.6000 20.0000 43.4000
  endloop
 endfacet
 facet normal 0.00000 0.00000 1.00000
  outer loop
   vertex -0.1000 -20.0000 46.0000
   vertex 0.6000 -20.0000 46.0000
   vertex 0.6000 20.0000 46.0000
  endloop
 endfacet
 facet normal 0.00000 0.00000 1.00000
  outer loop
   vertex -0.1000 -20.0000 46.0000
   vertex 0.6000 20.0000 46.0000
   vertex -0.1000 20.0000 46.0000
  endloop
 endfacet
 facet normal 0.00000 -1.00000 0.00000
  outer loop
   vertex -0.1000 -20.0000 43.4000
   vertex 0.6000 -20.0000 43.4000
   vertex 0.6000 -20.0000 46.0000
  endloop
 endfacet
 facet normal 0.00000 -1.00000 0.00000
  outer loop
   vertex -0.1000 -20.0000 43.4000
   vertex 0.6000 -20.0000 46.0000
   vertex -0.1000 -20.0000 46.0000
  endloop
 endfacet
 facet normal 1.00000 0.00000 0.00000
  outer loop
   vertex 0.6000 -20.0000 43.4000
   vertex 0.6000 20.0000 43.4000
   vertex 0.6000 20.0000 46.0000
  endloop
 endfacet
 facet normal 1.00000 0.00000 0.00000
  outer loop
   vertex 0.6000 -20.0000 43.4000
   vertex 0.6000 20.0000 46.0000
   vertex 0.6000 -20.0000 46.0000
  endloop
 endfacet
 facet normal 0.00000 1.00000 0.00000
  outer loop
   vertex 0.6000 20.0000 43.4000
   vertex -0.1000 20.0000 43.4000
   vertex -0.1000 20.0000 46.0000
  endloop
 endfacet
 facet normal 0.00000 1.00000 -0.00000
  outer loop
   vertex 0.6000 20.0000 43.4000
   vertex -0.1000 20.0000 46.0000
   vertex 0.6000 20.0000 46.0000
  endloop
 endfacet
 facet normal -1.00000 0.00000 0.00000
  outer loop
   vertex -0.1000 20.0000 43.4000
   vertex -0.1000 -20.0000 43.4000
   vertex -0.1000 -20.0000 46.0000
  endloop
 endfacet
 facet normal -1.00000 0.00000 0.00000
  outer loop
   vertex -0.1000 20.0000 43.4000
   vertex -0.1000 -20.0000 46.0000
   vertex -0.1000 20.0000 46.0000
  endloop
 endfacet
 facet normal 0.00000 0.00000 -1.00000
  outer loop
   vertex -0.1000 -20.0000 38.4000
   vertex 0.6000 20.0000 38.4000
   vertex 0.6000 -20.0000 38.4000
  endloop
 endfacet
 facet normal 0.00000 0.00000 -1.00000
  outer loop
   vertex -0.1000 -20.0000 38.4000
   vertex -0.1000 20.0000 38.4000
   vertex 0.6000 20.0000 38.4000
  endloop
 endfacet
 facet normal 0.00000 0.00000 1.00000
  outer loop
   vertex -0.1000 -20.0000 41.0000
   vertex 0.6000 -20.0000 41.0000
   vertex 0.6000 20.0000 41.0000
  endloop
 endfacet
 facet normal 0.00000 0.00000 1.00000
  outer loop
   vertex -0.1000 -20.0000 41.0000
   vertex 0.6000 20.0000 41.0000
   vertex -0.1000 20.0000 41.0000
  endloop
 endfacet
 facet normal 0.00000 -1.00000 0.00000
  outer loop
   vertex -0.1000 -20.0000 38.4000
   vertex 0.6000 -20.0000 38.4000
   vertex 0.6000 -20.0000 41.0000
  endloop
 endfacet
 facet normal 0.00000 -1.00000 0.00000
  outer loop
   vertex -0.1000 -20.0000 38.4000
   vertex 0.6000 -20.0000 41.0000
   vertex -0.1000 -20.0000 41.0000
  endloop
 endfacet
 facet normal 1.00000 0.00000 0.00000
  outer loop
   vertex 0.6000 -20.0000 38.4000
   vertex 0.6000 20.0000 38.4000
   vertex 0.6000 20.0000 41.0000
  endloop
 endfacet
 facet normal 1.00000 0.00000 0.00000
  outer loop
   vertex 0.6000 -20.0000 38.4000
   vertex 0.6000 20.0000 41.0000
   vertex 0.6000 -20.0000 41.0000
  endloop
 endfacet
 facet normal 0.00000 1.00000 0.00000
  outer loop
   vertex 0.6000 20.0000 38.4000
   vertex -0.1000 20.0000 38.4000
   vertex -0.1000 20.0000 41.0000
  endloop
 endfacet
 facet normal 0.00000 1.00000 -0.00000
  outer loop
   vertex 0.6000 20.0000 38.4000
   vertex -0.1000 20.0000 41.0000
   vertex 0.6000 20.0000 41.0000
  endloop
 endfacet
 facet normal -1.00000 0.00000 0.00000
  outer loop
   vertex -0.1000 20.0000 38.4000
   vertex -0.1000 -20.0000 38.4000
   vertex -0.1000 -20.0000 41.0000
  endloop
 endfacet
 facet normal -1.00000 0.00000 0.00000
  outer loop
   vertex -0.1000 20.0000 38.4000
   vertex -0.1000 -20.0000 41.0000
   vertex -0.1000 20.0000 41.0000
  endloop
 endfacet
 facet normal 0.00000 0.00000 -1.00000
  outer loop
   vertex 1.5000 -36.0000 183.4000
   vertex 73.5000 36.0000 183.4000
   vertex 73.5000 -36.0000 183.4000
  endloop
 endfacet
 facet normal 0.00000 0.00000 -1.00000
  outer loop
   vertex 1.5000 -36.0000 183.4000
   vertex 1.5000 36.0000 183.4000
   vertex 73.5000 36.0000 183.4000
  endloop
 endfacet
 facet normal 0.00000 0.00000 1.00000
  outer loop
   vertex 1.5000 -36.0000 191.0000
   vertex 73.5000 -36.0000 191.0000
   vertex 73.5000 36.0000 191.0000
  endloop
 endfacet
 facet normal 0.00000 0.00000 1.00000
  outer loop
   vertex 1.5000 -36.0000 191.0000
   vertex 73.5000 36.0000 191.0000
   vertex 1.5000 36.0000 191.0000
  endloop
 endfacet
 facet normal 0.00000 -1.00000 0.00000
  outer loop
   vertex 1.5000 -36.0000 183.4000
   vertex 73.5000 -36.0000 183.4000
   vertex 73.5000 -36.0000 191.0000
  endloop
 endfacet
 facet normal 0.00000 -1.00000 0.00000
  outer loop
   vertex 1.5000 -36.0000 183.4000
   vertex 73.5000 -36.0000 191.0000
   vertex 1.5000 -36.0000 191.0000
  endloop
 endfacet
 facet normal 1.00000 0.00000 0.00000
  outer loop
   vertex 73.5000 -36.0000 183.4000
   vertex 73.5000 36.0000 183.4000
   vertex 73.5000 36.0000 191.0000
  endloop
 endfacet
 facet normal 1.00000 0.00000 0.00000
  outer loop
   vertex 73.5000 -36.0000 183.4000
   vertex 73.5000 36.0000 191.0000
   vertex 73.5000 -36.0000 191.0000
  endloop
 endfacet
 facet normal 0.00000 1.00000 0.00000
  outer loop
   vertex 73.5000 36.0000 183.4000
   vertex 1.5000 36.0000 183.4000
   vertex 1.5000 36.0000 191.0000
  endloop
 endfacet
 facet normal 0.00000 1.00000 -0.00000
  outer loop
   vertex 73.5000 36.0000 183.4000
   vertex 1.5000 36.0000 191.0000
   vertex 73.5000 36.0000 191.0000
  endloop
 endfacet
 facet normal -1.00000 0.00000 0.00000
  outer loop
   vertex 1.5000 36.0000 183.4000
   vertex 1.5000 -36.0000 183.4000
   vertex 1.5000 -36.0000 191.0000
  endloop
 endfacet
 facet normal -1.00000 0.00000 0.00000
  outer loop
   vertex 1.5000 36.0000 183.4000
   vertex 1.5000 -36.0000 191.0000
   vertex 1.5000 36.0000 191.0000
  endloop
 endfacet
 facet normal 0.99786 0.06540 0.00000
  outer loop
   vertex 68.5000 0.0000 77.0000
   vertex 68.2348 4.0463 77.0000
   vertex 68.2348 4.0463 183.4000
  endloop
 endfacet
 facet normal 0.99786 0.06540 -0.00000
  outer loop
   vertex 68.5000 0.0000 77.0000
   vertex 68.2348 4.0463 183.4000
   vertex 68.5000 0.0000 183.4000
  endloop
 endfacet
 facet normal 0.98079 0.19509 0.00000
  outer loop
   vertex 68.2348 4.0463 77.0000
   vertex 67.4437 8.0234 77.0000
   vertex 67.4437 8.0234 183.4000
  endloop
 endfacet
 facet normal 0.98079 0.19509 -0.00000
  outer loop
   vertex 68.2348 4.0463 77.0000
   vertex 67.4437 8.0234 183.4000
   vertex 68.2348 4.0463 183.4000
  endloop
 endfacet
 facet normal 0.94693 0.32144 0.00000
  outer loop
   vertex 67.4437 8.0234 77.0000
   vertex 66.1403 11.8632 77.0000
   vertex 66.1403 11.8632 183.4000
  endloop
 endfacet
 facet normal 0.94693 0.32144 -0.00000
  outer loop
   vertex 67.4437 8.0234 77.0000
   vertex 66.1403 11.8632 183.4000
   vertex 67.4437 8.0234 183.4000
  endloop
 endfacet
 facet normal 0.89687 0.44229 0.00000
  outer loop
   vertex 66.1403 11.8632 77.0000
   vertex 64.3468 15.5000 77.0000
   vertex 64.3468 15.5000 183.4000
  endloop
 endfacet
 facet normal 0.89687 0.44229 -0.00000
  outer loop
   vertex 66.1403 11.8632 77.0000
   vertex 64.3468 15.5000 183.4000
   vertex 66.1403 11.8632 183.4000
  endloop
 endfacet
 facet normal 0.83147 0.55557 0.00000
  outer loop
   vertex 64.3468 15.5000 77.0000
   vertex 62.0940 18.8716 77.0000
   vertex 62.0940 18.8716 183.4000
  endloop
 endfacet
 facet normal 0.83147 0.55557 -0.00000
  outer loop
   vertex 64.3468 15.5000 77.0000
   vertex 62.0940 18.8716 183.4000
   vertex 64.3468 15.5000 183.4000
  endloop
 endfacet
 facet normal 0.75184 0.65935 0.00000
  outer loop
   vertex 62.0940 18.8716 77.0000
   vertex 59.4203 21.9203 77.0000
   vertex 59.4203 21.9203 183.4000
  endloop
 endfacet
 facet normal 0.75184 0.65935 -0.00000
  outer loop
   vertex 62.0940 18.8716 77.0000
   vertex 59.4203 21.9203 183.4000
   vertex 62.0940 18.8716 183.4000
  endloop
 endfacet
 facet normal 0.65935 0.75184 0.00000
  outer loop
   vertex 59.4203 21.9203 77.0000
   vertex 56.3716 24.5940 77.0000
   vertex 56.3716 24.5940 183.4000
  endloop
 endfacet
 facet normal 0.65935 0.75184 -0.00000
  outer loop
   vertex 59.4203 21.9203 77.0000
   vertex 56.3716 24.5940 183.4000
   vertex 59.4203 21.9203 183.4000
  endloop
 endfacet
 facet normal 0.55557 0.83147 0.00000
  outer loop
   vertex 56.3716 24.5940 77.0000
   vertex 53.0000 26.8468 77.0000
   vertex 53.0000 26.8468 183.4000
  endloop
 endfacet
 facet normal 0.55557 0.83147 -0.00000
  outer loop
   vertex 56.3716 24.5940 77.0000
   vertex 53.0000 26.8468 183.4000
   vertex 56.3716 24.5940 183.4000
  endloop
 endfacet
 facet normal 0.44229 0.89687 0.00000
  outer loop
   vertex 53.0000 26.8468 77.0000
   vertex 49.3632 28.6403 77.0000
   vertex 49.3632 28.6403 183.4000
  endloop
 endfacet
 facet normal 0.44229 0.89687 -0.00000
  outer loop
   vertex 53.0000 26.8468 77.0000
   vertex 49.3632 28.6403 183.4000
   vertex 53.0000 26.8468 183.4000
  endloop
 endfacet
 facet normal 0.32144 0.94693 0.00000
  outer loop
   vertex 49.3632 28.6403 77.0000
   vertex 45.5234 29.9437 77.0000
   vertex 45.5234 29.9437 183.4000
  endloop
 endfacet
 facet normal 0.32144 0.94693 -0.00000
  outer loop
   vertex 49.3632 28.6403 77.0000
   vertex 45.5234 29.9437 183.4000
   vertex 49.3632 28.6403 183.4000
  endloop
 endfacet
 facet normal 0.19509 0.98079 0.00000
  outer loop
   vertex 45.5234 29.9437 77.0000
   vertex 41.5463 30.7348 77.0000
   vertex 41.5463 30.7348 183.4000
  endloop
 endfacet
 facet normal 0.19509 0.98079 -0.00000
  outer loop
   vertex 45.5234 29.9437 77.0000
   vertex 41.5463 30.7348 183.4000
   vertex 45.5234 29.9437 183.4000
  endloop
 endfacet
 facet normal 0.06540 0.99786 0.00000
  outer loop
   vertex 41.5463 30.7348 77.0000
   vertex 37.5000 31.0000 77.0000
   vertex 37.5000 31.0000 183.4000
  endloop
 endfacet
 facet normal 0.06540 0.99786 -0.00000
  outer loop
   vertex 41.5463 30.7348 77.0000
   vertex 37.5000 31.0000 183.4000
   vertex 41.5463 30.7348 183.4000
  endloop
 endfacet
 facet normal -0.06540 0.99786 0.00000
  outer loop
   vertex 37.5000 31.0000 77.0000
   vertex 33.4537 30.7348 77.0000
   vertex 33.4537 30.7348 183.4000
  endloop
 endfacet
 facet normal -0.06540 0.99786 0.00000
  outer loop
   vertex 37.5000 31.0000 77.0000
   vertex 33.4537 30.7348 183.4000
   vertex 37.5000 31.0000 183.4000
  endloop
 endfacet
 facet normal -0.19509 0.98079 0.00000
  outer loop
   vertex 33.4537 30.7348 77.0000
   vertex 29.4766 29.9437 77.0000
   vertex 29.4766 29.9437 183.4000
  endloop
 endfacet
 facet normal -0.19509 0.98079 0.00000
  outer loop
   vertex 33.4537 30.7348 77.0000
   vertex 29.4766 29.9437 183.4000
   vertex 33.4537 30.7348 183.4000
  endloop
 endfacet
 facet normal -0.32144 0.94693 0.00000
  outer loop
   vertex 29.4766 29.9437 77.0000
   vertex 25.6368 28.6403 77.0000
   vertex 25.6368 28.6403 183.4000
  endloop
 endfacet
 facet normal -0.32144 0.94693 0.00000
  outer loop
   vertex 29.4766 29.9437 77.0000
   vertex 25.6368 28.6403 183.4000
   vertex 29.4766 29.9437 183.4000
  endloop
 endfacet
 facet normal -0.44229 0.89687 0.00000
  outer loop
   vertex 25.6368 28.6403 77.0000
   vertex 22.0000 26.8468 77.0000
   vertex 22.0000 26.8468 183.4000
  endloop
 endfacet
 facet normal -0.44229 0.89687 0.00000
  outer loop
   vertex 25.6368 28.6403 77.0000
   vertex 22.0000 26.8468 183.4000
   vertex 25.6368 28.6403 183.4000
  endloop
 endfacet
 facet normal -0.55557 0.83147 0.00000
  outer loop
   vertex 22.0000 26.8468 77.0000
   vertex 18.6284 24.5940 77.0000
   vertex 18.6284 24.5940 183.4000
  endloop
 endfacet
 facet normal -0.55557 0.83147 0.00000
  outer loop
   vertex 22.0000 26.8468 77.0000
   vertex 18.6284 24.5940 183.4000
   vertex 22.0000 26.8468 183.4000
  endloop
 endfacet
 facet normal -0.65935 0.75184 0.00000
  outer loop
   vertex 18.6284 24.5940 77.0000
   vertex 15.5797 21.9203 77.0000
   vertex 15.5797 21.9203 183.4000
  endloop
 endfacet
 facet normal -0.65935 0.75184 0.00000
  outer loop
   vertex 18.6284 24.5940 77.0000
   vertex 15.5797 21.9203 183.4000
   vertex 18.6284 24.5940 183.4000
  endloop
 endfacet
 facet normal -0.75184 0.65935 0.00000
  outer loop
   vertex 15.5797 21.9203 77.0000
   vertex 12.9060 18.8716 77.0000
   vertex 12.9060 18.8716 183.4000
  endloop
 endfacet
 facet normal -0.75184 0.65935 0.00000
  outer loop
   vertex 15.5797 21.9203 77.0000
   vertex 12.9060 18.8716 183.4000
   vertex 15.5797 21.9203 183.4000
  endloop
 endfacet
 facet normal -0.83147 0.55557 0.00000
  outer loop
   vertex 12.9060 18.8716 77.0000
   vertex 10.6532 15.5000 77.0000
   vertex 10.6532 15.5000 183.4000
  endloop
 endfacet
 facet normal -0.83147 0.55557 0.00000
  outer loop
   vertex 12.9060 18.8716 77.0000
   vertex 10.6532 15.5000 183.4000
   vertex 12.9060 18.8716 183.4000
  endloop
 endfacet
 facet normal -0.89687 0.44229 0.00000
  outer loop
   vertex 10.6532 15.5000 77.0000
   vertex 8.8597 11.8632 77.0000
   vertex 8.8597 11.8632 183.4000
  endloop
 endfacet
 facet normal -0.89687 0.44229 0.00000
  outer loop
   vertex 10.6532 15.5000 77.0000
   vertex 8.8597 11.8632 183.4000
   vertex 10.6532 15.5000 183.4000
  endloop
 endfacet
 facet normal -0.94693 0.32144 0.00000
  outer loop
   vertex 8.8597 11.8632 77.0000
   vertex 7.5563 8.0234 77.0000
   vertex 7.5563 8.0234 183.4000
  endloop
 endfacet
 facet normal -0.94693 0.32144 0.00000
  outer loop
   vertex 8.8597 11.8632 77.0000
   vertex 7.5563 8.0234 183.4000
   vertex 8.8597 11.8632 183.4000
  endloop
 endfacet
 facet normal -0.98079 0.19509 0.00000
  outer loop
   vertex 7.5563 8.0234 77.0000
   vertex 6.7652 4.0463 77.0000
   vertex 6.7652 4.0463 183.4000
  endloop
 endfacet
 facet normal -0.98079 0.19509 0.00000
  outer loop
   vertex 7.5563 8.0234 77.0000
   vertex 6.7652 4.0463 183.4000
   vertex 7.5563 8.0234 183.4000
  endloop
 endfacet
 facet normal -0.99786 0.06540 0.00000
  outer loop
   vertex 6.7652 4.0463 77.0000
   vertex 6.5000 0.0000 77.0000
   vertex 6.5000 0.0000 183.4000
  endloop
 endfacet
 facet normal -0.99786 0.06540 0.00000
  outer loop
   vertex 6.7652 4.0463 77.0000
   vertex 6.5000 0.0000 183.4000
   vertex 6.7652 4.0463 183.4000
  endloop
 endfacet
 facet normal -0.99786 -0.06540 0.00000
  outer loop
   vertex 6.5000 0.0000 77.0000
   vertex 6.7652 -4.0463 77.0000
   vertex 6.7652 -4.0463 183.4000
  endloop
 endfacet
 facet normal -0.99786 -0.06540 0.00000
  outer loop
   vertex 6.5000 0.0000 77.0000
   vertex 6.7652 -4.0463 183.4000
   vertex 6.5000 0.0000 183.4000
  endloop
 endfacet
 facet normal -0.98079 -0.19509 0.00000
  outer loop
   vertex 6.7652 -4.0463 77.0000
   vertex 7.5563 -8.0234 77.0000
   vertex 7.5563 -8.0234 183.4000
  endloop
 endfacet
 facet normal -0.98079 -0.19509 0.00000
  outer loop
   vertex 6.7652 -4.0463 77.0000
   vertex 7.5563 -8.0234 183.4000
   vertex 6.7652 -4.0463 183.4000
  endloop
 endfacet
 facet normal -0.94693 -0.32144 0.00000
  outer loop
   vertex 7.5563 -8.0234 77.0000
   vertex 8.8597 -11.8632 77.0000
   vertex 8.8597 -11.8632 183.4000
  endloop
 endfacet
 facet normal -0.94693 -0.32144 0.00000
  outer loop
   vertex 7.5563 -8.0234 77.0000
   vertex 8.8597 -11.8632 183.4000
   vertex 7.5563 -8.0234 183.4000
  endloop
 endfacet
 facet normal -0.89687 -0.44229 0.00000
  outer loop
   vertex 8.8597 -11.8632 77.0000
   vertex 10.6532 -15.5000 77.0000
   vertex 10.6532 -15.5000 183.4000
  endloop
 endfacet
 facet normal -0.89687 -0.44229 0.00000
  outer loop
   vertex 8.8597 -11.8632 77.0000
   vertex 10.6532 -15.5000 183.4000
   vertex 8.8597 -11.8632 183.4000
  endloop
 endfacet
 facet normal -0.83147 -0.55557 0.00000
  outer loop
   vertex 10.6532 -15.5000 77.0000
   vertex 12.9060 -18.8716 77.0000
   vertex 12.9060 -18.8716 183.4000
  endloop
 endfacet
 facet normal -0.83147 -0.55557 0.00000
  outer loop
   vertex 10.6532 -15.5000 77.0000
   vertex 12.9060 -18.8716 183.4000
   vertex 10.6532 -15.5000 183.4000
  endloop
 endfacet
 facet normal -0.75184 -0.65935 0.00000
  outer loop
   vertex 12.9060 -18.8716 77.0000
   vertex 15.5797 -21.9203 77.0000
   vertex 15.5797 -21.9203 183.4000
  endloop
 endfacet
 facet normal -0.75184 -0.65935 0.00000
  outer loop
   vertex 12.9060 -18.8716 77.0000
   vertex 15.5797 -21.9203 183.4000
   vertex 12.9060 -18.8716 183.4000
  endloop
 endfacet
 facet normal -0.65935 -0.75184 0.00000
  outer loop
   vertex 15.5797 -21.9203 77.0000
   vertex 18.6284 -24.5940 77.0000
   vertex 18.6284 -24.5940 183.4000
  endloop
 endfacet
 facet normal -0.65935 -0.75184 0.00000
  outer loop
   vertex 15.5797 -21.9203 77.0000
   vertex 18.6284 -24.5940 183.4000
   vertex 15.5797 -21.9203 183.4000
  endloop
 endfacet
 facet normal -0.55557 -0.83147 0.00000
  outer loop
   vertex 18.6284 -24.5940 77.0000
   vertex 22.0000 -26.8468 77.0000
   vertex 22.0000 -26.8468 183.4000
  endloop
 endfacet
 facet normal -0.55557 -0.83147 0.00000
  outer loop
   vertex 18.6284 -24.5940 77.0000
   vertex 22.0000 -26.8468 183.4000
   vertex 18.6284 -24.5940 183.4000
  endloop
 endfacet
 facet normal -0.44229 -0.89687 0.00000
  outer loop
   vertex 22.0000 -26.8468 77.0000
   vertex 25.6368 -28.6403 77.0000
   vertex 25.6368 -28.6403 183.4000
  endloop
 endfacet
 facet normal -0.44229 -0.89687 0.00000
  outer loop
   vertex 22.0000 -26.8468 77.0000
   vertex 25.6368 -28.6403 183.4000
   vertex 22.0000 -26.8468 183.4000
  endloop
 endfacet
 facet normal -0.32144 -0.94693 0.00000
  outer loop
   vertex 25.6368 -28.6403 77.0000
   vertex 29.4766 -29.9437 77.0000
   vertex 29.4766 -29.9437 183.4000
  endloop
 endfacet
 facet normal -0.32144 -0.94693 0.00000
  outer loop
   vertex 25.6368 -28.6403 77.0000
   vertex 29.4766 -29.9437 183.4000
   vertex 25.6368 -28.6403 183.4000
  endloop
 endfacet
 facet normal -0.19509 -0.98079 0.00000
  outer loop
   vertex 29.4766 -29.9437 77.0000
   vertex 33.4537 -30.7348 77.0000
   vertex 33.4537 -30.7348 183.4000
  endloop
 endfacet
 facet normal -0.19509 -0.98079 0.00000
  outer loop
   vertex 29.4766 -29.9437 77.0000
   vertex 33.4537 -30.7348 183.4000
   vertex 29.4766 -29.9437 183.4000
  endloop
 endfacet
 facet normal -0.06540 -0.99786 0.00000
  outer loop
   vertex 33.4537 -30.7348 77.0000
   vertex 37.5000 -31.0000 77.0000
   vertex 37.5000 -31.0000 183.4000
  endloop
 endfacet
 facet normal -0.06540 -0.99786 0.00000
  outer loop
   vertex 33.4537 -30.7348 77.0000
   vertex 37.5000 -31.0000 183.4000
   vertex 33.4537 -30.7348 183.4000
  endloop
 endfacet
 facet normal 0.06540 -0.99786 0.00000
  outer loop
   vertex 37.5000 -31.0000 77.0000
   vertex 41.5463 -30.7348 77.0000
   vertex 41.5463 -30.7348 183.4000
  endloop
 endfacet
 facet normal 0.06540 -0.99786 0.00000
  outer loop
   vertex 37.5000 -31.0000 77.0000
   vertex 41.5463 -30.7348 183.4000
   vertex 37.5000 -31.0000 183.4000
  endloop
 endfacet
 facet normal 0.19509 -0.98079 0.00000
  outer loop
   vertex 41.5463 -30.7348 77.0000
   vertex 45.5234 -29.9437 77.0000
   vertex 45.5234 -29.9437 183.4000
  endloop
 endfacet
 facet normal 0.19509 -0.98079 0.00000
  outer loop
   vertex 41.5463 -30.7348 77.0000
   vertex 45.5234 -29.9437 183.4000
   vertex 41.5463 -30.7348 183.4000
  endloop
 endfacet
 facet normal 0.32144 -0.94693 0.00000
  outer loop
   vertex 45.5234 -29.9437 77.0000
   vertex 49.3632 -28.6403 77.0000
   vertex 49.3632 -28.6403 183.4000
  endloop
 endfacet
 facet normal 0.32144 -0.94693 0.00000
  outer loop
   vertex 45.5234 -29.9437 77.0000
   vertex 49.3632 -28.6403 183.4000
   vertex 45.5234 -29.9437 183.4000
  endloop
 endfacet
 facet normal 0.44229 -0.89687 0.00000
  outer loop
   vertex 49.3632 -28.6403 77.0000
   vertex 53.0000 -26.8468 77.0000
   vertex 53.0000 -26.8468 183.4000
  endloop
 endfacet
 facet normal 0.44229 -0.89687 0.00000
  outer loop
   vertex 49.3632 -28.6403 77.0000
   vertex 53.0000 -26.8468 183.4000
   vertex 49.3632 -28.6403 183.4000
  endloop
 endfacet
 facet normal 0.55557 -0.83147 0.00000
  outer loop
   vertex 53.0000 -26.8468 77.0000
   vertex 56.3716 -24.5940 77.0000
   vertex 56.3716 -24.5940 183.4000
  endloop
 endfacet
 facet normal 0.55557 -0.83147 0.00000
  outer loop
   vertex 53.0000 -26.8468 77.0000
   vertex 56.3716 -24.5940 183.4000
   vertex 53.0000 -26.8468 183.4000
  endloop
 endfacet
 facet normal 0.65935 -0.75184 0.00000
  outer loop
   vertex 56.3716 -24.5940 77.0000
   vertex 59.4203 -21.9203 77.0000
   vertex 59.4203 -21.9203 183.4000
  endloop
 endfacet
 facet normal 0.65935 -0.75184 0.00000
  outer loop
   vertex 56.3716 -24.5940 77.0000
   vertex 59.4203 -21.9203 183.4000
   vertex 56.3716 -24.5940 183.4000
  endloop
 endfacet
 facet normal 0.75184 -0.65935 0.00000
  outer loop
   vertex 59.4203 -21.9203 77.0000
   vertex 62.0940 -18.8716 77.0000
   vertex 62.0940 -18.8716 183.4000
  endloop
 endfacet
 facet normal 0.75184 -0.65935 0.00000
  outer loop
   vertex 59.4203 -21.9203 77.0000
   vertex 62.0940 -18.8716 183.4000
   vertex 59.4203 -21.9203 183.4000
  endloop
 endfacet
 facet normal 0.83147 -0.55557 0.00000
  outer loop
   vertex 62.0940 -18.8716 77.0000
   vertex 64.3468 -15.5000 77.0000
   vertex 64.3468 -15.5000 183.4000
  endloop
 endfacet
 facet normal 0.83147 -0.55557 0.00000
  outer loop
   vertex 62.0940 -18.8716 77.0000
   vertex 64.3468 -15.5000 183.4000
   vertex 62.0940 -18.8716 183.4000
  endloop
 endfacet
 facet normal 0.89687 -0.44229 0.00000
  outer loop
   vertex 64.3468 -15.5000 77.0000
   vertex 66.1403 -11.8632 77.0000
   vertex 66.1403 -11.8632 183.4000
  endloop
 endfacet
 facet normal 0.89687 -0.44229 0.00000
  outer loop
   vertex 64.3468 -15.5000 77.0000
   vertex 66.1403 -11.8632 183.4000
   vertex 64.3468 -15.5000 183.4000
  endloop
 endfacet
 facet normal 0.94693 -0.32144 0.00000
  outer loop
   vertex 66.1403 -11.8632 77.0000
   vertex 67.4437 -8.0234 77.0000
   vertex 67.4437 -8.0234 183.4000
  endloop
 endfacet
 facet normal 0.94693 -0.32144 0.00000
  outer loop
   vertex 66.1403 -11.8632 77.0000
   vertex 67.4437 -8.0234 183.4000
   vertex 66.1403 -11.8632 183.4000
  endloop
 endfacet
 facet normal 0.98079 -0.19509 0.00000
  outer loop
   vertex 67.4437 -8.0234 77.0000
   vertex 68.2348 -4.0463 77.0000
   vertex 68.2348 -4.0463 183.4000
  endloop
 endfacet
 facet normal 0.98079 -0.19509 0.00000
  outer loop
   vertex 67.4437 -8.0234 77.0000
   vertex 68.2348 -4.0463 183.4000
   vertex 67.4437 -8.0234 183.4000
  endloop
 endfacet
 facet normal 0.99786 -0.06540 0.00000
  outer loop
   vertex 68.2348 -4.0463 77.0000
   vertex 68.5000 0.0000 77.0000
   vertex 68.5000 0.0000 183.4000
  endloop
 endfacet
 facet normal 0.99786 -0.06540 0.00000
  outer loop
   vertex 68.2348 -4.0463 77.0000
   vertex 68.5000 0.0000 183.4000
   vertex 68.2348 -4.0463 183.4000
  endloop
 endfacet
 facet normal -0.99786 -0.06540 0.00000
  outer loop
   vertex 67.5000 0.0000 77.0000
   vertex 67.2433 3.9158 183.4000
   vertex 67.2433 3.9158 77.0000
  endloop
 endfacet
 facet normal -0.99786 -0.06540 0.00000
  outer loop
   vertex 67.5000 0.0000 77.0000
   vertex 67.5000 0.0000 183.4000
   vertex 67.2433 3.9158 183.4000
  endloop
 endfacet
 facet normal 0.00000 0.00000 -1.00000
  outer loop
   vertex 68.5000 0.0000 77.0000
   vertex 67.5000 0.0000 77.0000
   vertex 67.2433 3.9158 77.0000
  endloop
 endfacet
 facet normal 0.00000 0.00000 -1.00000
  outer loop
   vertex 68.5000 0.0000 77.0000
   vertex 67.2433 3.9158 77.0000
   vertex 68.2348 4.0463 77.0000
  endloop
 endfacet
 facet normal 0.00000 0.00000 1.00000
  outer loop
   vertex 68.5000 0.0000 183.4000
   vertex 68.2348 4.0463 183.4000
   vertex 67.2433 3.9158 183.4000
  endloop
 endfacet
 facet normal 0.00000 0.00000 1.00000
  outer loop
   vertex 68.5000 0.0000 183.4000
   vertex 67.2433 3.9158 183.4000
   vertex 67.5000 0.0000 183.4000
  endloop
 endfacet
 facet normal -0.98079 -0.19509 0.00000
  outer loop
   vertex 67.2433 3.9158 77.0000
   vertex 66.4778 7.7646 183.4000
   vertex 66.4778 7.7646 77.0000
  endloop
 endfacet
 facet normal -0.98079 -0.19509 0.00000
  outer loop
   vertex 67.2433 3.9158 77.0000
   vertex 67.2433 3.9158 183.4000
   vertex 66.4778 7.7646 183.4000
  endloop
 endfacet
 facet normal -0.00000 0.00000 -1.00000
  outer loop
   vertex 68.2348 4.0463 77.0000
   vertex 67.2433 3.9158 77.0000
   vertex 66.4778 7.7646 77.0000
  endloop
 endfacet
 facet normal 0.00000 0.00000 -1.00000
  outer loop
   vertex 68.2348 4.0463 77.0000
   vertex 66.4778 7.7646 77.0000
   vertex 67.4437 8.0234 77.0000
  endloop
 endfacet
 facet normal 0.00000 0.00000 1.00000
  outer loop
   vertex 68.2348 4.0463 183.4000
   vertex 67.4437 8.0234 183.4000
   vertex 66.4778 7.7646 183.4000
  endloop
 endfacet
 facet normal 0.00000 0.00000 1.00000
  outer loop
   vertex 68.2348 4.0463 183.4000
   vertex 66.4778 7.7646 183.4000
   vertex 67.2433 3.9158 183.4000
  endloop
 endfacet
 facet normal -0.94693 -0.32144 0.00000
  outer loop
   vertex 66.4778 7.7646 77.0000
   vertex 65.2164 11.4805 183.4000
   vertex 65.2164 11.4805 77.0000
  endloop
 endfacet
 facet normal -0.94693 -0.32144 0.00000
  outer loop
   vertex 66.4778 7.7646 77.0000
   vertex 66.4778 7.7646 183.4000
   vertex 65.2164 11.4805 183.4000
  endloop
 endfacet
 facet normal -0.00000 0.00000 -1.00000
  outer loop
   vertex 67.4437 8.0234 77.0000
   vertex 66.4778 7.7646 77.0000
   vertex 65.2164 11.4805 77.0000
  endloop
 endfacet
 facet normal 0.00000 0.00000 -1.00000
  outer loop
   vertex 67.4437 8.0234 77.0000
   vertex 65.2164 11.4805 77.0000
   vertex 66.1403 11.8632 77.0000
  endloop
 endfacet
 facet normal 0.00000 0.00000 1.00000
  outer loop
   vertex 67.4437 8.0234 183.4000
   vertex 66.1403 11.8632 183.4000
   vertex 65.2164 11.4805 183.4000
  endloop
 endfacet
 facet normal 0.00000 0.00000 1.00000
  outer loop
   vertex 67.4437 8.0234 183.4000
   vertex 65.2164 11.4805 183.4000
   vertex 66.4778 7.7646 183.4000
  endloop
 endfacet
 facet normal -0.89687 -0.44229 0.00000
  outer loop
   vertex 65.2164 11.4805 77.0000
   vertex 63.4808 15.0000 183.4000
   vertex 63.4808 15.0000 77.0000
  endloop
 endfacet
 facet normal -0.89687 -0.44229 0.00000
  outer loop
   vertex 65.2164 11.4805 77.0000
   vertex 65.2164 11.4805 183.4000
   vertex 63.4808 15.0000 183.4000
  endloop
 endfacet
 facet normal -0.00000 0.00000 -1.00000
  outer loop
   vertex 66.1403 11.8632 77.0000
   vertex 65.2164 11.4805 77.0000
   vertex 63.4808 15.0000 77.0000
  endloop
 endfacet
 facet normal 0.00000 0.00000 -1.00000
  outer loop
   vertex 66.1403 11.8632 77.0000
   vertex 63.4808 15.0000 77.0000
   vertex 64.3468 15.5000 77.0000
  endloop
 endfacet
 facet normal 0.00000 0.00000 1.00000
  outer loop
   vertex 66.1403 11.8632 183.4000
   vertex 64.3468 15.5000 183.4000
   vertex 63.4808 15.0000 183.4000
  endloop
 endfacet
 facet normal 0.00000 0.00000 1.00000
  outer loop
   vertex 66.1403 11.8632 183.4000
   vertex 63.4808 15.0000 183.4000
   vertex 65.2164 11.4805 183.4000
  endloop
 endfacet
 facet normal -0.83147 -0.55557 0.00000
  outer loop
   vertex 63.4808 15.0000 77.0000
   vertex 61.3006 18.2628 183.4000
   vertex 61.3006 18.2628 77.0000
  endloop
 endfacet
 facet normal -0.83147 -0.55557 0.00000
  outer loop
   vertex 63.4808 15.0000 77.0000
   vertex 63.4808 15.0000 183.4000
   vertex 61.3006 18.2628 183.4000
  endloop
 endfacet
 facet normal -0.00000 0.00000 -1.00000
  outer loop
   vertex 64.3468 15.5000 77.0000
   vertex 63.4808 15.0000 77.0000
   vertex 61.3006 18.2628 77.0000
  endloop
 endfacet
 facet normal 0.00000 0.00000 -1.00000
  outer loop
   vertex 64.3468 15.5000 77.0000
   vertex 61.3006 18.2628 77.0000
   vertex 62.0940 18.8716 77.0000
  endloop
 endfacet
 facet normal 0.00000 0.00000 1.00000
  outer loop
   vertex 64.3468 15.5000 183.4000
   vertex 62.0940 18.8716 183.4000
   vertex 61.3006 18.2628 183.4000
  endloop
 endfacet
 facet normal 0.00000 0.00000 1.00000
  outer loop
   vertex 64.3468 15.5000 183.4000
   vertex 61.3006 18.2628 183.4000
   vertex 63.4808 15.0000 183.4000
  endloop
 endfacet
 facet normal -0.75184 -0.65935 0.00000
  outer loop
   vertex 61.3006 18.2628 77.0000
   vertex 58.7132 21.2132 183.4000
   vertex 58.7132 21.2132 77.0000
  endloop
 endfacet
 facet normal -0.75184 -0.65935 0.00000
  outer loop
   vertex 61.3006 18.2628 77.0000
   vertex 61.3006 18.2628 183.4000
   vertex 58.7132 21.2132 183.4000
  endloop
 endfacet
 facet normal -0.00000 0.00000 -1.00000
  outer loop
   vertex 62.0940 18.8716 77.0000
   vertex 61.3006 18.2628 77.0000
   vertex 58.7132 21.2132 77.0000
  endloop
 endfacet
 facet normal 0.00000 0.00000 -1.00000
  outer loop
   vertex 62.0940 18.8716 77.0000
   vertex 58.7132 21.2132 77.0000
   vertex 59.4203 21.9203 77.0000
  endloop
 endfacet
 facet normal 0.00000 0.00000 1.00000
  outer loop
   vertex 62.0940 18.8716 183.4000
   vertex 59.4203 21.9203 183.4000
   vertex 58.7132 21.2132 183.4000
  endloop
 endfacet
 facet normal 0.00000 0.00000 1.00000
  outer loop
   vertex 62.0940 18.8716 183.4000
   vertex 58.7132 21.2132 183.4000
   vertex 61.3006 18.2628 183.4000
  endloop
 endfacet
 facet normal -0.65935 -0.75184 0.00000
  outer loop
   vertex 58.7132 21.2132 77.0000
   vertex 55.7628 23.8006 183.4000
   vertex 55.7628 23.8006 77.0000
  endloop
 endfacet
 facet normal -0.65935 -0.75184 0.00000
  outer loop
   vertex 58.7132 21.2132 77.0000
   vertex 58.7132 21.2132 183.4000
   vertex 55.7628 23.8006 183.4000
  endloop
 endfacet
 facet normal -0.00000 0.00000 -1.00000
  outer loop
   vertex 59.4203 21.9203 77.0000
   vertex 58.7132 21.2132 77.0000
   vertex 55.7628 23.8006 77.0000
  endloop
 endfacet
 facet normal 0.00000 0.00000 -1.00000
  outer loop
   vertex 59.4203 21.9203 77.0000
   vertex 55.7628 23.8006 77.0000
   vertex 56.3716 24.5940 77.0000
  endloop
 endfacet
 facet normal 0.00000 0.00000 1.00000
  outer loop
   vertex 59.4203 21.9203 183.4000
   vertex 56.3716 24.5940 183.4000
   vertex 55.7628 23.8006 183.4000
  endloop
 endfacet
 facet normal 0.00000 0.00000 1.00000
  outer loop
   vertex 59.4203 21.9203 183.4000
   vertex 55.7628 23.8006 183.4000
   vertex 58.7132 21.2132 183.4000
  endloop
 endfacet
 facet normal -0.55557 -0.83147 0.00000
  outer loop
   vertex 55.7628 23.8006 77.0000
   vertex 52.5000 25.9808 183.4000
   vertex 52.5000 25.9808 77.0000
  endloop
 endfacet
 facet normal -0.55557 -0.83147 0.00000
  outer loop
   vertex 55.7628 23.8006 77.0000
   vertex 55.7628 23.8006 183.4000
   vertex 52.5000 25.9808 183.4000
  endloop
 endfacet
 facet normal -0.00000 0.00000 -1.00000
  outer loop
   vertex 56.3716 24.5940 77.0000
   vertex 55.7628 23.8006 77.0000
   vertex 52.5000 25.9808 77.0000
  endloop
 endfacet
 facet normal 0.00000 0.00000 -1.00000
  outer loop
   vertex 56.3716 24.5940 77.0000
   vertex 52.5000 25.9808 77.0000
   vertex 53.0000 26.8468 77.0000
  endloop
 endfacet
 facet normal 0.00000 0.00000 1.00000
  outer loop
   vertex 56.3716 24.5940 183.4000
   vertex 53.0000 26.8468 183.4000
   vertex 52.5000 25.9808 183.4000
  endloop
 endfacet
 facet normal 0.00000 0.00000 1.00000
  outer loop
   vertex 56.3716 24.5940 183.4000
   vertex 52.5000 25.9808 183.4000
   vertex 55.7628 23.8006 183.4000
  endloop
 endfacet
 facet normal -0.44229 -0.89687 0.00000
  outer loop
   vertex 52.5000 25.9808 77.0000
   vertex 48.9805 27.7164 183.4000
   vertex 48.9805 27.7164 77.0000
  endloop
 endfacet
 facet normal -0.44229 -0.89687 0.00000
  outer loop
   vertex 52.5000 25.9808 77.0000
   vertex 52.5000 25.9808 183.4000
   vertex 48.9805 27.7164 183.4000
  endloop
 endfacet
 facet normal -0.00000 0.00000 -1.00000
  outer loop
   vertex 53.0000 26.8468 77.0000
   vertex 52.5000 25.9808 77.0000
   vertex 48.9805 27.7164 77.0000
  endloop
 endfacet
 facet normal 0.00000 0.00000 -1.00000
  outer loop
   vertex 53.0000 26.8468 77.0000
   vertex 48.9805 27.7164 77.0000
   vertex 49.3632 28.6403 77.0000
  endloop
 endfacet
 facet normal 0.00000 0.00000 1.00000
  outer loop
   vertex 53.0000 26.8468 183.4000
   vertex 49.3632 28.6403 183.4000
   vertex 48.9805 27.7164 183.4000
  endloop
 endfacet
 facet normal 0.00000 0.00000 1.00000
  outer loop
   vertex 53.0000 26.8468 183.4000
   vertex 48.9805 27.7164 183.4000
   vertex 52.5000 25.9808 183.4000
  endloop
 endfacet
 facet normal -0.32144 -0.94693 0.00000
  outer loop
   vertex 48.9805 27.7164 77.0000
   vertex 45.2646 28.9778 183.4000
   vertex 45.2646 28.9778 77.0000
  endloop
 endfacet
 facet normal -0.32144 -0.94693 0.00000
  outer loop
   vertex 48.9805 27.7164 77.0000
   vertex 48.9805 27.7164 183.4000
   vertex 45.2646 28.9778 183.4000
  endloop
 endfacet
 facet normal -0.00000 0.00000 -1.00000
  outer loop
   vertex 49.3632 28.6403 77.0000
   vertex 48.9805 27.7164 77.0000
   vertex 45.2646 28.9778 77.0000
  endloop
 endfacet
 facet normal 0.00000 0.00000 -1.00000
  outer loop
   vertex 49.3632 28.6403 77.0000
   vertex 45.2646 28.9778 77.0000
   vertex 45.5234 29.9437 77.0000
  endloop
 endfacet
 facet normal 0.00000 0.00000 1.00000
  outer loop
   vertex 49.3632 28.6403 183.4000
   vertex 45.5234 29.9437 183.4000
   vertex 45.2646 28.9778 183.4000
  endloop
 endfacet
 facet normal 0.00000 0.00000 1.00000
  outer loop
   vertex 49.3632 28.6403 183.4000
   vertex 45.2646 28.9778 183.4000
   vertex 48.9805 27.7164 183.4000
  endloop
 endfacet
 facet normal -0.19509 -0.98079 0.00000
  outer loop
   vertex 45.2646 28.9778 77.0000
   vertex 41.4158 29.7433 183.4000
   vertex 41.4158 29.7433 77.0000
  endloop
 endfacet
 facet normal -0.19509 -0.98079 0.00000
  outer loop
   vertex 45.2646 28.9778 77.0000
   vertex 45.2646 28.9778 183.4000
   vertex 41.4158 29.7433 183.4000
  endloop
 endfacet
 facet normal 0.00000 0.00000 -1.00000
  outer loop
   vertex 45.5234 29.9437 77.0000
   vertex 45.2646 28.9778 77.0000
   vertex 41.4158 29.7433 77.0000
  endloop
 endfacet
 facet normal -0.00000 0.00000 -1.00000
  outer loop
   vertex 45.5234 29.9437 77.0000
   vertex 41.4158 29.7433 77.0000
   vertex 41.5463 30.7348 77.0000
  endloop
 endfacet
 facet normal 0.00000 0.00000 1.00000
  outer loop
   vertex 45.5234 29.9437 183.4000
   vertex 41.5463 30.7348 183.4000
   vertex 41.4158 29.7433 183.4000
  endloop
 endfacet
 facet normal 0.00000 0.00000 1.00000
  outer loop
   vertex 45.5234 29.9437 183.4000
   vertex 41.4158 29.7433 183.4000
   vertex 45.2646 28.9778 183.4000
  endloop
 endfacet
 facet normal -0.06540 -0.99786 0.00000
  outer loop
   vertex 41.4158 29.7433 77.0000
   vertex 37.5000 30.0000 183.4000
   vertex 37.5000 30.0000 77.0000
  endloop
 endfacet
 facet normal -0.06540 -0.99786 0.00000
  outer loop
   vertex 41.4158 29.7433 77.0000
   vertex 41.4158 29.7433 183.4000
   vertex 37.5000 30.0000 183.4000
  endloop
 endfacet
 facet normal 0.00000 0.00000 -1.00000
  outer loop
   vertex 41.5463 30.7348 77.0000
   vertex 41.4158 29.7433 77.0000
   vertex 37.5000 30.0000 77.0000
  endloop
 endfacet
 facet normal -0.00000 0.00000 -1.00000
  outer loop
   vertex 41.5463 30.7348 77.0000
   vertex 37.5000 30.0000 77.0000
   vertex 37.5000 31.0000 77.0000
  endloop
 endfacet
 facet normal 0.00000 0.00000 1.00000
  outer loop
   vertex 41.5463 30.7348 183.4000
   vertex 37.5000 31.0000 183.4000
   vertex 37.5000 30.0000 183.4000
  endloop
 endfacet
 facet normal 0.00000 0.00000 1.00000
  outer loop
   vertex 41.5463 30.7348 183.4000
   vertex 37.5000 30.0000 183.4000
   vertex 41.4158 29.7433 183.4000
  endloop
 endfacet
 facet normal 0.06540 -0.99786 0.00000
  outer loop
   vertex 37.5000 30.0000 77.0000
   vertex 33.5842 29.7433 183.4000
   vertex 33.5842 29.7433 77.0000
  endloop
 endfacet
 facet normal 0.06540 -0.99786 0.00000
  outer loop
   vertex 37.5000 30.0000 77.0000
   vertex 37.5000 30.0000 183.4000
   vertex 33.5842 29.7433 183.4000
  endloop
 endfacet
 facet normal 0.00000 -0.00000 -1.00000
  outer loop
   vertex 37.5000 31.0000 77.0000
   vertex 37.5000 30.0000 77.0000
   vertex 33.5842 29.7433 77.0000
  endloop
 endfacet
 facet normal 0.00000 0.00000 -1.00000
  outer loop
   vertex 37.5000 31.0000 77.0000
   vertex 33.5842 29.7433 77.0000
   vertex 33.4537 30.7348 77.0000
  endloop
 endfacet
 facet normal 0.00000 0.00000 1.00000
  outer loop
   vertex 37.5000 31.0000 183.4000
   vertex 33.4537 30.7348 183.4000
   vertex 33.5842 29.7433 183.4000
  endloop
 endfacet
 facet normal 0.00000 0.00000 1.00000
  outer loop
   vertex 37.5000 31.0000 183.4000
   vertex 33.5842 29.7433 183.4000
   vertex 37.5000 30.0000 183.4000
  endloop
 endfacet
 facet normal 0.19509 -0.98079 0.00000
  outer loop
   vertex 33.5842 29.7433 77.0000
   vertex 29.7354 28.9778 183.4000
   vertex 29.7354 28.9778 77.0000
  endloop
 endfacet
 facet normal 0.19509 -0.98079 0.00000
  outer loop
   vertex 33.5842 29.7433 77.0000
   vertex 33.5842 29.7433 183.4000
   vertex 29.7354 28.9778 183.4000
  endloop
 endfacet
 facet normal 0.00000 -0.00000 -1.00000
  outer loop
   vertex 33.4537 30.7348 77.0000
   vertex 33.5842 29.7433 77.0000
   vertex 29.7354 28.9778 77.0000
  endloop
 endfacet
 facet normal 0.00000 0.00000 -1.00000
  outer loop
   vertex 33.4537 30.7348 77.0000
   vertex 29.7354 28.9778 77.0000
   vertex 29.4766 29.9437 77.0000
  endloop
 endfacet
 facet normal 0.00000 0.00000 1.00000
  outer loop
   vertex 33.4537 30.7348 183.4000
   vertex 29.4766 29.9437 183.4000
   vertex 29.7354 28.9778 183.4000
  endloop
 endfacet
 facet normal 0.00000 0.00000 1.00000
  outer loop
   vertex 33.4537 30.7348 183.4000
   vertex 29.7354 28.9778 183.4000
   vertex 33.5842 29.7433 183.4000
  endloop
 endfacet
 facet normal 0.32144 -0.94693 0.00000
  outer loop
   vertex 29.7354 28.9778 77.0000
   vertex 26.0195 27.7164 183.4000
   vertex 26.0195 27.7164 77.0000
  endloop
 endfacet
 facet normal 0.32144 -0.94693 0.00000
  outer loop
   vertex 29.7354 28.9778 77.0000
   vertex 29.7354 28.9778 183.4000
   vertex 26.0195 27.7164 183.4000
  endloop
 endfacet
 facet normal 0.00000 -0.00000 -1.00000
  outer loop
   vertex 29.4766 29.9437 77.0000
   vertex 29.7354 28.9778 77.0000
   vertex 26.0195 27.7164 77.0000
  endloop
 endfacet
 facet normal 0.00000 0.00000 -1.00000
  outer loop
   vertex 29.4766 29.9437 77.0000
   vertex 26.0195 27.7164 77.0000
   vertex 25.6368 28.6403 77.0000
  endloop
 endfacet
 facet normal 0.00000 0.00000 1.00000
  outer loop
   vertex 29.4766 29.9437 183.4000
   vertex 25.6368 28.6403 183.4000
   vertex 26.0195 27.7164 183.4000
  endloop
 endfacet
 facet normal 0.00000 0.00000 1.00000
  outer loop
   vertex 29.4766 29.9437 183.4000
   vertex 26.0195 27.7164 183.4000
   vertex 29.7354 28.9778 183.4000
  endloop
 endfacet
 facet normal 0.44229 -0.89687 0.00000
  outer loop
   vertex 26.0195 27.7164 77.0000
   vertex 22.5000 25.9808 183.4000
   vertex 22.5000 25.9808 77.0000
  endloop
 endfacet
 facet normal 0.44229 -0.89687 0.00000
  outer loop
   vertex 26.0195 27.7164 77.0000
   vertex 26.0195 27.7164 183.4000
   vertex 22.5000 25.9808 183.4000
  endloop
 endfacet
 facet normal 0.00000 -0.00000 -1.00000
  outer loop
   vertex 25.6368 28.6403 77.0000
   vertex 26.0195 27.7164 77.0000
   vertex 22.5000 25.9808 77.0000
  endloop
 endfacet
 facet normal 0.00000 0.00000 -1.00000
  outer loop
   vertex 25.6368 28.6403 77.0000
   vertex 22.5000 25.9808 77.0000
   vertex 22.0000 26.8468 77.0000
  endloop
 endfacet
 facet normal 0.00000 0.00000 1.00000
  outer loop
   vertex 25.6368 28.6403 183.4000
   vertex 22.0000 26.8468 183.4000
   vertex 22.5000 25.9808 183.4000
  endloop
 endfacet
 facet normal 0.00000 0.00000 1.00000
  outer loop
   vertex 25.6368 28.6403 183.4000
   vertex 22.5000 25.9808 183.4000
   vertex 26.0195 27.7164 183.4000
  endloop
 endfacet
 facet normal 0.55557 -0.83147 0.00000
  outer loop
   vertex 22.5000 25.9808 77.0000
   vertex 19.2372 23.8006 183.4000
   vertex 19.2372 23.8006 77.0000
  endloop
 endfacet
 facet normal 0.55557 -0.83147 0.00000
  outer loop
   vertex 22.5000 25.9808 77.0000
   vertex 22.5000 25.9808 183.4000
   vertex 19.2372 23.8006 183.4000
  endloop
 endfacet
 facet normal 0.00000 -0.00000 -1.00000
  outer loop
   vertex 22.0000 26.8468 77.0000
   vertex 22.5000 25.9808 77.0000
   vertex 19.2372 23.8006 77.0000
  endloop
 endfacet
 facet normal 0.00000 0.00000 -1.00000
  outer loop
   vertex 22.0000 26.8468 77.0000
   vertex 19.2372 23.8006 77.0000
   vertex 18.6284 24.5940 77.0000
  endloop
 endfacet
 facet normal 0.00000 0.00000 1.00000
  outer loop
   vertex 22.0000 26.8468 183.4000
   vertex 18.6284 24.5940 183.4000
   vertex 19.2372 23.8006 183.4000
  endloop
 endfacet
 facet normal 0.00000 0.00000 1.00000
  outer loop
   vertex 22.0000 26.8468 183.4000
   vertex 19.2372 23.8006 183.4000
   vertex 22.5000 25.9808 183.4000
  endloop
 endfacet
 facet normal 0.65935 -0.75184 0.00000
  outer loop
   vertex 19.2372 23.8006 77.0000
   vertex 16.2868 21.2132 183.4000
   vertex 16.2868 21.2132 77.0000
  endloop
 endfacet
 facet normal 0.65935 -0.75184 0.00000
  outer loop
   vertex 19.2372 23.8006 77.0000
   vertex 19.2372 23.8006 183.4000
   vertex 16.2868 21.2132 183.4000
  endloop
 endfacet
 facet normal 0.00000 -0.00000 -1.00000
  outer loop
   vertex 18.6284 24.5940 77.0000
   vertex 19.2372 23.8006 77.0000
   vertex 16.2868 21.2132 77.0000
  endloop
 endfacet
 facet normal 0.00000 0.00000 -1.00000
  outer loop
   vertex 18.6284 24.5940 77.0000
   vertex 16.2868 21.2132 77.0000
   vertex 15.5797 21.9203 77.0000
  endloop
 endfacet
 facet normal 0.00000 0.00000 1.00000
  outer loop
   vertex 18.6284 24.5940 183.4000
   vertex 15.5797 21.9203 183.4000
   vertex 16.2868 21.2132 183.4000
  endloop
 endfacet
 facet normal 0.00000 0.00000 1.00000
  outer loop
   vertex 18.6284 24.5940 183.4000
   vertex 16.2868 21.2132 183.4000
   vertex 19.2372 23.8006 183.4000
  endloop
 endfacet
 facet normal 0.75184 -0.65935 0.00000
  outer loop
   vertex 16.2868 21.2132 77.0000
   vertex 13.6994 18.2628 183.4000
   vertex 13.6994 18.2628 77.0000
  endloop
 endfacet
 facet normal 0.75184 -0.65935 0.00000
  outer loop
   vertex 16.2868 21.2132 77.0000
   vertex 16.2868 21.2132 183.4000
   vertex 13.6994 18.2628 183.4000
  endloop
 endfacet
 facet normal 0.00000 -0.00000 -1.00000
  outer loop
   vertex 15.5797 21.9203 77.0000
   vertex 16.2868 21.2132 77.0000
   vertex 13.6994 18.2628 77.0000
  endloop
 endfacet
 facet normal 0.00000 0.00000 -1.00000
  outer loop
   vertex 15.5797 21.9203 77.0000
   vertex 13.6994 18.2628 77.0000
   vertex 12.9060 18.8716 77.0000
  endloop
 endfacet
 facet normal 0.00000 0.00000 1.00000
  outer loop
   vertex 15.5797 21.9203 183.4000
   vertex 12.9060 18.8716 183.4000
   vertex 13.6994 18.2628 183.4000
  endloop
 endfacet
 facet normal 0.00000 0.00000 1.00000
  outer loop
   vertex 15.5797 21.9203 183.4000
   vertex 13.6994 18.2628 183.4000
   vertex 16.2868 21.2132 183.4000
  endloop
 endfacet
 facet normal 0.83147 -0.55557 0.00000
  outer loop
   vertex 13.6994 18.2628 77.0000
   vertex 11.5192 15.0000 183.4000
   vertex 11.5192 15.0000 77.0000
  endloop
 endfacet
 facet normal 0.83147 -0.55557 0.00000
  outer loop
   vertex 13.6994 18.2628 77.0000
   vertex 13.6994 18.2628 183.4000
   vertex 11.5192 15.0000 183.4000
  endloop
 endfacet
 facet normal 0.00000 -0.00000 -1.00000
  outer loop
   vertex 12.9060 18.8716 77.0000
   vertex 13.6994 18.2628 77.0000
   vertex 11.5192 15.0000 77.0000
  endloop
 endfacet
 facet normal 0.00000 0.00000 -1.00000
  outer loop
   vertex 12.9060 18.8716 77.0000
   vertex 11.5192 15.0000 77.0000
   vertex 10.6532 15.5000 77.0000
  endloop
 endfacet
 facet normal 0.00000 0.00000 1.00000
  outer loop
   vertex 12.9060 18.8716 183.4000
   vertex 10.6532 15.5000 183.4000
   vertex 11.5192 15.0000 183.4000
  endloop
 endfacet
 facet normal 0.00000 0.00000 1.00000
  outer loop
   vertex 12.9060 18.8716 183.4000
   vertex 11.5192 15.0000 183.4000
   vertex 13.6994 18.2628 183.4000
  endloop
 endfacet
 facet normal 0.89687 -0.44229 0.00000
  outer loop
   vertex 11.5192 15.0000 77.0000
   vertex 9.7836 11.4805 183.4000
   vertex 9.7836 11.4805 77.0000
  endloop
 endfacet
 facet normal 0.89687 -0.44229 0.00000
  outer loop
   vertex 11.5192 15.0000 77.0000
   vertex 11.5192 15.0000 183.4000
   vertex 9.7836 11.4805 183.4000
  endloop
 endfacet
 facet normal 0.00000 -0.00000 -1.00000
  outer loop
   vertex 10.6532 15.5000 77.0000
   vertex 11.5192 15.0000 77.0000
   vertex 9.7836 11.4805 77.0000
  endloop
 endfacet
 facet normal 0.00000 0.00000 -1.00000
  outer loop
   vertex 10.6532 15.5000 77.0000
   vertex 9.7836 11.4805 77.0000
   vertex 8.8597 11.8632 77.0000
  endloop
 endfacet
 facet normal 0.00000 0.00000 1.00000
  outer loop
   vertex 10.6532 15.5000 183.4000
   vertex 8.8597 11.8632 183.4000
   vertex 9.7836 11.4805 183.4000
  endloop
 endfacet
 facet normal 0.00000 0.00000 1.00000
  outer loop
   vertex 10.6532 15.5000 183.4000
   vertex 9.7836 11.4805 183.4000
   vertex 11.5192 15.0000 183.4000
  endloop
 endfacet
 facet normal 0.94693 -0.32144 0.00000
  outer loop
   vertex 9.7836 11.4805 77.0000
   vertex 8.5222 7.7646 183.4000
   vertex 8.5222 7.7646 77.0000
  endloop
 endfacet
 facet normal 0.94693 -0.32144 0.00000
  outer loop
   vertex 9.7836 11.4805 77.0000
   vertex 9.7836 11.4805 183.4000
   vertex 8.5222 7.7646 183.4000
  endloop
 endfacet
 facet normal 0.00000 -0.00000 -1.00000
  outer loop
   vertex 8.8597 11.8632 77.0000
   vertex 9.7836 11.4805 77.0000
   vertex 8.5222 7.7646 77.0000
  endloop
 endfacet
 facet normal 0.00000 0.00000 -1.00000
  outer loop
   vertex 8.8597 11.8632 77.0000
   vertex 8.5222 7.7646 77.0000
   vertex 7.5563 8.0234 77.0000
  endloop
 endfacet
 facet normal 0.00000 0.00000 1.00000
  outer loop
   vertex 8.8597 11.8632 183.4000
   vertex 7.5563 8.0234 183.4000
   vertex 8.5222 7.7646 183.4000
  endloop
 endfacet
 facet normal 0.00000 0.00000 1.00000
  outer loop
   vertex 8.8597 11.8632 183.4000
   vertex 8.5222 7.7646 183.4000
   vertex 9.7836 11.4805 183.4000
  endloop
 endfacet
 facet normal 0.98079 -0.19509 0.00000
  outer loop
   vertex 8.5222 7.7646 77.0000
   vertex 7.7567 3.9158 183.4000
   vertex 7.7567 3.9158 77.0000
  endloop
 endfacet
 facet normal 0.98079 -0.19509 0.00000
  outer loop
   vertex 8.5222 7.7646 77.0000
   vertex 8.5222 7.7646 183.4000
   vertex 7.7567 3.9158 183.4000
  endloop
 endfacet
 facet normal 0.00000 0.00000 -1.00000
  outer loop
   vertex 7.5563 8.0234 77.0000
   vertex 8.5222 7.7646 77.0000
   vertex 7.7567 3.9158 77.0000
  endloop
 endfacet
 facet normal 0.00000 -0.00000 -1.00000
  outer loop
   vertex 7.5563 8.0234 77.0000
   vertex 7.7567 3.9158 77.0000
   vertex 6.7652 4.0463 77.0000
  endloop
 endfacet
 facet normal 0.00000 0.00000 1.00000
  outer loop
   vertex 7.5563 8.0234 183.4000
   vertex 6.7652 4.0463 183.4000
   vertex 7.7567 3.9158 183.4000
  endloop
 endfacet
 facet normal 0.00000 0.00000 1.00000
  outer loop
   vertex 7.5563 8.0234 183.4000
   vertex 7.7567 3.9158 183.4000
   vertex 8.5222 7.7646 183.4000
  endloop
 endfacet
 facet normal 0.99786 -0.06540 0.00000
  outer loop
   vertex 7.7567 3.9158 77.0000
   vertex 7.5000 0.0000 183.4000
   vertex 7.5000 0.0000 77.0000
  endloop
 endfacet
 facet normal 0.99786 -0.06540 0.00000
  outer loop
   vertex 7.7567 3.9158 77.0000
   vertex 7.7567 3.9158 183.4000
   vertex 7.5000 0.0000 183.4000
  endloop
 endfacet
 facet normal 0.00000 0.00000 -1.00000
  outer loop
   vertex 6.7652 4.0463 77.0000
   vertex 7.7567 3.9158 77.0000
   vertex 7.5000 0.0000 77.0000
  endloop
 endfacet
 facet normal 0.00000 -0.00000 -1.00000
  outer loop
   vertex 6.7652 4.0463 77.0000
   vertex 7.5000 0.0000 77.0000
   vertex 6.5000 0.0000 77.0000
  endloop
 endfacet
 facet normal 0.00000 0.00000 1.00000
  outer loop
   vertex 6.7652 4.0463 183.4000
   vertex 6.5000 0.0000 183.4000
   vertex 7.5000 0.0000 183.4000
  endloop
 endfacet
 facet normal 0.00000 0.00000 1.00000
  outer loop
   vertex 6.7652 4.0463 183.4000
   vertex 7.5000 0.0000 183.4000
   vertex 7.7567 3.9158 183.4000
  endloop
 endfacet
 facet normal 0.99786 0.06540 0.00000
  outer loop
   vertex 7.5000 0.0000 77.0000
   vertex 7.7567 -3.9158 183.4000
   vertex 7.7567 -3.9158 77.0000
  endloop
 endfacet
 facet normal 0.99786 0.06540 -0.00000
  outer loop
   vertex 7.5000 0.0000 77.0000
   vertex 7.5000 0.0000 183.4000
   vertex 7.7567 -3.9158 183.4000
  endloop
 endfacet
 facet normal 0.00000 0.00000 -1.00000
  outer loop
   vertex 6.5000 0.0000 77.0000
   vertex 7.5000 0.0000 77.0000
   vertex 7.7567 -3.9158 77.0000
  endloop
 endfacet
 facet normal 0.00000 0.00000 -1.00000
  outer loop
   vertex 6.5000 0.0000 77.0000
   vertex 7.7567 -3.9158 77.0000
   vertex 6.7652 -4.0463 77.0000
  endloop
 endfacet
 facet normal 0.00000 0.00000 1.00000
  outer loop
   vertex 6.5000 0.0000 183.4000
   vertex 6.7652 -4.0463 183.4000
   vertex 7.7567 -3.9158 183.4000
  endloop
 endfacet
 facet normal 0.00000 0.00000 1.00000
  outer loop
   vertex 6.5000 0.0000 183.4000
   vertex 7.7567 -3.9158 183.4000
   vertex 7.5000 0.0000 183.4000
  endloop
 endfacet
 facet normal 0.98079 0.19509 0.00000
  outer loop
   vertex 7.7567 -3.9158 77.0000
   vertex 8.5222 -7.7646 183.4000
   vertex 8.5222 -7.7646 77.0000
  endloop
 endfacet
 facet normal 0.98079 0.19509 -0.00000
  outer loop
   vertex 7.7567 -3.9158 77.0000
   vertex 7.7567 -3.9158 183.4000
   vertex 8.5222 -7.7646 183.4000
  endloop
 endfacet
 facet normal 0.00000 0.00000 -1.00000
  outer loop
   vertex 6.7652 -4.0463 77.0000
   vertex 7.7567 -3.9158 77.0000
   vertex 8.5222 -7.7646 77.0000
  endloop
 endfacet
 facet normal 0.00000 0.00000 -1.00000
  outer loop
   vertex 6.7652 -4.0463 77.0000
   vertex 8.5222 -7.7646 77.0000
   vertex 7.5563 -8.0234 77.0000
  endloop
 endfacet
 facet normal 0.00000 0.00000 1.00000
  outer loop
   vertex 6.7652 -4.0463 183.4000
   vertex 7.5563 -8.0234 183.4000
   vertex 8.5222 -7.7646 183.4000
  endloop
 endfacet
 facet normal -0.00000 0.00000 1.00000
  outer loop
   vertex 6.7652 -4.0463 183.4000
   vertex 8.5222 -7.7646 183.4000
   vertex 7.7567 -3.9158 183.4000
  endloop
 endfacet
 facet normal 0.94693 0.32144 0.00000
  outer loop
   vertex 8.5222 -7.7646 77.0000
   vertex 9.7836 -11.4805 183.4000
   vertex 9.7836 -11.4805 77.0000
  endloop
 endfacet
 facet normal 0.94693 0.32144 -0.00000
  outer loop
   vertex 8.5222 -7.7646 77.0000
   vertex 8.5222 -7.7646 183.4000
   vertex 9.7836 -11.4805 183.4000
  endloop
 endfacet
 facet normal 0.00000 0.00000 -1.00000
  outer loop
   vertex 7.5563 -8.0234 77.0000
   vertex 8.5222 -7.7646 77.0000
   vertex 9.7836 -11.4805 77.0000
  endloop
 endfacet
 facet normal 0.00000 0.00000 -1.00000
  outer loop
   vertex 7.5563 -8.0234 77.0000
   vertex 9.7836 -11.4805 77.0000
   vertex 8.8597 -11.8632 77.0000
  endloop
 endfacet
 facet normal 0.00000 0.00000 1.00000
  outer loop
   vertex 7.5563 -8.0234 183.4000
   vertex 8.8597 -11.8632 183.4000
   vertex 9.7836 -11.4805 183.4000
  endloop
 endfacet
 facet normal -0.00000 0.00000 1.00000
  outer loop
   vertex 7.5563 -8.0234 183.4000
   vertex 9.7836 -11.4805 183.4000
   vertex 8.5222 -7.7646 183.4000
  endloop
 endfacet
 facet normal 0.89687 0.44229 0.00000
  outer loop
   vertex 9.7836 -11.4805 77.0000
   vertex 11.5192 -15.0000 183.4000
   vertex 11.5192 -15.0000 77.0000
  endloop
 endfacet
 facet normal 0.89687 0.44229 -0.00000
  outer loop
   vertex 9.7836 -11.4805 77.0000
   vertex 9.7836 -11.4805 183.4000
   vertex 11.5192 -15.0000 183.4000
  endloop
 endfacet
 facet normal 0.00000 0.00000 -1.00000
  outer loop
   vertex 8.8597 -11.8632 77.0000
   vertex 9.7836 -11.4805 77.0000
   vertex 11.5192 -15.0000 77.0000
  endloop
 endfacet
 facet normal 0.00000 0.00000 -1.00000
  outer loop
   vertex 8.8597 -11.8632 77.0000
   vertex 11.5192 -15.0000 77.0000
   vertex 10.6532 -15.5000 77.0000
  endloop
 endfacet
 facet normal 0.00000 0.00000 1.00000
  outer loop
   vertex 8.8597 -11.8632 183.4000
   vertex 10.6532 -15.5000 183.4000
   vertex 11.5192 -15.0000 183.4000
  endloop
 endfacet
 facet normal -0.00000 0.00000 1.00000
  outer loop
   vertex 8.8597 -11.8632 183.4000
   vertex 11.5192 -15.0000 183.4000
   vertex 9.7836 -11.4805 183.4000
  endloop
 endfacet
 facet normal 0.83147 0.55557 0.00000
  outer loop
   vertex 11.5192 -15.0000 77.0000
   vertex 13.6994 -18.2628 183.4000
   vertex 13.6994 -18.2628 77.0000
  endloop
 endfacet
 facet normal 0.83147 0.55557 -0.00000
  outer loop
   vertex 11.5192 -15.0000 77.0000
   vertex 11.5192 -15.0000 183.4000
   vertex 13.6994 -18.2628 183.4000
  endloop
 endfacet
 facet normal 0.00000 0.00000 -1.00000
  outer loop
   vertex 10.6532 -15.5000 77.0000
   vertex 11.5192 -15.0000 77.0000
   vertex 13.6994 -18.2628 77.0000
  endloop
 endfacet
 facet normal 0.00000 0.00000 -1.00000
  outer loop
   vertex 10.6532 -15.5000 77.0000
   vertex 13.6994 -18.2628 77.0000
   vertex 12.9060 -18.8716 77.0000
  endloop
 endfacet
 facet normal 0.00000 0.00000 1.00000
  outer loop
   vertex 10.6532 -15.5000 183.4000
   vertex 12.9060 -18.8716 183.4000
   vertex 13.6994 -18.2628 183.4000
  endloop
 endfacet
 facet normal -0.00000 0.00000 1.00000
  outer loop
   vertex 10.6532 -15.5000 183.4000
   vertex 13.6994 -18.2628 183.4000
   vertex 11.5192 -15.0000 183.4000
  endloop
 endfacet
 facet normal 0.75184 0.65935 0.00000
  outer loop
   vertex 13.6994 -18.2628 77.0000
   vertex 16.2868 -21.2132 183.4000
   vertex 16.2868 -21.2132 77.0000
  endloop
 endfacet
 facet normal 0.75184 0.65935 -0.00000
  outer loop
   vertex 13.6994 -18.2628 77.0000
   vertex 13.6994 -18.2628 183.4000
   vertex 16.2868 -21.2132 183.4000
  endloop
 endfacet
 facet normal 0.00000 0.00000 -1.00000
  outer loop
   vertex 12.9060 -18.8716 77.0000
   vertex 13.6994 -18.2628 77.0000
   vertex 16.2868 -21.2132 77.0000
  endloop
 endfacet
 facet normal 0.00000 0.00000 -1.00000
  outer loop
   vertex 12.9060 -18.8716 77.0000
   vertex 16.2868 -21.2132 77.0000
   vertex 15.5797 -21.9203 77.0000
  endloop
 endfacet
 facet normal 0.00000 0.00000 1.00000
  outer loop
   vertex 12.9060 -18.8716 183.4000
   vertex 15.5797 -21.9203 183.4000
   vertex 16.2868 -21.2132 183.4000
  endloop
 endfacet
 facet normal -0.00000 0.00000 1.00000
  outer loop
   vertex 12.9060 -18.8716 183.4000
   vertex 16.2868 -21.2132 183.4000
   vertex 13.6994 -18.2628 183.4000
  endloop
 endfacet
 facet normal 0.65935 0.75184 0.00000
  outer loop
   vertex 16.2868 -21.2132 77.0000
   vertex 19.2372 -23.8006 183.4000
   vertex 19.2372 -23.8006 77.0000
  endloop
 endfacet
 facet normal 0.65935 0.75184 -0.00000
  outer loop
   vertex 16.2868 -21.2132 77.0000
   vertex 16.2868 -21.2132 183.4000
   vertex 19.2372 -23.8006 183.4000
  endloop
 endfacet
 facet normal 0.00000 0.00000 -1.00000
  outer loop
   vertex 15.5797 -21.9203 77.0000
   vertex 16.2868 -21.2132 77.0000
   vertex 19.2372 -23.8006 77.0000
  endloop
 endfacet
 facet normal 0.00000 0.00000 -1.00000
  outer loop
   vertex 15.5797 -21.9203 77.0000
   vertex 19.2372 -23.8006 77.0000
   vertex 18.6284 -24.5940 77.0000
  endloop
 endfacet
 facet normal 0.00000 0.00000 1.00000
  outer loop
   vertex 15.5797 -21.9203 183.4000
   vertex 18.6284 -24.5940 183.4000
   vertex 19.2372 -23.8006 183.4000
  endloop
 endfacet
 facet normal -0.00000 0.00000 1.00000
  outer loop
   vertex 15.5797 -21.9203 183.4000
   vertex 19.2372 -23.8006 183.4000
   vertex 16.2868 -21.2132 183.4000
  endloop
 endfacet
 facet normal 0.55557 0.83147 0.00000
  outer loop
   vertex 19.2372 -23.8006 77.0000
   vertex 22.5000 -25.9808 183.4000
   vertex 22.5000 -25.9808 77.0000
  endloop
 endfacet
 facet normal 0.55557 0.83147 -0.00000
  outer loop
   vertex 19.2372 -23.8006 77.0000
   vertex 19.2372 -23.8006 183.4000
   vertex 22.5000 -25.9808 183.4000
  endloop
 endfacet
 facet normal 0.00000 0.00000 -1.00000
  outer loop
   vertex 18.6284 -24.5940 77.0000
   vertex 19.2372 -23.8006 77.0000
   vertex 22.5000 -25.9808 77.0000
  endloop
 endfacet
 facet normal 0.00000 0.00000 -1.00000
  outer loop
   vertex 18.6284 -24.5940 77.0000
   vertex 22.5000 -25.9808 77.0000
   vertex 22.0000 -26.8468 77.0000
  endloop
 endfacet
 facet normal 0.00000 0.00000 1.00000
  outer loop
   vertex 18.6284 -24.5940 183.4000
   vertex 22.0000 -26.8468 183.4000
   vertex 22.5000 -25.9808 183.4000
  endloop
 endfacet
 facet normal -0.00000 0.00000 1.00000
  outer loop
   vertex 18.6284 -24.5940 183.4000
   vertex 22.5000 -25.9808 183.4000
   vertex 19.2372 -23.8006 183.4000
  endloop
 endfacet
 facet normal 0.44229 0.89687 0.00000
  outer loop
   vertex 22.5000 -25.9808 77.0000
   vertex 26.0195 -27.7164 183.4000
   vertex 26.0195 -27.7164 77.0000
  endloop
 endfacet
 facet normal 0.44229 0.89687 -0.00000
  outer loop
   vertex 22.5000 -25.9808 77.0000
   vertex 22.5000 -25.9808 183.4000
   vertex 26.0195 -27.7164 183.4000
  endloop
 endfacet
 facet normal 0.00000 0.00000 -1.00000
  outer loop
   vertex 22.0000 -26.8468 77.0000
   vertex 22.5000 -25.9808 77.0000
   vertex 26.0195 -27.7164 77.0000
  endloop
 endfacet
 facet normal 0.00000 0.00000 -1.00000
  outer loop
   vertex 22.0000 -26.8468 77.0000
   vertex 26.0195 -27.7164 77.0000
   vertex 25.6368 -28.6403 77.0000
  endloop
 endfacet
 facet normal 0.00000 0.00000 1.00000
  outer loop
   vertex 22.0000 -26.8468 183.4000
   vertex 25.6368 -28.6403 183.4000
   vertex 26.0195 -27.7164 183.4000
  endloop
 endfacet
 facet normal -0.00000 0.00000 1.00000
  outer loop
   vertex 22.0000 -26.8468 183.4000
   vertex 26.0195 -27.7164 183.4000
   vertex 22.5000 -25.9808 183.4000
  endloop
 endfacet
 facet normal 0.32144 0.94693 0.00000
  outer loop
   vertex 26.0195 -27.7164 77.0000
   vertex 29.7354 -28.9778 183.4000
   vertex 29.7354 -28.9778 77.0000
  endloop
 endfacet
 facet normal 0.32144 0.94693 -0.00000
  outer loop
   vertex 26.0195 -27.7164 77.0000
   vertex 26.0195 -27.7164 183.4000
   vertex 29.7354 -28.9778 183.4000
  endloop
 endfacet
 facet normal 0.00000 0.00000 -1.00000
  outer loop
   vertex 25.6368 -28.6403 77.0000
   vertex 26.0195 -27.7164 77.0000
   vertex 29.7354 -28.9778 77.0000
  endloop
 endfacet
 facet normal 0.00000 0.00000 -1.00000
  outer loop
   vertex 25.6368 -28.6403 77.0000
   vertex 29.7354 -28.9778 77.0000
   vertex 29.4766 -29.9437 77.0000
  endloop
 endfacet
 facet normal 0.00000 0.00000 1.00000
  outer loop
   vertex 25.6368 -28.6403 183.4000
   vertex 29.4766 -29.9437 183.4000
   vertex 29.7354 -28.9778 183.4000
  endloop
 endfacet
 facet normal -0.00000 0.00000 1.00000
  outer loop
   vertex 25.6368 -28.6403 183.4000
   vertex 29.7354 -28.9778 183.4000
   vertex 26.0195 -27.7164 183.4000
  endloop
 endfacet
 facet normal 0.19509 0.98079 0.00000
  outer loop
   vertex 29.7354 -28.9778 77.0000
   vertex 33.5842 -29.7433 183.4000
   vertex 33.5842 -29.7433 77.0000
  endloop
 endfacet
 facet normal 0.19509 0.98079 -0.00000
  outer loop
   vertex 29.7354 -28.9778 77.0000
   vertex 29.7354 -28.9778 183.4000
   vertex 33.5842 -29.7433 183.4000
  endloop
 endfacet
 facet normal 0.00000 0.00000 -1.00000
  outer loop
   vertex 29.4766 -29.9437 77.0000
   vertex 29.7354 -28.9778 77.0000
   vertex 33.5842 -29.7433 77.0000
  endloop
 endfacet
 facet normal 0.00000 0.00000 -1.00000
  outer loop
   vertex 29.4766 -29.9437 77.0000
   vertex 33.5842 -29.7433 77.0000
   vertex 33.4537 -30.7348 77.0000
  endloop
 endfacet
 facet normal -0.00000 0.00000 1.00000
  outer loop
   vertex 29.4766 -29.9437 183.4000
   vertex 33.4537 -30.7348 183.4000
   vertex 33.5842 -29.7433 183.4000
  endloop
 endfacet
 facet normal 0.00000 0.00000 1.00000
  outer loop
   vertex 29.4766 -29.9437 183.4000
   vertex 33.5842 -29.7433 183.4000
   vertex 29.7354 -28.9778 183.4000
  endloop
 endfacet
 facet normal 0.06540 0.99786 0.00000
  outer loop
   vertex 33.5842 -29.7433 77.0000
   vertex 37.5000 -30.0000 183.4000
   vertex 37.5000 -30.0000 77.0000
  endloop
 endfacet
 facet normal 0.06540 0.99786 -0.00000
  outer loop
   vertex 33.5842 -29.7433 77.0000
   vertex 33.5842 -29.7433 183.4000
   vertex 37.5000 -30.0000 183.4000
  endloop
 endfacet
 facet normal 0.00000 0.00000 -1.00000
  outer loop
   vertex 33.4537 -30.7348 77.0000
   vertex 33.5842 -29.7433 77.0000
   vertex 37.5000 -30.0000 77.0000
  endloop
 endfacet
 facet normal 0.00000 0.00000 -1.00000
  outer loop
   vertex 33.4537 -30.7348 77.0000
   vertex 37.5000 -30.0000 77.0000
   vertex 37.5000 -31.0000 77.0000
  endloop
 endfacet
 facet normal -0.00000 0.00000 1.00000
  outer loop
   vertex 33.4537 -30.7348 183.4000
   vertex 37.5000 -31.0000 183.4000
   vertex 37.5000 -30.0000 183.4000
  endloop
 endfacet
 facet normal 0.00000 0.00000 1.00000
  outer loop
   vertex 33.4537 -30.7348 183.4000
   vertex 37.5000 -30.0000 183.4000
   vertex 33.5842 -29.7433 183.4000
  endloop
 endfacet
 facet normal -0.06540 0.99786 0.00000
  outer loop
   vertex 37.5000 -30.0000 77.0000
   vertex 41.4158 -29.7433 183.4000
   vertex 41.4158 -29.7433 77.0000
  endloop
 endfacet
 facet normal -0.06540 0.99786 0.00000
  outer loop
   vertex 37.5000 -30.0000 77.0000
   vertex 37.5000 -30.0000 183.4000
   vertex 41.4158 -29.7433 183.4000
  endloop
 endfacet
 facet normal 0.00000 0.00000 -1.00000
  outer loop
   vertex 37.5000 -31.0000 77.0000
   vertex 37.5000 -30.0000 77.0000
   vertex 41.4158 -29.7433 77.0000
  endloop
 endfacet
 facet normal 0.00000 0.00000 -1.00000
  outer loop
   vertex 37.5000 -31.0000 77.0000
   vertex 41.4158 -29.7433 77.0000
   vertex 41.5463 -30.7348 77.0000
  endloop
 endfacet
 facet normal 0.00000 0.00000 1.00000
  outer loop
   vertex 37.5000 -31.0000 183.4000
   vertex 41.5463 -30.7348 183.4000
   vertex 41.4158 -29.7433 183.4000
  endloop
 endfacet
 facet normal 0.00000 0.00000 1.00000
  outer loop
   vertex 37.5000 -31.0000 183.4000
   vertex 41.4158 -29.7433 183.4000
   vertex 37.5000 -30.0000 183.4000
  endloop
 endfacet
 facet normal -0.19509 0.98079 0.00000
  outer loop
   vertex 41.4158 -29.7433 77.0000
   vertex 45.2646 -28.9778 183.4000
   vertex 45.2646 -28.9778 77.0000
  endloop
 endfacet
 facet normal -0.19509 0.98079 0.00000
  outer loop
   vertex 41.4158 -29.7433 77.0000
   vertex 41.4158 -29.7433 183.4000
   vertex 45.2646 -28.9778 183.4000
  endloop
 endfacet
 facet normal 0.00000 0.00000 -1.00000
  outer loop
   vertex 41.5463 -30.7348 77.0000
   vertex 41.4158 -29.7433 77.0000
   vertex 45.2646 -28.9778 77.0000
  endloop
 endfacet
 facet normal 0.00000 0.00000 -1.00000
  outer loop
   vertex 41.5463 -30.7348 77.0000
   vertex 45.2646 -28.9778 77.0000
   vertex 45.5234 -29.9437 77.0000
  endloop
 endfacet
 facet normal 0.00000 0.00000 1.00000
  outer loop
   vertex 41.5463 -30.7348 183.4000
   vertex 45.5234 -29.9437 183.4000
   vertex 45.2646 -28.9778 183.4000
  endloop
 endfacet
 facet normal 0.00000 -0.00000 1.00000
  outer loop
   vertex 41.5463 -30.7348 183.4000
   vertex 45.2646 -28.9778 183.4000
   vertex 41.4158 -29.7433 183.4000
  endloop
 endfacet
 facet normal -0.32144 0.94693 0.00000
  outer loop
   vertex 45.2646 -28.9778 77.0000
   vertex 48.9805 -27.7164 183.4000
   vertex 48.9805 -27.7164 77.0000
  endloop
 endfacet
 facet normal -0.32144 0.94693 0.00000
  outer loop
   vertex 45.2646 -28.9778 77.0000
   vertex 45.2646 -28.9778 183.4000
   vertex 48.9805 -27.7164 183.4000
  endloop
 endfacet
 facet normal 0.00000 0.00000 -1.00000
  outer loop
   vertex 45.5234 -29.9437 77.0000
   vertex 45.2646 -28.9778 77.0000
   vertex 48.9805 -27.7164 77.0000
  endloop
 endfacet
 facet normal 0.00000 0.00000 -1.00000
  outer loop
   vertex 45.5234 -29.9437 77.0000
   vertex 48.9805 -27.7164 77.0000
   vertex 49.3632 -28.6403 77.0000
  endloop
 endfacet
 facet normal 0.00000 0.00000 1.00000
  outer loop
   vertex 45.5234 -29.9437 183.4000
   vertex 49.3632 -28.6403 183.4000
   vertex 48.9805 -27.7164 183.4000
  endloop
 endfacet
 facet normal 0.00000 -0.00000 1.00000
  outer loop
   vertex 45.5234 -29.9437 183.4000
   vertex 48.9805 -27.7164 183.4000
   vertex 45.2646 -28.9778 183.4000
  endloop
 endfacet
 facet normal -0.44229 0.89687 0.00000
  outer loop
   vertex 48.9805 -27.7164 77.0000
   vertex 52.5000 -25.9808 183.4000
   vertex 52.5000 -25.9808 77.0000
  endloop
 endfacet
 facet normal -0.44229 0.89687 0.00000
  outer loop
   vertex 48.9805 -27.7164 77.0000
   vertex 48.9805 -27.7164 183.4000
   vertex 52.5000 -25.9808 183.4000
  endloop
 endfacet
 facet normal 0.00000 0.00000 -1.00000
  outer loop
   vertex 49.3632 -28.6403 77.0000
   vertex 48.9805 -27.7164 77.0000
   vertex 52.5000 -25.9808 77.0000
  endloop
 endfacet
 facet normal 0.00000 0.00000 -1.00000
  outer loop
   vertex 49.3632 -28.6403 77.0000
   vertex 52.5000 -25.9808 77.0000
   vertex 53.0000 -26.8468 77.0000
  endloop
 endfacet
 facet normal 0.00000 0.00000 1.00000
  outer loop
   vertex 49.3632 -28.6403 183.4000
   vertex 53.0000 -26.8468 183.4000
   vertex 52.5000 -25.9808 183.4000
  endloop
 endfacet
 facet normal 0.00000 -0.00000 1.00000
  outer loop
   vertex 49.3632 -28.6403 183.4000
   vertex 52.5000 -25.9808 183.4000
   vertex 48.9805 -27.7164 183.4000
  endloop
 endfacet
 facet normal -0.55557 0.83147 0.00000
  outer loop
   vertex 52.5000 -25.9808 77.0000
   vertex 55.7628 -23.8006 183.4000
   vertex 55.7628 -23.8006 77.0000
  endloop
 endfacet
 facet normal -0.55557 0.83147 0.00000
  outer loop
   vertex 52.5000 -25.9808 77.0000
   vertex 52.5000 -25.9808 183.4000
   vertex 55.7628 -23.8006 183.4000
  endloop
 endfacet
 facet normal 0.00000 0.00000 -1.00000
  outer loop
   vertex 53.0000 -26.8468 77.0000
   vertex 52.5000 -25.9808 77.0000
   vertex 55.7628 -23.8006 77.0000
  endloop
 endfacet
 facet normal 0.00000 0.00000 -1.00000
  outer loop
   vertex 53.0000 -26.8468 77.0000
   vertex 55.7628 -23.8006 77.0000
   vertex 56.3716 -24.5940 77.0000
  endloop
 endfacet
 facet normal 0.00000 0.00000 1.00000
  outer loop
   vertex 53.0000 -26.8468 183.4000
   vertex 56.3716 -24.5940 183.4000
   vertex 55.7628 -23.8006 183.4000
  endloop
 endfacet
 facet normal 0.00000 -0.00000 1.00000
  outer loop
   vertex 53.0000 -26.8468 183.4000
   vertex 55.7628 -23.8006 183.4000
   vertex 52.5000 -25.9808 183.4000
  endloop
 endfacet
 facet normal -0.65935 0.75184 0.00000
  outer loop
   vertex 55.7628 -23.8006 77.0000
   vertex 58.7132 -21.2132 183.4000
   vertex 58.7132 -21.2132 77.0000
  endloop
 endfacet
 facet normal -0.65935 0.75184 0.00000
  outer loop
   vertex 55.7628 -23.8006 77.0000
   vertex 55.7628 -23.8006 183.4000
   vertex 58.7132 -21.2132 183.4000
  endloop
 endfacet
 facet normal 0.00000 0.00000 -1.00000
  outer loop
   vertex 56.3716 -24.5940 77.0000
   vertex 55.7628 -23.8006 77.0000
   vertex 58.7132 -21.2132 77.0000
  endloop
 endfacet
 facet normal 0.00000 0.00000 -1.00000
  outer loop
   vertex 56.3716 -24.5940 77.0000
   vertex 58.7132 -21.2132 77.0000
   vertex 59.4203 -21.9203 77.0000
  endloop
 endfacet
 facet normal 0.00000 0.00000 1.00000
  outer loop
   vertex 56.3716 -24.5940 183.4000
   vertex 59.4203 -21.9203 183.4000
   vertex 58.7132 -21.2132 183.4000
  endloop
 endfacet
 facet normal 0.00000 -0.00000 1.00000
  outer loop
   vertex 56.3716 -24.5940 183.4000
   vertex 58.7132 -21.2132 183.4000
   vertex 55.7628 -23.8006 183.4000
  endloop
 endfacet
 facet normal -0.75184 0.65935 0.00000
  outer loop
   vertex 58.7132 -21.2132 77.0000
   vertex 61.3006 -18.2628 183.4000
   vertex 61.3006 -18.2628 77.0000
  endloop
 endfacet
 facet normal -0.75184 0.65935 0.00000
  outer loop
   vertex 58.7132 -21.2132 77.0000
   vertex 58.7132 -21.2132 183.4000
   vertex 61.3006 -18.2628 183.4000
  endloop
 endfacet
 facet normal 0.00000 0.00000 -1.00000
  outer loop
   vertex 59.4203 -21.9203 77.0000
   vertex 58.7132 -21.2132 77.0000
   vertex 61.3006 -18.2628 77.0000
  endloop
 endfacet
 facet normal 0.00000 0.00000 -1.00000
  outer loop
   vertex 59.4203 -21.9203 77.0000
   vertex 61.3006 -18.2628 77.0000
   vertex 62.0940 -18.8716 77.0000
  endloop
 endfacet
 facet normal 0.00000 0.00000 1.00000
  outer loop
   vertex 59.4203 -21.9203 183.4000
   vertex 62.0940 -18.8716 183.4000
   vertex 61.3006 -18.2628 183.4000
  endloop
 endfacet
 facet normal 0.00000 -0.00000 1.00000
  outer loop
   vertex 59.4203 -21.9203 183.4000
   vertex 61.3006 -18.2628 183.4000
   vertex 58.7132 -21.2132 183.4000
  endloop
 endfacet
 facet normal -0.83147 0.55557 0.00000
  outer loop
   vertex 61.3006 -18.2628 77.0000
   vertex 63.4808 -15.0000 183.4000
   vertex 63.4808 -15.0000 77.0000
  endloop
 endfacet
 facet normal -0.83147 0.55557 0.00000
  outer loop
   vertex 61.3006 -18.2628 77.0000
   vertex 61.3006 -18.2628 183.4000
   vertex 63.4808 -15.0000 183.4000
  endloop
 endfacet
 facet normal 0.00000 0.00000 -1.00000
  outer loop
   vertex 62.0940 -18.8716 77.0000
   vertex 61.3006 -18.2628 77.0000
   vertex 63.4808 -15.0000 77.0000
  endloop
 endfacet
 facet normal 0.00000 0.00000 -1.00000
  outer loop
   vertex 62.0940 -18.8716 77.0000
   vertex 63.4808 -15.0000 77.0000
   vertex 64.3468 -15.5000 77.0000
  endloop
 endfacet
 facet normal 0.00000 0.00000 1.00000
  outer loop
   vertex 62.0940 -18.8716 183.4000
   vertex 64.3468 -15.5000 183.4000
   vertex 63.4808 -15.0000 183.4000
  endloop
 endfacet
 facet normal 0.00000 -0.00000 1.00000
  outer loop
   vertex 62.0940 -18.8716 183.4000
   vertex 63.4808 -15.0000 183.4000
   vertex 61.3006 -18.2628 183.4000
  endloop
 endfacet
 facet normal -0.89687 0.44229 0.00000
  outer loop
   vertex 63.4808 -15.0000 77.0000
   vertex 65.2164 -11.4805 183.4000
   vertex 65.2164 -11.4805 77.0000
  endloop
 endfacet
 facet normal -0.89687 0.44229 0.00000
  outer loop
   vertex 63.4808 -15.0000 77.0000
   vertex 63.4808 -15.0000 183.4000
   vertex 65.2164 -11.4805 183.4000
  endloop
 endfacet
 facet normal 0.00000 0.00000 -1.00000
  outer loop
   vertex 64.3468 -15.5000 77.0000
   vertex 63.4808 -15.0000 77.0000
   vertex 65.2164 -11.4805 77.0000
  endloop
 endfacet
 facet normal 0.00000 0.00000 -1.00000
  outer loop
   vertex 64.3468 -15.5000 77.0000
   vertex 65.2164 -11.4805 77.0000
   vertex 66.1403 -11.8632 77.0000
  endloop
 endfacet
 facet normal 0.00000 0.00000 1.00000
  outer loop
   vertex 64.3468 -15.5000 183.4000
   vertex 66.1403 -11.8632 183.4000
   vertex 65.2164 -11.4805 183.4000
  endloop
 endfacet
 facet normal 0.00000 -0.00000 1.00000
  outer loop
   vertex 64.3468 -15.5000 183.4000
   vertex 65.2164 -11.4805 183.4000
   vertex 63.4808 -15.0000 183.4000
  endloop
 endfacet
 facet normal -0.94693 0.32144 0.00000
  outer loop
   vertex 65.2164 -11.4805 77.0000
   vertex 66.4778 -7.7646 183.4000
   vertex 66.4778 -7.7646 77.0000
  endloop
 endfacet
 facet normal -0.94693 0.32144 0.00000
  outer loop
   vertex 65.2164 -11.4805 77.0000
   vertex 65.2164 -11.4805 183.4000
   vertex 66.4778 -7.7646 183.4000
  endloop
 endfacet
 facet normal 0.00000 0.00000 -1.00000
  outer loop
   vertex 66.1403 -11.8632 77.0000
   vertex 65.2164 -11.4805 77.0000
   vertex 66.4778 -7.7646 77.0000
  endloop
 endfacet
 facet normal 0.00000 0.00000 -1.00000
  outer loop
   vertex 66.1403 -11.8632 77.0000
   vertex 66.4778 -7.7646 77.0000
   vertex 67.4437 -8.0234 77.0000
  endloop
 endfacet
 facet normal 0.00000 0.00000 1.00000
  outer loop
   vertex 66.1403 -11.8632 183.4000
   vertex 67.4437 -8.0234 183.4000
   vertex 66.4778 -7.7646 183.4000
  endloop
 endfacet
 facet normal 0.00000 -0.00000 1.00000
  outer loop
   vertex 66.1403 -11.8632 183.4000
   vertex 66.4778 -7.7646 183.4000
   vertex 65.2164 -11.4805 183.4000
  endloop
 endfacet
 facet normal -0.98079 0.19509 0.00000
  outer loop
   vertex 66.4778 -7.7646 77.0000
   vertex 67.2433 -3.9158 183.4000
   vertex 67.2433 -3.9158 77.0000
  endloop
 endfacet
 facet normal -0.98079 0.19509 0.00000
  outer loop
   vertex 66.4778 -7.7646 77.0000
   vertex 66.4778 -7.7646 183.4000
   vertex 67.2433 -3.9158 183.4000
  endloop
 endfacet
 facet normal 0.00000 0.00000 -1.00000
  outer loop
   vertex 67.4437 -8.0234 77.0000
   vertex 66.4778 -7.7646 77.0000
   vertex 67.2433 -3.9158 77.0000
  endloop
 endfacet
 facet normal 0.00000 0.00000 -1.00000
  outer loop
   vertex 67.4437 -8.0234 77.0000
   vertex 67.2433 -3.9158 77.0000
   vertex 68.2348 -4.0463 77.0000
  endloop
 endfacet
 facet normal 0.00000 -0.00000 1.00000
  outer loop
   vertex 67.4437 -8.0234 183.4000
   vertex 68.2348 -4.0463 183.4000
   vertex 67.2433 -3.9158 183.4000
  endloop
 endfacet
 facet normal 0.00000 0.00000 1.00000
  outer loop
   vertex 67.4437 -8.0234 183.4000
   vertex 67.2433 -3.9158 183.4000
   vertex 66.4778 -7.7646 183.4000
  endloop
 endfacet
 facet normal -0.99786 0.06540 0.00000
  outer loop
   vertex 67.2433 -3.9158 77.0000
   vertex 67.5000 0.0000 183.4000
   vertex 67.5000 0.0000 77.0000
  endloop
 endfacet
 facet normal -0.99786 0.06540 0.00000
  outer loop
   vertex 67.2433 -3.9158 77.0000
   vertex 67.2433 -3.9158 183.4000
   vertex 67.5000 0.0000 183.4000
  endloop
 endfacet
 facet normal 0.00000 0.00000 -1.00000
  outer loop
   vertex 68.2348 -4.0463 77.0000
   vertex 67.2433 -3.9158 77.0000
   vertex 67.5000 0.0000 77.0000
  endloop
 endfacet
 facet normal 0.00000 0.00000 -1.00000
  outer loop
   vertex 68.2348 -4.0463 77.0000
   vertex 67.5000 0.0000 77.0000
   vertex 68.5000 0.0000 77.0000
  endloop
 endfacet
 facet normal 0.00000 -0.00000 1.00000
  outer loop
   vertex 68.2348 -4.0463 183.4000
   vertex 68.5000 0.0000 183.4000
   vertex 67.5000 0.0000 183.4000
  endloop
 endfacet
 facet normal 0.00000 0.00000 1.00000
  outer loop
   vertex 68.2348 -4.0463 183.4000
   vertex 67.5000 0.0000 183.4000
   vertex 67.2433 -3.9158 183.4000
  endloop
 endfacet
 facet normal 0.99786 0.06540 0.00000
  outer loop
   vertex 68.5000 0.0000 75.0000
   vertex 68.2348 4.0463 75.0000
   vertex 68.2348 4.0463 77.0000
  endloop
 endfacet
 facet normal 0.99786 0.06540 -0.00000
  outer loop
   vertex 68.5000 0.0000 75.0000
   vertex 68.2348 4.0463 77.0000
   vertex 68.5000 0.0000 77.0000
  endloop
 endfacet
 facet normal 0.98079 0.19509 0.00000
  outer loop
   vertex 68.2348 4.0463 75.0000
   vertex 67.4437 8.0234 75.0000
   vertex 67.4437 8.0234 77.0000
  endloop
 endfacet
 facet normal 0.98079 0.19509 -0.00000
  outer loop
   vertex 68.2348 4.0463 75.0000
   vertex 67.4437 8.0234 77.0000
   vertex 68.2348 4.0463 77.0000
  endloop
 endfacet
 facet normal 0.94693 0.32144 0.00000
  outer loop
   vertex 67.4437 8.0234 75.0000
   vertex 66.1403 11.8632 75.0000
   vertex 66.1403 11.8632 77.0000
  endloop
 endfacet
 facet normal 0.94693 0.32144 -0.00000
  outer loop
   vertex 67.4437 8.0234 75.0000
   vertex 66.1403 11.8632 77.0000
   vertex 67.4437 8.0234 77.0000
  endloop
 endfacet
 facet normal 0.89687 0.44229 0.00000
  outer loop
   vertex 66.1403 11.8632 75.0000
   vertex 64.3468 15.5000 75.0000
   vertex 64.3468 15.5000 77.0000
  endloop
 endfacet
 facet normal 0.89687 0.44229 -0.00000
  outer loop
   vertex 66.1403 11.8632 75.0000
   vertex 64.3468 15.5000 77.0000
   vertex 66.1403 11.8632 77.0000
  endloop
 endfacet
 facet normal 0.83147 0.55557 0.00000
  outer loop
   vertex 64.3468 15.5000 75.0000
   vertex 62.0940 18.8716 75.0000
   vertex 62.0940 18.8716 77.0000
  endloop
 endfacet
 facet normal 0.83147 0.55557 -0.00000
  outer loop
   vertex 64.3468 15.5000 75.0000
   vertex 62.0940 18.8716 77.0000
   vertex 64.3468 15.5000 77.0000
  endloop
 endfacet
 facet normal 0.75184 0.65935 0.00000
  outer loop
   vertex 62.0940 18.8716 75.0000
   vertex 59.4203 21.9203 75.0000
   vertex 59.4203 21.9203 77.0000
  endloop
 endfacet
 facet normal 0.75184 0.65935 -0.00000
  outer loop
   vertex 62.0940 18.8716 75.0000
   vertex 59.4203 21.9203 77.0000
   vertex 62.0940 18.8716 77.0000
  endloop
 endfacet
 facet normal 0.65935 0.75184 0.00000
  outer loop
   vertex 59.4203 21.9203 75.0000
   vertex 56.3716 24.5940 75.0000
   vertex 56.3716 24.5940 77.0000
  endloop
 endfacet
 facet normal 0.65935 0.75184 -0.00000
  outer loop
   vertex 59.4203 21.9203 75.0000
   vertex 56.3716 24.5940 77.0000
   vertex 59.4203 21.9203 77.0000
  endloop
 endfacet
 facet normal 0.55557 0.83147 0.00000
  outer loop
   vertex 56.3716 24.5940 75.0000
   vertex 53.0000 26.8468 75.0000
   vertex 53.0000 26.8468 77.0000
  endloop
 endfacet
 facet normal 0.55557 0.83147 -0.00000
  outer loop
   vertex 56.3716 24.5940 75.0000
   vertex 53.0000 26.8468 77.0000
   vertex 56.3716 24.5940 77.0000
  endloop
 endfacet
 facet normal 0.44229 0.89687 0.00000
  outer loop
   vertex 53.0000 26.8468 75.0000
   vertex 49.3632 28.6403 75.0000
   vertex 49.3632 28.6403 77.0000
  endloop
 endfacet
 facet normal 0.44229 0.89687 -0.00000
  outer loop
   vertex 53.0000 26.8468 75.0000
   vertex 49.3632 28.6403 77.0000
   vertex 53.0000 26.8468 77.0000
  endloop
 endfacet
 facet normal 0.32144 0.94693 0.00000
  outer loop
   vertex 49.3632 28.6403 75.0000
   vertex 45.5234 29.9437 75.0000
   vertex 45.5234 29.9437 77.0000
  endloop
 endfacet
 facet normal 0.32144 0.94693 -0.00000
  outer loop
   vertex 49.3632 28.6403 75.0000
   vertex 45.5234 29.9437 77.0000
   vertex 49.3632 28.6403 77.0000
  endloop
 endfacet
 facet normal 0.19509 0.98079 0.00000
  outer loop
   vertex 45.5234 29.9437 75.0000
   vertex 41.5463 30.7348 75.0000
   vertex 41.5463 30.7348 77.0000
  endloop
 endfacet
 facet normal 0.19509 0.98079 -0.00000
  outer loop
   vertex 45.5234 29.9437 75.0000
   vertex 41.5463 30.7348 77.0000
   vertex 45.5234 29.9437 77.0000
  endloop
 endfacet
 facet normal 0.06540 0.99786 0.00000
  outer loop
   vertex 41.5463 30.7348 75.0000
   vertex 37.5000 31.0000 75.0000
   vertex 37.5000 31.0000 77.0000
  endloop
 endfacet
 facet normal 0.06540 0.99786 -0.00000
  outer loop
   vertex 41.5463 30.7348 75.0000
   vertex 37.5000 31.0000 77.0000
   vertex 41.5463 30.7348 77.0000
  endloop
 endfacet
 facet normal -0.06540 0.99786 0.00000
  outer loop
   vertex 37.5000 31.0000 75.0000
   vertex 33.4537 30.7348 75.0000
   vertex 33.4537 30.7348 77.0000
  endloop
 endfacet
 facet normal -0.06540 0.99786 0.00000
  outer loop
   vertex 37.5000 31.0000 75.0000
   vertex 33.4537 30.7348 77.0000
   vertex 37.5000 31.0000 77.0000
  endloop
 endfacet
 facet normal -0.19509 0.98079 0.00000
  outer loop
   vertex 33.4537 30.7348 75.0000
   vertex 29.4766 29.9437 75.0000
   vertex 29.4766 29.9437 77.0000
  endloop
 endfacet
 facet normal -0.19509 0.98079 0.00000
  outer loop
   vertex 33.4537 30.7348 75.0000
   vertex 29.4766 29.9437 77.0000
   vertex 33.4537 30.7348 77.0000
  endloop
 endfacet
 facet normal -0.32144 0.94693 0.00000
  outer loop
   vertex 29.4766 29.9437 75.0000
   vertex 25.6368 28.6403 75.0000
   vertex 25.6368 28.6403 77.0000
  endloop
 endfacet
 facet normal -0.32144 0.94693 0.00000
  outer loop
   vertex 29.4766 29.9437 75.0000
   vertex 25.6368 28.6403 77.0000
   vertex 29.4766 29.9437 77.0000
  endloop
 endfacet
 facet normal -0.44229 0.89687 0.00000
  outer loop
   vertex 25.6368 28.6403 75.0000
   vertex 22.0000 26.8468 75.0000
   vertex 22.0000 26.8468 77.0000
  endloop
 endfacet
 facet normal -0.44229 0.89687 0.00000
  outer loop
   vertex 25.6368 28.6403 75.0000
   vertex 22.0000 26.8468 77.0000
   vertex 25.6368 28.6403 77.0000
  endloop
 endfacet
 facet normal -0.55557 0.83147 0.00000
  outer loop
   vertex 22.0000 26.8468 75.0000
   vertex 18.6284 24.5940 75.0000
   vertex 18.6284 24.5940 77.0000
  endloop
 endfacet
 facet normal -0.55557 0.83147 0.00000
  outer loop
   vertex 22.0000 26.8468 75.0000
   vertex 18.6284 24.5940 77.0000
   vertex 22.0000 26.8468 77.0000
  endloop
 endfacet
 facet normal -0.65935 0.75184 0.00000
  outer loop
   vertex 18.6284 24.5940 75.0000
   vertex 15.5797 21.9203 75.0000
   vertex 15.5797 21.9203 77.0000
  endloop
 endfacet
 facet normal -0.65935 0.75184 0.00000
  outer loop
   vertex 18.6284 24.5940 75.0000
   vertex 15.5797 21.9203 77.0000
   vertex 18.6284 24.5940 77.0000
  endloop
 endfacet
 facet normal -0.75184 0.65935 0.00000
  outer loop
   vertex 15.5797 21.9203 75.0000
   vertex 12.9060 18.8716 75.0000
   vertex 12.9060 18.8716 77.0000
  endloop
 endfacet
 facet normal -0.75184 0.65935 0.00000
  outer loop
   vertex 15.5797 21.9203 75.0000
   vertex 12.9060 18.8716 77.0000
   vertex 15.5797 21.9203 77.0000
  endloop
 endfacet
 facet normal -0.83147 0.55557 0.00000
  outer loop
   vertex 12.9060 18.8716 75.0000
   vertex 10.6532 15.5000 75.0000
   vertex 10.6532 15.5000 77.0000
  endloop
 endfacet
 facet normal -0.83147 0.55557 0.00000
  outer loop
   vertex 12.9060 18.8716 75.0000
   vertex 10.6532 15.5000 77.0000
   vertex 12.9060 18.8716 77.0000
  endloop
 endfacet
 facet normal -0.89687 0.44229 0.00000
  outer loop
   vertex 10.6532 15.5000 75.0000
   vertex 8.8597 11.8632 75.0000
   vertex 8.8597 11.8632 77.0000
  endloop
 endfacet
 facet normal -0.89687 0.44229 0.00000
  outer loop
   vertex 10.6532 15.5000 75.0000
   vertex 8.8597 11.8632 77.0000
   vertex 10.6532 15.5000 77.0000
  endloop
 endfacet
 facet normal -0.94693 0.32144 0.00000
  outer loop
   vertex 8.8597 11.8632 75.0000
   vertex 7.5563 8.0234 75.0000
   vertex 7.5563 8.0234 77.0000
  endloop
 endfacet
 facet normal -0.94693 0.32144 0.00000
  outer loop
   vertex 8.8597 11.8632 75.0000
   vertex 7.5563 8.0234 77.0000
   vertex 8.8597 11.8632 77.0000
  endloop
 endfacet
 facet normal -0.98079 0.19509 0.00000
  outer loop
   vertex 7.5563 8.0234 75.0000
   vertex 6.7652 4.0463 75.0000
   vertex 6.7652 4.0463 77.0000
  endloop
 endfacet
 facet normal -0.98079 0.19509 0.00000
  outer loop
   vertex 7.5563 8.0234 75.0000
   vertex 6.7652 4.0463 77.0000
   vertex 7.5563 8.0234 77.0000
  endloop
 endfacet
 facet normal -0.99786 0.06540 0.00000
  outer loop
   vertex 6.7652 4.0463 75.0000
   vertex 6.5000 0.0000 75.0000
   vertex 6.5000 0.0000 77.0000
  endloop
 endfacet
 facet normal -0.99786 0.06540 0.00000
  outer loop
   vertex 6.7652 4.0463 75.0000
   vertex 6.5000 0.0000 77.0000
   vertex 6.7652 4.0463 77.0000
  endloop
 endfacet
 facet normal -0.99786 -0.06540 0.00000
  outer loop
   vertex 6.5000 0.0000 75.0000
   vertex 6.7652 -4.0463 75.0000
   vertex 6.7652 -4.0463 77.0000
  endloop
 endfacet
 facet normal -0.99786 -0.06540 0.00000
  outer loop
   vertex 6.5000 0.0000 75.0000
   vertex 6.7652 -4.0463 77.0000
   vertex 6.5000 0.0000 77.0000
  endloop
 endfacet
 facet normal -0.98079 -0.19509 0.00000
  outer loop
   vertex 6.7652 -4.0463 75.0000
   vertex 7.5563 -8.0234 75.0000
   vertex 7.5563 -8.0234 77.0000
  endloop
 endfacet
 facet normal -0.98079 -0.19509 0.00000
  outer loop
   vertex 6.7652 -4.0463 75.0000
   vertex 7.5563 -8.0234 77.0000
   vertex 6.7652 -4.0463 77.0000
  endloop
 endfacet
 facet normal -0.94693 -0.32144 0.00000
  outer loop
   vertex 7.5563 -8.0234 75.0000
   vertex 8.8597 -11.8632 75.0000
   vertex 8.8597 -11.8632 77.0000
  endloop
 endfacet
 facet normal -0.94693 -0.32144 0.00000
  outer loop
   vertex 7.5563 -8.0234 75.0000
   vertex 8.8597 -11.8632 77.0000
   vertex 7.5563 -8.0234 77.0000
  endloop
 endfacet
 facet normal -0.89687 -0.44229 0.00000
  outer loop
   vertex 8.8597 -11.8632 75.0000
   vertex 10.6532 -15.5000 75.0000
   vertex 10.6532 -15.5000 77.0000
  endloop
 endfacet
 facet normal -0.89687 -0.44229 0.00000
  outer loop
   vertex 8.8597 -11.8632 75.0000
   vertex 10.6532 -15.5000 77.0000
   vertex 8.8597 -11.8632 77.0000
  endloop
 endfacet
 facet normal -0.83147 -0.55557 0.00000
  outer loop
   vertex 10.6532 -15.5000 75.0000
   vertex 12.9060 -18.8716 75.0000
   vertex 12.9060 -18.8716 77.0000
  endloop
 endfacet
 facet normal -0.83147 -0.55557 0.00000
  outer loop
   vertex 10.6532 -15.5000 75.0000
   vertex 12.9060 -18.8716 77.0000
   vertex 10.6532 -15.5000 77.0000
  endloop
 endfacet
 facet normal -0.75184 -0.65935 0.00000
  outer loop
   vertex 12.9060 -18.8716 75.0000
   vertex 15.5797 -21.9203 75.0000
   vertex 15.5797 -21.9203 77.0000
  endloop
 endfacet
 facet normal -0.75184 -0.65935 0.00000
  outer loop
   vertex 12.9060 -18.8716 75.0000
   vertex 15.5797 -21.9203 77.0000
   vertex 12.9060 -18.8716 77.0000
  endloop
 endfacet
 facet normal -0.65935 -0.75184 0.00000
  outer loop
   vertex 15.5797 -21.9203 75.0000
   vertex 18.6284 -24.5940 75.0000
   vertex 18.6284 -24.5940 77.0000
  endloop
 endfacet
 facet normal -0.65935 -0.75184 0.00000
  outer loop
   vertex 15.5797 -21.9203 75.0000
   vertex 18.6284 -24.5940 77.0000
   vertex 15.5797 -21.9203 77.0000
  endloop
 endfacet
 facet normal -0.55557 -0.83147 0.00000
  outer loop
   vertex 18.6284 -24.5940 75.0000
   vertex 22.0000 -26.8468 75.0000
   vertex 22.0000 -26.8468 77.0000
  endloop
 endfacet
 facet normal -0.55557 -0.83147 0.00000
  outer loop
   vertex 18.6284 -24.5940 75.0000
   vertex 22.0000 -26.8468 77.0000
   vertex 18.6284 -24.5940 77.0000
  endloop
 endfacet
 facet normal -0.44229 -0.89687 0.00000
  outer loop
   vertex 22.0000 -26.8468 75.0000
   vertex 25.6368 -28.6403 75.0000
   vertex 25.6368 -28.6403 77.0000
  endloop
 endfacet
 facet normal -0.44229 -0.89687 0.00000
  outer loop
   vertex 22.0000 -26.8468 75.0000
   vertex 25.6368 -28.6403 77.0000
   vertex 22.0000 -26.8468 77.0000
  endloop
 endfacet
 facet normal -0.32144 -0.94693 0.00000
  outer loop
   vertex 25.6368 -28.6403 75.0000
   vertex 29.4766 -29.9437 75.0000
   vertex 29.4766 -29.9437 77.0000
  endloop
 endfacet
 facet normal -0.32144 -0.94693 0.00000
  outer loop
   vertex 25.6368 -28.6403 75.0000
   vertex 29.4766 -29.9437 77.0000
   vertex 25.6368 -28.6403 77.0000
  endloop
 endfacet
 facet normal -0.19509 -0.98079 0.00000
  outer loop
   vertex 29.4766 -29.9437 75.0000
   vertex 33.4537 -30.7348 75.0000
   vertex 33.4537 -30.7348 77.0000
  endloop
 endfacet
 facet normal -0.19509 -0.98079 0.00000
  outer loop
   vertex 29.4766 -29.9437 75.0000
   vertex 33.4537 -30.7348 77.0000
   vertex 29.4766 -29.9437 77.0000
  endloop
 endfacet
 facet normal -0.06540 -0.99786 0.00000
  outer loop
   vertex 33.4537 -30.7348 75.0000
   vertex 37.5000 -31.0000 75.0000
   vertex 37.5000 -31.0000 77.0000
  endloop
 endfacet
 facet normal -0.06540 -0.99786 0.00000
  outer loop
   vertex 33.4537 -30.7348 75.0000
   vertex 37.5000 -31.0000 77.0000
   vertex 33.4537 -30.7348 77.0000
  endloop
 endfacet
 facet normal 0.06540 -0.99786 0.00000
  outer loop
   vertex 37.5000 -31.0000 75.0000
   vertex 41.5463 -30.7348 75.0000
   vertex 41.5463 -30.7348 77.0000
  endloop
 endfacet
 facet normal 0.06540 -0.99786 0.00000
  outer loop
   vertex 37.5000 -31.0000 75.0000
   vertex 41.5463 -30.7348 77.0000
   vertex 37.5000 -31.0000 77.0000
  endloop
 endfacet
 facet normal 0.19509 -0.98079 0.00000
  outer loop
   vertex 41.5463 -30.7348 75.0000
   vertex 45.5234 -29.9437 75.0000
   vertex 45.5234 -29.9437 77.0000
  endloop
 endfacet
 facet normal 0.19509 -0.98079 0.00000
  outer loop
   vertex 41.5463 -30.7348 75.0000
   vertex 45.5234 -29.9437 77.0000
   vertex 41.5463 -30.7348 77.0000
  endloop
 endfacet
 facet normal 0.32144 -0.94693 0.00000
  outer loop
   vertex 45.5234 -29.9437 75.0000
   vertex 49.3632 -28.6403 75.0000
   vertex 49.3632 -28.6403 77.0000
  endloop
 endfacet
 facet normal 0.32144 -0.94693 0.00000
  outer loop
   vertex 45.5234 -29.9437 75.0000
   vertex 49.3632 -28.6403 77.0000
   vertex 45.5234 -29.9437 77.0000
  endloop
 endfacet
 facet normal 0.44229 -0.89687 0.00000
  outer loop
   vertex 49.3632 -28.6403 75.0000
   vertex 53.0000 -26.8468 75.0000
   vertex 53.0000 -26.8468 77.0000
  endloop
 endfacet
 facet normal 0.44229 -0.89687 0.00000
  outer loop
   vertex 49.3632 -28.6403 75.0000
   vertex 53.0000 -26.8468 77.0000
   vertex 49.3632 -28.6403 77.0000
  endloop
 endfacet
 facet normal 0.55557 -0.83147 0.00000
  outer loop
   vertex 53.0000 -26.8468 75.0000
   vertex 56.3716 -24.5940 75.0000
   vertex 56.3716 -24.5940 77.0000
  endloop
 endfacet
 facet normal 0.55557 -0.83147 0.00000
  outer loop
   vertex 53.0000 -26.8468 75.0000
   vertex 56.3716 -24.5940 77.0000
   vertex 53.0000 -26.8468 77.0000
  endloop
 endfacet
 facet normal 0.65935 -0.75184 0.00000
  outer loop
   vertex 56.3716 -24.5940 75.0000
   vertex 59.4203 -21.9203 75.0000
   vertex 59.4203 -21.9203 77.0000
  endloop
 endfacet
 facet normal 0.65935 -0.75184 0.00000
  outer loop
   vertex 56.3716 -24.5940 75.0000
   vertex 59.4203 -21.9203 77.0000
   vertex 56.3716 -24.5940 77.0000
  endloop
 endfacet
 facet normal 0.75184 -0.65935 0.00000
  outer loop
   vertex 59.4203 -21.9203 75.0000
   vertex 62.0940 -18.8716 75.0000
   vertex 62.0940 -18.8716 77.0000
  endloop
 endfacet
 facet normal 0.75184 -0.65935 0.00000
  outer loop
   vertex 59.4203 -21.9203 75.0000
   vertex 62.0940 -18.8716 77.0000
   vertex 59.4203 -21.9203 77.0000
  endloop
 endfacet
 facet normal 0.83147 -0.55557 0.00000
  outer loop
   vertex 62.0940 -18.8716 75.0000
   vertex 64.3468 -15.5000 75.0000
   vertex 64.3468 -15.5000 77.0000
  endloop
 endfacet
 facet normal 0.83147 -0.55557 0.00000
  outer loop
   vertex 62.0940 -18.8716 75.0000
   vertex 64.3468 -15.5000 77.0000
   vertex 62.0940 -18.8716 77.0000
  endloop
 endfacet
 facet normal 0.89687 -0.44229 0.00000
  outer loop
   vertex 64.3468 -15.5000 75.0000
   vertex 66.1403 -11.8632 75.0000
   vertex 66.1403 -11.8632 77.0000
  endloop
 endfacet
 facet normal 0.89687 -0.44229 0.00000
  outer loop
   vertex 64.3468 -15.5000 75.0000
   vertex 66.1403 -11.8632 77.0000
   vertex 64.3468 -15.5000 77.0000
  endloop
 endfacet
 facet normal 0.94693 -0.32144 0.00000
  outer loop
   vertex 66.1403 -11.8632 75.0000
   vertex 67.4437 -8.0234 75.0000
   vertex 67.4437 -8.0234 77.0000
  endloop
 endfacet
 facet normal 0.94693 -0.32144 0.00000
  outer loop
   vertex 66.1403 -11.8632 75.0000
   vertex 67.4437 -8.0234 77.0000
   vertex 66.1403 -11.8632 77.0000
  endloop
 endfacet
 facet normal 0.98079 -0.19509 0.00000
  outer loop
   vertex 67.4437 -8.0234 75.0000
   vertex 68.2348 -4.0463 75.0000
   vertex 68.2348 -4.0463 77.0000
  endloop
 endfacet
 facet normal 0.98079 -0.19509 0.00000
  outer loop
   vertex 67.4437 -8.0234 75.0000
   vertex 68.2348 -4.0463 77.0000
   vertex 67.4437 -8.0234 77.0000
  endloop
 endfacet
 facet normal 0.99786 -0.06540 0.00000
  outer loop
   vertex 68.2348 -4.0463 75.0000
   vertex 68.5000 0.0000 75.0000
   vertex 68.5000 0.0000 77.0000
  endloop
 endfacet
 facet normal 0.99786 -0.06540 0.00000
  outer loop
   vertex 68.2348 -4.0463 75.0000
   vertex 68.5000 0.0000 77.0000
   vertex 68.2348 -4.0463 77.0000
  endloop
 endfacet
 facet normal 0.00000 0.00000 -1.00000
  outer loop
   vertex 37.5000 0.0000 75.0000
   vertex 68.2348 4.0463 75.0000
   vertex 68.5000 0.0000 75.0000
  endloop
 endfacet
 facet normal 0.00000 0.00000 1.00000
  outer loop
   vertex 37.5000 0.0000 77.0000
   vertex 68.5000 0.0000 77.0000
   vertex 68.2348 4.0463 77.0000
  endloop
 endfacet
 facet normal 0.00000 0.00000 -1.00000
  outer loop
   vertex 37.5000 0.0000 75.0000
   vertex 67.4437 8.0234 75.0000
   vertex 68.2348 4.0463 75.0000
  endloop
 endfacet
 facet normal 0.00000 0.00000 1.00000
  outer loop
   vertex 37.5000 0.0000 77.0000
   vertex 68.2348 4.0463 77.0000
   vertex 67.4437 8.0234 77.0000
  endloop
 endfacet
 facet normal 0.00000 0.00000 -1.00000
  outer loop
   vertex 37.5000 0.0000 75.0000
   vertex 66.1403 11.8632 75.0000
   vertex 67.4437 8.0234 75.0000
  endloop
 endfacet
 facet normal 0.00000 0.00000 1.00000
  outer loop
   vertex 37.5000 0.0000 77.0000
   vertex 67.4437 8.0234 77.0000
   vertex 66.1403 11.8632 77.0000
  endloop
 endfacet
 facet normal 0.00000 0.00000 -1.00000
  outer loop
   vertex 37.5000 0.0000 75.0000
   vertex 64.3468 15.5000 75.0000
   vertex 66.1403 11.8632 75.0000
  endloop
 endfacet
 facet normal 0.00000 0.00000 1.00000
  outer loop
   vertex 37.5000 0.0000 77.0000
   vertex 66.1403 11.8632 77.0000
   vertex 64.3468 15.5000 77.0000
  endloop
 endfacet
 facet normal 0.00000 0.00000 -1.00000
  outer loop
   vertex 37.5000 0.0000 75.0000
   vertex 62.0940 18.8716 75.0000
   vertex 64.3468 15.5000 75.0000
  endloop
 endfacet
 facet normal 0.00000 0.00000 1.00000
  outer loop
   vertex 37.5000 0.0000 77.0000
   vertex 64.3468 15.5000 77.0000
   vertex 62.0940 18.8716 77.0000
  endloop
 endfacet
 facet normal 0.00000 0.00000 -1.00000
  outer loop
   vertex 37.5000 0.0000 75.0000
   vertex 59.4203 21.9203 75.0000
   vertex 62.0940 18.8716 75.0000
  endloop
 endfacet
 facet normal 0.00000 0.00000 1.00000
  outer loop
   vertex 37.5000 0.0000 77.0000
   vertex 62.0940 18.8716 77.0000
   vertex 59.4203 21.9203 77.0000
  endloop
 endfacet
 facet normal 0.00000 0.00000 -1.00000
  outer loop
   vertex 37.5000 0.0000 75.0000
   vertex 56.3716 24.5940 75.0000
   vertex 59.4203 21.9203 75.0000
  endloop
 endfacet
 facet normal 0.00000 0.00000 1.00000
  outer loop
   vertex 37.5000 0.0000 77.0000
   vertex 59.4203 21.9203 77.0000
   vertex 56.3716 24.5940 77.0000
  endloop
 endfacet
 facet normal 0.00000 0.00000 -1.00000
  outer loop
   vertex 37.5000 0.0000 75.0000
   vertex 53.0000 26.8468 75.0000
   vertex 56.3716 24.5940 75.0000
  endloop
 endfacet
 facet normal 0.00000 0.00000 1.00000
  outer loop
   vertex 37.5000 0.0000 77.0000
   vertex 56.3716 24.5940 77.0000
   vertex 53.0000 26.8468 77.0000
  endloop
 endfacet
 facet normal 0.00000 0.00000 -1.00000
  outer loop
   vertex 37.5000 0.0000 75.0000
   vertex 49.3632 28.6403 75.0000
   vertex 53.0000 26.8468 75.0000
  endloop
 endfacet
 facet normal 0.00000 0.00000 1.00000
  outer loop
   vertex 37.5000 0.0000 77.0000
   vertex 53.0000 26.8468 77.0000
   vertex 49.3632 28.6403 77.0000
  endloop
 endfacet
 facet normal 0.00000 0.00000 -1.00000
  outer loop
   vertex 37.5000 0.0000 75.0000
   vertex 45.5234 29.9437 75.0000
   vertex 49.3632 28.6403 75.0000
  endloop
 endfacet
 facet normal 0.00000 0.00000 1.00000
  outer loop
   vertex 37.5000 0.0000 77.0000
   vertex 49.3632 28.6403 77.0000
   vertex 45.5234 29.9437 77.0000
  endloop
 endfacet
 facet normal 0.00000 0.00000 -1.00000
  outer loop
   vertex 37.5000 0.0000 75.0000
   vertex 41.5463 30.7348 75.0000
   vertex 45.5234 29.9437 75.0000
  endloop
 endfacet
 facet normal 0.00000 0.00000 1.00000
  outer loop
   vertex 37.5000 0.0000 77.0000
   vertex 45.5234 29.9437 77.0000
   vertex 41.5463 30.7348 77.0000
  endloop
 endfacet
 facet normal 0.00000 0.00000 -1.00000
  outer loop
   vertex 37.5000 0.0000 75.0000
   vertex 37.5000 31.0000 75.0000
   vertex 41.5463 30.7348 75.0000
  endloop
 endfacet
 facet normal 0.00000 0.00000 1.00000
  outer loop
   vertex 37.5000 0.0000 77.0000
   vertex 41.5463 30.7348 77.0000
   vertex 37.5000 31.0000 77.0000
  endloop
 endfacet
 facet normal 0.00000 0.00000 -1.00000
  outer loop
   vertex 37.5000 0.0000 75.0000
   vertex 33.4537 30.7348 75.0000
   vertex 37.5000 31.0000 75.0000
  endloop
 endfacet
 facet normal 0.00000 -0.00000 1.00000
  outer loop
   vertex 37.5000 0.0000 77.0000
   vertex 37.5000 31.0000 77.0000
   vertex 33.4537 30.7348 77.0000
  endloop
 endfacet
 facet normal 0.00000 0.00000 -1.00000
  outer loop
   vertex 37.5000 0.0000 75.0000
   vertex 29.4766 29.9437 75.0000
   vertex 33.4537 30.7348 75.0000
  endloop
 endfacet
 facet normal 0.00000 0.00000 1.00000
  outer loop
   vertex 37.5000 0.0000 77.0000
   vertex 33.4537 30.7348 77.0000
   vertex 29.4766 29.9437 77.0000
  endloop
 endfacet
 facet normal 0.00000 0.00000 -1.00000
  outer loop
   vertex 37.5000 0.0000 75.0000
   vertex 25.6368 28.6403 75.0000
   vertex 29.4766 29.9437 75.0000
  endloop
 endfacet
 facet normal 0.00000 0.00000 1.00000
  outer loop
   vertex 37.5000 0.0000 77.0000
   vertex 29.4766 29.9437 77.0000
   vertex 25.6368 28.6403 77.0000
  endloop
 endfacet
 facet normal 0.00000 0.00000 -1.00000
  outer loop
   vertex 37.5000 0.0000 75.0000
   vertex 22.0000 26.8468 75.0000
   vertex 25.6368 28.6403 75.0000
  endloop
 endfacet
 facet normal 0.00000 0.00000 1.00000
  outer loop
   vertex 37.5000 0.0000 77.0000
   vertex 25.6368 28.6403 77.0000
   vertex 22.0000 26.8468 77.0000
  endloop
 endfacet
 facet normal 0.00000 0.00000 -1.00000
  outer loop
   vertex 37.5000 0.0000 75.0000
   vertex 18.6284 24.5940 75.0000
   vertex 22.0000 26.8468 75.0000
  endloop
 endfacet
 facet normal 0.00000 0.00000 1.00000
  outer loop
   vertex 37.5000 0.0000 77.0000
   vertex 22.0000 26.8468 77.0000
   vertex 18.6284 24.5940 77.0000
  endloop
 endfacet
 facet normal 0.00000 0.00000 -1.00000
  outer loop
   vertex 37.5000 0.0000 75.0000
   vertex 15.5797 21.9203 75.0000
   vertex 18.6284 24.5940 75.0000
  endloop
 endfacet
 facet normal 0.00000 0.00000 1.00000
  outer loop
   vertex 37.5000 0.0000 77.0000
   vertex 18.6284 24.5940 77.0000
   vertex 15.5797 21.9203 77.0000
  endloop
 endfacet
 facet normal 0.00000 0.00000 -1.00000
  outer loop
   vertex 37.5000 0.0000 75.0000
   vertex 12.9060 18.8716 75.0000
   vertex 15.5797 21.9203 75.0000
  endloop
 endfacet
 facet normal 0.00000 0.00000 1.00000
  outer loop
   vertex 37.5000 0.0000 77.0000
   vertex 15.5797 21.9203 77.0000
   vertex 12.9060 18.8716 77.0000
  endloop
 endfacet
 facet normal 0.00000 0.00000 -1.00000
  outer loop
   vertex 37.5000 0.0000 75.0000
   vertex 10.6532 15.5000 75.0000
   vertex 12.9060 18.8716 75.0000
  endloop
 endfacet
 facet normal 0.00000 0.00000 1.00000
  outer loop
   vertex 37.5000 0.0000 77.0000
   vertex 12.9060 18.8716 77.0000
   vertex 10.6532 15.5000 77.0000
  endloop
 endfacet
 facet normal 0.00000 0.00000 -1.00000
  outer loop
   vertex 37.5000 0.0000 75.0000
   vertex 8.8597 11.8632 75.0000
   vertex 10.6532 15.5000 75.0000
  endloop
 endfacet
 facet normal 0.00000 0.00000 1.00000
  outer loop
   vertex 37.5000 0.0000 77.0000
   vertex 10.6532 15.5000 77.0000
   vertex 8.8597 11.8632 77.0000
  endloop
 endfacet
 facet normal 0.00000 0.00000 -1.00000
  outer loop
   vertex 37.5000 0.0000 75.0000
   vertex 7.5563 8.0234 75.0000
   vertex 8.8597 11.8632 75.0000
  endloop
 endfacet
 facet normal 0.00000 0.00000 1.00000
  outer loop
   vertex 37.5000 0.0000 77.0000
   vertex 8.8597 11.8632 77.0000
   vertex 7.5563 8.0234 77.0000
  endloop
 endfacet
 facet normal 0.00000 0.00000 -1.00000
  outer loop
   vertex 37.5000 0.0000 75.0000
   vertex 6.7652 4.0463 75.0000
   vertex 7.5563 8.0234 75.0000
  endloop
 endfacet
 facet normal 0.00000 0.00000 1.00000
  outer loop
   vertex 37.5000 0.0000 77.0000
   vertex 7.5563 8.0234 77.0000
   vertex 6.7652 4.0463 77.0000
  endloop
 endfacet
 facet normal 0.00000 0.00000 -1.00000
  outer loop
   vertex 37.5000 0.0000 75.0000
   vertex 6.5000 0.0000 75.0000
   vertex 6.7652 4.0463 75.0000
  endloop
 endfacet
 facet normal 0.00000 0.00000 1.00000
  outer loop
   vertex 37.5000 0.0000 77.0000
   vertex 6.7652 4.0463 77.0000
   vertex 6.5000 0.0000 77.0000
  endloop
 endfacet
 facet normal -0.00000 0.00000 -1.00000
  outer loop
   vertex 37.5000 0.0000 75.0000
   vertex 6.7652 -4.0463 75.0000
   vertex 6.5000 0.0000 75.0000
  endloop
 endfacet
 facet normal 0.00000 0.00000 1.00000
  outer loop
   vertex 37.5000 0.0000 77.0000
   vertex 6.5000 0.0000 77.0000
   vertex 6.7652 -4.0463 77.0000
  endloop
 endfacet
 facet normal 0.00000 0.00000 -1.00000
  outer loop
   vertex 37.5000 0.0000 75.0000
   vertex 7.5563 -8.0234 75.0000
   vertex 6.7652 -4.0463 75.0000
  endloop
 endfacet
 facet normal 0.00000 0.00000 1.00000
  outer loop
   vertex 37.5000 0.0000 77.0000
   vertex 6.7652 -4.0463 77.0000
   vertex 7.5563 -8.0234 77.0000
  endloop
 endfacet
 facet normal 0.00000 0.00000 -1.00000
  outer loop
   vertex 37.5000 0.0000 75.0000
   vertex 8.8597 -11.8632 75.0000
   vertex 7.5563 -8.0234 75.0000
  endloop
 endfacet
 facet normal 0.00000 0.00000 1.00000
  outer loop
   vertex 37.5000 0.0000 77.0000
   vertex 7.5563 -8.0234 77.0000
   vertex 8.8597 -11.8632 77.0000
  endloop
 endfacet
 facet normal 0.00000 0.00000 -1.00000
  outer loop
   vertex 37.5000 0.0000 75.0000
   vertex 10.6532 -15.5000 75.0000
   vertex 8.8597 -11.8632 75.0000
  endloop
 endfacet
 facet normal 0.00000 0.00000 1.00000
  outer loop
   vertex 37.5000 0.0000 77.0000
   vertex 8.8597 -11.8632 77.0000
   vertex 10.6532 -15.5000 77.0000
  endloop
 endfacet
 facet normal 0.00000 0.00000 -1.00000
  outer loop
   vertex 37.5000 0.0000 75.0000
   vertex 12.9060 -18.8716 75.0000
   vertex 10.6532 -15.5000 75.0000
  endloop
 endfacet
 facet normal 0.00000 0.00000 1.00000
  outer loop
   vertex 37.5000 0.0000 77.0000
   vertex 10.6532 -15.5000 77.0000
   vertex 12.9060 -18.8716 77.0000
  endloop
 endfacet
 facet normal 0.00000 0.00000 -1.00000
  outer loop
   vertex 37.5000 0.0000 75.0000
   vertex 15.5797 -21.9203 75.0000
   vertex 12.9060 -18.8716 75.0000
  endloop
 endfacet
 facet normal 0.00000 0.00000 1.00000
  outer loop
   vertex 37.5000 0.0000 77.0000
   vertex 12.9060 -18.8716 77.0000
   vertex 15.5797 -21.9203 77.0000
  endloop
 endfacet
 facet normal 0.00000 0.00000 -1.00000
  outer loop
   vertex 37.5000 0.0000 75.0000
   vertex 18.6284 -24.5940 75.0000
   vertex 15.5797 -21.9203 75.0000
  endloop
 endfacet
 facet normal 0.00000 0.00000 1.00000
  outer loop
   vertex 37.5000 0.0000 77.0000
   vertex 15.5797 -21.9203 77.0000
   vertex 18.6284 -24.5940 77.0000
  endloop
 endfacet
 facet normal 0.00000 0.00000 -1.00000
  outer loop
   vertex 37.5000 0.0000 75.0000
   vertex 22.0000 -26.8468 75.0000
   vertex 18.6284 -24.5940 75.0000
  endloop
 endfacet
 facet normal 0.00000 0.00000 1.00000
  outer loop
   vertex 37.5000 0.0000 77.0000
   vertex 18.6284 -24.5940 77.0000
   vertex 22.0000 -26.8468 77.0000
  endloop
 endfacet
 facet normal 0.00000 0.00000 -1.00000
  outer loop
   vertex 37.5000 0.0000 75.0000
   vertex 25.6368 -28.6403 75.0000
   vertex 22.0000 -26.8468 75.0000
  endloop
 endfacet
 facet normal 0.00000 0.00000 1.00000
  outer loop
   vertex 37.5000 0.0000 77.0000
   vertex 22.0000 -26.8468 77.0000
   vertex 25.6368 -28.6403 77.0000
  endloop
 endfacet
 facet normal 0.00000 0.00000 -1.00000
  outer loop
   vertex 37.5000 0.0000 75.0000
   vertex 29.4766 -29.9437 75.0000
   vertex 25.6368 -28.6403 75.0000
  endloop
 endfacet
 facet normal 0.00000 0.00000 1.00000
  outer loop
   vertex 37.5000 0.0000 77.0000
   vertex 25.6368 -28.6403 77.0000
   vertex 29.4766 -29.9437 77.0000
  endloop
 endfacet
 facet normal 0.00000 0.00000 -1.00000
  outer loop
   vertex 37.5000 0.0000 75.0000
   vertex 33.4537 -30.7348 75.0000
   vertex 29.4766 -29.9437 75.0000
  endloop
 endfacet
 facet normal 0.00000 0.00000 1.00000
  outer loop
   vertex 37.5000 0.0000 77.0000
   vertex 29.4766 -29.9437 77.0000
   vertex 33.4537 -30.7348 77.0000
  endloop
 endfacet
 facet normal 0.00000 0.00000 -1.00000
  outer loop
   vertex 37.5000 0.0000 75.0000
   vertex 37.5000 -31.0000 75.0000
   vertex 33.4537 -30.7348 75.0000
  endloop
 endfacet
 facet normal 0.00000 0.00000 1.00000
  outer loop
   vertex 37.5000 0.0000 77.0000
   vertex 33.4537 -30.7348 77.0000
   vertex 37.5000 -31.0000 77.0000
  endloop
 endfacet
 facet normal 0.00000 -0.00000 -1.00000
  outer loop
   vertex 37.5000 0.0000 75.0000
   vertex 41.5463 -30.7348 75.0000
   vertex 37.5000 -31.0000 75.0000
  endloop
 endfacet
 facet normal 0.00000 0.00000 1.00000
  outer loop
   vertex 37.5000 0.0000 77.0000
   vertex 37.5000 -31.0000 77.0000
   vertex 41.5463 -30.7348 77.0000
  endloop
 endfacet
 facet normal 0.00000 0.00000 -1.00000
  outer loop
   vertex 37.5000 0.0000 75.0000
   vertex 45.5234 -29.9437 75.0000
   vertex 41.5463 -30.7348 75.0000
  endloop
 endfacet
 facet normal 0.00000 0.00000 1.00000
  outer loop
   vertex 37.5000 0.0000 77.0000
   vertex 41.5463 -30.7348 77.0000
   vertex 45.5234 -29.9437 77.0000
  endloop
 endfacet
 facet normal 0.00000 0.00000 -1.00000
  outer loop
   vertex 37.5000 0.0000 75.0000
   vertex 49.3632 -28.6403 75.0000
   vertex 45.5234 -29.9437 75.0000
  endloop
 endfacet
 facet normal 0.00000 0.00000 1.00000
  outer loop
   vertex 37.5000 0.0000 77.0000
   vertex 45.5234 -29.9437 77.0000
   vertex 49.3632 -28.6403 77.0000
  endloop
 endfacet
 facet normal 0.00000 0.00000 -1.00000
  outer loop
   vertex 37.5000 0.0000 75.0000
   vertex 53.0000 -26.8468 75.0000
   vertex 49.3632 -28.6403 75.0000
  endloop
 endfacet
 facet normal 0.00000 0.00000 1.00000
  outer loop
   vertex 37.5000 0.0000 77.0000
   vertex 49.3632 -28.6403 77.0000
   vertex 53.0000 -26.8468 77.0000
  endloop
 endfacet
 facet normal 0.00000 0.00000 -1.00000
  outer loop
   vertex 37.5000 0.0000 75.0000
   vertex 56.3716 -24.5940 75.0000
   vertex 53.0000 -26.8468 75.0000
  endloop
 endfacet
 facet normal 0.00000 0.00000 1.00000
  outer loop
   vertex 37.5000 0.0000 77.0000
   vertex 53.0000 -26.8468 77.0000
   vertex 56.3716 -24.5940 77.0000
  endloop
 endfacet
 facet normal 0.00000 0.00000 -1.00000
  outer loop
   vertex 37.5000 0.0000 75.0000
   vertex 59.4203 -21.9203 75.0000
   vertex 56.3716 -24.5940 75.0000
  endloop
 endfacet
 facet normal 0.00000 0.00000 1.00000
  outer loop
   vertex 37.5000 0.0000 77.0000
   vertex 56.3716 -24.5940 77.0000
   vertex 59.4203 -21.9203 77.0000
  endloop
 endfacet
 facet normal 0.00000 0.00000 -1.00000
  outer loop
   vertex 37.5000 0.0000 75.0000
   vertex 62.0940 -18.8716 75.0000
   vertex 59.4203 -21.9203 75.0000
  endloop
 endfacet
 facet normal 0.00000 0.00000 1.00000
  outer loop
   vertex 37.5000 0.0000 77.0000
   vertex 59.4203 -21.9203 77.0000
   vertex 62.0940 -18.8716 77.0000
  endloop
 endfacet
 facet normal 0.00000 0.00000 -1.00000
  outer loop
   vertex 37.5000 0.0000 75.0000
   vertex 64.3468 -15.5000 75.0000
   vertex 62.0940 -18.8716 75.0000
  endloop
 endfacet
 facet normal 0.00000 0.00000 1.00000
  outer loop
   vertex 37.5000 0.0000 77.0000
   vertex 62.0940 -18.8716 77.0000
   vertex 64.3468 -15.5000 77.0000
  endloop
 endfacet
 facet normal 0.00000 0.00000 -1.00000
  outer loop
   vertex 37.5000 0.0000 75.0000
   vertex 66.1403 -11.8632 75.0000
   vertex 64.3468 -15.5000 75.0000
  endloop
 endfacet
 facet normal 0.00000 0.00000 1.00000
  outer loop
   vertex 37.5000 0.0000 77.0000
   vertex 64.3468 -15.5000 77.0000
   vertex 66.1403 -11.8632 77.0000
  endloop
 endfacet
 facet normal 0.00000 0.00000 -1.00000
  outer loop
   vertex 37.5000 0.0000 75.0000
   vertex 67.4437 -8.0234 75.0000
   vertex 66.1403 -11.8632 75.0000
  endloop
 endfacet
 facet normal 0.00000 0.00000 1.00000
  outer loop
   vertex 37.5000 0.0000 77.0000
   vertex 66.1403 -11.8632 77.0000
   vertex 67.4437 -8.0234 77.0000
  endloop
 endfacet
 facet normal 0.00000 0.00000 -1.00000
  outer loop
   vertex 37.5000 0.0000 75.0000
   vertex 68.2348 -4.0463 75.0000
   vertex 67.4437 -8.0234 75.0000
  endloop
 endfacet
 facet normal 0.00000 0.00000 1.00000
  outer loop
   vertex 37.5000 0.0000 77.0000
   vertex 67.4437 -8.0234 77.0000
   vertex 68.2348 -4.0463 77.0000
  endloop
 endfacet
 facet normal 0.00000 0.00000 -1.00000
  outer loop
   vertex 37.5000 0.0000 75.0000
   vertex 68.5000 0.0000 75.0000
   vertex 68.2348 -4.0463 75.0000
  endloop
 endfacet
 facet normal -0.00000 0.00000 1.00000
  outer loop
   vertex 37.5000 0.0000 77.0000
   vertex 68.2348 -4.0463 77.0000
   vertex 68.5000 0.0000 77.0000
  endloop
 endfacet
 facet normal 0.99786 0.06540 0.00000
  outer loop
   vertex 73.5000 0.0000 77.0000
   vertex 73.1920 4.6989 77.0000
   vertex 73.1920 4.6989 183.4000
  endloop
 endfacet
 facet normal 0.99786 0.06540 -0.00000
  outer loop
   vertex 73.5000 0.0000 77.0000
   vertex 73.1920 4.6989 183.4000
   vertex 73.5000 0.0000 183.4000
  endloop
 endfacet
 facet normal 0.98079 0.19509 0.00000
  outer loop
   vertex 73.1920 4.6989 77.0000
   vertex 72.2733 9.3175 77.0000
   vertex 72.2733 9.3175 183.4000
  endloop
 endfacet
 facet normal 0.98079 0.19509 -0.00000
  outer loop
   vertex 73.1920 4.6989 77.0000
   vertex 72.2733 9.3175 183.4000
   vertex 73.1920 4.6989 183.4000
  endloop
 endfacet
 facet normal 0.94693 0.32144 0.00000
  outer loop
   vertex 72.2733 9.3175 77.0000
   vertex 70.7597 13.7766 77.0000
   vertex 70.7597 13.7766 183.4000
  endloop
 endfacet
 facet normal 0.94693 0.32144 -0.00000
  outer loop
   vertex 72.2733 9.3175 77.0000
   vertex 70.7597 13.7766 183.4000
   vertex 72.2733 9.3175 183.4000
  endloop
 endfacet
 facet normal 0.89687 0.44229 0.00000
  outer loop
   vertex 70.7597 13.7766 77.0000
   vertex 68.6769 18.0000 77.0000
   vertex 68.6769 18.0000 183.4000
  endloop
 endfacet
 facet normal 0.89687 0.44229 -0.00000
  outer loop
   vertex 70.7597 13.7766 77.0000
   vertex 68.6769 18.0000 183.4000
   vertex 70.7597 13.7766 183.4000
  endloop
 endfacet
 facet normal 0.83147 0.55557 0.00000
  outer loop
   vertex 68.6769 18.0000 77.0000
   vertex 66.0607 21.9154 77.0000
   vertex 66.0607 21.9154 183.4000
  endloop
 endfacet
 facet normal 0.83147 0.55557 -0.00000
  outer loop
   vertex 68.6769 18.0000 77.0000
   vertex 66.0607 21.9154 183.4000
   vertex 68.6769 18.0000 183.4000
  endloop
 endfacet
 facet normal 0.75184 0.65935 0.00000
  outer loop
   vertex 66.0607 21.9154 77.0000
   vertex 62.9558 25.4558 77.0000
   vertex 62.9558 25.4558 183.4000
  endloop
 endfacet
 facet normal 0.75184 0.65935 -0.00000
  outer loop
   vertex 66.0607 21.9154 77.0000
   vertex 62.9558 25.4558 183.4000
   vertex 66.0607 21.9154 183.4000
  endloop
 endfacet
 facet normal 0.65935 0.75184 0.00000
  outer loop
   vertex 62.9558 25.4558 77.0000
   vertex 59.4154 28.5607 77.0000
   vertex 59.4154 28.5607 183.4000
  endloop
 endfacet
 facet normal 0.65935 0.75184 -0.00000
  outer loop
   vertex 62.9558 25.4558 77.0000
   vertex 59.4154 28.5607 183.4000
   vertex 62.9558 25.4558 183.4000
  endloop
 endfacet
 facet normal 0.55557 0.83147 0.00000
  outer loop
   vertex 59.4154 28.5607 77.0000
   vertex 55.5000 31.1769 77.0000
   vertex 55.5000 31.1769 183.4000
  endloop
 endfacet
 facet normal 0.55557 0.83147 -0.00000
  outer loop
   vertex 59.4154 28.5607 77.0000
   vertex 55.5000 31.1769 183.4000
   vertex 59.4154 28.5607 183.4000
  endloop
 endfacet
 facet normal 0.44229 0.89687 0.00000
  outer loop
   vertex 55.5000 31.1769 77.0000
   vertex 51.2766 33.2597 77.0000
   vertex 51.2766 33.2597 183.4000
  endloop
 endfacet
 facet normal 0.44229 0.89687 -0.00000
  outer loop
   vertex 55.5000 31.1769 77.0000
   vertex 51.2766 33.2597 183.4000
   vertex 55.5000 31.1769 183.4000
  endloop
 endfacet
 facet normal 0.32144 0.94693 0.00000
  outer loop
   vertex 51.2766 33.2597 77.0000
   vertex 46.8175 34.7733 77.0000
   vertex 46.8175 34.7733 183.4000
  endloop
 endfacet
 facet normal 0.32144 0.94693 -0.00000
  outer loop
   vertex 51.2766 33.2597 77.0000
   vertex 46.8175 34.7733 183.4000
   vertex 51.2766 33.2597 183.4000
  endloop
 endfacet
 facet normal 0.19509 0.98079 0.00000
  outer loop
   vertex 46.8175 34.7733 77.0000
   vertex 42.1989 35.6920 77.0000
   vertex 42.1989 35.6920 183.4000
  endloop
 endfacet
 facet normal 0.19509 0.98079 -0.00000
  outer loop
   vertex 46.8175 34.7733 77.0000
   vertex 42.1989 35.6920 183.4000
   vertex 46.8175 34.7733 183.4000
  endloop
 endfacet
 facet normal 0.06540 0.99786 0.00000
  outer loop
   vertex 42.1989 35.6920 77.0000
   vertex 37.5000 36.0000 77.0000
   vertex 37.5000 36.0000 183.4000
  endloop
 endfacet
 facet normal 0.06540 0.99786 -0.00000
  outer loop
   vertex 42.1989 35.6920 77.0000
   vertex 37.5000 36.0000 183.4000
   vertex 42.1989 35.6920 183.4000
  endloop
 endfacet
 facet normal -0.06540 0.99786 0.00000
  outer loop
   vertex 37.5000 36.0000 77.0000
   vertex 32.8011 35.6920 77.0000
   vertex 32.8011 35.6920 183.4000
  endloop
 endfacet
 facet normal -0.06540 0.99786 0.00000
  outer loop
   vertex 37.5000 36.0000 77.0000
   vertex 32.8011 35.6920 183.4000
   vertex 37.5000 36.0000 183.4000
  endloop
 endfacet
 facet normal -0.19509 0.98079 0.00000
  outer loop
   vertex 32.8011 35.6920 77.0000
   vertex 28.1825 34.7733 77.0000
   vertex 28.1825 34.7733 183.4000
  endloop
 endfacet
 facet normal -0.19509 0.98079 0.00000
  outer loop
   vertex 32.8011 35.6920 77.0000
   vertex 28.1825 34.7733 183.4000
   vertex 32.8011 35.6920 183.4000
  endloop
 endfacet
 facet normal -0.32144 0.94693 0.00000
  outer loop
   vertex 28.1825 34.7733 77.0000
   vertex 23.7234 33.2597 77.0000
   vertex 23.7234 33.2597 183.4000
  endloop
 endfacet
 facet normal -0.32144 0.94693 0.00000
  outer loop
   vertex 28.1825 34.7733 77.0000
   vertex 23.7234 33.2597 183.4000
   vertex 28.1825 34.7733 183.4000
  endloop
 endfacet
 facet normal -0.44229 0.89687 0.00000
  outer loop
   vertex 23.7234 33.2597 77.0000
   vertex 19.5000 31.1769 77.0000
   vertex 19.5000 31.1769 183.4000
  endloop
 endfacet
 facet normal -0.44229 0.89687 0.00000
  outer loop
   vertex 23.7234 33.2597 77.0000
   vertex 19.5000 31.1769 183.4000
   vertex 23.7234 33.2597 183.4000
  endloop
 endfacet
 facet normal -0.55557 0.83147 0.00000
  outer loop
   vertex 19.5000 31.1769 77.0000
   vertex 15.5846 28.5607 77.0000
   vertex 15.5846 28.5607 183.4000
  endloop
 endfacet
 facet normal -0.55557 0.83147 0.00000
  outer loop
   vertex 19.5000 31.1769 77.0000
   vertex 15.5846 28.5607 183.4000
   vertex 19.5000 31.1769 183.4000
  endloop
 endfacet
 facet normal -0.65935 0.75184 0.00000
  outer loop
   vertex 15.5846 28.5607 77.0000
   vertex 12.0442 25.4558 77.0000
   vertex 12.0442 25.4558 183.4000
  endloop
 endfacet
 facet normal -0.65935 0.75184 0.00000
  outer loop
   vertex 15.5846 28.5607 77.0000
   vertex 12.0442 25.4558 183.4000
   vertex 15.5846 28.5607 183.4000
  endloop
 endfacet
 facet normal -0.75184 0.65935 0.00000
  outer loop
   vertex 12.0442 25.4558 77.0000
   vertex 8.9393 21.9154 77.0000
   vertex 8.9393 21.9154 183.4000
  endloop
 endfacet
 facet normal -0.75184 0.65935 0.00000
  outer loop
   vertex 12.0442 25.4558 77.0000
   vertex 8.9393 21.9154 183.4000
   vertex 12.0442 25.4558 183.4000
  endloop
 endfacet
 facet normal -0.83147 0.55557 0.00000
  outer loop
   vertex 8.9393 21.9154 77.0000
   vertex 6.3231 18.0000 77.0000
   vertex 6.3231 18.0000 183.4000
  endloop
 endfacet
 facet normal -0.83147 0.55557 0.00000
  outer loop
   vertex 8.9393 21.9154 77.0000
   vertex 6.3231 18.0000 183.4000
   vertex 8.9393 21.9154 183.4000
  endloop
 endfacet
 facet normal -0.89687 0.44229 0.00000
  outer loop
   vertex 6.3231 18.0000 77.0000
   vertex 4.2403 13.7766 77.0000
   vertex 4.2403 13.7766 183.4000
  endloop
 endfacet
 facet normal -0.89687 0.44229 0.00000
  outer loop
   vertex 6.3231 18.0000 77.0000
   vertex 4.2403 13.7766 183.4000
   vertex 6.3231 18.0000 183.4000
  endloop
 endfacet
 facet normal -0.94693 0.32144 0.00000
  outer loop
   vertex 4.2403 13.7766 77.0000
   vertex 2.7267 9.3175 77.0000
   vertex 2.7267 9.3175 183.4000
  endloop
 endfacet
 facet normal -0.94693 0.32144 0.00000
  outer loop
   vertex 4.2403 13.7766 77.0000
   vertex 2.7267 9.3175 183.4000
   vertex 4.2403 13.7766 183.4000
  endloop
 endfacet
 facet normal -0.98079 0.19509 0.00000
  outer loop
   vertex 2.7267 9.3175 77.0000
   vertex 1.8080 4.6989 77.0000
   vertex 1.8080 4.6989 183.4000
  endloop
 endfacet
 facet normal -0.98079 0.19509 0.00000
  outer loop
   vertex 2.7267 9.3175 77.0000
   vertex 1.8080 4.6989 183.4000
   vertex 2.7267 9.3175 183.4000
  endloop
 endfacet
 facet normal -0.99786 0.06540 0.00000
  outer loop
   vertex 1.8080 4.6989 77.0000
   vertex 1.5000 0.0000 77.0000
   vertex 1.5000 0.0000 183.4000
  endloop
 endfacet
 facet normal -0.99786 0.06540 0.00000
  outer loop
   vertex 1.8080 4.6989 77.0000
   vertex 1.5000 0.0000 183.4000
   vertex 1.8080 4.6989 183.4000
  endloop
 endfacet
 facet normal -0.99786 -0.06540 0.00000
  outer loop
   vertex 1.5000 0.0000 77.0000
   vertex 1.8080 -4.6989 77.0000
   vertex 1.8080 -4.6989 183.4000
  endloop
 endfacet
 facet normal -0.99786 -0.06540 0.00000
  outer loop
   vertex 1.5000 0.0000 77.0000
   vertex 1.8080 -4.6989 183.4000
   vertex 1.5000 0.0000 183.4000
  endloop
 endfacet
 facet normal -0.98079 -0.19509 0.00000
  outer loop
   vertex 1.8080 -4.6989 77.0000
   vertex 2.7267 -9.3175 77.0000
   vertex 2.7267 -9.3175 183.4000
  endloop
 endfacet
 facet normal -0.98079 -0.19509 0.00000
  outer loop
   vertex 1.8080 -4.6989 77.0000
   vertex 2.7267 -9.3175 183.4000
   vertex 1.8080 -4.6989 183.4000
  endloop
 endfacet
 facet normal -0.94693 -0.32144 0.00000
  outer loop
   vertex 2.7267 -9.3175 77.0000
   vertex 4.2403 -13.7766 77.0000
   vertex 4.2403 -13.7766 183.4000
  endloop
 endfacet
 facet normal -0.94693 -0.32144 0.00000
  outer loop
   vertex 2.7267 -9.3175 77.0000
   vertex 4.2403 -13.7766 183.4000
   vertex 2.7267 -9.3175 183.4000
  endloop
 endfacet
 facet normal -0.89687 -0.44229 0.00000
  outer loop
   vertex 4.2403 -13.7766 77.0000
   vertex 6.3231 -18.0000 77.0000
   vertex 6.3231 -18.0000 183.4000
  endloop
 endfacet
 facet normal -0.89687 -0.44229 0.00000
  outer loop
   vertex 4.2403 -13.7766 77.0000
   vertex 6.3231 -18.0000 183.4000
   vertex 4.2403 -13.7766 183.4000
  endloop
 endfacet
 facet normal -0.83147 -0.55557 0.00000
  outer loop
   vertex 6.3231 -18.0000 77.0000
   vertex 8.9393 -21.9154 77.0000
   vertex 8.9393 -21.9154 183.4000
  endloop
 endfacet
 facet normal -0.83147 -0.55557 0.00000
  outer loop
   vertex 6.3231 -18.0000 77.0000
   vertex 8.9393 -21.9154 183.4000
   vertex 6.3231 -18.0000 183.4000
  endloop
 endfacet
 facet normal -0.75184 -0.65935 0.00000
  outer loop
   vertex 8.9393 -21.9154 77.0000
   vertex 12.0442 -25.4558 77.0000
   vertex 12.0442 -25.4558 183.4000
  endloop
 endfacet
 facet normal -0.75184 -0.65935 0.00000
  outer loop
   vertex 8.9393 -21.9154 77.0000
   vertex 12.0442 -25.4558 183.4000
   vertex 8.9393 -21.9154 183.4000
  endloop
 endfacet
 facet normal -0.65935 -0.75184 0.00000
  outer loop
   vertex 12.0442 -25.4558 77.0000
   vertex 15.5846 -28.5607 77.0000
   vertex 15.5846 -28.5607 183.4000
  endloop
 endfacet
 facet normal -0.65935 -0.75184 0.00000
  outer loop
   vertex 12.0442 -25.4558 77.0000
   vertex 15.5846 -28.5607 183.4000
   vertex 12.0442 -25.4558 183.4000
  endloop
 endfacet
 facet normal -0.55557 -0.83147 0.00000
  outer loop
   vertex 15.5846 -28.5607 77.0000
   vertex 19.5000 -31.1769 77.0000
   vertex 19.5000 -31.1769 183.4000
  endloop
 endfacet
 facet normal -0.55557 -0.83147 0.00000
  outer loop
   vertex 15.5846 -28.5607 77.0000
   vertex 19.5000 -31.1769 183.4000
   vertex 15.5846 -28.5607 183.4000
  endloop
 endfacet
 facet normal -0.44229 -0.89687 0.00000
  outer loop
   vertex 19.5000 -31.1769 77.0000
   vertex 23.7234 -33.2597 77.0000
   vertex 23.7234 -33.2597 183.4000
  endloop
 endfacet
 facet normal -0.44229 -0.89687 0.00000
  outer loop
   vertex 19.5000 -31.1769 77.0000
   vertex 23.7234 -33.2597 183.4000
   vertex 19.5000 -31.1769 183.4000
  endloop
 endfacet
 facet normal -0.32144 -0.94693 0.00000
  outer loop
   vertex 23.7234 -33.2597 77.0000
   vertex 28.1825 -34.7733 77.0000
   vertex 28.1825 -34.7733 183.4000
  endloop
 endfacet
 facet normal -0.32144 -0.94693 0.00000
  outer loop
   vertex 23.7234 -33.2597 77.0000
   vertex 28.1825 -34.7733 183.4000
   vertex 23.7234 -33.2597 183.4000
  endloop
 endfacet
 facet normal -0.19509 -0.98079 0.00000
  outer loop
   vertex 28.1825 -34.7733 77.0000
   vertex 32.8011 -35.6920 77.0000
   vertex 32.8011 -35.6920 183.4000
  endloop
 endfacet
 facet normal -0.19509 -0.98079 0.00000
  outer loop
   vertex 28.1825 -34.7733 77.0000
   vertex 32.8011 -35.6920 183.4000
   vertex 28.1825 -34.7733 183.4000
  endloop
 endfacet
 facet normal -0.06540 -0.99786 0.00000
  outer loop
   vertex 32.8011 -35.6920 77.0000
   vertex 37.5000 -36.0000 77.0000
   vertex 37.5000 -36.0000 183.4000
  endloop
 endfacet
 facet normal -0.06540 -0.99786 0.00000
  outer loop
   vertex 32.8011 -35.6920 77.0000
   vertex 37.5000 -36.0000 183.4000
   vertex 32.8011 -35.6920 183.4000
  endloop
 endfacet
 facet normal 0.06540 -0.99786 0.00000
  outer loop
   vertex 37.5000 -36.0000 77.0000
   vertex 42.1989 -35.6920 77.0000
   vertex 42.1989 -35.6920 183.4000
  endloop
 endfacet
 facet normal 0.06540 -0.99786 0.00000
  outer loop
   vertex 37.5000 -36.0000 77.0000
   vertex 42.1989 -35.6920 183.4000
   vertex 37.5000 -36.0000 183.4000
  endloop
 endfacet
 facet normal 0.19509 -0.98079 0.00000
  outer loop
   vertex 42.1989 -35.6920 77.0000
   vertex 46.8175 -34.7733 77.0000
   vertex 46.8175 -34.7733 183.4000
  endloop
 endfacet
 facet normal 0.19509 -0.98079 0.00000
  outer loop
   vertex 42.1989 -35.6920 77.0000
   vertex 46.8175 -34.7733 183.4000
   vertex 42.1989 -35.6920 183.4000
  endloop
 endfacet
 facet normal 0.32144 -0.94693 0.00000
  outer loop
   vertex 46.8175 -34.7733 77.0000
   vertex 51.2766 -33.2597 77.0000
   vertex 51.2766 -33.2597 183.4000
  endloop
 endfacet
 facet normal 0.32144 -0.94693 0.00000
  outer loop
   vertex 46.8175 -34.7733 77.0000
   vertex 51.2766 -33.2597 183.4000
   vertex 46.8175 -34.7733 183.4000
  endloop
 endfacet
 facet normal 0.44229 -0.89687 0.00000
  outer loop
   vertex 51.2766 -33.2597 77.0000
   vertex 55.5000 -31.1769 77.0000
   vertex 55.5000 -31.1769 183.4000
  endloop
 endfacet
 facet normal 0.44229 -0.89687 0.00000
  outer loop
   vertex 51.2766 -33.2597 77.0000
   vertex 55.5000 -31.1769 183.4000
   vertex 51.2766 -33.2597 183.4000
  endloop
 endfacet
 facet normal 0.55557 -0.83147 0.00000
  outer loop
   vertex 55.5000 -31.1769 77.0000
   vertex 59.4154 -28.5607 77.0000
   vertex 59.4154 -28.5607 183.4000
  endloop
 endfacet
 facet normal 0.55557 -0.83147 0.00000
  outer loop
   vertex 55.5000 -31.1769 77.0000
   vertex 59.4154 -28.5607 183.4000
   vertex 55.5000 -31.1769 183.4000
  endloop
 endfacet
 facet normal 0.65935 -0.75184 0.00000
  outer loop
   vertex 59.4154 -28.5607 77.0000
   vertex 62.9558 -25.4558 77.0000
   vertex 62.9558 -25.4558 183.4000
  endloop
 endfacet
 facet normal 0.65935 -0.75184 0.00000
  outer loop
   vertex 59.4154 -28.5607 77.0000
   vertex 62.9558 -25.4558 183.4000
   vertex 59.4154 -28.5607 183.4000
  endloop
 endfacet
 facet normal 0.75184 -0.65935 0.00000
  outer loop
   vertex 62.9558 -25.4558 77.0000
   vertex 66.0607 -21.9154 77.0000
   vertex 66.0607 -21.9154 183.4000
  endloop
 endfacet
 facet normal 0.75184 -0.65935 0.00000
  outer loop
   vertex 62.9558 -25.4558 77.0000
   vertex 66.0607 -21.9154 183.4000
   vertex 62.9558 -25.4558 183.4000
  endloop
 endfacet
 facet normal 0.83147 -0.55557 0.00000
  outer loop
   vertex 66.0607 -21.9154 77.0000
   vertex 68.6769 -18.0000 77.0000
   vertex 68.6769 -18.0000 183.4000
  endloop
 endfacet
 facet normal 0.83147 -0.55557 0.00000
  outer loop
   vertex 66.0607 -21.9154 77.0000
   vertex 68.6769 -18.0000 183.4000
   vertex 66.0607 -21.9154 183.4000
  endloop
 endfacet
 facet normal 0.89687 -0.44229 0.00000
  outer loop
   vertex 68.6769 -18.0000 77.0000
   vertex 70.7597 -13.7766 77.0000
   vertex 70.7597 -13.7766 183.4000
  endloop
 endfacet
 facet normal 0.89687 -0.44229 0.00000
  outer loop
   vertex 68.6769 -18.0000 77.0000
   vertex 70.7597 -13.7766 183.4000
   vertex 68.6769 -18.0000 183.4000
  endloop
 endfacet
 facet normal 0.94693 -0.32144 0.00000
  outer loop
   vertex 70.7597 -13.7766 77.0000
   vertex 72.2733 -9.3175 77.0000
   vertex 72.2733 -9.3175 183.4000
  endloop
 endfacet
 facet normal 0.94693 -0.32144 0.00000
  outer loop
   vertex 70.7597 -13.7766 77.0000
   vertex 72.2733 -9.3175 183.4000
   vertex 70.7597 -13.7766 183.4000
  endloop
 endfacet
 facet normal 0.98079 -0.19509 0.00000
  outer loop
   vertex 72.2733 -9.3175 77.0000
   vertex 73.1920 -4.6989 77.0000
   vertex 73.1920 -4.6989 183.4000
  endloop
 endfacet
 facet normal 0.98079 -0.19509 0.00000
  outer loop
   vertex 72.2733 -9.3175 77.0000
   vertex 73.1920 -4.6989 183.4000
   vertex 72.2733 -9.3175 183.4000
  endloop
 endfacet
 facet normal 0.99786 -0.06540 0.00000
  outer loop
   vertex 73.1920 -4.6989 77.0000
   vertex 73.5000 0.0000 77.0000
   vertex 73.5000 0.0000 183.4000
  endloop
 endfacet
 facet normal 0.99786 -0.06540 0.00000
  outer loop
   vertex 73.1920 -4.6989 77.0000
   vertex 73.5000 0.0000 183.4000
   vertex 73.1920 -4.6989 183.4000
  endloop
 endfacet
 facet normal -0.99786 -0.06540 0.00000
  outer loop
   vertex 68.5000 0.0000 77.0000
   vertex 68.2348 4.0463 183.4000
   vertex 68.2348 4.0463 77.0000
  endloop
 endfacet
 facet normal -0.99786 -0.06540 0.00000
  outer loop
   vertex 68.5000 0.0000 77.0000
   vertex 68.5000 0.0000 183.4000
   vertex 68.2348 4.0463 183.4000
  endloop
 endfacet
 facet normal 0.00000 0.00000 -1.00000
  outer loop
   vertex 73.5000 0.0000 77.0000
   vertex 68.5000 0.0000 77.0000
   vertex 68.2348 4.0463 77.0000
  endloop
 endfacet
 facet normal 0.00000 0.00000 -1.00000
  outer loop
   vertex 73.5000 0.0000 77.0000
   vertex 68.2348 4.0463 77.0000
   vertex 73.1920 4.6989 77.0000
  endloop
 endfacet
 facet normal 0.00000 0.00000 1.00000
  outer loop
   vertex 73.5000 0.0000 183.4000
   vertex 73.1920 4.6989 183.4000
   vertex 68.2348 4.0463 183.4000
  endloop
 endfacet
 facet normal 0.00000 0.00000 1.00000
  outer loop
   vertex 73.5000 0.0000 183.4000
   vertex 68.2348 4.0463 183.4000
   vertex 68.5000 0.0000 183.4000
  endloop
 endfacet
 facet normal -0.98079 -0.19509 0.00000
  outer loop
   vertex 68.2348 4.0463 77.0000
   vertex 67.4437 8.0234 183.4000
   vertex 67.4437 8.0234 77.0000
  endloop
 endfacet
 facet normal -0.98079 -0.19509 0.00000
  outer loop
   vertex 68.2348 4.0463 77.0000
   vertex 68.2348 4.0463 183.4000
   vertex 67.4437 8.0234 183.4000
  endloop
 endfacet
 facet normal -0.00000 0.00000 -1.00000
  outer loop
   vertex 73.1920 4.6989 77.0000
   vertex 68.2348 4.0463 77.0000
   vertex 67.4437 8.0234 77.0000
  endloop
 endfacet
 facet normal 0.00000 0.00000 -1.00000
  outer loop
   vertex 73.1920 4.6989 77.0000
   vertex 67.4437 8.0234 77.0000
   vertex 72.2733 9.3175 77.0000
  endloop
 endfacet
 facet normal 0.00000 0.00000 1.00000
  outer loop
   vertex 73.1920 4.6989 183.4000
   vertex 72.2733 9.3175 183.4000
   vertex 67.4437 8.0234 183.4000
  endloop
 endfacet
 facet normal 0.00000 0.00000 1.00000
  outer loop
   vertex 73.1920 4.6989 183.4000
   vertex 67.4437 8.0234 183.4000
   vertex 68.2348 4.0463 183.4000
  endloop
 endfacet
 facet normal -0.94693 -0.32144 0.00000
  outer loop
   vertex 67.4437 8.0234 77.0000
   vertex 66.1403 11.8632 183.4000
   vertex 66.1403 11.8632 77.0000
  endloop
 endfacet
 facet normal -0.94693 -0.32144 0.00000
  outer loop
   vertex 67.4437 8.0234 77.0000
   vertex 67.4437 8.0234 183.4000
   vertex 66.1403 11.8632 183.4000
  endloop
 endfacet
 facet normal -0.00000 0.00000 -1.00000
  outer loop
   vertex 72.2733 9.3175 77.0000
   vertex 67.4437 8.0234 77.0000
   vertex 66.1403 11.8632 77.0000
  endloop
 endfacet
 facet normal 0.00000 0.00000 -1.00000
  outer loop
   vertex 72.2733 9.3175 77.0000
   vertex 66.1403 11.8632 77.0000
   vertex 70.7597 13.7766 77.0000
  endloop
 endfacet
 facet normal 0.00000 0.00000 1.00000
  outer loop
   vertex 72.2733 9.3175 183.4000
   vertex 70.7597 13.7766 183.4000
   vertex 66.1403 11.8632 183.4000
  endloop
 endfacet
 facet normal 0.00000 0.00000 1.00000
  outer loop
   vertex 72.2733 9.3175 183.4000
   vertex 66.1403 11.8632 183.4000
   vertex 67.4437 8.0234 183.4000
  endloop
 endfacet
 facet normal -0.89687 -0.44229 0.00000
  outer loop
   vertex 66.1403 11.8632 77.0000
   vertex 64.3468 15.5000 183.4000
   vertex 64.3468 15.5000 77.0000
  endloop
 endfacet
 facet normal -0.89687 -0.44229 0.00000
  outer loop
   vertex 66.1403 11.8632 77.0000
   vertex 66.1403 11.8632 183.4000
   vertex 64.3468 15.5000 183.4000
  endloop
 endfacet
 facet normal -0.00000 0.00000 -1.00000
  outer loop
   vertex 70.7597 13.7766 77.0000
   vertex 66.1403 11.8632 77.0000
   vertex 64.3468 15.5000 77.0000
  endloop
 endfacet
 facet normal 0.00000 0.00000 -1.00000
  outer loop
   vertex 70.7597 13.7766 77.0000
   vertex 64.3468 15.5000 77.0000
   vertex 68.6769 18.0000 77.0000
  endloop
 endfacet
 facet normal 0.00000 0.00000 1.00000
  outer loop
   vertex 70.7597 13.7766 183.4000
   vertex 68.6769 18.0000 183.4000
   vertex 64.3468 15.5000 183.4000
  endloop
 endfacet
 facet normal 0.00000 0.00000 1.00000
  outer loop
   vertex 70.7597 13.7766 183.4000
   vertex 64.3468 15.5000 183.4000
   vertex 66.1403 11.8632 183.4000
  endloop
 endfacet
 facet normal -0.83147 -0.55557 0.00000
  outer loop
   vertex 64.3468 15.5000 77.0000
   vertex 62.0940 18.8716 183.4000
   vertex 62.0940 18.8716 77.0000
  endloop
 endfacet
 facet normal -0.83147 -0.55557 0.00000
  outer loop
   vertex 64.3468 15.5000 77.0000
   vertex 64.3468 15.5000 183.4000
   vertex 62.0940 18.8716 183.4000
  endloop
 endfacet
 facet normal -0.00000 0.00000 -1.00000
  outer loop
   vertex 68.6769 18.0000 77.0000
   vertex 64.3468 15.5000 77.0000
   vertex 62.0940 18.8716 77.0000
  endloop
 endfacet
 facet normal 0.00000 0.00000 -1.00000
  outer loop
   vertex 68.6769 18.0000 77.0000
   vertex 62.0940 18.8716 77.0000
   vertex 66.0607 21.9154 77.0000
  endloop
 endfacet
 facet normal 0.00000 0.00000 1.00000
  outer loop
   vertex 68.6769 18.0000 183.4000
   vertex 66.0607 21.9154 183.4000
   vertex 62.0940 18.8716 183.4000
  endloop
 endfacet
 facet normal 0.00000 0.00000 1.00000
  outer loop
   vertex 68.6769 18.0000 183.4000
   vertex 62.0940 18.8716 183.4000
   vertex 64.3468 15.5000 183.4000
  endloop
 endfacet
 facet normal -0.75184 -0.65935 0.00000
  outer loop
   vertex 62.0940 18.8716 77.0000
   vertex 59.4203 21.9203 183.4000
   vertex 59.4203 21.9203 77.0000
  endloop
 endfacet
 facet normal -0.75184 -0.65935 0.00000
  outer loop
   vertex 62.0940 18.8716 77.0000
   vertex 62.0940 18.8716 183.4000
   vertex 59.4203 21.9203 183.4000
  endloop
 endfacet
 facet normal -0.00000 0.00000 -1.00000
  outer loop
   vertex 66.0607 21.9154 77.0000
   vertex 62.0940 18.8716 77.0000
   vertex 59.4203 21.9203 77.0000
  endloop
 endfacet
 facet normal 0.00000 0.00000 -1.00000
  outer loop
   vertex 66.0607 21.9154 77.0000
   vertex 59.4203 21.9203 77.0000
   vertex 62.9558 25.4558 77.0000
  endloop
 endfacet
 facet normal 0.00000 0.00000 1.00000
  outer loop
   vertex 66.0607 21.9154 183.4000
   vertex 62.9558 25.4558 183.4000
   vertex 59.4203 21.9203 183.4000
  endloop
 endfacet
 facet normal 0.00000 0.00000 1.00000
  outer loop
   vertex 66.0607 21.9154 183.4000
   vertex 59.4203 21.9203 183.4000
   vertex 62.0940 18.8716 183.4000
  endloop
 endfacet
 facet normal -0.65935 -0.75184 0.00000
  outer loop
   vertex 59.4203 21.9203 77.0000
   vertex 56.3716 24.5940 183.4000
   vertex 56.3716 24.5940 77.0000
  endloop
 endfacet
 facet normal -0.65935 -0.75184 0.00000
  outer loop
   vertex 59.4203 21.9203 77.0000
   vertex 59.4203 21.9203 183.4000
   vertex 56.3716 24.5940 183.4000
  endloop
 endfacet
 facet normal 0.00000 0.00000 -1.00000
  outer loop
   vertex 62.9558 25.4558 77.0000
   vertex 59.4203 21.9203 77.0000
   vertex 56.3716 24.5940 77.0000
  endloop
 endfacet
 facet normal -0.00000 0.00000 -1.00000
  outer loop
   vertex 62.9558 25.4558 77.0000
   vertex 56.3716 24.5940 77.0000
   vertex 59.4154 28.5607 77.0000
  endloop
 endfacet
 facet normal 0.00000 0.00000 1.00000
  outer loop
   vertex 62.9558 25.4558 183.4000
   vertex 59.4154 28.5607 183.4000
   vertex 56.3716 24.5940 183.4000
  endloop
 endfacet
 facet normal 0.00000 0.00000 1.00000
  outer loop
   vertex 62.9558 25.4558 183.4000
   vertex 56.3716 24.5940 183.4000
   vertex 59.4203 21.9203 183.4000
  endloop
 endfacet
 facet normal -0.55557 -0.83147 0.00000
  outer loop
   vertex 56.3716 24.5940 77.0000
   vertex 53.0000 26.8468 183.4000
   vertex 53.0000 26.8468 77.0000
  endloop
 endfacet
 facet normal -0.55557 -0.83147 0.00000
  outer loop
   vertex 56.3716 24.5940 77.0000
   vertex 56.3716 24.5940 183.4000
   vertex 53.0000 26.8468 183.4000
  endloop
 endfacet
 facet normal 0.00000 0.00000 -1.00000
  outer loop
   vertex 59.4154 28.5607 77.0000
   vertex 56.3716 24.5940 77.0000
   vertex 53.0000 26.8468 77.0000
  endloop
 endfacet
 facet normal -0.00000 0.00000 -1.00000
  outer loop
   vertex 59.4154 28.5607 77.0000
   vertex 53.0000 26.8468 77.0000
   vertex 55.5000 31.1769 77.0000
  endloop
 endfacet
 facet normal 0.00000 0.00000 1.00000
  outer loop
   vertex 59.4154 28.5607 183.4000
   vertex 55.5000 31.1769 183.4000
   vertex 53.0000 26.8468 183.4000
  endloop
 endfacet
 facet normal 0.00000 0.00000 1.00000
  outer loop
   vertex 59.4154 28.5607 183.4000
   vertex 53.0000 26.8468 183.4000
   vertex 56.3716 24.5940 183.4000
  endloop
 endfacet
 facet normal -0.44229 -0.89687 0.00000
  outer loop
   vertex 53.0000 26.8468 77.0000
   vertex 49.3632 28.6403 183.4000
   vertex 49.3632 28.6403 77.0000
  endloop
 endfacet
 facet normal -0.44229 -0.89687 0.00000
  outer loop
   vertex 53.0000 26.8468 77.0000
   vertex 53.0000 26.8468 183.4000
   vertex 49.3632 28.6403 183.4000
  endloop
 endfacet
 facet normal 0.00000 0.00000 -1.00000
  outer loop
   vertex 55.5000 31.1769 77.0000
   vertex 53.0000 26.8468 77.0000
   vertex 49.3632 28.6403 77.0000
  endloop
 endfacet
 facet normal -0.00000 0.00000 -1.00000
  outer loop
   vertex 55.5000 31.1769 77.0000
   vertex 49.3632 28.6403 77.0000
   vertex 51.2766 33.2597 77.0000
  endloop
 endfacet
 facet normal 0.00000 0.00000 1.00000
  outer loop
   vertex 55.5000 31.1769 183.4000
   vertex 51.2766 33.2597 183.4000
   vertex 49.3632 28.6403 183.4000
  endloop
 endfacet
 facet normal 0.00000 0.00000 1.00000
  outer loop
   vertex 55.5000 31.1769 183.4000
   vertex 49.3632 28.6403 183.4000
   vertex 53.0000 26.8468 183.4000
  endloop
 endfacet
 facet normal -0.32144 -0.94693 0.00000
  outer loop
   vertex 49.3632 28.6403 77.0000
   vertex 45.5234 29.9437 183.4000
   vertex 45.5234 29.9437 77.0000
  endloop
 endfacet
 facet normal -0.32144 -0.94693 0.00000
  outer loop
   vertex 49.3632 28.6403 77.0000
   vertex 49.3632 28.6403 183.4000
   vertex 45.5234 29.9437 183.4000
  endloop
 endfacet
 facet normal 0.00000 0.00000 -1.00000
  outer loop
   vertex 51.2766 33.2597 77.0000
   vertex 49.3632 28.6403 77.0000
   vertex 45.5234 29.9437 77.0000
  endloop
 endfacet
 facet normal -0.00000 0.00000 -1.00000
  outer loop
   vertex 51.2766 33.2597 77.0000
   vertex 45.5234 29.9437 77.0000
   vertex 46.8175 34.7733 77.0000
  endloop
 endfacet
 facet normal 0.00000 0.00000 1.00000
  outer loop
   vertex 51.2766 33.2597 183.4000
   vertex 46.8175 34.7733 183.4000
   vertex 45.5234 29.9437 183.4000
  endloop
 endfacet
 facet normal 0.00000 0.00000 1.00000
  outer loop
   vertex 51.2766 33.2597 183.4000
   vertex 45.5234 29.9437 183.4000
   vertex 49.3632 28.6403 183.4000
  endloop
 endfacet
 facet normal -0.19509 -0.98079 0.00000
  outer loop
   vertex 45.5234 29.9437 77.0000
   vertex 41.5463 30.7348 183.4000
   vertex 41.5463 30.7348 77.0000
  endloop
 endfacet
 facet normal -0.19509 -0.98079 0.00000
  outer loop
   vertex 45.5234 29.9437 77.0000
   vertex 45.5234 29.9437 183.4000
   vertex 41.5463 30.7348 183.4000
  endloop
 endfacet
 facet normal 0.00000 0.00000 -1.00000
  outer loop
   vertex 46.8175 34.7733 77.0000
   vertex 45.5234 29.9437 77.0000
   vertex 41.5463 30.7348 77.0000
  endloop
 endfacet
 facet normal -0.00000 0.00000 -1.00000
  outer loop
   vertex 46.8175 34.7733 77.0000
   vertex 41.5463 30.7348 77.0000
   vertex 42.1989 35.6920 77.0000
  endloop
 endfacet
 facet normal 0.00000 0.00000 1.00000
  outer loop
   vertex 46.8175 34.7733 183.4000
   vertex 42.1989 35.6920 183.4000
   vertex 41.5463 30.7348 183.4000
  endloop
 endfacet
 facet normal 0.00000 0.00000 1.00000
  outer loop
   vertex 46.8175 34.7733 183.4000
   vertex 41.5463 30.7348 183.4000
   vertex 45.5234 29.9437 183.4000
  endloop
 endfacet
 facet normal -0.06540 -0.99786 0.00000
  outer loop
   vertex 41.5463 30.7348 77.0000
   vertex 37.5000 31.0000 183.4000
   vertex 37.5000 31.0000 77.0000
  endloop
 endfacet
 facet normal -0.06540 -0.99786 0.00000
  outer loop
   vertex 41.5463 30.7348 77.0000
   vertex 41.5463 30.7348 183.4000
   vertex 37.5000 31.0000 183.4000
  endloop
 endfacet
 facet normal 0.00000 0.00000 -1.00000
  outer loop
   vertex 42.1989 35.6920 77.0000
   vertex 41.5463 30.7348 77.0000
   vertex 37.5000 31.0000 77.0000
  endloop
 endfacet
 facet normal -0.00000 0.00000 -1.00000
  outer loop
   vertex 42.1989 35.6920 77.0000
   vertex 37.5000 31.0000 77.0000
   vertex 37.5000 36.0000 77.0000
  endloop
 endfacet
 facet normal 0.00000 0.00000 1.00000
  outer loop
   vertex 42.1989 35.6920 183.4000
   vertex 37.5000 36.0000 183.4000
   vertex 37.5000 31.0000 183.4000
  endloop
 endfacet
 facet normal 0.00000 0.00000 1.00000
  outer loop
   vertex 42.1989 35.6920 183.4000
   vertex 37.5000 31.0000 183.4000
   vertex 41.5463 30.7348 183.4000
  endloop
 endfacet
 facet normal 0.06540 -0.99786 0.00000
  outer loop
   vertex 37.5000 31.0000 77.0000
   vertex 33.4537 30.7348 183.4000
   vertex 33.4537 30.7348 77.0000
  endloop
 endfacet
 facet normal 0.06540 -0.99786 0.00000
  outer loop
   vertex 37.5000 31.0000 77.0000
   vertex 37.5000 31.0000 183.4000
   vertex 33.4537 30.7348 183.4000
  endloop
 endfacet
 facet normal 0.00000 -0.00000 -1.00000
  outer loop
   vertex 37.5000 36.0000 77.0000
   vertex 37.5000 31.0000 77.0000
   vertex 33.4537 30.7348 77.0000
  endloop
 endfacet
 facet normal 0.00000 0.00000 -1.00000
  outer loop
   vertex 37.5000 36.0000 77.0000
   vertex 33.4537 30.7348 77.0000
   vertex 32.8011 35.6920 77.0000
  endloop
 endfacet
 facet normal 0.00000 0.00000 1.00000
  outer loop
   vertex 37.5000 36.0000 183.4000
   vertex 32.8011 35.6920 183.4000
   vertex 33.4537 30.7348 183.4000
  endloop
 endfacet
 facet normal 0.00000 0.00000 1.00000
  outer loop
   vertex 37.5000 36.0000 183.4000
   vertex 33.4537 30.7348 183.4000
   vertex 37.5000 31.0000 183.4000
  endloop
 endfacet
 facet normal 0.19509 -0.98079 0.00000
  outer loop
   vertex 33.4537 30.7348 77.0000
   vertex 29.4766 29.9437 183.4000
   vertex 29.4766 29.9437 77.0000
  endloop
 endfacet
 facet normal 0.19509 -0.98079 0.00000
  outer loop
   vertex 33.4537 30.7348 77.0000
   vertex 33.4537 30.7348 183.4000
   vertex 29.4766 29.9437 183.4000
  endloop
 endfacet
 facet normal 0.00000 -0.00000 -1.00000
  outer loop
   vertex 32.8011 35.6920 77.0000
   vertex 33.4537 30.7348 77.0000
   vertex 29.4766 29.9437 77.0000
  endloop
 endfacet
 facet normal 0.00000 0.00000 -1.00000
  outer loop
   vertex 32.8011 35.6920 77.0000
   vertex 29.4766 29.9437 77.0000
   vertex 28.1825 34.7733 77.0000
  endloop
 endfacet
 facet normal 0.00000 0.00000 1.00000
  outer loop
   vertex 32.8011 35.6920 183.4000
   vertex 28.1825 34.7733 183.4000
   vertex 29.4766 29.9437 183.4000
  endloop
 endfacet
 facet normal 0.00000 0.00000 1.00000
  outer loop
   vertex 32.8011 35.6920 183.4000
   vertex 29.4766 29.9437 183.4000
   vertex 33.4537 30.7348 183.4000
  endloop
 endfacet
 facet normal 0.32144 -0.94693 0.00000
  outer loop
   vertex 29.4766 29.9437 77.0000
   vertex 25.6368 28.6403 183.4000
   vertex 25.6368 28.6403 77.0000
  endloop
 endfacet
 facet normal 0.32144 -0.94693 0.00000
  outer loop
   vertex 29.4766 29.9437 77.0000
   vertex 29.4766 29.9437 183.4000
   vertex 25.6368 28.6403 183.4000
  endloop
 endfacet
 facet normal 0.00000 -0.00000 -1.00000
  outer loop
   vertex 28.1825 34.7733 77.0000
   vertex 29.4766 29.9437 77.0000
   vertex 25.6368 28.6403 77.0000
  endloop
 endfacet
 facet normal 0.00000 0.00000 -1.00000
  outer loop
   vertex 28.1825 34.7733 77.0000
   vertex 25.6368 28.6403 77.0000
   vertex 23.7234 33.2597 77.0000
  endloop
 endfacet
 facet normal 0.00000 0.00000 1.00000
  outer loop
   vertex 28.1825 34.7733 183.4000
   vertex 23.7234 33.2597 183.4000
   vertex 25.6368 28.6403 183.4000
  endloop
 endfacet
 facet normal 0.00000 0.00000 1.00000
  outer loop
   vertex 28.1825 34.7733 183.4000
   vertex 25.6368 28.6403 183.4000
   vertex 29.4766 29.9437 183.4000
  endloop
 endfacet
 facet normal 0.44229 -0.89687 0.00000
  outer loop
   vertex 25.6368 28.6403 77.0000
   vertex 22.0000 26.8468 183.4000
   vertex 22.0000 26.8468 77.0000
  endloop
 endfacet
 facet normal 0.44229 -0.89687 0.00000
  outer loop
   vertex 25.6368 28.6403 77.0000
   vertex 25.6368 28.6403 183.4000
   vertex 22.0000 26.8468 183.4000
  endloop
 endfacet
 facet normal 0.00000 -0.00000 -1.00000
  outer loop
   vertex 23.7234 33.2597 77.0000
   vertex 25.6368 28.6403 77.0000
   vertex 22.0000 26.8468 77.0000
  endloop
 endfacet
 facet normal 0.00000 0.00000 -1.00000
  outer loop
   vertex 23.7234 33.2597 77.0000
   vertex 22.0000 26.8468 77.0000
   vertex 19.5000 31.1769 77.0000
  endloop
 endfacet
 facet normal 0.00000 0.00000 1.00000
  outer loop
   vertex 23.7234 33.2597 183.4000
   vertex 19.5000 31.1769 183.4000
   vertex 22.0000 26.8468 183.4000
  endloop
 endfacet
 facet normal 0.00000 0.00000 1.00000
  outer loop
   vertex 23.7234 33.2597 183.4000
   vertex 22.0000 26.8468 183.4000
   vertex 25.6368 28.6403 183.4000
  endloop
 endfacet
 facet normal 0.55557 -0.83147 0.00000
  outer loop
   vertex 22.0000 26.8468 77.0000
   vertex 18.6284 24.5940 183.4000
   vertex 18.6284 24.5940 77.0000
  endloop
 endfacet
 facet normal 0.55557 -0.83147 0.00000
  outer loop
   vertex 22.0000 26.8468 77.0000
   vertex 22.0000 26.8468 183.4000
   vertex 18.6284 24.5940 183.4000
  endloop
 endfacet
 facet normal 0.00000 -0.00000 -1.00000
  outer loop
   vertex 19.5000 31.1769 77.0000
   vertex 22.0000 26.8468 77.0000
   vertex 18.6284 24.5940 77.0000
  endloop
 endfacet
 facet normal 0.00000 0.00000 -1.00000
  outer loop
   vertex 19.5000 31.1769 77.0000
   vertex 18.6284 24.5940 77.0000
   vertex 15.5846 28.5607 77.0000
  endloop
 endfacet
 facet normal 0.00000 0.00000 1.00000
  outer loop
   vertex 19.5000 31.1769 183.4000
   vertex 15.5846 28.5607 183.4000
   vertex 18.6284 24.5940 183.4000
  endloop
 endfacet
 facet normal 0.00000 0.00000 1.00000
  outer loop
   vertex 19.5000 31.1769 183.4000
   vertex 18.6284 24.5940 183.4000
   vertex 22.0000 26.8468 183.4000
  endloop
 endfacet
 facet normal 0.65935 -0.75184 0.00000
  outer loop
   vertex 18.6284 24.5940 77.0000
   vertex 15.5797 21.9203 183.4000
   vertex 15.5797 21.9203 77.0000
  endloop
 endfacet
 facet normal 0.65935 -0.75184 0.00000
  outer loop
   vertex 18.6284 24.5940 77.0000
   vertex 18.6284 24.5940 183.4000
   vertex 15.5797 21.9203 183.4000
  endloop
 endfacet
 facet normal 0.00000 -0.00000 -1.00000
  outer loop
   vertex 15.5846 28.5607 77.0000
   vertex 18.6284 24.5940 77.0000
   vertex 15.5797 21.9203 77.0000
  endloop
 endfacet
 facet normal 0.00000 0.00000 -1.00000
  outer loop
   vertex 15.5846 28.5607 77.0000
   vertex 15.5797 21.9203 77.0000
   vertex 12.0442 25.4558 77.0000
  endloop
 endfacet
 facet normal 0.00000 0.00000 1.00000
  outer loop
   vertex 15.5846 28.5607 183.4000
   vertex 12.0442 25.4558 183.4000
   vertex 15.5797 21.9203 183.4000
  endloop
 endfacet
 facet normal 0.00000 0.00000 1.00000
  outer loop
   vertex 15.5846 28.5607 183.4000
   vertex 15.5797 21.9203 183.4000
   vertex 18.6284 24.5940 183.4000
  endloop
 endfacet
 facet normal 0.75184 -0.65935 0.00000
  outer loop
   vertex 15.5797 21.9203 77.0000
   vertex 12.9060 18.8716 183.4000
   vertex 12.9060 18.8716 77.0000
  endloop
 endfacet
 facet normal 0.75184 -0.65935 0.00000
  outer loop
   vertex 15.5797 21.9203 77.0000
   vertex 15.5797 21.9203 183.4000
   vertex 12.9060 18.8716 183.4000
  endloop
 endfacet
 facet normal 0.00000 0.00000 -1.00000
  outer loop
   vertex 12.0442 25.4558 77.0000
   vertex 15.5797 21.9203 77.0000
   vertex 12.9060 18.8716 77.0000
  endloop
 endfacet
 facet normal 0.00000 -0.00000 -1.00000
  outer loop
   vertex 12.0442 25.4558 77.0000
   vertex 12.9060 18.8716 77.0000
   vertex 8.9393 21.9154 77.0000
  endloop
 endfacet
 facet normal 0.00000 0.00000 1.00000
  outer loop
   vertex 12.0442 25.4558 183.4000
   vertex 8.9393 21.9154 183.4000
   vertex 12.9060 18.8716 183.4000
  endloop
 endfacet
 facet normal 0.00000 0.00000 1.00000
  outer loop
   vertex 12.0442 25.4558 183.4000
   vertex 12.9060 18.8716 183.4000
   vertex 15.5797 21.9203 183.4000
  endloop
 endfacet
 facet normal 0.83147 -0.55557 0.00000
  outer loop
   vertex 12.9060 18.8716 77.0000
   vertex 10.6532 15.5000 183.4000
   vertex 10.6532 15.5000 77.0000
  endloop
 endfacet
 facet normal 0.83147 -0.55557 0.00000
  outer loop
   vertex 12.9060 18.8716 77.0000
   vertex 12.9060 18.8716 183.4000
   vertex 10.6532 15.5000 183.4000
  endloop
 endfacet
 facet normal 0.00000 0.00000 -1.00000
  outer loop
   vertex 8.9393 21.9154 77.0000
   vertex 12.9060 18.8716 77.0000
   vertex 10.6532 15.5000 77.0000
  endloop
 endfacet
 facet normal 0.00000 -0.00000 -1.00000
  outer loop
   vertex 8.9393 21.9154 77.0000
   vertex 10.6532 15.5000 77.0000
   vertex 6.3231 18.0000 77.0000
  endloop
 endfacet
 facet normal 0.00000 0.00000 1.00000
  outer loop
   vertex 8.9393 21.9154 183.4000
   vertex 6.3231 18.0000 183.4000
   vertex 10.6532 15.5000 183.4000
  endloop
 endfacet
 facet normal 0.00000 0.00000 1.00000
  outer loop
   vertex 8.9393 21.9154 183.4000
   vertex 10.6532 15.5000 183.4000
   vertex 12.9060 18.8716 183.4000
  endloop
 endfacet
 facet normal 0.89687 -0.44229 0.00000
  outer loop
   vertex 10.6532 15.5000 77.0000
   vertex 8.8597 11.8632 183.4000
   vertex 8.8597 11.8632 77.0000
  endloop
 endfacet
 facet normal 0.89687 -0.44229 0.00000
  outer loop
   vertex 10.6532 15.5000 77.0000
   vertex 10.6532 15.5000 183.4000
   vertex 8.8597 11.8632 183.4000
  endloop
 endfacet
 facet normal 0.00000 0.00000 -1.00000
  outer loop
   vertex 6.3231 18.0000 77.0000
   vertex 10.6532 15.5000 77.0000
   vertex 8.8597 11.8632 77.0000
  endloop
 endfacet
 facet normal 0.00000 -0.00000 -1.00000
  outer loop
   vertex 6.3231 18.0000 77.0000
   vertex 8.8597 11.8632 77.0000
   vertex 4.2403 13.7766 77.0000
  endloop
 endfacet
 facet normal 0.00000 0.00000 1.00000
  outer loop
   vertex 6.3231 18.0000 183.4000
   vertex 4.2403 13.7766 183.4000
   vertex 8.8597 11.8632 183.4000
  endloop
 endfacet
 facet normal 0.00000 0.00000 1.00000
  outer loop
   vertex 6.3231 18.0000 183.4000
   vertex 8.8597 11.8632 183.4000
   vertex 10.6532 15.5000 183.4000
  endloop
 endfacet
 facet normal 0.94693 -0.32144 0.00000
  outer loop
   vertex 8.8597 11.8632 77.0000
   vertex 7.5563 8.0234 183.4000
   vertex 7.5563 8.0234 77.0000
  endloop
 endfacet
 facet normal 0.94693 -0.32144 0.00000
  outer loop
   vertex 8.8597 11.8632 77.0000
   vertex 8.8597 11.8632 183.4000
   vertex 7.5563 8.0234 183.4000
  endloop
 endfacet
 facet normal 0.00000 0.00000 -1.00000
  outer loop
   vertex 4.2403 13.7766 77.0000
   vertex 8.8597 11.8632 77.0000
   vertex 7.5563 8.0234 77.0000
  endloop
 endfacet
 facet normal 0.00000 -0.00000 -1.00000
  outer loop
   vertex 4.2403 13.7766 77.0000
   vertex 7.5563 8.0234 77.0000
   vertex 2.7267 9.3175 77.0000
  endloop
 endfacet
 facet normal 0.00000 0.00000 1.00000
  outer loop
   vertex 4.2403 13.7766 183.4000
   vertex 2.7267 9.3175 183.4000
   vertex 7.5563 8.0234 183.4000
  endloop
 endfacet
 facet normal 0.00000 0.00000 1.00000
  outer loop
   vertex 4.2403 13.7766 183.4000
   vertex 7.5563 8.0234 183.4000
   vertex 8.8597 11.8632 183.4000
  endloop
 endfacet
 facet normal 0.98079 -0.19509 0.00000
  outer loop
   vertex 7.5563 8.0234 77.0000
   vertex 6.7652 4.0463 183.4000
   vertex 6.7652 4.0463 77.0000
  endloop
 endfacet
 facet normal 0.98079 -0.19509 0.00000
  outer loop
   vertex 7.5563 8.0234 77.0000
   vertex 7.5563 8.0234 183.4000
   vertex 6.7652 4.0463 183.4000
  endloop
 endfacet
 facet normal 0.00000 0.00000 -1.00000
  outer loop
   vertex 2.7267 9.3175 77.0000
   vertex 7.5563 8.0234 77.0000
   vertex 6.7652 4.0463 77.0000
  endloop
 endfacet
 facet normal 0.00000 -0.00000 -1.00000
  outer loop
   vertex 2.7267 9.3175 77.0000
   vertex 6.7652 4.0463 77.0000
   vertex 1.8080 4.6989 77.0000
  endloop
 endfacet
 facet normal 0.00000 0.00000 1.00000
  outer loop
   vertex 2.7267 9.3175 183.4000
   vertex 1.8080 4.6989 183.4000
   vertex 6.7652 4.0463 183.4000
  endloop
 endfacet
 facet normal 0.00000 0.00000 1.00000
  outer loop
   vertex 2.7267 9.3175 183.4000
   vertex 6.7652 4.0463 183.4000
   vertex 7.5563 8.0234 183.4000
  endloop
 endfacet
 facet normal 0.99786 -0.06540 0.00000
  outer loop
   vertex 6.7652 4.0463 77.0000
   vertex 6.5000 0.0000 183.4000
   vertex 6.5000 0.0000 77.0000
  endloop
 endfacet
 facet normal 0.99786 -0.06540 0.00000
  outer loop
   vertex 6.7652 4.0463 77.0000
   vertex 6.7652 4.0463 183.4000
   vertex 6.5000 0.0000 183.4000
  endloop
 endfacet
 facet normal 0.00000 0.00000 -1.00000
  outer loop
   vertex 1.8080 4.6989 77.0000
   vertex 6.7652 4.0463 77.0000
   vertex 6.5000 0.0000 77.0000
  endloop
 endfacet
 facet normal 0.00000 -0.00000 -1.00000
  outer loop
   vertex 1.8080 4.6989 77.0000
   vertex 6.5000 0.0000 77.0000
   vertex 1.5000 0.0000 77.0000
  endloop
 endfacet
 facet normal 0.00000 0.00000 1.00000
  outer loop
   vertex 1.8080 4.6989 183.4000
   vertex 1.5000 0.0000 183.4000
   vertex 6.5000 0.0000 183.4000
  endloop
 endfacet
 facet normal 0.00000 0.00000 1.00000
  outer loop
   vertex 1.8080 4.6989 183.4000
   vertex 6.5000 0.0000 183.4000
   vertex 6.7652 4.0463 183.4000
  endloop
 endfacet
 facet normal 0.99786 0.06540 0.00000
  outer loop
   vertex 6.5000 0.0000 77.0000
   vertex 6.7652 -4.0463 183.4000
   vertex 6.7652 -4.0463 77.0000
  endloop
 endfacet
 facet normal 0.99786 0.06540 -0.00000
  outer loop
   vertex 6.5000 0.0000 77.0000
   vertex 6.5000 0.0000 183.4000
   vertex 6.7652 -4.0463 183.4000
  endloop
 endfacet
 facet normal 0.00000 0.00000 -1.00000
  outer loop
   vertex 1.5000 0.0000 77.0000
   vertex 6.5000 0.0000 77.0000
   vertex 6.7652 -4.0463 77.0000
  endloop
 endfacet
 facet normal 0.00000 0.00000 -1.00000
  outer loop
   vertex 1.5000 0.0000 77.0000
   vertex 6.7652 -4.0463 77.0000
   vertex 1.8080 -4.6989 77.0000
  endloop
 endfacet
 facet normal 0.00000 0.00000 1.00000
  outer loop
   vertex 1.5000 0.0000 183.4000
   vertex 1.8080 -4.6989 183.4000
   vertex 6.7652 -4.0463 183.4000
  endloop
 endfacet
 facet normal 0.00000 0.00000 1.00000
  outer loop
   vertex 1.5000 0.0000 183.4000
   vertex 6.7652 -4.0463 183.4000
   vertex 6.5000 0.0000 183.4000
  endloop
 endfacet
 facet normal 0.98079 0.19509 0.00000
  outer loop
   vertex 6.7652 -4.0463 77.0000
   vertex 7.5563 -8.0234 183.4000
   vertex 7.5563 -8.0234 77.0000
  endloop
 endfacet
 facet normal 0.98079 0.19509 -0.00000
  outer loop
   vertex 6.7652 -4.0463 77.0000
   vertex 6.7652 -4.0463 183.4000
   vertex 7.5563 -8.0234 183.4000
  endloop
 endfacet
 facet normal 0.00000 0.00000 -1.00000
  outer loop
   vertex 1.8080 -4.6989 77.0000
   vertex 6.7652 -4.0463 77.0000
   vertex 7.5563 -8.0234 77.0000
  endloop
 endfacet
 facet normal 0.00000 0.00000 -1.00000
  outer loop
   vertex 1.8080 -4.6989 77.0000
   vertex 7.5563 -8.0234 77.0000
   vertex 2.7267 -9.3175 77.0000
  endloop
 endfacet
 facet normal 0.00000 0.00000 1.00000
  outer loop
   vertex 1.8080 -4.6989 183.4000
   vertex 2.7267 -9.3175 183.4000
   vertex 7.5563 -8.0234 183.4000
  endloop
 endfacet
 facet normal -0.00000 0.00000 1.00000
  outer loop
   vertex 1.8080 -4.6989 183.4000
   vertex 7.5563 -8.0234 183.4000
   vertex 6.7652 -4.0463 183.4000
  endloop
 endfacet
 facet normal 0.94693 0.32144 0.00000
  outer loop
   vertex 7.5563 -8.0234 77.0000
   vertex 8.8597 -11.8632 183.4000
   vertex 8.8597 -11.8632 77.0000
  endloop
 endfacet
 facet normal 0.94693 0.32144 -0.00000
  outer loop
   vertex 7.5563 -8.0234 77.0000
   vertex 7.5563 -8.0234 183.4000
   vertex 8.8597 -11.8632 183.4000
  endloop
 endfacet
 facet normal 0.00000 0.00000 -1.00000
  outer loop
   vertex 2.7267 -9.3175 77.0000
   vertex 7.5563 -8.0234 77.0000
   vertex 8.8597 -11.8632 77.0000
  endloop
 endfacet
 facet normal 0.00000 0.00000 -1.00000
  outer loop
   vertex 2.7267 -9.3175 77.0000
   vertex 8.8597 -11.8632 77.0000
   vertex 4.2403 -13.7766 77.0000
  endloop
 endfacet
 facet normal 0.00000 0.00000 1.00000
  outer loop
   vertex 2.7267 -9.3175 183.4000
   vertex 4.2403 -13.7766 183.4000
   vertex 8.8597 -11.8632 183.4000
  endloop
 endfacet
 facet normal -0.00000 0.00000 1.00000
  outer loop
   vertex 2.7267 -9.3175 183.4000
   vertex 8.8597 -11.8632 183.4000
   vertex 7.5563 -8.0234 183.4000
  endloop
 endfacet
 facet normal 0.89687 0.44229 0.00000
  outer loop
   vertex 8.8597 -11.8632 77.0000
   vertex 10.6532 -15.5000 183.4000
   vertex 10.6532 -15.5000 77.0000
  endloop
 endfacet
 facet normal 0.89687 0.44229 -0.00000
  outer loop
   vertex 8.8597 -11.8632 77.0000
   vertex 8.8597 -11.8632 183.4000
   vertex 10.6532 -15.5000 183.4000
  endloop
 endfacet
 facet normal 0.00000 0.00000 -1.00000
  outer loop
   vertex 4.2403 -13.7766 77.0000
   vertex 8.8597 -11.8632 77.0000
   vertex 10.6532 -15.5000 77.0000
  endloop
 endfacet
 facet normal 0.00000 0.00000 -1.00000
  outer loop
   vertex 4.2403 -13.7766 77.0000
   vertex 10.6532 -15.5000 77.0000
   vertex 6.3231 -18.0000 77.0000
  endloop
 endfacet
 facet normal 0.00000 0.00000 1.00000
  outer loop
   vertex 4.2403 -13.7766 183.4000
   vertex 6.3231 -18.0000 183.4000
   vertex 10.6532 -15.5000 183.4000
  endloop
 endfacet
 facet normal -0.00000 0.00000 1.00000
  outer loop
   vertex 4.2403 -13.7766 183.4000
   vertex 10.6532 -15.5000 183.4000
   vertex 8.8597 -11.8632 183.4000
  endloop
 endfacet
 facet normal 0.83147 0.55557 0.00000
  outer loop
   vertex 10.6532 -15.5000 77.0000
   vertex 12.9060 -18.8716 183.4000
   vertex 12.9060 -18.8716 77.0000
  endloop
 endfacet
 facet normal 0.83147 0.55557 -0.00000
  outer loop
   vertex 10.6532 -15.5000 77.0000
   vertex 10.6532 -15.5000 183.4000
   vertex 12.9060 -18.8716 183.4000
  endloop
 endfacet
 facet normal 0.00000 0.00000 -1.00000
  outer loop
   vertex 6.3231 -18.0000 77.0000
   vertex 10.6532 -15.5000 77.0000
   vertex 12.9060 -18.8716 77.0000
  endloop
 endfacet
 facet normal 0.00000 0.00000 -1.00000
  outer loop
   vertex 6.3231 -18.0000 77.0000
   vertex 12.9060 -18.8716 77.0000
   vertex 8.9393 -21.9154 77.0000
  endloop
 endfacet
 facet normal 0.00000 0.00000 1.00000
  outer loop
   vertex 6.3231 -18.0000 183.4000
   vertex 8.9393 -21.9154 183.4000
   vertex 12.9060 -18.8716 183.4000
  endloop
 endfacet
 facet normal -0.00000 0.00000 1.00000
  outer loop
   vertex 6.3231 -18.0000 183.4000
   vertex 12.9060 -18.8716 183.4000
   vertex 10.6532 -15.5000 183.4000
  endloop
 endfacet
 facet normal 0.75184 0.65935 0.00000
  outer loop
   vertex 12.9060 -18.8716 77.0000
   vertex 15.5797 -21.9203 183.4000
   vertex 15.5797 -21.9203 77.0000
  endloop
 endfacet
 facet normal 0.75184 0.65935 -0.00000
  outer loop
   vertex 12.9060 -18.8716 77.0000
   vertex 12.9060 -18.8716 183.4000
   vertex 15.5797 -21.9203 183.4000
  endloop
 endfacet
 facet normal 0.00000 0.00000 -1.00000
  outer loop
   vertex 8.9393 -21.9154 77.0000
   vertex 12.9060 -18.8716 77.0000
   vertex 15.5797 -21.9203 77.0000
  endloop
 endfacet
 facet normal 0.00000 0.00000 -1.00000
  outer loop
   vertex 8.9393 -21.9154 77.0000
   vertex 15.5797 -21.9203 77.0000
   vertex 12.0442 -25.4558 77.0000
  endloop
 endfacet
 facet normal 0.00000 0.00000 1.00000
  outer loop
   vertex 8.9393 -21.9154 183.4000
   vertex 12.0442 -25.4558 183.4000
   vertex 15.5797 -21.9203 183.4000
  endloop
 endfacet
 facet normal -0.00000 0.00000 1.00000
  outer loop
   vertex 8.9393 -21.9154 183.4000
   vertex 15.5797 -21.9203 183.4000
   vertex 12.9060 -18.8716 183.4000
  endloop
 endfacet
 facet normal 0.65935 0.75184 0.00000
  outer loop
   vertex 15.5797 -21.9203 77.0000
   vertex 18.6284 -24.5940 183.4000
   vertex 18.6284 -24.5940 77.0000
  endloop
 endfacet
 facet normal 0.65935 0.75184 -0.00000
  outer loop
   vertex 15.5797 -21.9203 77.0000
   vertex 15.5797 -21.9203 183.4000
   vertex 18.6284 -24.5940 183.4000
  endloop
 endfacet
 facet normal 0.00000 0.00000 -1.00000
  outer loop
   vertex 12.0442 -25.4558 77.0000
   vertex 15.5797 -21.9203 77.0000
   vertex 18.6284 -24.5940 77.0000
  endloop
 endfacet
 facet normal 0.00000 0.00000 -1.00000
  outer loop
   vertex 12.0442 -25.4558 77.0000
   vertex 18.6284 -24.5940 77.0000
   vertex 15.5846 -28.5607 77.0000
  endloop
 endfacet
 facet normal -0.00000 0.00000 1.00000
  outer loop
   vertex 12.0442 -25.4558 183.4000
   vertex 15.5846 -28.5607 183.4000
   vertex 18.6284 -24.5940 183.4000
  endloop
 endfacet
 facet normal 0.00000 0.00000 1.00000
  outer loop
   vertex 12.0442 -25.4558 183.4000
   vertex 18.6284 -24.5940 183.4000
   vertex 15.5797 -21.9203 183.4000
  endloop
 endfacet
 facet normal 0.55557 0.83147 0.00000
  outer loop
   vertex 18.6284 -24.5940 77.0000
   vertex 22.0000 -26.8468 183.4000
   vertex 22.0000 -26.8468 77.0000
  endloop
 endfacet
 facet normal 0.55557 0.83147 -0.00000
  outer loop
   vertex 18.6284 -24.5940 77.0000
   vertex 18.6284 -24.5940 183.4000
   vertex 22.0000 -26.8468 183.4000
  endloop
 endfacet
 facet normal 0.00000 0.00000 -1.00000
  outer loop
   vertex 15.5846 -28.5607 77.0000
   vertex 18.6284 -24.5940 77.0000
   vertex 22.0000 -26.8468 77.0000
  endloop
 endfacet
 facet normal 0.00000 0.00000 -1.00000
  outer loop
   vertex 15.5846 -28.5607 77.0000
   vertex 22.0000 -26.8468 77.0000
   vertex 19.5000 -31.1769 77.0000
  endloop
 endfacet
 facet normal -0.00000 0.00000 1.00000
  outer loop
   vertex 15.5846 -28.5607 183.4000
   vertex 19.5000 -31.1769 183.4000
   vertex 22.0000 -26.8468 183.4000
  endloop
 endfacet
 facet normal 0.00000 0.00000 1.00000
  outer loop
   vertex 15.5846 -28.5607 183.4000
   vertex 22.0000 -26.8468 183.4000
   vertex 18.6284 -24.5940 183.4000
  endloop
 endfacet
 facet normal 0.44229 0.89687 0.00000
  outer loop
   vertex 22.0000 -26.8468 77.0000
   vertex 25.6368 -28.6403 183.4000
   vertex 25.6368 -28.6403 77.0000
  endloop
 endfacet
 facet normal 0.44229 0.89687 -0.00000
  outer loop
   vertex 22.0000 -26.8468 77.0000
   vertex 22.0000 -26.8468 183.4000
   vertex 25.6368 -28.6403 183.4000
  endloop
 endfacet
 facet normal 0.00000 0.00000 -1.00000
  outer loop
   vertex 19.5000 -31.1769 77.0000
   vertex 22.0000 -26.8468 77.0000
   vertex 25.6368 -28.6403 77.0000
  endloop
 endfacet
 facet normal 0.00000 0.00000 -1.00000
  outer loop
   vertex 19.5000 -31.1769 77.0000
   vertex 25.6368 -28.6403 77.0000
   vertex 23.7234 -33.2597 77.0000
  endloop
 endfacet
 facet normal -0.00000 0.00000 1.00000
  outer loop
   vertex 19.5000 -31.1769 183.4000
   vertex 23.7234 -33.2597 183.4000
   vertex 25.6368 -28.6403 183.4000
  endloop
 endfacet
 facet normal 0.00000 0.00000 1.00000
  outer loop
   vertex 19.5000 -31.1769 183.4000
   vertex 25.6368 -28.6403 183.4000
   vertex 22.0000 -26.8468 183.4000
  endloop
 endfacet
 facet normal 0.32144 0.94693 0.00000
  outer loop
   vertex 25.6368 -28.6403 77.0000
   vertex 29.4766 -29.9437 183.4000
   vertex 29.4766 -29.9437 77.0000
  endloop
 endfacet
 facet normal 0.32144 0.94693 -0.00000
  outer loop
   vertex 25.6368 -28.6403 77.0000
   vertex 25.6368 -28.6403 183.4000
   vertex 29.4766 -29.9437 183.4000
  endloop
 endfacet
 facet normal 0.00000 0.00000 -1.00000
  outer loop
   vertex 23.7234 -33.2597 77.0000
   vertex 25.6368 -28.6403 77.0000
   vertex 29.4766 -29.9437 77.0000
  endloop
 endfacet
 facet normal 0.00000 0.00000 -1.00000
  outer loop
   vertex 23.7234 -33.2597 77.0000
   vertex 29.4766 -29.9437 77.0000
   vertex 28.1825 -34.7733 77.0000
  endloop
 endfacet
 facet normal -0.00000 0.00000 1.00000
  outer loop
   vertex 23.7234 -33.2597 183.4000
   vertex 28.1825 -34.7733 183.4000
   vertex 29.4766 -29.9437 183.4000
  endloop
 endfacet
 facet normal 0.00000 0.00000 1.00000
  outer loop
   vertex 23.7234 -33.2597 183.4000
   vertex 29.4766 -29.9437 183.4000
   vertex 25.6368 -28.6403 183.4000
  endloop
 endfacet
 facet normal 0.19509 0.98079 0.00000
  outer loop
   vertex 29.4766 -29.9437 77.0000
   vertex 33.4537 -30.7348 183.4000
   vertex 33.4537 -30.7348 77.0000
  endloop
 endfacet
 facet normal 0.19509 0.98079 -0.00000
  outer loop
   vertex 29.4766 -29.9437 77.0000
   vertex 29.4766 -29.9437 183.4000
   vertex 33.4537 -30.7348 183.4000
  endloop
 endfacet
 facet normal 0.00000 0.00000 -1.00000
  outer loop
   vertex 28.1825 -34.7733 77.0000
   vertex 29.4766 -29.9437 77.0000
   vertex 33.4537 -30.7348 77.0000
  endloop
 endfacet
 facet normal 0.00000 0.00000 -1.00000
  outer loop
   vertex 28.1825 -34.7733 77.0000
   vertex 33.4537 -30.7348 77.0000
   vertex 32.8011 -35.6920 77.0000
  endloop
 endfacet
 facet normal -0.00000 0.00000 1.00000
  outer loop
   vertex 28.1825 -34.7733 183.4000
   vertex 32.8011 -35.6920 183.4000
   vertex 33.4537 -30.7348 183.4000
  endloop
 endfacet
 facet normal 0.00000 0.00000 1.00000
  outer loop
   vertex 28.1825 -34.7733 183.4000
   vertex 33.4537 -30.7348 183.4000
   vertex 29.4766 -29.9437 183.4000
  endloop
 endfacet
 facet normal 0.06540 0.99786 0.00000
  outer loop
   vertex 33.4537 -30.7348 77.0000
   vertex 37.5000 -31.0000 183.4000
   vertex 37.5000 -31.0000 77.0000
  endloop
 endfacet
 facet normal 0.06540 0.99786 -0.00000
  outer loop
   vertex 33.4537 -30.7348 77.0000
   vertex 33.4537 -30.7348 183.4000
   vertex 37.5000 -31.0000 183.4000
  endloop
 endfacet
 facet normal 0.00000 0.00000 -1.00000
  outer loop
   vertex 32.8011 -35.6920 77.0000
   vertex 33.4537 -30.7348 77.0000
   vertex 37.5000 -31.0000 77.0000
  endloop
 endfacet
 facet normal 0.00000 0.00000 -1.00000
  outer loop
   vertex 32.8011 -35.6920 77.0000
   vertex 37.5000 -31.0000 77.0000
   vertex 37.5000 -36.0000 77.0000
  endloop
 endfacet
 facet normal -0.00000 0.00000 1.00000
  outer loop
   vertex 32.8011 -35.6920 183.4000
   vertex 37.5000 -36.0000 183.4000
   vertex 37.5000 -31.0000 183.4000
  endloop
 endfacet
 facet normal 0.00000 0.00000 1.00000
  outer loop
   vertex 32.8011 -35.6920 183.4000
   vertex 37.5000 -31.0000 183.4000
   vertex 33.4537 -30.7348 183.4000
  endloop
 endfacet
 facet normal -0.06540 0.99786 0.00000
  outer loop
   vertex 37.5000 -31.0000 77.0000
   vertex 41.5463 -30.7348 183.4000
   vertex 41.5463 -30.7348 77.0000
  endloop
 endfacet
 facet normal -0.06540 0.99786 0.00000
  outer loop
   vertex 37.5000 -31.0000 77.0000
   vertex 37.5000 -31.0000 183.4000
   vertex 41.5463 -30.7348 183.4000
  endloop
 endfacet
 facet normal 0.00000 0.00000 -1.00000
  outer loop
   vertex 37.5000 -36.0000 77.0000
   vertex 37.5000 -31.0000 77.0000
   vertex 41.5463 -30.7348 77.0000
  endloop
 endfacet
 facet normal 0.00000 0.00000 -1.00000
  outer loop
   vertex 37.5000 -36.0000 77.0000
   vertex 41.5463 -30.7348 77.0000
   vertex 42.1989 -35.6920 77.0000
  endloop
 endfacet
 facet normal 0.00000 0.00000 1.00000
  outer loop
   vertex 37.5000 -36.0000 183.4000
   vertex 42.1989 -35.6920 183.4000
   vertex 41.5463 -30.7348 183.4000
  endloop
 endfacet
 facet normal 0.00000 0.00000 1.00000
  outer loop
   vertex 37.5000 -36.0000 183.4000
   vertex 41.5463 -30.7348 183.4000
   vertex 37.5000 -31.0000 183.4000
  endloop
 endfacet
 facet normal -0.19509 0.98079 0.00000
  outer loop
   vertex 41.5463 -30.7348 77.0000
   vertex 45.5234 -29.9437 183.4000
   vertex 45.5234 -29.9437 77.0000
  endloop
 endfacet
 facet normal -0.19509 0.98079 0.00000
  outer loop
   vertex 41.5463 -30.7348 77.0000
   vertex 41.5463 -30.7348 183.4000
   vertex 45.5234 -29.9437 183.4000
  endloop
 endfacet
 facet normal 0.00000 0.00000 -1.00000
  outer loop
   vertex 42.1989 -35.6920 77.0000
   vertex 41.5463 -30.7348 77.0000
   vertex 45.5234 -29.9437 77.0000
  endloop
 endfacet
 facet normal 0.00000 0.00000 -1.00000
  outer loop
   vertex 42.1989 -35.6920 77.0000
   vertex 45.5234 -29.9437 77.0000
   vertex 46.8175 -34.7733 77.0000
  endloop
 endfacet
 facet normal 0.00000 0.00000 1.00000
  outer loop
   vertex 42.1989 -35.6920 183.4000
   vertex 46.8175 -34.7733 183.4000
   vertex 45.5234 -29.9437 183.4000
  endloop
 endfacet
 facet normal 0.00000 -0.00000 1.00000
  outer loop
   vertex 42.1989 -35.6920 183.4000
   vertex 45.5234 -29.9437 183.4000
   vertex 41.5463 -30.7348 183.4000
  endloop
 endfacet
 facet normal -0.32144 0.94693 0.00000
  outer loop
   vertex 45.5234 -29.9437 77.0000
   vertex 49.3632 -28.6403 183.4000
   vertex 49.3632 -28.6403 77.0000
  endloop
 endfacet
 facet normal -0.32144 0.94693 0.00000
  outer loop
   vertex 45.5234 -29.9437 77.0000
   vertex 45.5234 -29.9437 183.4000
   vertex 49.3632 -28.6403 183.4000
  endloop
 endfacet
 facet normal 0.00000 0.00000 -1.00000
  outer loop
   vertex 46.8175 -34.7733 77.0000
   vertex 45.5234 -29.9437 77.0000
   vertex 49.3632 -28.6403 77.0000
  endloop
 endfacet
 facet normal 0.00000 0.00000 -1.00000
  outer loop
   vertex 46.8175 -34.7733 77.0000
   vertex 49.3632 -28.6403 77.0000
   vertex 51.2766 -33.2597 77.0000
  endloop
 endfacet
 facet normal 0.00000 0.00000 1.00000
  outer loop
   vertex 46.8175 -34.7733 183.4000
   vertex 51.2766 -33.2597 183.4000
   vertex 49.3632 -28.6403 183.4000
  endloop
 endfacet
 facet normal 0.00000 -0.00000 1.00000
  outer loop
   vertex 46.8175 -34.7733 183.4000
   vertex 49.3632 -28.6403 183.4000
   vertex 45.5234 -29.9437 183.4000
  endloop
 endfacet
 facet normal -0.44229 0.89687 0.00000
  outer loop
   vertex 49.3632 -28.6403 77.0000
   vertex 53.0000 -26.8468 183.4000
   vertex 53.0000 -26.8468 77.0000
  endloop
 endfacet
 facet normal -0.44229 0.89687 0.00000
  outer loop
   vertex 49.3632 -28.6403 77.0000
   vertex 49.3632 -28.6403 183.4000
   vertex 53.0000 -26.8468 183.4000
  endloop
 endfacet
 facet normal 0.00000 0.00000 -1.00000
  outer loop
   vertex 51.2766 -33.2597 77.0000
   vertex 49.3632 -28.6403 77.0000
   vertex 53.0000 -26.8468 77.0000
  endloop
 endfacet
 facet normal 0.00000 0.00000 -1.00000
  outer loop
   vertex 51.2766 -33.2597 77.0000
   vertex 53.0000 -26.8468 77.0000
   vertex 55.5000 -31.1769 77.0000
  endloop
 endfacet
 facet normal 0.00000 0.00000 1.00000
  outer loop
   vertex 51.2766 -33.2597 183.4000
   vertex 55.5000 -31.1769 183.4000
   vertex 53.0000 -26.8468 183.4000
  endloop
 endfacet
 facet normal 0.00000 -0.00000 1.00000
  outer loop
   vertex 51.2766 -33.2597 183.4000
   vertex 53.0000 -26.8468 183.4000
   vertex 49.3632 -28.6403 183.4000
  endloop
 endfacet
 facet normal -0.55557 0.83147 0.00000
  outer loop
   vertex 53.0000 -26.8468 77.0000
   vertex 56.3716 -24.5940 183.4000
   vertex 56.3716 -24.5940 77.0000
  endloop
 endfacet
 facet normal -0.55557 0.83147 0.00000
  outer loop
   vertex 53.0000 -26.8468 77.0000
   vertex 53.0000 -26.8468 183.4000
   vertex 56.3716 -24.5940 183.4000
  endloop
 endfacet
 facet normal 0.00000 0.00000 -1.00000
  outer loop
   vertex 55.5000 -31.1769 77.0000
   vertex 53.0000 -26.8468 77.0000
   vertex 56.3716 -24.5940 77.0000
  endloop
 endfacet
 facet normal 0.00000 0.00000 -1.00000
  outer loop
   vertex 55.5000 -31.1769 77.0000
   vertex 56.3716 -24.5940 77.0000
   vertex 59.4154 -28.5607 77.0000
  endloop
 endfacet
 facet normal 0.00000 0.00000 1.00000
  outer loop
   vertex 55.5000 -31.1769 183.4000
   vertex 59.4154 -28.5607 183.4000
   vertex 56.3716 -24.5940 183.4000
  endloop
 endfacet
 facet normal 0.00000 -0.00000 1.00000
  outer loop
   vertex 55.5000 -31.1769 183.4000
   vertex 56.3716 -24.5940 183.4000
   vertex 53.0000 -26.8468 183.4000
  endloop
 endfacet
 facet normal -0.65935 0.75184 0.00000
  outer loop
   vertex 56.3716 -24.5940 77.0000
   vertex 59.4203 -21.9203 183.4000
   vertex 59.4203 -21.9203 77.0000
  endloop
 endfacet
 facet normal -0.65935 0.75184 0.00000
  outer loop
   vertex 56.3716 -24.5940 77.0000
   vertex 56.3716 -24.5940 183.4000
   vertex 59.4203 -21.9203 183.4000
  endloop
 endfacet
 facet normal 0.00000 0.00000 -1.00000
  outer loop
   vertex 59.4154 -28.5607 77.0000
   vertex 56.3716 -24.5940 77.0000
   vertex 59.4203 -21.9203 77.0000
  endloop
 endfacet
 facet normal 0.00000 0.00000 -1.00000
  outer loop
   vertex 59.4154 -28.5607 77.0000
   vertex 59.4203 -21.9203 77.0000
   vertex 62.9558 -25.4558 77.0000
  endloop
 endfacet
 facet normal 0.00000 0.00000 1.00000
  outer loop
   vertex 59.4154 -28.5607 183.4000
   vertex 62.9558 -25.4558 183.4000
   vertex 59.4203 -21.9203 183.4000
  endloop
 endfacet
 facet normal 0.00000 -0.00000 1.00000
  outer loop
   vertex 59.4154 -28.5607 183.4000
   vertex 59.4203 -21.9203 183.4000
   vertex 56.3716 -24.5940 183.4000
  endloop
 endfacet
 facet normal -0.75184 0.65935 0.00000
  outer loop
   vertex 59.4203 -21.9203 77.0000
   vertex 62.0940 -18.8716 183.4000
   vertex 62.0940 -18.8716 77.0000
  endloop
 endfacet
 facet normal -0.75184 0.65935 0.00000
  outer loop
   vertex 59.4203 -21.9203 77.0000
   vertex 59.4203 -21.9203 183.4000
   vertex 62.0940 -18.8716 183.4000
  endloop
 endfacet
 facet normal 0.00000 0.00000 -1.00000
  outer loop
   vertex 62.9558 -25.4558 77.0000
   vertex 59.4203 -21.9203 77.0000
   vertex 62.0940 -18.8716 77.0000
  endloop
 endfacet
 facet normal 0.00000 0.00000 -1.00000
  outer loop
   vertex 62.9558 -25.4558 77.0000
   vertex 62.0940 -18.8716 77.0000
   vertex 66.0607 -21.9154 77.0000
  endloop
 endfacet
 facet normal 0.00000 -0.00000 1.00000
  outer loop
   vertex 62.9558 -25.4558 183.4000
   vertex 66.0607 -21.9154 183.4000
   vertex 62.0940 -18.8716 183.4000
  endloop
 endfacet
 facet normal 0.00000 0.00000 1.00000
  outer loop
   vertex 62.9558 -25.4558 183.4000
   vertex 62.0940 -18.8716 183.4000
   vertex 59.4203 -21.9203 183.4000
  endloop
 endfacet
 facet normal -0.83147 0.55557 0.00000
  outer loop
   vertex 62.0940 -18.8716 77.0000
   vertex 64.3468 -15.5000 183.4000
   vertex 64.3468 -15.5000 77.0000
  endloop
 endfacet
 facet normal -0.83147 0.55557 0.00000
  outer loop
   vertex 62.0940 -18.8716 77.0000
   vertex 62.0940 -18.8716 183.4000
   vertex 64.3468 -15.5000 183.4000
  endloop
 endfacet
 facet normal 0.00000 0.00000 -1.00000
  outer loop
   vertex 66.0607 -21.9154 77.0000
   vertex 62.0940 -18.8716 77.0000
   vertex 64.3468 -15.5000 77.0000
  endloop
 endfacet
 facet normal 0.00000 0.00000 -1.00000
  outer loop
   vertex 66.0607 -21.9154 77.0000
   vertex 64.3468 -15.5000 77.0000
   vertex 68.6769 -18.0000 77.0000
  endloop
 endfacet
 facet normal 0.00000 -0.00000 1.00000
  outer loop
   vertex 66.0607 -21.9154 183.4000
   vertex 68.6769 -18.0000 183.4000
   vertex 64.3468 -15.5000 183.4000
  endloop
 endfacet
 facet normal 0.00000 0.00000 1.00000
  outer loop
   vertex 66.0607 -21.9154 183.4000
   vertex 64.3468 -15.5000 183.4000
   vertex 62.0940 -18.8716 183.4000
  endloop
 endfacet
 facet normal -0.89687 0.44229 0.00000
  outer loop
   vertex 64.3468 -15.5000 77.0000
   vertex 66.1403 -11.8632 183.4000
   vertex 66.1403 -11.8632 77.0000
  endloop
 endfacet
 facet normal -0.89687 0.44229 0.00000
  outer loop
   vertex 64.3468 -15.5000 77.0000
   vertex 64.3468 -15.5000 183.4000
   vertex 66.1403 -11.8632 183.4000
  endloop
 endfacet
 facet normal 0.00000 0.00000 -1.00000
  outer loop
   vertex 68.6769 -18.0000 77.0000
   vertex 64.3468 -15.5000 77.0000
   vertex 66.1403 -11.8632 77.0000
  endloop
 endfacet
 facet normal 0.00000 0.00000 -1.00000
  outer loop
   vertex 68.6769 -18.0000 77.0000
   vertex 66.1403 -11.8632 77.0000
   vertex 70.7597 -13.7766 77.0000
  endloop
 endfacet
 facet normal 0.00000 -0.00000 1.00000
  outer loop
   vertex 68.6769 -18.0000 183.4000
   vertex 70.7597 -13.7766 183.4000
   vertex 66.1403 -11.8632 183.4000
  endloop
 endfacet
 facet normal 0.00000 0.00000 1.00000
  outer loop
   vertex 68.6769 -18.0000 183.4000
   vertex 66.1403 -11.8632 183.4000
   vertex 64.3468 -15.5000 183.4000
  endloop
 endfacet
 facet normal -0.94693 0.32144 0.00000
  outer loop
   vertex 66.1403 -11.8632 77.0000
   vertex 67.4437 -8.0234 183.4000
   vertex 67.4437 -8.0234 77.0000
  endloop
 endfacet
 facet normal -0.94693 0.32144 0.00000
  outer loop
   vertex 66.1403 -11.8632 77.0000
   vertex 66.1403 -11.8632 183.4000
   vertex 67.4437 -8.0234 183.4000
  endloop
 endfacet
 facet normal 0.00000 0.00000 -1.00000
  outer loop
   vertex 70.7597 -13.7766 77.0000
   vertex 66.1403 -11.8632 77.0000
   vertex 67.4437 -8.0234 77.0000
  endloop
 endfacet
 facet normal 0.00000 0.00000 -1.00000
  outer loop
   vertex 70.7597 -13.7766 77.0000
   vertex 67.4437 -8.0234 77.0000
   vertex 72.2733 -9.3175 77.0000
  endloop
 endfacet
 facet normal 0.00000 -0.00000 1.00000
  outer loop
   vertex 70.7597 -13.7766 183.4000
   vertex 72.2733 -9.3175 183.4000
   vertex 67.4437 -8.0234 183.4000
  endloop
 endfacet
 facet normal 0.00000 0.00000 1.00000
  outer loop
   vertex 70.7597 -13.7766 183.4000
   vertex 67.4437 -8.0234 183.4000
   vertex 66.1403 -11.8632 183.4000
  endloop
 endfacet
 facet normal -0.98079 0.19509 0.00000
  outer loop
   vertex 67.4437 -8.0234 77.0000
   vertex 68.2348 -4.0463 183.4000
   vertex 68.2348 -4.0463 77.0000
  endloop
 endfacet
 facet normal -0.98079 0.19509 0.00000
  outer loop
   vertex 67.4437 -8.0234 77.0000
   vertex 67.4437 -8.0234 183.4000
   vertex 68.2348 -4.0463 183.4000
  endloop
 endfacet
 facet normal 0.00000 0.00000 -1.00000
  outer loop
   vertex 72.2733 -9.3175 77.0000
   vertex 67.4437 -8.0234 77.0000
   vertex 68.2348 -4.0463 77.0000
  endloop
 endfacet
 facet normal 0.00000 0.00000 -1.00000
  outer loop
   vertex 72.2733 -9.3175 77.0000
   vertex 68.2348 -4.0463 77.0000
   vertex 73.1920 -4.6989 77.0000
  endloop
 endfacet
 facet normal 0.00000 -0.00000 1.00000
  outer loop
   vertex 72.2733 -9.3175 183.4000
   vertex 73.1920 -4.6989 183.4000
   vertex 68.2348 -4.0463 183.4000
  endloop
 endfacet
 facet normal 0.00000 0.00000 1.00000
  outer loop
   vertex 72.2733 -9.3175 183.4000
   vertex 68.2348 -4.0463 183.4000
   vertex 67.4437 -8.0234 183.4000
  endloop
 endfacet
 facet normal -0.99786 0.06540 0.00000
  outer loop
   vertex 68.2348 -4.0463 77.0000
   vertex 68.5000 0.0000 183.4000
   vertex 68.5000 0.0000 77.0000
  endloop
 endfacet
 facet normal -0.99786 0.06540 0.00000
  outer loop
   vertex 68.2348 -4.0463 77.0000
   vertex 68.2348 -4.0463 183.4000
   vertex 68.5000 0.0000 183.4000
  endloop
 endfacet
 facet normal 0.00000 0.00000 -1.00000
  outer loop
   vertex 73.1920 -4.6989 77.0000
   vertex 68.2348 -4.0463 77.0000
   vertex 68.5000 0.0000 77.0000
  endloop
 endfacet
 facet normal 0.00000 0.00000 -1.00000
  outer loop
   vertex 73.1920 -4.6989 77.0000
   vertex 68.5000 0.0000 77.0000
   vertex 73.5000 0.0000 77.0000
  endloop
 endfacet
 facet normal 0.00000 -0.00000 1.00000
  outer loop
   vertex 73.1920 -4.6989 183.4000
   vertex 73.5000 0.0000 183.4000
   vertex 68.5000 0.0000 183.4000
  endloop
 endfacet
 facet normal 0.00000 0.00000 1.00000
  outer loop
   vertex 73.1920 -4.6989 183.4000
   vertex 68.5000 0.0000 183.4000
   vertex 68.2348 -4.0463 183.4000
  endloop
 endfacet
 facet normal 0.99786 0.06540 0.00000
  outer loop
   vertex 67.5000 0.0000 77.0000
   vertex 67.2433 3.9158 77.0000
   vertex 67.2433 3.9158 171.0000
  endloop
 endfacet
 facet normal 0.99786 0.06540 -0.00000
  outer loop
   vertex 67.5000 0.0000 77.0000
   vertex 67.2433 3.9158 171.0000
   vertex 67.5000 0.0000 171.0000
  endloop
 endfacet
 facet normal 0.98079 0.19509 0.00000
  outer loop
   vertex 67.2433 3.9158 77.0000
   vertex 66.4778 7.7646 77.0000
   vertex 66.4778 7.7646 171.0000
  endloop
 endfacet
 facet normal 0.98079 0.19509 -0.00000
  outer loop
   vertex 67.2433 3.9158 77.0000
   vertex 66.4778 7.7646 171.0000
   vertex 67.2433 3.9158 171.0000
  endloop
 endfacet
 facet normal 0.94693 0.32144 0.00000
  outer loop
   vertex 66.4778 7.7646 77.0000
   vertex 65.2164 11.4805 77.0000
   vertex 65.2164 11.4805 171.0000
  endloop
 endfacet
 facet normal 0.94693 0.32144 -0.00000
  outer loop
   vertex 66.4778 7.7646 77.0000
   vertex 65.2164 11.4805 171.0000
   vertex 66.4778 7.7646 171.0000
  endloop
 endfacet
 facet normal 0.89687 0.44229 0.00000
  outer loop
   vertex 65.2164 11.4805 77.0000
   vertex 63.4808 15.0000 77.0000
   vertex 63.4808 15.0000 171.0000
  endloop
 endfacet
 facet normal 0.89687 0.44229 -0.00000
  outer loop
   vertex 65.2164 11.4805 77.0000
   vertex 63.4808 15.0000 171.0000
   vertex 65.2164 11.4805 171.0000
  endloop
 endfacet
 facet normal 0.83147 0.55557 0.00000
  outer loop
   vertex 63.4808 15.0000 77.0000
   vertex 61.3006 18.2628 77.0000
   vertex 61.3006 18.2628 171.0000
  endloop
 endfacet
 facet normal 0.83147 0.55557 -0.00000
  outer loop
   vertex 63.4808 15.0000 77.0000
   vertex 61.3006 18.2628 171.0000
   vertex 63.4808 15.0000 171.0000
  endloop
 endfacet
 facet normal 0.75184 0.65935 0.00000
  outer loop
   vertex 61.3006 18.2628 77.0000
   vertex 58.7132 21.2132 77.0000
   vertex 58.7132 21.2132 171.0000
  endloop
 endfacet
 facet normal 0.75184 0.65935 -0.00000
  outer loop
   vertex 61.3006 18.2628 77.0000
   vertex 58.7132 21.2132 171.0000
   vertex 61.3006 18.2628 171.0000
  endloop
 endfacet
 facet normal 0.65935 0.75184 0.00000
  outer loop
   vertex 58.7132 21.2132 77.0000
   vertex 55.7628 23.8006 77.0000
   vertex 55.7628 23.8006 171.0000
  endloop
 endfacet
 facet normal 0.65935 0.75184 -0.00000
  outer loop
   vertex 58.7132 21.2132 77.0000
   vertex 55.7628 23.8006 171.0000
   vertex 58.7132 21.2132 171.0000
  endloop
 endfacet
 facet normal 0.55557 0.83147 0.00000
  outer loop
   vertex 55.7628 23.8006 77.0000
   vertex 52.5000 25.9808 77.0000
   vertex 52.5000 25.9808 171.0000
  endloop
 endfacet
 facet normal 0.55557 0.83147 -0.00000
  outer loop
   vertex 55.7628 23.8006 77.0000
   vertex 52.5000 25.9808 171.0000
   vertex 55.7628 23.8006 171.0000
  endloop
 endfacet
 facet normal 0.44229 0.89687 0.00000
  outer loop
   vertex 52.5000 25.9808 77.0000
   vertex 48.9805 27.7164 77.0000
   vertex 48.9805 27.7164 171.0000
  endloop
 endfacet
 facet normal 0.44229 0.89687 -0.00000
  outer loop
   vertex 52.5000 25.9808 77.0000
   vertex 48.9805 27.7164 171.0000
   vertex 52.5000 25.9808 171.0000
  endloop
 endfacet
 facet normal 0.32144 0.94693 0.00000
  outer loop
   vertex 48.9805 27.7164 77.0000
   vertex 45.2646 28.9778 77.0000
   vertex 45.2646 28.9778 171.0000
  endloop
 endfacet
 facet normal 0.32144 0.94693 -0.00000
  outer loop
   vertex 48.9805 27.7164 77.0000
   vertex 45.2646 28.9778 171.0000
   vertex 48.9805 27.7164 171.0000
  endloop
 endfacet
 facet normal 0.19509 0.98079 0.00000
  outer loop
   vertex 45.2646 28.9778 77.0000
   vertex 41.4158 29.7433 77.0000
   vertex 41.4158 29.7433 171.0000
  endloop
 endfacet
 facet normal 0.19509 0.98079 -0.00000
  outer loop
   vertex 45.2646 28.9778 77.0000
   vertex 41.4158 29.7433 171.0000
   vertex 45.2646 28.9778 171.0000
  endloop
 endfacet
 facet normal 0.06540 0.99786 0.00000
  outer loop
   vertex 41.4158 29.7433 77.0000
   vertex 37.5000 30.0000 77.0000
   vertex 37.5000 30.0000 171.0000
  endloop
 endfacet
 facet normal 0.06540 0.99786 -0.00000
  outer loop
   vertex 41.4158 29.7433 77.0000
   vertex 37.5000 30.0000 171.0000
   vertex 41.4158 29.7433 171.0000
  endloop
 endfacet
 facet normal -0.06540 0.99786 0.00000
  outer loop
   vertex 37.5000 30.0000 77.0000
   vertex 33.5842 29.7433 77.0000
   vertex 33.5842 29.7433 171.0000
  endloop
 endfacet
 facet normal -0.06540 0.99786 0.00000
  outer loop
   vertex 37.5000 30.0000 77.0000
   vertex 33.5842 29.7433 171.0000
   vertex 37.5000 30.0000 171.0000
  endloop
 endfacet
 facet normal -0.19509 0.98079 0.00000
  outer loop
   vertex 33.5842 29.7433 77.0000
   vertex 29.7354 28.9778 77.0000
   vertex 29.7354 28.9778 171.0000
  endloop
 endfacet
 facet normal -0.19509 0.98079 0.00000
  outer loop
   vertex 33.5842 29.7433 77.0000
   vertex 29.7354 28.9778 171.0000
   vertex 33.5842 29.7433 171.0000
  endloop
 endfacet
 facet normal -0.32144 0.94693 0.00000
  outer loop
   vertex 29.7354 28.9778 77.0000
   vertex 26.0195 27.7164 77.0000
   vertex 26.0195 27.7164 171.0000
  endloop
 endfacet
 facet normal -0.32144 0.94693 0.00000
  outer loop
   vertex 29.7354 28.9778 77.0000
   vertex 26.0195 27.7164 171.0000
   vertex 29.7354 28.9778 171.0000
  endloop
 endfacet
 facet normal -0.44229 0.89687 0.00000
  outer loop
   vertex 26.0195 27.7164 77.0000
   vertex 22.5000 25.9808 77.0000
   vertex 22.5000 25.9808 171.0000
  endloop
 endfacet
 facet normal -0.44229 0.89687 0.00000
  outer loop
   vertex 26.0195 27.7164 77.0000
   vertex 22.5000 25.9808 171.0000
   vertex 26.0195 27.7164 171.0000
  endloop
 endfacet
 facet normal -0.55557 0.83147 0.00000
  outer loop
   vertex 22.5000 25.9808 77.0000
   vertex 19.2372 23.8006 77.0000
   vertex 19.2372 23.8006 171.0000
  endloop
 endfacet
 facet normal -0.55557 0.83147 0.00000
  outer loop
   vertex 22.5000 25.9808 77.0000
   vertex 19.2372 23.8006 171.0000
   vertex 22.5000 25.9808 171.0000
  endloop
 endfacet
 facet normal -0.65935 0.75184 0.00000
  outer loop
   vertex 19.2372 23.8006 77.0000
   vertex 16.2868 21.2132 77.0000
   vertex 16.2868 21.2132 171.0000
  endloop
 endfacet
 facet normal -0.65935 0.75184 0.00000
  outer loop
   vertex 19.2372 23.8006 77.0000
   vertex 16.2868 21.2132 171.0000
   vertex 19.2372 23.8006 171.0000
  endloop
 endfacet
 facet normal -0.75184 0.65935 0.00000
  outer loop
   vertex 16.2868 21.2132 77.0000
   vertex 13.6994 18.2628 77.0000
   vertex 13.6994 18.2628 171.0000
  endloop
 endfacet
 facet normal -0.75184 0.65935 0.00000
  outer loop
   vertex 16.2868 21.2132 77.0000
   vertex 13.6994 18.2628 171.0000
   vertex 16.2868 21.2132 171.0000
  endloop
 endfacet
 facet normal -0.83147 0.55557 0.00000
  outer loop
   vertex 13.6994 18.2628 77.0000
   vertex 11.5192 15.0000 77.0000
   vertex 11.5192 15.0000 171.0000
  endloop
 endfacet
 facet normal -0.83147 0.55557 0.00000
  outer loop
   vertex 13.6994 18.2628 77.0000
   vertex 11.5192 15.0000 171.0000
   vertex 13.6994 18.2628 171.0000
  endloop
 endfacet
 facet normal -0.89687 0.44229 0.00000
  outer loop
   vertex 11.5192 15.0000 77.0000
   vertex 9.7836 11.4805 77.0000
   vertex 9.7836 11.4805 171.0000
  endloop
 endfacet
 facet normal -0.89687 0.44229 0.00000
  outer loop
   vertex 11.5192 15.0000 77.0000
   vertex 9.7836 11.4805 171.0000
   vertex 11.5192 15.0000 171.0000
  endloop
 endfacet
 facet normal -0.94693 0.32144 0.00000
  outer loop
   vertex 9.7836 11.4805 77.0000
   vertex 8.5222 7.7646 77.0000
   vertex 8.5222 7.7646 171.0000
  endloop
 endfacet
 facet normal -0.94693 0.32144 0.00000
  outer loop
   vertex 9.7836 11.4805 77.0000
   vertex 8.5222 7.7646 171.0000
   vertex 9.7836 11.4805 171.0000
  endloop
 endfacet
 facet normal -0.98079 0.19509 0.00000
  outer loop
   vertex 8.5222 7.7646 77.0000
   vertex 7.7567 3.9158 77.0000
   vertex 7.7567 3.9158 171.0000
  endloop
 endfacet
 facet normal -0.98079 0.19509 0.00000
  outer loop
   vertex 8.5222 7.7646 77.0000
   vertex 7.7567 3.9158 171.0000
   vertex 8.5222 7.7646 171.0000
  endloop
 endfacet
 facet normal -0.99786 0.06540 0.00000
  outer loop
   vertex 7.7567 3.9158 77.0000
   vertex 7.5000 0.0000 77.0000
   vertex 7.5000 0.0000 171.0000
  endloop
 endfacet
 facet normal -0.99786 0.06540 0.00000
  outer loop
   vertex 7.7567 3.9158 77.0000
   vertex 7.5000 0.0000 171.0000
   vertex 7.7567 3.9158 171.0000
  endloop
 endfacet
 facet normal -0.99786 -0.06540 0.00000
  outer loop
   vertex 7.5000 0.0000 77.0000
   vertex 7.7567 -3.9158 77.0000
   vertex 7.7567 -3.9158 171.0000
  endloop
 endfacet
 facet normal -0.99786 -0.06540 0.00000
  outer loop
   vertex 7.5000 0.0000 77.0000
   vertex 7.7567 -3.9158 171.0000
   vertex 7.5000 0.0000 171.0000
  endloop
 endfacet
 facet normal -0.98079 -0.19509 0.00000
  outer loop
   vertex 7.7567 -3.9158 77.0000
   vertex 8.5222 -7.7646 77.0000
   vertex 8.5222 -7.7646 171.0000
  endloop
 endfacet
 facet normal -0.98079 -0.19509 0.00000
  outer loop
   vertex 7.7567 -3.9158 77.0000
   vertex 8.5222 -7.7646 171.0000
   vertex 7.7567 -3.9158 171.0000
  endloop
 endfacet
 facet normal -0.94693 -0.32144 0.00000
  outer loop
   vertex 8.5222 -7.7646 77.0000
   vertex 9.7836 -11.4805 77.0000
   vertex 9.7836 -11.4805 171.0000
  endloop
 endfacet
 facet normal -0.94693 -0.32144 0.00000
  outer loop
   vertex 8.5222 -7.7646 77.0000
   vertex 9.7836 -11.4805 171.0000
   vertex 8.5222 -7.7646 171.0000
  endloop
 endfacet
 facet normal -0.89687 -0.44229 0.00000
  outer loop
   vertex 9.7836 -11.4805 77.0000
   vertex 11.5192 -15.0000 77.0000
   vertex 11.5192 -15.0000 171.0000
  endloop
 endfacet
 facet normal -0.89687 -0.44229 0.00000
  outer loop
   vertex 9.7836 -11.4805 77.0000
   vertex 11.5192 -15.0000 171.0000
   vertex 9.7836 -11.4805 171.0000
  endloop
 endfacet
 facet normal -0.83147 -0.55557 0.00000
  outer loop
   vertex 11.5192 -15.0000 77.0000
   vertex 13.6994 -18.2628 77.0000
   vertex 13.6994 -18.2628 171.0000
  endloop
 endfacet
 facet normal -0.83147 -0.55557 0.00000
  outer loop
   vertex 11.5192 -15.0000 77.0000
   vertex 13.6994 -18.2628 171.0000
   vertex 11.5192 -15.0000 171.0000
  endloop
 endfacet
 facet normal -0.75184 -0.65935 0.00000
  outer loop
   vertex 13.6994 -18.2628 77.0000
   vertex 16.2868 -21.2132 77.0000
   vertex 16.2868 -21.2132 171.0000
  endloop
 endfacet
 facet normal -0.75184 -0.65935 0.00000
  outer loop
   vertex 13.6994 -18.2628 77.0000
   vertex 16.2868 -21.2132 171.0000
   vertex 13.6994 -18.2628 171.0000
  endloop
 endfacet
 facet normal -0.65935 -0.75184 0.00000
  outer loop
   vertex 16.2868 -21.2132 77.0000
   vertex 19.2372 -23.8006 77.0000
   vertex 19.2372 -23.8006 171.0000
  endloop
 endfacet
 facet normal -0.65935 -0.75184 0.00000
  outer loop
   vertex 16.2868 -21.2132 77.0000
   vertex 19.2372 -23.8006 171.0000
   vertex 16.2868 -21.2132 171.0000
  endloop
 endfacet
 facet normal -0.55557 -0.83147 0.00000
  outer loop
   vertex 19.2372 -23.8006 77.0000
   vertex 22.5000 -25.9808 77.0000
   vertex 22.5000 -25.9808 171.0000
  endloop
 endfacet
 facet normal -0.55557 -0.83147 0.00000
  outer loop
   vertex 19.2372 -23.8006 77.0000
   vertex 22.5000 -25.9808 171.0000
   vertex 19.2372 -23.8006 171.0000
  endloop
 endfacet
 facet normal -0.44229 -0.89687 0.00000
  outer loop
   vertex 22.5000 -25.9808 77.0000
   vertex 26.0195 -27.7164 77.0000
   vertex 26.0195 -27.7164 171.0000
  endloop
 endfacet
 facet normal -0.44229 -0.89687 0.00000
  outer loop
   vertex 22.5000 -25.9808 77.0000
   vertex 26.0195 -27.7164 171.0000
   vertex 22.5000 -25.9808 171.0000
  endloop
 endfacet
 facet normal -0.32144 -0.94693 0.00000
  outer loop
   vertex 26.0195 -27.7164 77.0000
   vertex 29.7354 -28.9778 77.0000
   vertex 29.7354 -28.9778 171.0000
  endloop
 endfacet
 facet normal -0.32144 -0.94693 0.00000
  outer loop
   vertex 26.0195 -27.7164 77.0000
   vertex 29.7354 -28.9778 171.0000
   vertex 26.0195 -27.7164 171.0000
  endloop
 endfacet
 facet normal -0.19509 -0.98079 0.00000
  outer loop
   vertex 29.7354 -28.9778 77.0000
   vertex 33.5842 -29.7433 77.0000
   vertex 33.5842 -29.7433 171.0000
  endloop
 endfacet
 facet normal -0.19509 -0.98079 0.00000
  outer loop
   vertex 29.7354 -28.9778 77.0000
   vertex 33.5842 -29.7433 171.0000
   vertex 29.7354 -28.9778 171.0000
  endloop
 endfacet
 facet normal -0.06540 -0.99786 0.00000
  outer loop
   vertex 33.5842 -29.7433 77.0000
   vertex 37.5000 -30.0000 77.0000
   vertex 37.5000 -30.0000 171.0000
  endloop
 endfacet
 facet normal -0.06540 -0.99786 0.00000
  outer loop
   vertex 33.5842 -29.7433 77.0000
   vertex 37.5000 -30.0000 171.0000
   vertex 33.5842 -29.7433 171.0000
  endloop
 endfacet
 facet normal 0.06540 -0.99786 0.00000
  outer loop
   vertex 37.5000 -30.0000 77.0000
   vertex 41.4158 -29.7433 77.0000
   vertex 41.4158 -29.7433 171.0000
  endloop
 endfacet
 facet normal 0.06540 -0.99786 0.00000
  outer loop
   vertex 37.5000 -30.0000 77.0000
   vertex 41.4158 -29.7433 171.0000
   vertex 37.5000 -30.0000 171.0000
  endloop
 endfacet
 facet normal 0.19509 -0.98079 0.00000
  outer loop
   vertex 41.4158 -29.7433 77.0000
   vertex 45.2646 -28.9778 77.0000
   vertex 45.2646 -28.9778 171.0000
  endloop
 endfacet
 facet normal 0.19509 -0.98079 0.00000
  outer loop
   vertex 41.4158 -29.7433 77.0000
   vertex 45.2646 -28.9778 171.0000
   vertex 41.4158 -29.7433 171.0000
  endloop
 endfacet
 facet normal 0.32144 -0.94693 0.00000
  outer loop
   vertex 45.2646 -28.9778 77.0000
   vertex 48.9805 -27.7164 77.0000
   vertex 48.9805 -27.7164 171.0000
  endloop
 endfacet
 facet normal 0.32144 -0.94693 0.00000
  outer loop
   vertex 45.2646 -28.9778 77.0000
   vertex 48.9805 -27.7164 171.0000
   vertex 45.2646 -28.9778 171.0000
  endloop
 endfacet
 facet normal 0.44229 -0.89687 0.00000
  outer loop
   vertex 48.9805 -27.7164 77.0000
   vertex 52.5000 -25.9808 77.0000
   vertex 52.5000 -25.9808 171.0000
  endloop
 endfacet
 facet normal 0.44229 -0.89687 0.00000
  outer loop
   vertex 48.9805 -27.7164 77.0000
   vertex 52.5000 -25.9808 171.0000
   vertex 48.9805 -27.7164 171.0000
  endloop
 endfacet
 facet normal 0.55557 -0.83147 0.00000
  outer loop
   vertex 52.5000 -25.9808 77.0000
   vertex 55.7628 -23.8006 77.0000
   vertex 55.7628 -23.8006 171.0000
  endloop
 endfacet
 facet normal 0.55557 -0.83147 0.00000
  outer loop
   vertex 52.5000 -25.9808 77.0000
   vertex 55.7628 -23.8006 171.0000
   vertex 52.5000 -25.9808 171.0000
  endloop
 endfacet
 facet normal 0.65935 -0.75184 0.00000
  outer loop
   vertex 55.7628 -23.8006 77.0000
   vertex 58.7132 -21.2132 77.0000
   vertex 58.7132 -21.2132 171.0000
  endloop
 endfacet
 facet normal 0.65935 -0.75184 0.00000
  outer loop
   vertex 55.7628 -23.8006 77.0000
   vertex 58.7132 -21.2132 171.0000
   vertex 55.7628 -23.8006 171.0000
  endloop
 endfacet
 facet normal 0.75184 -0.65935 0.00000
  outer loop
   vertex 58.7132 -21.2132 77.0000
   vertex 61.3006 -18.2628 77.0000
   vertex 61.3006 -18.2628 171.0000
  endloop
 endfacet
 facet normal 0.75184 -0.65935 0.00000
  outer loop
   vertex 58.7132 -21.2132 77.0000
   vertex 61.3006 -18.2628 171.0000
   vertex 58.7132 -21.2132 171.0000
  endloop
 endfacet
 facet normal 0.83147 -0.55557 0.00000
  outer loop
   vertex 61.3006 -18.2628 77.0000
   vertex 63.4808 -15.0000 77.0000
   vertex 63.4808 -15.0000 171.0000
  endloop
 endfacet
 facet normal 0.83147 -0.55557 0.00000
  outer loop
   vertex 61.3006 -18.2628 77.0000
   vertex 63.4808 -15.0000 171.0000
   vertex 61.3006 -18.2628 171.0000
  endloop
 endfacet
 facet normal 0.89687 -0.44229 0.00000
  outer loop
   vertex 63.4808 -15.0000 77.0000
   vertex 65.2164 -11.4805 77.0000
   vertex 65.2164 -11.4805 171.0000
  endloop
 endfacet
 facet normal 0.89687 -0.44229 0.00000
  outer loop
   vertex 63.4808 -15.0000 77.0000
   vertex 65.2164 -11.4805 171.0000
   vertex 63.4808 -15.0000 171.0000
  endloop
 endfacet
 facet normal 0.94693 -0.32144 0.00000
  outer loop
   vertex 65.2164 -11.4805 77.0000
   vertex 66.4778 -7.7646 77.0000
   vertex 66.4778 -7.7646 171.0000
  endloop
 endfacet
 facet normal 0.94693 -0.32144 0.00000
  outer loop
   vertex 65.2164 -11.4805 77.0000
   vertex 66.4778 -7.7646 171.0000
   vertex 65.2164 -11.4805 171.0000
  endloop
 endfacet
 facet normal 0.98079 -0.19509 0.00000
  outer loop
   vertex 66.4778 -7.7646 77.0000
   vertex 67.2433 -3.9158 77.0000
   vertex 67.2433 -3.9158 171.0000
  endloop
 endfacet
 facet normal 0.98079 -0.19509 0.00000
  outer loop
   vertex 66.4778 -7.7646 77.0000
   vertex 67.2433 -3.9158 171.0000
   vertex 66.4778 -7.7646 171.0000
  endloop
 endfacet
 facet normal 0.99786 -0.06540 0.00000
  outer loop
   vertex 67.2433 -3.9158 77.0000
   vertex 67.5000 0.0000 77.0000
   vertex 67.5000 0.0000 171.0000
  endloop
 endfacet
 facet normal 0.99786 -0.06540 0.00000
  outer loop
   vertex 67.2433 -3.9158 77.0000
   vertex 67.5000 0.0000 171.0000
   vertex 67.2433 -3.9158 171.0000
  endloop
 endfacet
 facet normal 0.00000 0.00000 -1.00000
  outer loop
   vertex 37.5000 0.0000 77.0000
   vertex 67.2433 3.9158 77.0000
   vertex 67.5000 0.0000 77.0000
  endloop
 endfacet
 facet normal 0.00000 0.00000 1.00000
  outer loop
   vertex 37.5000 0.0000 171.0000
   vertex 67.5000 0.0000 171.0000
   vertex 67.2433 3.9158 171.0000
  endloop
 endfacet
 facet normal 0.00000 0.00000 -1.00000
  outer loop
   vertex 37.5000 0.0000 77.0000
   vertex 66.4778 7.7646 77.0000
   vertex 67.2433 3.9158 77.0000
  endloop
 endfacet
 facet normal 0.00000 0.00000 1.00000
  outer loop
   vertex 37.5000 0.0000 171.0000
   vertex 67.2433 3.9158 171.0000
   vertex 66.4778 7.7646 171.0000
  endloop
 endfacet
 facet normal 0.00000 0.00000 -1.00000
  outer loop
   vertex 37.5000 0.0000 77.0000
   vertex 65.2164 11.4805 77.0000
   vertex 66.4778 7.7646 77.0000
  endloop
 endfacet
 facet normal 0.00000 0.00000 1.00000
  outer loop
   vertex 37.5000 0.0000 171.0000
   vertex 66.4778 7.7646 171.0000
   vertex 65.2164 11.4805 171.0000
  endloop
 endfacet
 facet normal 0.00000 0.00000 -1.00000
  outer loop
   vertex 37.5000 0.0000 77.0000
   vertex 63.4808 15.0000 77.0000
   vertex 65.2164 11.4805 77.0000
  endloop
 endfacet
 facet normal 0.00000 0.00000 1.00000
  outer loop
   vertex 37.5000 0.0000 171.0000
   vertex 65.2164 11.4805 171.0000
   vertex 63.4808 15.0000 171.0000
  endloop
 endfacet
 facet normal 0.00000 0.00000 -1.00000
  outer loop
   vertex 37.5000 0.0000 77.0000
   vertex 61.3006 18.2628 77.0000
   vertex 63.4808 15.0000 77.0000
  endloop
 endfacet
 facet normal 0.00000 0.00000 1.00000
  outer loop
   vertex 37.5000 0.0000 171.0000
   vertex 63.4808 15.0000 171.0000
   vertex 61.3006 18.2628 171.0000
  endloop
 endfacet
 facet normal 0.00000 0.00000 -1.00000
  outer loop
   vertex 37.5000 0.0000 77.0000
   vertex 58.7132 21.2132 77.0000
   vertex 61.3006 18.2628 77.0000
  endloop
 endfacet
 facet normal 0.00000 0.00000 1.00000
  outer loop
   vertex 37.5000 0.0000 171.0000
   vertex 61.3006 18.2628 171.0000
   vertex 58.7132 21.2132 171.0000
  endloop
 endfacet
 facet normal 0.00000 0.00000 -1.00000
  outer loop
   vertex 37.5000 0.0000 77.0000
   vertex 55.7628 23.8006 77.0000
   vertex 58.7132 21.2132 77.0000
  endloop
 endfacet
 facet normal 0.00000 0.00000 1.00000
  outer loop
   vertex 37.5000 0.0000 171.0000
   vertex 58.7132 21.2132 171.0000
   vertex 55.7628 23.8006 171.0000
  endloop
 endfacet
 facet normal 0.00000 0.00000 -1.00000
  outer loop
   vertex 37.5000 0.0000 77.0000
   vertex 52.5000 25.9808 77.0000
   vertex 55.7628 23.8006 77.0000
  endloop
 endfacet
 facet normal 0.00000 0.00000 1.00000
  outer loop
   vertex 37.5000 0.0000 171.0000
   vertex 55.7628 23.8006 171.0000
   vertex 52.5000 25.9808 171.0000
  endloop
 endfacet
 facet normal 0.00000 0.00000 -1.00000
  outer loop
   vertex 37.5000 0.0000 77.0000
   vertex 48.9805 27.7164 77.0000
   vertex 52.5000 25.9808 77.0000
  endloop
 endfacet
 facet normal 0.00000 0.00000 1.00000
  outer loop
   vertex 37.5000 0.0000 171.0000
   vertex 52.5000 25.9808 171.0000
   vertex 48.9805 27.7164 171.0000
  endloop
 endfacet
 facet normal 0.00000 0.00000 -1.00000
  outer loop
   vertex 37.5000 0.0000 77.0000
   vertex 45.2646 28.9778 77.0000
   vertex 48.9805 27.7164 77.0000
  endloop
 endfacet
 facet normal 0.00000 0.00000 1.00000
  outer loop
   vertex 37.5000 0.0000 171.0000
   vertex 48.9805 27.7164 171.0000
   vertex 45.2646 28.9778 171.0000
  endloop
 endfacet
 facet normal 0.00000 0.00000 -1.00000
  outer loop
   vertex 37.5000 0.0000 77.0000
   vertex 41.4158 29.7433 77.0000
   vertex 45.2646 28.9778 77.0000
  endloop
 endfacet
 facet normal 0.00000 0.00000 1.00000
  outer loop
   vertex 37.5000 0.0000 171.0000
   vertex 45.2646 28.9778 171.0000
   vertex 41.4158 29.7433 171.0000
  endloop
 endfacet
 facet normal 0.00000 0.00000 -1.00000
  outer loop
   vertex 37.5000 0.0000 77.0000
   vertex 37.5000 30.0000 77.0000
   vertex 41.4158 29.7433 77.0000
  endloop
 endfacet
 facet normal 0.00000 0.00000 1.00000
  outer loop
   vertex 37.5000 0.0000 171.0000
   vertex 41.4158 29.7433 171.0000
   vertex 37.5000 30.0000 171.0000
  endloop
 endfacet
 facet normal 0.00000 0.00000 -1.00000
  outer loop
   vertex 37.5000 0.0000 77.0000
   vertex 33.5842 29.7433 77.0000
   vertex 37.5000 30.0000 77.0000
  endloop
 endfacet
 facet normal 0.00000 -0.00000 1.00000
  outer loop
   vertex 37.5000 0.0000 171.0000
   vertex 37.5000 30.0000 171.0000
   vertex 33.5842 29.7433 171.0000
  endloop
 endfacet
 facet normal 0.00000 0.00000 -1.00000
  outer loop
   vertex 37.5000 0.0000 77.0000
   vertex 29.7354 28.9778 77.0000
   vertex 33.5842 29.7433 77.0000
  endloop
 endfacet
 facet normal 0.00000 0.00000 1.00000
  outer loop
   vertex 37.5000 0.0000 171.0000
   vertex 33.5842 29.7433 171.0000
   vertex 29.7354 28.9778 171.0000
  endloop
 endfacet
 facet normal 0.00000 0.00000 -1.00000
  outer loop
   vertex 37.5000 0.0000 77.0000
   vertex 26.0195 27.7164 77.0000
   vertex 29.7354 28.9778 77.0000
  endloop
 endfacet
 facet normal 0.00000 0.00000 1.00000
  outer loop
   vertex 37.5000 0.0000 171.0000
   vertex 29.7354 28.9778 171.0000
   vertex 26.0195 27.7164 171.0000
  endloop
 endfacet
 facet normal 0.00000 0.00000 -1.00000
  outer loop
   vertex 37.5000 0.0000 77.0000
   vertex 22.5000 25.9808 77.0000
   vertex 26.0195 27.7164 77.0000
  endloop
 endfacet
 facet normal 0.00000 0.00000 1.00000
  outer loop
   vertex 37.5000 0.0000 171.0000
   vertex 26.0195 27.7164 171.0000
   vertex 22.5000 25.9808 171.0000
  endloop
 endfacet
 facet normal 0.00000 0.00000 -1.00000
  outer loop
   vertex 37.5000 0.0000 77.0000
   vertex 19.2372 23.8006 77.0000
   vertex 22.5000 25.9808 77.0000
  endloop
 endfacet
 facet normal 0.00000 0.00000 1.00000
  outer loop
   vertex 37.5000 0.0000 171.0000
   vertex 22.5000 25.9808 171.0000
   vertex 19.2372 23.8006 171.0000
  endloop
 endfacet
 facet normal 0.00000 0.00000 -1.00000
  outer loop
   vertex 37.5000 0.0000 77.0000
   vertex 16.2868 21.2132 77.0000
   vertex 19.2372 23.8006 77.0000
  endloop
 endfacet
 facet normal 0.00000 0.00000 1.00000
  outer loop
   vertex 37.5000 0.0000 171.0000
   vertex 19.2372 23.8006 171.0000
   vertex 16.2868 21.2132 171.0000
  endloop
 endfacet
 facet normal 0.00000 0.00000 -1.00000
  outer loop
   vertex 37.5000 0.0000 77.0000
   vertex 13.6994 18.2628 77.0000
   vertex 16.2868 21.2132 77.0000
  endloop
 endfacet
 facet normal 0.00000 0.00000 1.00000
  outer loop
   vertex 37.5000 0.0000 171.0000
   vertex 16.2868 21.2132 171.0000
   vertex 13.6994 18.2628 171.0000
  endloop
 endfacet
 facet normal 0.00000 0.00000 -1.00000
  outer loop
   vertex 37.5000 0.0000 77.0000
   vertex 11.5192 15.0000 77.0000
   vertex 13.6994 18.2628 77.0000
  endloop
 endfacet
 facet normal 0.00000 0.00000 1.00000
  outer loop
   vertex 37.5000 0.0000 171.0000
   vertex 13.6994 18.2628 171.0000
   vertex 11.5192 15.0000 171.0000
  endloop
 endfacet
 facet normal 0.00000 0.00000 -1.00000
  outer loop
   vertex 37.5000 0.0000 77.0000
   vertex 9.7836 11.4805 77.0000
   vertex 11.5192 15.0000 77.0000
  endloop
 endfacet
 facet normal 0.00000 0.00000 1.00000
  outer loop
   vertex 37.5000 0.0000 171.0000
   vertex 11.5192 15.0000 171.0000
   vertex 9.7836 11.4805 171.0000
  endloop
 endfacet
 facet normal 0.00000 0.00000 -1.00000
  outer loop
   vertex 37.5000 0.0000 77.0000
   vertex 8.5222 7.7646 77.0000
   vertex 9.7836 11.4805 77.0000
  endloop
 endfacet
 facet normal 0.00000 0.00000 1.00000
  outer loop
   vertex 37.5000 0.0000 171.0000
   vertex 9.7836 11.4805 171.0000
   vertex 8.5222 7.7646 171.0000
  endloop
 endfacet
 facet normal 0.00000 0.00000 -1.00000
  outer loop
   vertex 37.5000 0.0000 77.0000
   vertex 7.7567 3.9158 77.0000
   vertex 8.5222 7.7646 77.0000
  endloop
 endfacet
 facet normal 0.00000 0.00000 1.00000
  outer loop
   vertex 37.5000 0.0000 171.0000
   vertex 8.5222 7.7646 171.0000
   vertex 7.7567 3.9158 171.0000
  endloop
 endfacet
 facet normal 0.00000 0.00000 -1.00000
  outer loop
   vertex 37.5000 0.0000 77.0000
   vertex 7.5000 0.0000 77.0000
   vertex 7.7567 3.9158 77.0000
  endloop
 endfacet
 facet normal 0.00000 0.00000 1.00000
  outer loop
   vertex 37.5000 0.0000 171.0000
   vertex 7.7567 3.9158 171.0000
   vertex 7.5000 0.0000 171.0000
  endloop
 endfacet
 facet normal -0.00000 0.00000 -1.00000
  outer loop
   vertex 37.5000 0.0000 77.0000
   vertex 7.7567 -3.9158 77.0000
   vertex 7.5000 0.0000 77.0000
  endloop
 endfacet
 facet normal 0.00000 0.00000 1.00000
  outer loop
   vertex 37.5000 0.0000 171.0000
   vertex 7.5000 0.0000 171.0000
   vertex 7.7567 -3.9158 171.0000
  endloop
 endfacet
 facet normal 0.00000 0.00000 -1.00000
  outer loop
   vertex 37.5000 0.0000 77.0000
   vertex 8.5222 -7.7646 77.0000
   vertex 7.7567 -3.9158 77.0000
  endloop
 endfacet
 facet normal 0.00000 0.00000 1.00000
  outer loop
   vertex 37.5000 0.0000 171.0000
   vertex 7.7567 -3.9158 171.0000
   vertex 8.5222 -7.7646 171.0000
  endloop
 endfacet
 facet normal 0.00000 0.00000 -1.00000
  outer loop
   vertex 37.5000 0.0000 77.0000
   vertex 9.7836 -11.4805 77.0000
   vertex 8.5222 -7.7646 77.0000
  endloop
 endfacet
 facet normal 0.00000 0.00000 1.00000
  outer loop
   vertex 37.5000 0.0000 171.0000
   vertex 8.5222 -7.7646 171.0000
   vertex 9.7836 -11.4805 171.0000
  endloop
 endfacet
 facet normal 0.00000 0.00000 -1.00000
  outer loop
   vertex 37.5000 0.0000 77.0000
   vertex 11.5192 -15.0000 77.0000
   vertex 9.7836 -11.4805 77.0000
  endloop
 endfacet
 facet normal 0.00000 0.00000 1.00000
  outer loop
   vertex 37.5000 0.0000 171.0000
   vertex 9.7836 -11.4805 171.0000
   vertex 11.5192 -15.0000 171.0000
  endloop
 endfacet
 facet normal 0.00000 0.00000 -1.00000
  outer loop
   vertex 37.5000 0.0000 77.0000
   vertex 13.6994 -18.2628 77.0000
   vertex 11.5192 -15.0000 77.0000
  endloop
 endfacet
 facet normal 0.00000 0.00000 1.00000
  outer loop
   vertex 37.5000 0.0000 171.0000
   vertex 11.5192 -15.0000 171.0000
   vertex 13.6994 -18.2628 171.0000
  endloop
 endfacet
 facet normal 0.00000 0.00000 -1.00000
  outer loop
   vertex 37.5000 0.0000 77.0000
   vertex 16.2868 -21.2132 77.0000
   vertex 13.6994 -18.2628 77.0000
  endloop
 endfacet
 facet normal 0.00000 0.00000 1.00000
  outer loop
   vertex 37.5000 0.0000 171.0000
   vertex 13.6994 -18.2628 171.0000
   vertex 16.2868 -21.2132 171.0000
  endloop
 endfacet
 facet normal 0.00000 0.00000 -1.00000
  outer loop
   vertex 37.5000 0.0000 77.0000
   vertex 19.2372 -23.8006 77.0000
   vertex 16.2868 -21.2132 77.0000
  endloop
 endfacet
 facet normal 0.00000 0.00000 1.00000
  outer loop
   vertex 37.5000 0.0000 171.0000
   vertex 16.2868 -21.2132 171.0000
   vertex 19.2372 -23.8006 171.0000
  endloop
 endfacet
 facet normal 0.00000 0.00000 -1.00000
  outer loop
   vertex 37.5000 0.0000 77.0000
   vertex 22.5000 -25.9808 77.0000
   vertex 19.2372 -23.8006 77.0000
  endloop
 endfacet
 facet normal 0.00000 0.00000 1.00000
  outer loop
   vertex 37.5000 0.0000 171.0000
   vertex 19.2372 -23.8006 171.0000
   vertex 22.5000 -25.9808 171.0000
  endloop
 endfacet
 facet normal 0.00000 0.00000 -1.00000
  outer loop
   vertex 37.5000 0.0000 77.0000
   vertex 26.0195 -27.7164 77.0000
   vertex 22.5000 -25.9808 77.0000
  endloop
 endfacet
 facet normal 0.00000 0.00000 1.00000
  outer loop
   vertex 37.5000 0.0000 171.0000
   vertex 22.5000 -25.9808 171.0000
   vertex 26.0195 -27.7164 171.0000
  endloop
 endfacet
 facet normal 0.00000 0.00000 -1.00000
  outer loop
   vertex 37.5000 0.0000 77.0000
   vertex 29.7354 -28.9778 77.0000
   vertex 26.0195 -27.7164 77.0000
  endloop
 endfacet
 facet normal 0.00000 0.00000 1.00000
  outer loop
   vertex 37.5000 0.0000 171.0000
   vertex 26.0195 -27.7164 171.0000
   vertex 29.7354 -28.9778 171.0000
  endloop
 endfacet
 facet normal 0.00000 0.00000 -1.00000
  outer loop
   vertex 37.5000 0.0000 77.0000
   vertex 33.5842 -29.7433 77.0000
   vertex 29.7354 -28.9778 77.0000
  endloop
 endfacet
 facet normal 0.00000 0.00000 1.00000
  outer loop
   vertex 37.5000 0.0000 171.0000
   vertex 29.7354 -28.9778 171.0000
   vertex 33.5842 -29.7433 171.0000
  endloop
 endfacet
 facet normal 0.00000 0.00000 -1.00000
  outer loop
   vertex 37.5000 0.0000 77.0000
   vertex 37.5000 -30.0000 77.0000
   vertex 33.5842 -29.7433 77.0000
  endloop
 endfacet
 facet normal 0.00000 0.00000 1.00000
  outer loop
   vertex 37.5000 0.0000 171.0000
   vertex 33.5842 -29.7433 171.0000
   vertex 37.5000 -30.0000 171.0000
  endloop
 endfacet
 facet normal 0.00000 -0.00000 -1.00000
  outer loop
   vertex 37.5000 0.0000 77.0000
   vertex 41.4158 -29.7433 77.0000
   vertex 37.5000 -30.0000 77.0000
  endloop
 endfacet
 facet normal 0.00000 0.00000 1.00000
  outer loop
   vertex 37.5000 0.0000 171.0000
   vertex 37.5000 -30.0000 171.0000
   vertex 41.4158 -29.7433 171.0000
  endloop
 endfacet
 facet normal 0.00000 0.00000 -1.00000
  outer loop
   vertex 37.5000 0.0000 77.0000
   vertex 45.2646 -28.9778 77.0000
   vertex 41.4158 -29.7433 77.0000
  endloop
 endfacet
 facet normal 0.00000 0.00000 1.00000
  outer loop
   vertex 37.5000 0.0000 171.0000
   vertex 41.4158 -29.7433 171.0000
   vertex 45.2646 -28.9778 171.0000
  endloop
 endfacet
 facet normal 0.00000 0.00000 -1.00000
  outer loop
   vertex 37.5000 0.0000 77.0000
   vertex 48.9805 -27.7164 77.0000
   vertex 45.2646 -28.9778 77.0000
  endloop
 endfacet
 facet normal 0.00000 0.00000 1.00000
  outer loop
   vertex 37.5000 0.0000 171.0000
   vertex 45.2646 -28.9778 171.0000
   vertex 48.9805 -27.7164 171.0000
  endloop
 endfacet
 facet normal 0.00000 0.00000 -1.00000
  outer loop
   vertex 37.5000 0.0000 77.0000
   vertex 52.5000 -25.9808 77.0000
   vertex 48.9805 -27.7164 77.0000
  endloop
 endfacet
 facet normal 0.00000 0.00000 1.00000
  outer loop
   vertex 37.5000 0.0000 171.0000
   vertex 48.9805 -27.7164 171.0000
   vertex 52.5000 -25.9808 171.0000
  endloop
 endfacet
 facet normal 0.00000 0.00000 -1.00000
  outer loop
   vertex 37.5000 0.0000 77.0000
   vertex 55.7628 -23.8006 77.0000
   vertex 52.5000 -25.9808 77.0000
  endloop
 endfacet
 facet normal 0.00000 0.00000 1.00000
  outer loop
   vertex 37.5000 0.0000 171.0000
   vertex 52.5000 -25.9808 171.0000
   vertex 55.7628 -23.8006 171.0000
  endloop
 endfacet
 facet normal 0.00000 0.00000 -1.00000
  outer loop
   vertex 37.5000 0.0000 77.0000
   vertex 58.7132 -21.2132 77.0000
   vertex 55.7628 -23.8006 77.0000
  endloop
 endfacet
 facet normal 0.00000 0.00000 1.00000
  outer loop
   vertex 37.5000 0.0000 171.0000
   vertex 55.7628 -23.8006 171.0000
   vertex 58.7132 -21.2132 171.0000
  endloop
 endfacet
 facet normal 0.00000 0.00000 -1.00000
  outer loop
   vertex 37.5000 0.0000 77.0000
   vertex 61.3006 -18.2628 77.0000
   vertex 58.7132 -21.2132 77.0000
  endloop
 endfacet
 facet normal 0.00000 0.00000 1.00000
  outer loop
   vertex 37.5000 0.0000 171.0000
   vertex 58.7132 -21.2132 171.0000
   vertex 61.3006 -18.2628 171.0000
  endloop
 endfacet
 facet normal 0.00000 0.00000 -1.00000
  outer loop
   vertex 37.5000 0.0000 77.0000
   vertex 63.4808 -15.0000 77.0000
   vertex 61.3006 -18.2628 77.0000
  endloop
 endfacet
 facet normal 0.00000 0.00000 1.00000
  outer loop
   vertex 37.5000 0.0000 171.0000
   vertex 61.3006 -18.2628 171.0000
   vertex 63.4808 -15.0000 171.0000
  endloop
 endfacet
 facet normal 0.00000 0.00000 -1.00000
  outer loop
   vertex 37.5000 0.0000 77.0000
   vertex 65.2164 -11.4805 77.0000
   vertex 63.4808 -15.0000 77.0000
  endloop
 endfacet
 facet normal 0.00000 0.00000 1.00000
  outer loop
   vertex 37.5000 0.0000 171.0000
   vertex 63.4808 -15.0000 171.0000
   vertex 65.2164 -11.4805 171.0000
  endloop
 endfacet
 facet normal 0.00000 0.00000 -1.00000
  outer loop
   vertex 37.5000 0.0000 77.0000
   vertex 66.4778 -7.7646 77.0000
   vertex 65.2164 -11.4805 77.0000
  endloop
 endfacet
 facet normal 0.00000 0.00000 1.00000
  outer loop
   vertex 37.5000 0.0000 171.0000
   vertex 65.2164 -11.4805 171.0000
   vertex 66.4778 -7.7646 171.0000
  endloop
 endfacet
 facet normal 0.00000 0.00000 -1.00000
  outer loop
   vertex 37.5000 0.0000 77.0000
   vertex 67.2433 -3.9158 77.0000
   vertex 66.4778 -7.7646 77.0000
  endloop
 endfacet
 facet normal 0.00000 0.00000 1.00000
  outer loop
   vertex 37.5000 0.0000 171.0000
   vertex 66.4778 -7.7646 171.0000
   vertex 67.2433 -3.9158 171.0000
  endloop
 endfacet
 facet normal 0.00000 0.00000 -1.00000
  outer loop
   vertex 37.5000 0.0000 77.0000
   vertex 67.5000 0.0000 77.0000
   vertex 67.2433 -3.9158 77.0000
  endloop
 endfacet
 facet normal -0.00000 0.00000 1.00000
  outer loop
   vertex 37.5000 0.0000 171.0000
   vertex 67.2433 -3.9158 171.0000
   vertex 67.5000 0.0000 171.0000
  endloop
 endfacet
 facet normal 0.00000 0.00000 -1.00000
  outer loop
   vertex 17.5000 -20.0000 67.0000
   vertex 57.5000 20.0000 67.0000
   vertex 57.5000 -20.0000 67.0000
  endloop
 endfacet
 facet normal 0.00000 0.00000 -1.00000
  outer loop
   vertex 17.5000 -20.0000 67.0000
   vertex 17.5000 20.0000 67.0000
   vertex 57.5000 20.0000 67.0000
  endloop
 endfacet
 facet normal 0.00000 0.00000 1.00000
  outer loop
   vertex 17.5000 -20.0000 75.0000
   vertex 57.5000 -20.0000 75.0000
   vertex 57.5000 20.0000 75.0000
  endloop
 endfacet
 facet normal 0.00000 0.00000 1.00000
  outer loop
   vertex 17.5000 -20.0000 75.0000
   vertex 57.5000 20.0000 75.0000
   vertex 17.5000 20.0000 75.0000
  endloop
 endfacet
 facet normal 0.00000 -1.00000 0.00000
  outer loop
   vertex 17.5000 -20.0000 67.0000
   vertex 57.5000 -20.0000 67.0000
   vertex 57.5000 -20.0000 75.0000
  endloop
 endfacet
 facet normal 0.00000 -1.00000 0.00000
  outer loop
   vertex 17.5000 -20.0000 67.0000
   vertex 57.5000 -20.0000 75.0000
   vertex 17.5000 -20.0000 75.0000
  endloop
 endfacet
 facet normal 1.00000 0.00000 0.00000
  outer loop
   vertex 57.5000 -20.0000 67.0000
   vertex 57.5000 20.0000 67.0000
   vertex 57.5000 20.0000 75.0000
  endloop
 endfacet
 facet normal 1.00000 0.00000 0.00000
  outer loop
   vertex 57.5000 -20.0000 67.0000
   vertex 57.5000 20.0000 75.0000
   vertex 57.5000 -20.0000 75.0000
  endloop
 endfacet
 facet normal 0.00000 1.00000 0.00000
  outer loop
   vertex 57.5000 20.0000 67.0000
   vertex 17.5000 20.0000 67.0000
   vertex 17.5000 20.0000 75.0000
  endloop
 endfacet
 facet normal 0.00000 1.00000 -0.00000
  outer loop
   vertex 57.5000 20.0000 67.0000
   vertex 17.5000 20.0000 75.0000
   vertex 57.5000 20.0000 75.0000
  endloop
 endfacet
 facet normal -1.00000 0.00000 0.00000
  outer loop
   vertex 17.5000 20.0000 67.0000
   vertex 17.5000 -20.0000 67.0000
   vertex 17.5000 -20.0000 75.0000
  endloop
 endfacet
 facet normal -1.00000 0.00000 0.00000
  outer loop
   vertex 17.5000 20.0000 67.0000
   vertex 17.5000 -20.0000 75.0000
   vertex 17.5000 20.0000 75.0000
  endloop
 endfacet
 facet normal 0.00000 0.00000 -1.00000
  outer loop
   vertex 12.5000 -25.0000 63.0000
   vertex 17.5000 25.0000 63.0000
   vertex 17.5000 -25.0000 63.0000
  endloop
 endfacet
 facet normal 0.00000 0.00000 -1.00000
  outer loop
   vertex 12.5000 -25.0000 63.0000
   vertex 12.5000 25.0000 63.0000
   vertex 17.5000 25.0000 63.0000
  endloop
 endfacet
 facet normal 0.00000 0.00000 1.00000
  outer loop
   vertex 12.5000 -25.0000 67.0000
   vertex 17.5000 -25.0000 67.0000
   vertex 17.5000 25.0000 67.0000
  endloop
 endfacet
 facet normal 0.00000 0.00000 1.00000
  outer loop
   vertex 12.5000 -25.0000 67.0000
   vertex 17.5000 25.0000 67.0000
   vertex 12.5000 25.0000 67.0000
  endloop
 endfacet
 facet normal 0.00000 -1.00000 0.00000
  outer loop
   vertex 12.5000 -25.0000 63.0000
   vertex 17.5000 -25.0000 63.0000
   vertex 17.5000 -25.0000 67.0000
  endloop
 endfacet
 facet normal 0.00000 -1.00000 0.00000
  outer loop
   vertex 12.5000 -25.0000 63.0000
   vertex 17.5000 -25.0000 67.0000
   vertex 12.5000 -25.0000 67.0000
  endloop
 endfacet
 facet normal 1.00000 0.00000 0.00000
  outer loop
   vertex 17.5000 -25.0000 63.0000
   vertex 17.5000 25.0000 63.0000
   vertex 17.5000 25.0000 67.0000
  endloop
 endfacet
 facet normal 1.00000 0.00000 0.00000
  outer loop
   vertex 17.5000 -25.0000 63.0000
   vertex 17.5000 25.0000 67.0000
   vertex 17.5000 -25.0000 67.0000
  endloop
 endfacet
 facet normal 0.00000 1.00000 0.00000
  outer loop
   vertex 17.5000 25.0000 63.0000
   vertex 12.5000 25.0000 63.0000
   vertex 12.5000 25.0000 67.0000
  endloop
 endfacet
 facet normal 0.00000 1.00000 -0.00000
  outer loop
   vertex 17.5000 25.0000 63.0000
   vertex 12.5000 25.0000 67.0000
   vertex 17.5000 25.0000 67.0000
  endloop
 endfacet
 facet normal -1.00000 0.00000 0.00000
  outer loop
   vertex 12.5000 25.0000 63.0000
   vertex 12.5000 -25.0000 63.0000
   vertex 12.5000 -25.0000 67.0000
  endloop
 endfacet
 facet normal -1.00000 0.00000 0.00000
  outer loop
   vertex 12.5000 25.0000 63.0000
   vertex 12.5000 -25.0000 67.0000
   vertex 12.5000 25.0000 67.0000
  endloop
 endfacet
 facet normal 0.00000 0.00000 -1.00000
  outer loop
   vertex 57.5000 -25.0000 63.0000
   vertex 62.5000 25.0000 63.0000
   vertex 62.5000 -25.0000 63.0000
  endloop
 endfacet
 facet normal 0.00000 0.00000 -1.00000
  outer loop
   vertex 57.5000 -25.0000 63.0000
   vertex 57.5000 25.0000 63.0000
   vertex 62.5000 25.0000 63.0000
  endloop
 endfacet
 facet normal 0.00000 0.00000 1.00000
  outer loop
   vertex 57.5000 -25.0000 67.0000
   vertex 62.5000 -25.0000 67.0000
   vertex 62.5000 25.0000 67.0000
  endloop
 endfacet
 facet normal 0.00000 0.00000 1.00000
  outer loop
   vertex 57.5000 -25.0000 67.0000
   vertex 62.5000 25.0000 67.0000
   vertex 57.5000 25.0000 67.0000
  endloop
 endfacet
 facet normal 0.00000 -1.00000 0.00000
  outer loop
   vertex 57.5000 -25.0000 63.0000
   vertex 62.5000 -25.0000 63.0000
   vertex 62.5000 -25.0000 67.0000
  endloop
 endfacet
 facet normal 0.00000 -1.00000 0.00000
  outer loop
   vertex 57.5000 -25.0000 63.0000
   vertex 62.5000 -25.0000 67.0000
   vertex 57.5000 -25.0000 67.0000
  endloop
 endfacet
 facet normal 1.00000 0.00000 0.00000
  outer loop
   vertex 62.5000 -25.0000 63.0000
   vertex 62.5000 25.0000 63.0000
   vertex 62.5000 25.0000 67.0000
  endloop
 endfacet
 facet normal 1.00000 0.00000 0.00000
  outer loop
   vertex 62.5000 -25.0000 63.0000
   vertex 62.5000 25.0000 67.0000
   vertex 62.5000 -25.0000 67.0000
  endloop
 endfacet
 facet normal 0.00000 1.00000 0.00000
  outer loop
   vertex 62.5000 25.0000 63.0000
   vertex 57.5000 25.0000 63.0000
   vertex 57.5000 25.0000 67.0000
  endloop
 endfacet
 facet normal 0.00000 1.00000 -0.00000
  outer loop
   vertex 62.5000 25.0000 63.0000
   vertex 57.5000 25.0000 67.0000
   vertex 62.5000 25.0000 67.0000
  endloop
 endfacet
 facet normal -1.00000 0.00000 0.00000
  outer loop
   vertex 57.5000 25.0000 63.0000
   vertex 57.5000 -25.0000 63.0000
   vertex 57.5000 -25.0000 67.0000
  endloop
 endfacet
 facet normal -1.00000 0.00000 0.00000
  outer loop
   vertex 57.5000 25.0000 63.0000
   vertex 57.5000 -25.0000 67.0000
   vertex 57.5000 25.0000 67.0000
  endloop
 endfacet
 facet normal 0.00000 0.00000 -1.00000
  outer loop
   vertex 17.5000 -25.0000 63.0000
   vertex 57.5000 -20.0000 63.0000
   vertex 57.5000 -25.0000 63.0000
  endloop
 endfacet
 facet normal 0.00000 0.00000 -1.00000
  outer loop
   vertex 17.5000 -25.0000 63.0000
   vertex 17.5000 -20.0000 63.0000
   vertex 57.5000 -20.0000 63.0000
  endloop
 endfacet
 facet normal 0.00000 0.00000 1.00000
  outer loop
   vertex 17.5000 -25.0000 67.0000
   vertex 57.5000 -25.0000 67.0000
   vertex 57.5000 -20.0000 67.0000
  endloop
 endfacet
 facet normal 0.00000 0.00000 1.00000
  outer loop
   vertex 17.5000 -25.0000 67.0000
   vertex 57.5000 -20.0000 67.0000
   vertex 17.5000 -20.0000 67.0000
  endloop
 endfacet
 facet normal 0.00000 -1.00000 0.00000
  outer loop
   vertex 17.5000 -25.0000 63.0000
   vertex 57.5000 -25.0000 63.0000
   vertex 57.5000 -25.0000 67.0000
  endloop
 endfacet
 facet normal 0.00000 -1.00000 0.00000
  outer loop
   vertex 17.5000 -25.0000 63.0000
   vertex 57.5000 -25.0000 67.0000
   vertex 17.5000 -25.0000 67.0000
  endloop
 endfacet
 facet normal 1.00000 0.00000 0.00000
  outer loop
   vertex 57.5000 -25.0000 63.0000
   vertex 57.5000 -20.0000 63.0000
   vertex 57.5000 -20.0000 67.0000
  endloop
 endfacet
 facet normal 1.00000 0.00000 0.00000
  outer loop
   vertex 57.5000 -25.0000 63.0000
   vertex 57.5000 -20.0000 67.0000
   vertex 57.5000 -25.0000 67.0000
  endloop
 endfacet
 facet normal 0.00000 1.00000 0.00000
  outer loop
   vertex 57.5000 -20.0000 63.0000
   vertex 17.5000 -20.0000 63.0000
   vertex 17.5000 -20.0000 67.0000
  endloop
 endfacet
 facet normal 0.00000 1.00000 -0.00000
  outer loop
   vertex 57.5000 -20.0000 63.0000
   vertex 17.5000 -20.0000 67.0000
   vertex 57.5000 -20.0000 67.0000
  endloop
 endfacet
 facet normal -1.00000 0.00000 0.00000
  outer loop
   vertex 17.5000 -20.0000 63.0000
   vertex 17.5000 -25.0000 63.0000
   vertex 17.5000 -25.0000 67.0000
  endloop
 endfacet
 facet normal -1.00000 0.00000 0.00000
  outer loop
   vertex 17.5000 -20.0000 63.0000
   vertex 17.5000 -25.0000 67.0000
   vertex 17.5000 -20.0000 67.0000
  endloop
 endfacet
 facet normal 0.00000 0.00000 -1.00000
  outer loop
   vertex 17.5000 20.0000 63.0000
   vertex 57.5000 25.0000 63.0000
   vertex 57.5000 20.0000 63.0000
  endloop
 endfacet
 facet normal 0.00000 0.00000 -1.00000
  outer loop
   vertex 17.5000 20.0000 63.0000
   vertex 17.5000 25.0000 63.0000
   vertex 57.5000 25.0000 63.0000
  endloop
 endfacet
 facet normal 0.00000 0.00000 1.00000
  outer loop
   vertex 17.5000 20.0000 67.0000
   vertex 57.5000 20.0000 67.0000
   vertex 57.5000 25.0000 67.0000
  endloop
 endfacet
 facet normal 0.00000 0.00000 1.00000
  outer loop
   vertex 17.5000 20.0000 67.0000
   vertex 57.5000 25.0000 67.0000
   vertex 17.5000 25.0000 67.0000
  endloop
 endfacet
 facet normal 0.00000 -1.00000 0.00000
  outer loop
   vertex 17.5000 20.0000 63.0000
   vertex 57.5000 20.0000 63.0000
   vertex 57.5000 20.0000 67.0000
  endloop
 endfacet
 facet normal 0.00000 -1.00000 0.00000
  outer loop
   vertex 17.5000 20.0000 63.0000
   vertex 57.5000 20.0000 67.0000
   vertex 17.5000 20.0000 67.0000
  endloop
 endfacet
 facet normal 1.00000 0.00000 0.00000
  outer loop
   vertex 57.5000 20.0000 63.0000
   vertex 57.5000 25.0000 63.0000
   vertex 57.5000 25.0000 67.0000
  endloop
 endfacet
 facet normal 1.00000 0.00000 0.00000
  outer loop
   vertex 57.5000 20.0000 63.0000
   vertex 57.5000 25.0000 67.0000
   vertex 57.5000 20.0000 67.0000
  endloop
 endfacet
 facet normal 0.00000 1.00000 0.00000
  outer loop
   vertex 57.5000 25.0000 63.0000
   vertex 17.5000 25.0000 63.0000
   vertex 17.5000 25.0000 67.0000
  endloop
 endfacet
 facet normal 0.00000 1.00000 -0.00000
  outer loop
   vertex 57.5000 25.0000 63.0000
   vertex 17.5000 25.0000 67.0000
   vertex 57.5000 25.0000 67.0000
  endloop
 endfacet
 facet normal -1.00000 0.00000 0.00000
  outer loop
   vertex 17.5000 25.0000 63.0000
   vertex 17.5000 20.0000 63.0000
   vertex 17.5000 20.0000 67.0000
  endloop
 endfacet
 facet normal -1.00000 0.00000 0.00000
  outer loop
   vertex 17.5000 25.0000 63.0000
   vertex 17.5000 20.0000 67.0000
   vertex 17.5000 25.0000 67.0000
  endloop
 endfacet
 facet normal 0.00000 0.00000 -1.00000
  outer loop
   vertex 17.5000 -20.0000 63.0000
   vertex 57.5000 20.0000 63.0000
   vertex 57.5000 -20.0000 63.0000
  endloop
 endfacet
 facet normal 0.00000 0.00000 -1.00000
  outer loop
   vertex 17.5000 -20.0000 63.0000
   vertex 17.5000 20.0000 63.0000
   vertex 57.5000 20.0000 63.0000
  endloop
 endfacet
 facet normal 0.00000 0.00000 1.00000
  outer loop
   vertex 17.5000 -20.0000 64.0000
   vertex 57.5000 -20.0000 64.0000
   vertex 57.5000 20.0000 64.0000
  endloop
 endfacet
 facet normal 0.00000 0.00000 1.00000
  outer loop
   vertex 17.5000 -20.0000 64.0000
   vertex 57.5000 20.0000 64.0000
   vertex 17.5000 20.0000 64.0000
  endloop
 endfacet
 facet normal 0.00000 -1.00000 0.00000
  outer loop
   vertex 17.5000 -20.0000 63.0000
   vertex 57.5000 -20.0000 63.0000
   vertex 57.5000 -20.0000 64.0000
  endloop
 endfacet
 facet normal 0.00000 -1.00000 0.00000
  outer loop
   vertex 17.5000 -20.0000 63.0000
   vertex 57.5000 -20.0000 64.0000
   vertex 17.5000 -20.0000 64.0000
  endloop
 endfacet
 facet normal 1.00000 0.00000 0.00000
  outer loop
   vertex 57.5000 -20.0000 63.0000
   vertex 57.5000 20.0000 63.0000
   vertex 57.5000 20.0000 64.0000
  endloop
 endfacet
 facet normal 1.00000 0.00000 0.00000
  outer loop
   vertex 57.5000 -20.0000 63.0000
   vertex 57.5000 20.0000 64.0000
   vertex 57.5000 -20.0000 64.0000
  endloop
 endfacet
 facet normal 0.00000 1.00000 0.00000
  outer loop
   vertex 57.5000 20.0000 63.0000
   vertex 17.5000 20.0000 63.0000
   vertex 17.5000 20.0000 64.0000
  endloop
 endfacet
 facet normal 0.00000 1.00000 -0.00000
  outer loop
   vertex 57.5000 20.0000 63.0000
   vertex 17.5000 20.0000 64.0000
   vertex 57.5000 20.0000 64.0000
  endloop
 endfacet
 facet normal -1.00000 0.00000 0.00000
  outer loop
   vertex 17.5000 20.0000 63.0000
   vertex 17.5000 -20.0000 63.0000
   vertex 17.5000 -20.0000 64.0000
  endloop
 endfacet
 facet normal -1.00000 0.00000 0.00000
  outer loop
   vertex 17.5000 20.0000 63.0000
   vertex 17.5000 -20.0000 64.0000
   vertex 17.5000 20.0000 64.0000
  endloop
 endfacet
 facet normal 0.00000 0.00000 -1.00000
  outer loop
   vertex 17.5000 -20.0000 64.0000
   vertex 57.5000 20.0000 64.0000
   vertex 57.5000 -20.0000 64.0000
  endloop
 endfacet
 facet normal 0.00000 0.00000 -1.00000
  outer loop
   vertex 17.5000 -20.0000 64.0000
   vertex 17.5000 20.0000 64.0000
   vertex 57.5000 20.0000 64.0000
  endloop
 endfacet
 facet normal 0.00000 0.00000 1.00000
  outer loop
   vertex 17.5000 -20.0000 65.8000
   vertex 57.5000 -20.0000 65.8000
   vertex 57.5000 20.0000 65.8000
  endloop
 endfacet
 facet normal 0.00000 0.00000 1.00000
  outer loop
   vertex 17.5000 -20.0000 65.8000
   vertex 57.5000 20.0000 65.8000
   vertex 17.5000 20.0000 65.8000
  endloop
 endfacet
 facet normal 0.00000 -1.00000 0.00000
  outer loop
   vertex 17.5000 -20.0000 64.0000
   vertex 57.5000 -20.0000 64.0000
   vertex 57.5000 -20.0000 65.8000
  endloop
 endfacet
 facet normal 0.00000 -1.00000 0.00000
  outer loop
   vertex 17.5000 -20.0000 64.0000
   vertex 57.5000 -20.0000 65.8000
   vertex 17.5000 -20.0000 65.8000
  endloop
 endfacet
 facet normal 1.00000 0.00000 0.00000
  outer loop
   vertex 57.5000 -20.0000 64.0000
   vertex 57.5000 20.0000 64.0000
   vertex 57.5000 20.0000 65.8000
  endloop
 endfacet
 facet normal 1.00000 0.00000 0.00000
  outer loop
   vertex 57.5000 -20.0000 64.0000
   vertex 57.5000 20.0000 65.8000
   vertex 57.5000 -20.0000 65.8000
  endloop
 endfacet
 facet normal 0.00000 1.00000 0.00000
  outer loop
   vertex 57.5000 20.0000 64.0000
   vertex 17.5000 20.0000 64.0000
   vertex 17.5000 20.0000 65.8000
  endloop
 endfacet
 facet normal 0.00000 1.00000 -0.00000
  outer loop
   vertex 57.5000 20.0000 64.0000
   vertex 17.5000 20.0000 65.8000
   vertex 57.5000 20.0000 65.8000
  endloop
 endfacet
 facet normal -1.00000 0.00000 0.00000
  outer loop
   vertex 17.5000 20.0000 64.0000
   vertex 17.5000 -20.0000 64.0000
   vertex 17.5000 -20.0000 65.8000
  endloop
 endfacet
 facet normal -1.00000 0.00000 0.00000
  outer loop
   vertex 17.5000 20.0000 64.0000
   vertex 17.5000 -20.0000 65.8000
   vertex 17.5000 20.0000 65.8000
  endloop
 endfacet
 facet normal 0.00000 0.00000 -1.00000
  outer loop
   vertex 17.5000 -20.0000 65.8000
   vertex 57.5000 20.0000 65.8000
   vertex 57.5000 -20.0000 65.8000
  endloop
 endfacet
 facet normal 0.00000 0.00000 -1.00000
  outer loop
   vertex 17.5000 -20.0000 65.8000
   vertex 17.5000 20.0000 65.8000
   vertex 57.5000 20.0000 65.8000
  endloop
 endfacet
 facet normal 0.00000 0.00000 1.00000
  outer loop
   vertex 17.5000 -20.0000 66.8000
   vertex 57.5000 -20.0000 66.8000
   vertex 57.5000 20.0000 66.8000
  endloop
 endfacet
 facet normal 0.00000 0.00000 1.00000
  outer loop
   vertex 17.5000 -20.0000 66.8000
   vertex 57.5000 20.0000 66.8000
   vertex 17.5000 20.0000 66.8000
  endloop
 endfacet
 facet normal 0.00000 -1.00000 0.00000
  outer loop
   vertex 17.5000 -20.0000 65.8000
   vertex 57.5000 -20.0000 65.8000
   vertex 57.5000 -20.0000 66.8000
  endloop
 endfacet
 facet normal 0.00000 -1.00000 0.00000
  outer loop
   vertex 17.5000 -20.0000 65.8000
   vertex 57.5000 -20.0000 66.8000
   vertex 17.5000 -20.0000 66.8000
  endloop
 endfacet
 facet normal 1.00000 0.00000 0.00000
  outer loop
   vertex 57.5000 -20.0000 65.8000
   vertex 57.5000 20.0000 65.8000
   vertex 57.5000 20.0000 66.8000
  endloop
 endfacet
 facet normal 1.00000 0.00000 0.00000
  outer loop
   vertex 57.5000 -20.0000 65.8000
   vertex 57.5000 20.0000 66.8000
   vertex 57.5000 -20.0000 66.8000
  endloop
 endfacet
 facet normal 0.00000 1.00000 0.00000
  outer loop
   vertex 57.5000 20.0000 65.8000
   vertex 17.5000 20.0000 65.8000
   vertex 17.5000 20.0000 66.8000
  endloop
 endfacet
 facet normal 0.00000 1.00000 -0.00000
  outer loop
   vertex 57.5000 20.0000 65.8000
   vertex 17.5000 20.0000 66.8000
   vertex 57.5000 20.0000 66.8000
  endloop
 endfacet
 facet normal -1.00000 0.00000 0.00000
  outer loop
   vertex 17.5000 20.0000 65.8000
   vertex 17.5000 -20.0000 65.8000
   vertex 17.5000 -20.0000 66.8000
  endloop
 endfacet
 facet normal -1.00000 0.00000 0.00000
  outer loop
   vertex 17.5000 20.0000 65.8000
   vertex 17.5000 -20.0000 66.8000
   vertex 17.5000 20.0000 66.8000
  endloop
 endfacet
 facet normal 0.00000 0.00000 -1.00000
  outer loop
   vertex 12.5000 -25.0000 58.0000
   vertex 62.5000 25.0000 58.0000
   vertex 62.5000 -25.0000 58.0000
  endloop
 endfacet
 facet normal 0.00000 0.00000 -1.00000
  outer loop
   vertex 12.5000 -25.0000 58.0000
   vertex 12.5000 25.0000 58.0000
   vertex 62.5000 25.0000 58.0000
  endloop
 endfacet
 facet normal 0.00000 0.00000 1.00000
  outer loop
   vertex 12.5000 -25.0000 63.0000
   vertex 62.5000 -25.0000 63.0000
   vertex 62.5000 25.0000 63.0000
  endloop
 endfacet
 facet normal 0.00000 0.00000 1.00000
  outer loop
   vertex 12.5000 -25.0000 63.0000
   vertex 62.5000 25.0000 63.0000
   vertex 12.5000 25.0000 63.0000
  endloop
 endfacet
 facet normal 0.00000 -1.00000 0.00000
  outer loop
   vertex 12.5000 -25.0000 58.0000
   vertex 62.5000 -25.0000 58.0000
   vertex 62.5000 -25.0000 63.0000
  endloop
 endfacet
 facet normal 0.00000 -1.00000 0.00000
  outer loop
   vertex 12.5000 -25.0000 58.0000
   vertex 62.5000 -25.0000 63.0000
   vertex 12.5000 -25.0000 63.0000
  endloop
 endfacet
 facet normal 1.00000 0.00000 0.00000
  outer loop
   vertex 62.5000 -25.0000 58.0000
   vertex 62.5000 25.0000 58.0000
   vertex 62.5000 25.0000 63.0000
  endloop
 endfacet
 facet normal 1.00000 0.00000 0.00000
  outer loop
   vertex 62.5000 -25.0000 58.0000
   vertex 62.5000 25.0000 63.0000
   vertex 62.5000 -25.0000 63.0000
  endloop
 endfacet
 facet normal 0.00000 1.00000 0.00000
  outer loop
   vertex 62.5000 25.0000 58.0000
   vertex 12.5000 25.0000 58.0000
   vertex 12.5000 25.0000 63.0000
  endloop
 endfacet
 facet normal 0.00000 1.00000 -0.00000
  outer loop
   vertex 62.5000 25.0000 58.0000
   vertex 12.5000 25.0000 63.0000
   vertex 62.5000 25.0000 63.0000
  endloop
 endfacet
 facet normal -1.00000 0.00000 0.00000
  outer loop
   vertex 12.5000 25.0000 58.0000
   vertex 12.5000 -25.0000 58.0000
   vertex 12.5000 -25.0000 63.0000
  endloop
 endfacet
 facet normal -1.00000 0.00000 0.00000
  outer loop
   vertex 12.5000 25.0000 58.0000
   vertex 12.5000 -25.0000 63.0000
   vertex 12.5000 25.0000 63.0000
  endloop
 endfacet
 facet normal 0.00000 0.00000 -1.00000
  outer loop
   vertex 12.5000 -24.4500 33.0000
   vertex 62.5000 -23.5500 33.0000
   vertex 62.5000 -24.4500 33.0000
  endloop
 endfacet
 facet normal 0.00000 0.00000 -1.00000
  outer loop
   vertex 12.5000 -24.4500 33.0000
   vertex 12.5000 -23.5500 33.0000
   vertex 62.5000 -23.5500 33.0000
  endloop
 endfacet
 facet normal 0.00000 0.00000 1.00000
  outer loop
   vertex 12.5000 -24.4500 58.0000
   vertex 62.5000 -24.4500 58.0000
   vertex 62.5000 -23.5500 58.0000
  endloop
 endfacet
 facet normal 0.00000 0.00000 1.00000
  outer loop
   vertex 12.5000 -24.4500 58.0000
   vertex 62.5000 -23.5500 58.0000
   vertex 12.5000 -23.5500 58.0000
  endloop
 endfacet
 facet normal 0.00000 -1.00000 0.00000
  outer loop
   vertex 12.5000 -24.4500 33.0000
   vertex 62.5000 -24.4500 33.0000
   vertex 62.5000 -24.4500 58.0000
  endloop
 endfacet
 facet normal 0.00000 -1.00000 0.00000
  outer loop
   vertex 12.5000 -24.4500 33.0000
   vertex 62.5000 -24.4500 58.0000
   vertex 12.5000 -24.4500 58.0000
  endloop
 endfacet
 facet normal 1.00000 0.00000 0.00000
  outer loop
   vertex 62.5000 -24.4500 33.0000
   vertex 62.5000 -23.5500 33.0000
   vertex 62.5000 -23.5500 58.0000
  endloop
 endfacet
 facet normal 1.00000 0.00000 0.00000
  outer loop
   vertex 62.5000 -24.4500 33.0000
   vertex 62.5000 -23.5500 58.0000
   vertex 62.5000 -24.4500 58.0000
  endloop
 endfacet
 facet normal 0.00000 1.00000 0.00000
  outer loop
   vertex 62.5000 -23.5500 33.0000
   vertex 12.5000 -23.5500 33.0000
   vertex 12.5000 -23.5500 58.0000
  endloop
 endfacet
 facet normal 0.00000 1.00000 -0.00000
  outer loop
   vertex 62.5000 -23.5500 33.0000
   vertex 12.5000 -23.5500 58.0000
   vertex 62.5000 -23.5500 58.0000
  endloop
 endfacet
 facet normal -1.00000 0.00000 0.00000
  outer loop
   vertex 12.5000 -23.5500 33.0000
   vertex 12.5000 -24.4500 33.0000
   vertex 12.5000 -24.4500 58.0000
  endloop
 endfacet
 facet normal -1.00000 0.00000 0.00000
  outer loop
   vertex 12.5000 -23.5500 33.0000
   vertex 12.5000 -24.4500 58.0000
   vertex 12.5000 -23.5500 58.0000
  endloop
 endfacet
 facet normal 0.00000 0.00000 -1.00000
  outer loop
   vertex 12.5000 -21.4500 33.0000
   vertex 62.5000 -20.5500 33.0000
   vertex 62.5000 -21.4500 33.0000
  endloop
 endfacet
 facet normal 0.00000 0.00000 -1.00000
  outer loop
   vertex 12.5000 -21.4500 33.0000
   vertex 12.5000 -20.5500 33.0000
   vertex 62.5000 -20.5500 33.0000
  endloop
 endfacet
 facet normal 0.00000 0.00000 1.00000
  outer loop
   vertex 12.5000 -21.4500 58.0000
   vertex 62.5000 -21.4500 58.0000
   vertex 62.5000 -20.5500 58.0000
  endloop
 endfacet
 facet normal 0.00000 0.00000 1.00000
  outer loop
   vertex 12.5000 -21.4500 58.0000
   vertex 62.5000 -20.5500 58.0000
   vertex 12.5000 -20.5500 58.0000
  endloop
 endfacet
 facet normal 0.00000 -1.00000 0.00000
  outer loop
   vertex 12.5000 -21.4500 33.0000
   vertex 62.5000 -21.4500 33.0000
   vertex 62.5000 -21.4500 58.0000
  endloop
 endfacet
 facet normal 0.00000 -1.00000 0.00000
  outer loop
   vertex 12.5000 -21.4500 33.0000
   vertex 62.5000 -21.4500 58.0000
   vertex 12.5000 -21.4500 58.0000
  endloop
 endfacet
 facet normal 1.00000 0.00000 0.00000
  outer loop
   vertex 62.5000 -21.4500 33.0000
   vertex 62.5000 -20.5500 33.0000
   vertex 62.5000 -20.5500 58.0000
  endloop
 endfacet
 facet normal 1.00000 0.00000 0.00000
  outer loop
   vertex 62.5000 -21.4500 33.0000
   vertex 62.5000 -20.5500 58.0000
   vertex 62.5000 -21.4500 58.0000
  endloop
 endfacet
 facet normal 0.00000 1.00000 0.00000
  outer loop
   vertex 62.5000 -20.5500 33.0000
   vertex 12.5000 -20.5500 33.0000
   vertex 12.5000 -20.5500 58.0000
  endloop
 endfacet
 facet normal 0.00000 1.00000 -0.00000
  outer loop
   vertex 62.5000 -20.5500 33.0000
   vertex 12.5000 -20.5500 58.0000
   vertex 62.5000 -20.5500 58.0000
  endloop
 endfacet
 facet normal -1.00000 0.00000 0.00000
  outer loop
   vertex 12.5000 -20.5500 33.0000
   vertex 12.5000 -21.4500 33.0000
   vertex 12.5000 -21.4500 58.0000
  endloop
 endfacet
 facet normal -1.00000 0.00000 0.00000
  outer loop
   vertex 12.5000 -20.5500 33.0000
   vertex 12.5000 -21.4500 58.0000
   vertex 12.5000 -20.5500 58.0000
  endloop
 endfacet
 facet normal 0.00000 0.00000 -1.00000
  outer loop
   vertex 12.5000 -18.4500 33.0000
   vertex 62.5000 -17.5500 33.0000
   vertex 62.5000 -18.4500 33.0000
  endloop
 endfacet
 facet normal 0.00000 0.00000 -1.00000
  outer loop
   vertex 12.5000 -18.4500 33.0000
   vertex 12.5000 -17.5500 33.0000
   vertex 62.5000 -17.5500 33.0000
  endloop
 endfacet
 facet normal 0.00000 0.00000 1.00000
  outer loop
   vertex 12.5000 -18.4500 58.0000
   vertex 62.5000 -18.4500 58.0000
   vertex 62.5000 -17.5500 58.0000
  endloop
 endfacet
 facet normal 0.00000 0.00000 1.00000
  outer loop
   vertex 12.5000 -18.4500 58.0000
   vertex 62.5000 -17.5500 58.0000
   vertex 12.5000 -17.5500 58.0000
  endloop
 endfacet
 facet normal 0.00000 -1.00000 0.00000
  outer loop
   vertex 12.5000 -18.4500 33.0000
   vertex 62.5000 -18.4500 33.0000
   vertex 62.5000 -18.4500 58.0000
  endloop
 endfacet
 facet normal 0.00000 -1.00000 0.00000
  outer loop
   vertex 12.5000 -18.4500 33.0000
   vertex 62.5000 -18.4500 58.0000
   vertex 12.5000 -18.4500 58.0000
  endloop
 endfacet
 facet normal 1.00000 0.00000 0.00000
  outer loop
   vertex 62.5000 -18.4500 33.0000
   vertex 62.5000 -17.5500 33.0000
   vertex 62.5000 -17.5500 58.0000
  endloop
 endfacet
 facet normal 1.00000 0.00000 0.00000
  outer loop
   vertex 62.5000 -18.4500 33.0000
   vertex 62.5000 -17.5500 58.0000
   vertex 62.5000 -18.4500 58.0000
  endloop
 endfacet
 facet normal 0.00000 1.00000 0.00000
  outer loop
   vertex 62.5000 -17.5500 33.0000
   vertex 12.5000 -17.5500 33.0000
   vertex 12.5000 -17.5500 58.0000
  endloop
 endfacet
 facet normal 0.00000 1.00000 -0.00000
  outer loop
   vertex 62.5000 -17.5500 33.0000
   vertex 12.5000 -17.5500 58.0000
   vertex 62.5000 -17.5500 58.0000
  endloop
 endfacet
 facet normal -1.00000 0.00000 0.00000
  outer loop
   vertex 12.5000 -17.5500 33.0000
   vertex 12.5000 -18.4500 33.0000
   vertex 12.5000 -18.4500 58.0000
  endloop
 endfacet
 facet normal -1.00000 0.00000 0.00000
  outer loop
   vertex 12.5000 -17.5500 33.0000
   vertex 12.5000 -18.4500 58.0000
   vertex 12.5000 -17.5500 58.0000
  endloop
 endfacet
 facet normal 0.00000 0.00000 -1.00000
  outer loop
   vertex 12.5000 -15.4500 33.0000
   vertex 62.5000 -14.5500 33.0000
   vertex 62.5000 -15.4500 33.0000
  endloop
 endfacet
 facet normal 0.00000 0.00000 -1.00000
  outer loop
   vertex 12.5000 -15.4500 33.0000
   vertex 12.5000 -14.5500 33.0000
   vertex 62.5000 -14.5500 33.0000
  endloop
 endfacet
 facet normal 0.00000 0.00000 1.00000
  outer loop
   vertex 12.5000 -15.4500 58.0000
   vertex 62.5000 -15.4500 58.0000
   vertex 62.5000 -14.5500 58.0000
  endloop
 endfacet
 facet normal 0.00000 0.00000 1.00000
  outer loop
   vertex 12.5000 -15.4500 58.0000
   vertex 62.5000 -14.5500 58.0000
   vertex 12.5000 -14.5500 58.0000
  endloop
 endfacet
 facet normal 0.00000 -1.00000 0.00000
  outer loop
   vertex 12.5000 -15.4500 33.0000
   vertex 62.5000 -15.4500 33.0000
   vertex 62.5000 -15.4500 58.0000
  endloop
 endfacet
 facet normal 0.00000 -1.00000 0.00000
  outer loop
   vertex 12.5000 -15.4500 33.0000
   vertex 62.5000 -15.4500 58.0000
   vertex 12.5000 -15.4500 58.0000
  endloop
 endfacet
 facet normal 1.00000 0.00000 0.00000
  outer loop
   vertex 62.5000 -15.4500 33.0000
   vertex 62.5000 -14.5500 33.0000
   vertex 62.5000 -14.5500 58.0000
  endloop
 endfacet
 facet normal 1.00000 0.00000 0.00000
  outer loop
   vertex 62.5000 -15.4500 33.0000
   vertex 62.5000 -14.5500 58.0000
   vertex 62.5000 -15.4500 58.0000
  endloop
 endfacet
 facet normal 0.00000 1.00000 0.00000
  outer loop
   vertex 62.5000 -14.5500 33.0000
   vertex 12.5000 -14.5500 33.0000
   vertex 12.5000 -14.5500 58.0000
  endloop
 endfacet
 facet normal 0.00000 1.00000 -0.00000
  outer loop
   vertex 62.5000 -14.5500 33.0000
   vertex 12.5000 -14.5500 58.0000
   vertex 62.5000 -14.5500 58.0000
  endloop
 endfacet
 facet normal -1.00000 0.00000 0.00000
  outer loop
   vertex 12.5000 -14.5500 33.0000
   vertex 12.5000 -15.4500 33.0000
   vertex 12.5000 -15.4500 58.0000
  endloop
 endfacet
 facet normal -1.00000 0.00000 0.00000
  outer loop
   vertex 12.5000 -14.5500 33.0000
   vertex 12.5000 -15.4500 58.0000
   vertex 12.5000 -14.5500 58.0000
  endloop
 endfacet
 facet normal 0.00000 0.00000 -1.00000
  outer loop
   vertex 12.5000 -12.4500 33.0000
   vertex 62.5000 -11.5500 33.0000
   vertex 62.5000 -12.4500 33.0000
  endloop
 endfacet
 facet normal 0.00000 0.00000 -1.00000
  outer loop
   vertex 12.5000 -12.4500 33.0000
   vertex 12.5000 -11.5500 33.0000
   vertex 62.5000 -11.5500 33.0000
  endloop
 endfacet
 facet normal 0.00000 0.00000 1.00000
  outer loop
   vertex 12.5000 -12.4500 58.0000
   vertex 62.5000 -12.4500 58.0000
   vertex 62.5000 -11.5500 58.0000
  endloop
 endfacet
 facet normal 0.00000 0.00000 1.00000
  outer loop
   vertex 12.5000 -12.4500 58.0000
   vertex 62.5000 -11.5500 58.0000
   vertex 12.5000 -11.5500 58.0000
  endloop
 endfacet
 facet normal 0.00000 -1.00000 0.00000
  outer loop
   vertex 12.5000 -12.4500 33.0000
   vertex 62.5000 -12.4500 33.0000
   vertex 62.5000 -12.4500 58.0000
  endloop
 endfacet
 facet normal 0.00000 -1.00000 0.00000
  outer loop
   vertex 12.5000 -12.4500 33.0000
   vertex 62.5000 -12.4500 58.0000
   vertex 12.5000 -12.4500 58.0000
  endloop
 endfacet
 facet normal 1.00000 0.00000 0.00000
  outer loop
   vertex 62.5000 -12.4500 33.0000
   vertex 62.5000 -11.5500 33.0000
   vertex 62.5000 -11.5500 58.0000
  endloop
 endfacet
 facet normal 1.00000 0.00000 0.00000
  outer loop
   vertex 62.5000 -12.4500 33.0000
   vertex 62.5000 -11.5500 58.0000
   vertex 62.5000 -12.4500 58.0000
  endloop
 endfacet
 facet normal 0.00000 1.00000 0.00000
  outer loop
   vertex 62.5000 -11.5500 33.0000
   vertex 12.5000 -11.5500 33.0000
   vertex 12.5000 -11.5500 58.0000
  endloop
 endfacet
 facet normal 0.00000 1.00000 -0.00000
  outer loop
   vertex 62.5000 -11.5500 33.0000
   vertex 12.5000 -11.5500 58.0000
   vertex 62.5000 -11.5500 58.0000
  endloop
 endfacet
 facet normal -1.00000 0.00000 0.00000
  outer loop
   vertex 12.5000 -11.5500 33.0000
   vertex 12.5000 -12.4500 33.0000
   vertex 12.5000 -12.4500 58.0000
  endloop
 endfacet
 facet normal -1.00000 0.00000 0.00000
  outer loop
   vertex 12.5000 -11.5500 33.0000
   vertex 12.5000 -12.4500 58.0000
   vertex 12.5000 -11.5500 58.0000
  endloop
 endfacet
 facet normal 0.00000 0.00000 -1.00000
  outer loop
   vertex 12.5000 -9.4500 33.0000
   vertex 62.5000 -8.5500 33.0000
   vertex 62.5000 -9.4500 33.0000
  endloop
 endfacet
 facet normal 0.00000 0.00000 -1.00000
  outer loop
   vertex 12.5000 -9.4500 33.0000
   vertex 12.5000 -8.5500 33.0000
   vertex 62.5000 -8.5500 33.0000
  endloop
 endfacet
 facet normal 0.00000 0.00000 1.00000
  outer loop
   vertex 12.5000 -9.4500 58.0000
   vertex 62.5000 -9.4500 58.0000
   vertex 62.5000 -8.5500 58.0000
  endloop
 endfacet
 facet normal 0.00000 0.00000 1.00000
  outer loop
   vertex 12.5000 -9.4500 58.0000
   vertex 62.5000 -8.5500 58.0000
   vertex 12.5000 -8.5500 58.0000
  endloop
 endfacet
 facet normal 0.00000 -1.00000 0.00000
  outer loop
   vertex 12.5000 -9.4500 33.0000
   vertex 62.5000 -9.4500 33.0000
   vertex 62.5000 -9.4500 58.0000
  endloop
 endfacet
 facet normal 0.00000 -1.00000 0.00000
  outer loop
   vertex 12.5000 -9.4500 33.0000
   vertex 62.5000 -9.4500 58.0000
   vertex 12.5000 -9.4500 58.0000
  endloop
 endfacet
 facet normal 1.00000 0.00000 0.00000
  outer loop
   vertex 62.5000 -9.4500 33.0000
   vertex 62.5000 -8.5500 33.0000
   vertex 62.5000 -8.5500 58.0000
  endloop
 endfacet
 facet normal 1.00000 0.00000 0.00000
  outer loop
   vertex 62.5000 -9.4500 33.0000
   vertex 62.5000 -8.5500 58.0000
   vertex 62.5000 -9.4500 58.0000
  endloop
 endfacet
 facet normal 0.00000 1.00000 0.00000
  outer loop
   vertex 62.5000 -8.5500 33.0000
   vertex 12.5000 -8.5500 33.0000
   vertex 12.5000 -8.5500 58.0000
  endloop
 endfacet
 facet normal 0.00000 1.00000 -0.00000
  outer loop
   vertex 62.5000 -8.5500 33.0000
   vertex 12.5000 -8.5500 58.0000
   vertex 62.5000 -8.5500 58.0000
  endloop
 endfacet
 facet normal -1.00000 0.00000 0.00000
  outer loop
   vertex 12.5000 -8.5500 33.0000
   vertex 12.5000 -9.4500 33.0000
   vertex 12.5000 -9.4500 58.0000
  endloop
 endfacet
 facet normal -1.00000 0.00000 0.00000
  outer loop
   vertex 12.5000 -8.5500 33.0000
   vertex 12.5000 -9.4500 58.0000
   vertex 12.5000 -8.5500 58.0000
  endloop
 endfacet
 facet normal 0.00000 0.00000 -1.00000
  outer loop
   vertex 12.5000 -6.4500 33.0000
   vertex 62.5000 -5.5500 33.0000
   vertex 62.5000 -6.4500 33.0000
  endloop
 endfacet
 facet normal 0.00000 0.00000 -1.00000
  outer loop
   vertex 12.5000 -6.4500 33.0000
   vertex 12.5000 -5.5500 33.0000
   vertex 62.5000 -5.5500 33.0000
  endloop
 endfacet
 facet normal 0.00000 0.00000 1.00000
  outer loop
   vertex 12.5000 -6.4500 58.0000
   vertex 62.5000 -6.4500 58.0000
   vertex 62.5000 -5.5500 58.0000
  endloop
 endfacet
 facet normal 0.00000 0.00000 1.00000
  outer loop
   vertex 12.5000 -6.4500 58.0000
   vertex 62.5000 -5.5500 58.0000
   vertex 12.5000 -5.5500 58.0000
  endloop
 endfacet
 facet normal 0.00000 -1.00000 0.00000
  outer loop
   vertex 12.5000 -6.4500 33.0000
   vertex 62.5000 -6.4500 33.0000
   vertex 62.5000 -6.4500 58.0000
  endloop
 endfacet
 facet normal 0.00000 -1.00000 0.00000
  outer loop
   vertex 12.5000 -6.4500 33.0000
   vertex 62.5000 -6.4500 58.0000
   vertex 12.5000 -6.4500 58.0000
  endloop
 endfacet
 facet normal 1.00000 0.00000 0.00000
  outer loop
   vertex 62.5000 -6.4500 33.0000
   vertex 62.5000 -5.5500 33.0000
   vertex 62.5000 -5.5500 58.0000
  endloop
 endfacet
 facet normal 1.00000 0.00000 0.00000
  outer loop
   vertex 62.5000 -6.4500 33.0000
   vertex 62.5000 -5.5500 58.0000
   vertex 62.5000 -6.4500 58.0000
  endloop
 endfacet
 facet normal 0.00000 1.00000 0.00000
  outer loop
   vertex 62.5000 -5.5500 33.0000
   vertex 12.5000 -5.5500 33.0000
   vertex 12.5000 -5.5500 58.0000
  endloop
 endfacet
 facet normal 0.00000 1.00000 -0.00000
  outer loop
   vertex 62.5000 -5.5500 33.0000
   vertex 12.5000 -5.5500 58.0000
   vertex 62.5000 -5.5500 58.0000
  endloop
 endfacet
 facet normal -1.00000 0.00000 0.00000
  outer loop
   vertex 12.5000 -5.5500 33.0000
   vertex 12.5000 -6.4500 33.0000
   vertex 12.5000 -6.4500 58.0000
  endloop
 endfacet
 facet normal -1.00000 0.00000 0.00000
  outer loop
   vertex 12.5000 -5.5500 33.0000
   vertex 12.5000 -6.4500 58.0000
   vertex 12.5000 -5.5500 58.0000
  endloop
 endfacet
 facet normal 0.00000 0.00000 -1.00000
  outer loop
   vertex 12.5000 -3.4500 33.0000
   vertex 62.5000 -2.5500 33.0000
   vertex 62.5000 -3.4500 33.0000
  endloop
 endfacet
 facet normal 0.00000 0.00000 -1.00000
  outer loop
   vertex 12.5000 -3.4500 33.0000
   vertex 12.5000 -2.5500 33.0000
   vertex 62.5000 -2.5500 33.0000
  endloop
 endfacet
 facet normal 0.00000 0.00000 1.00000
  outer loop
   vertex 12.5000 -3.4500 58.0000
   vertex 62.5000 -3.4500 58.0000
   vertex 62.5000 -2.5500 58.0000
  endloop
 endfacet
 facet normal 0.00000 0.00000 1.00000
  outer loop
   vertex 12.5000 -3.4500 58.0000
   vertex 62.5000 -2.5500 58.0000
   vertex 12.5000 -2.5500 58.0000
  endloop
 endfacet
 facet normal 0.00000 -1.00000 0.00000
  outer loop
   vertex 12.5000 -3.4500 33.0000
   vertex 62.5000 -3.4500 33.0000
   vertex 62.5000 -3.4500 58.0000
  endloop
 endfacet
 facet normal 0.00000 -1.00000 0.00000
  outer loop
   vertex 12.5000 -3.4500 33.0000
   vertex 62.5000 -3.4500 58.0000
   vertex 12.5000 -3.4500 58.0000
  endloop
 endfacet
 facet normal 1.00000 0.00000 0.00000
  outer loop
   vertex 62.5000 -3.4500 33.0000
   vertex 62.5000 -2.5500 33.0000
   vertex 62.5000 -2.5500 58.0000
  endloop
 endfacet
 facet normal 1.00000 0.00000 0.00000
  outer loop
   vertex 62.5000 -3.4500 33.0000
   vertex 62.5000 -2.5500 58.0000
   vertex 62.5000 -3.4500 58.0000
  endloop
 endfacet
 facet normal 0.00000 1.00000 0.00000
  outer loop
   vertex 62.5000 -2.5500 33.0000
   vertex 12.5000 -2.5500 33.0000
   vertex 12.5000 -2.5500 58.0000
  endloop
 endfacet
 facet normal 0.00000 1.00000 -0.00000
  outer loop
   vertex 62.5000 -2.5500 33.0000
   vertex 12.5000 -2.5500 58.0000
   vertex 62.5000 -2.5500 58.0000
  endloop
 endfacet
 facet normal -1.00000 0.00000 0.00000
  outer loop
   vertex 12.5000 -2.5500 33.0000
   vertex 12.5000 -3.4500 33.0000
   vertex 12.5000 -3.4500 58.0000
  endloop
 endfacet
 facet normal -1.00000 0.00000 0.00000
  outer loop
   vertex 12.5000 -2.5500 33.0000
   vertex 12.5000 -3.4500 58.0000
   vertex 12.5000 -2.5500 58.0000
  endloop
 endfacet
 facet normal 0.00000 0.00000 -1.00000
  outer loop
   vertex 12.5000 -0.4500 33.0000
   vertex 62.5000 0.4500 33.0000
   vertex 62.5000 -0.4500 33.0000
  endloop
 endfacet
 facet normal 0.00000 0.00000 -1.00000
  outer loop
   vertex 12.5000 -0.4500 33.0000
   vertex 12.5000 0.4500 33.0000
   vertex 62.5000 0.4500 33.0000
  endloop
 endfacet
 facet normal 0.00000 0.00000 1.00000
  outer loop
   vertex 12.5000 -0.4500 58.0000
   vertex 62.5000 -0.4500 58.0000
   vertex 62.5000 0.4500 58.0000
  endloop
 endfacet
 facet normal 0.00000 0.00000 1.00000
  outer loop
   vertex 12.5000 -0.4500 58.0000
   vertex 62.5000 0.4500 58.0000
   vertex 12.5000 0.4500 58.0000
  endloop
 endfacet
 facet normal 0.00000 -1.00000 0.00000
  outer loop
   vertex 12.5000 -0.4500 33.0000
   vertex 62.5000 -0.4500 33.0000
   vertex 62.5000 -0.4500 58.0000
  endloop
 endfacet
 facet normal 0.00000 -1.00000 0.00000
  outer loop
   vertex 12.5000 -0.4500 33.0000
   vertex 62.5000 -0.4500 58.0000
   vertex 12.5000 -0.4500 58.0000
  endloop
 endfacet
 facet normal 1.00000 0.00000 0.00000
  outer loop
   vertex 62.5000 -0.4500 33.0000
   vertex 62.5000 0.4500 33.0000
   vertex 62.5000 0.4500 58.0000
  endloop
 endfacet
 facet normal 1.00000 0.00000 0.00000
  outer loop
   vertex 62.5000 -0.4500 33.0000
   vertex 62.5000 0.4500 58.0000
   vertex 62.5000 -0.4500 58.0000
  endloop
 endfacet
 facet normal 0.00000 1.00000 0.00000
  outer loop
   vertex 62.5000 0.4500 33.0000
   vertex 12.5000 0.4500 33.0000
   vertex 12.5000 0.4500 58.0000
  endloop
 endfacet
 facet normal 0.00000 1.00000 -0.00000
  outer loop
   vertex 62.5000 0.4500 33.0000
   vertex 12.5000 0.4500 58.0000
   vertex 62.5000 0.4500 58.0000
  endloop
 endfacet
 facet normal -1.00000 0.00000 0.00000
  outer loop
   vertex 12.5000 0.4500 33.0000
   vertex 12.5000 -0.4500 33.0000
   vertex 12.5000 -0.4500 58.0000
  endloop
 endfacet
 facet normal -1.00000 0.00000 0.00000
  outer loop
   vertex 12.5000 0.4500 33.0000
   vertex 12.5000 -0.4500 58.0000
   vertex 12.5000 0.4500 58.0000
  endloop
 endfacet
 facet normal 0.00000 0.00000 -1.00000
  outer loop
   vertex 12.5000 2.5500 33.0000
   vertex 62.5000 3.4500 33.0000
   vertex 62.5000 2.5500 33.0000
  endloop
 endfacet
 facet normal 0.00000 0.00000 -1.00000
  outer loop
   vertex 12.5000 2.5500 33.0000
   vertex 12.5000 3.4500 33.0000
   vertex 62.5000 3.4500 33.0000
  endloop
 endfacet
 facet normal 0.00000 0.00000 1.00000
  outer loop
   vertex 12.5000 2.5500 58.0000
   vertex 62.5000 2.5500 58.0000
   vertex 62.5000 3.4500 58.0000
  endloop
 endfacet
 facet normal 0.00000 0.00000 1.00000
  outer loop
   vertex 12.5000 2.5500 58.0000
   vertex 62.5000 3.4500 58.0000
   vertex 12.5000 3.4500 58.0000
  endloop
 endfacet
 facet normal 0.00000 -1.00000 0.00000
  outer loop
   vertex 12.5000 2.5500 33.0000
   vertex 62.5000 2.5500 33.0000
   vertex 62.5000 2.5500 58.0000
  endloop
 endfacet
 facet normal 0.00000 -1.00000 0.00000
  outer loop
   vertex 12.5000 2.5500 33.0000
   vertex 62.5000 2.5500 58.0000
   vertex 12.5000 2.5500 58.0000
  endloop
 endfacet
 facet normal 1.00000 0.00000 0.00000
  outer loop
   vertex 62.5000 2.5500 33.0000
   vertex 62.5000 3.4500 33.0000
   vertex 62.5000 3.4500 58.0000
  endloop
 endfacet
 facet normal 1.00000 0.00000 0.00000
  outer loop
   vertex 62.5000 2.5500 33.0000
   vertex 62.5000 3.4500 58.0000
   vertex 62.5000 2.5500 58.0000
  endloop
 endfacet
 facet normal 0.00000 1.00000 0.00000
  outer loop
   vertex 62.5000 3.4500 33.0000
   vertex 12.5000 3.4500 33.0000
   vertex 12.5000 3.4500 58.0000
  endloop
 endfacet
 facet normal 0.00000 1.00000 -0.00000
  outer loop
   vertex 62.5000 3.4500 33.0000
   vertex 12.5000 3.4500 58.0000
   vertex 62.5000 3.4500 58.0000
  endloop
 endfacet
 facet normal -1.00000 0.00000 0.00000
  outer loop
   vertex 12.5000 3.4500 33.0000
   vertex 12.5000 2.5500 33.0000
   vertex 12.5000 2.5500 58.0000
  endloop
 endfacet
 facet normal -1.00000 0.00000 0.00000
  outer loop
   vertex 12.5000 3.4500 33.0000
   vertex 12.5000 2.5500 58.0000
   vertex 12.5000 3.4500 58.0000
  endloop
 endfacet
 facet normal 0.00000 0.00000 -1.00000
  outer loop
   vertex 12.5000 5.5500 33.0000
   vertex 62.5000 6.4500 33.0000
   vertex 62.5000 5.5500 33.0000
  endloop
 endfacet
 facet normal 0.00000 0.00000 -1.00000
  outer loop
   vertex 12.5000 5.5500 33.0000
   vertex 12.5000 6.4500 33.0000
   vertex 62.5000 6.4500 33.0000
  endloop
 endfacet
 facet normal 0.00000 0.00000 1.00000
  outer loop
   vertex 12.5000 5.5500 58.0000
   vertex 62.5000 5.5500 58.0000
   vertex 62.5000 6.4500 58.0000
  endloop
 endfacet
 facet normal 0.00000 0.00000 1.00000
  outer loop
   vertex 12.5000 5.5500 58.0000
   vertex 62.5000 6.4500 58.0000
   vertex 12.5000 6.4500 58.0000
  endloop
 endfacet
 facet normal 0.00000 -1.00000 0.00000
  outer loop
   vertex 12.5000 5.5500 33.0000
   vertex 62.5000 5.5500 33.0000
   vertex 62.5000 5.5500 58.0000
  endloop
 endfacet
 facet normal 0.00000 -1.00000 0.00000
  outer loop
   vertex 12.5000 5.5500 33.0000
   vertex 62.5000 5.5500 58.0000
   vertex 12.5000 5.5500 58.0000
  endloop
 endfacet
 facet normal 1.00000 0.00000 0.00000
  outer loop
   vertex 62.5000 5.5500 33.0000
   vertex 62.5000 6.4500 33.0000
   vertex 62.5000 6.4500 58.0000
  endloop
 endfacet
 facet normal 1.00000 0.00000 0.00000
  outer loop
   vertex 62.5000 5.5500 33.0000
   vertex 62.5000 6.4500 58.0000
   vertex 62.5000 5.5500 58.0000
  endloop
 endfacet
 facet normal 0.00000 1.00000 0.00000
  outer loop
   vertex 62.5000 6.4500 33.0000
   vertex 12.5000 6.4500 33.0000
   vertex 12.5000 6.4500 58.0000
  endloop
 endfacet
 facet normal 0.00000 1.00000 -0.00000
  outer loop
   vertex 62.5000 6.4500 33.0000
   vertex 12.5000 6.4500 58.0000
   vertex 62.5000 6.4500 58.0000
  endloop
 endfacet
 facet normal -1.00000 0.00000 0.00000
  outer loop
   vertex 12.5000 6.4500 33.0000
   vertex 12.5000 5.5500 33.0000
   vertex 12.5000 5.5500 58.0000
  endloop
 endfacet
 facet normal -1.00000 0.00000 0.00000
  outer loop
   vertex 12.5000 6.4500 33.0000
   vertex 12.5000 5.5500 58.0000
   vertex 12.5000 6.4500 58.0000
  endloop
 endfacet
 facet normal 0.00000 0.00000 -1.00000
  outer loop
   vertex 12.5000 8.5500 33.0000
   vertex 62.5000 9.4500 33.0000
   vertex 62.5000 8.5500 33.0000
  endloop
 endfacet
 facet normal 0.00000 0.00000 -1.00000
  outer loop
   vertex 12.5000 8.5500 33.0000
   vertex 12.5000 9.4500 33.0000
   vertex 62.5000 9.4500 33.0000
  endloop
 endfacet
 facet normal 0.00000 0.00000 1.00000
  outer loop
   vertex 12.5000 8.5500 58.0000
   vertex 62.5000 8.5500 58.0000
   vertex 62.5000 9.4500 58.0000
  endloop
 endfacet
 facet normal 0.00000 0.00000 1.00000
  outer loop
   vertex 12.5000 8.5500 58.0000
   vertex 62.5000 9.4500 58.0000
   vertex 12.5000 9.4500 58.0000
  endloop
 endfacet
 facet normal 0.00000 -1.00000 0.00000
  outer loop
   vertex 12.5000 8.5500 33.0000
   vertex 62.5000 8.5500 33.0000
   vertex 62.5000 8.5500 58.0000
  endloop
 endfacet
 facet normal 0.00000 -1.00000 0.00000
  outer loop
   vertex 12.5000 8.5500 33.0000
   vertex 62.5000 8.5500 58.0000
   vertex 12.5000 8.5500 58.0000
  endloop
 endfacet
 facet normal 1.00000 0.00000 0.00000
  outer loop
   vertex 62.5000 8.5500 33.0000
   vertex 62.5000 9.4500 33.0000
   vertex 62.5000 9.4500 58.0000
  endloop
 endfacet
 facet normal 1.00000 0.00000 0.00000
  outer loop
   vertex 62.5000 8.5500 33.0000
   vertex 62.5000 9.4500 58.0000
   vertex 62.5000 8.5500 58.0000
  endloop
 endfacet
 facet normal 0.00000 1.00000 0.00000
  outer loop
   vertex 62.5000 9.4500 33.0000
   vertex 12.5000 9.4500 33.0000
   vertex 12.5000 9.4500 58.0000
  endloop
 endfacet
 facet normal 0.00000 1.00000 -0.00000
  outer loop
   vertex 62.5000 9.4500 33.0000
   vertex 12.5000 9.4500 58.0000
   vertex 62.5000 9.4500 58.0000
  endloop
 endfacet
 facet normal -1.00000 0.00000 0.00000
  outer loop
   vertex 12.5000 9.4500 33.0000
   vertex 12.5000 8.5500 33.0000
   vertex 12.5000 8.5500 58.0000
  endloop
 endfacet
 facet normal -1.00000 0.00000 0.00000
  outer loop
   vertex 12.5000 9.4500 33.0000
   vertex 12.5000 8.5500 58.0000
   vertex 12.5000 9.4500 58.0000
  endloop
 endfacet
 facet normal 0.00000 0.00000 -1.00000
  outer loop
   vertex 12.5000 11.5500 33.0000
   vertex 62.5000 12.4500 33.0000
   vertex 62.5000 11.5500 33.0000
  endloop
 endfacet
 facet normal 0.00000 0.00000 -1.00000
  outer loop
   vertex 12.5000 11.5500 33.0000
   vertex 12.5000 12.4500 33.0000
   vertex 62.5000 12.4500 33.0000
  endloop
 endfacet
 facet normal 0.00000 0.00000 1.00000
  outer loop
   vertex 12.5000 11.5500 58.0000
   vertex 62.5000 11.5500 58.0000
   vertex 62.5000 12.4500 58.0000
  endloop
 endfacet
 facet normal 0.00000 0.00000 1.00000
  outer loop
   vertex 12.5000 11.5500 58.0000
   vertex 62.5000 12.4500 58.0000
   vertex 12.5000 12.4500 58.0000
  endloop
 endfacet
 facet normal 0.00000 -1.00000 0.00000
  outer loop
   vertex 12.5000 11.5500 33.0000
   vertex 62.5000 11.5500 33.0000
   vertex 62.5000 11.5500 58.0000
  endloop
 endfacet
 facet normal 0.00000 -1.00000 0.00000
  outer loop
   vertex 12.5000 11.5500 33.0000
   vertex 62.5000 11.5500 58.0000
   vertex 12.5000 11.5500 58.0000
  endloop
 endfacet
 facet normal 1.00000 0.00000 0.00000
  outer loop
   vertex 62.5000 11.5500 33.0000
   vertex 62.5000 12.4500 33.0000
   vertex 62.5000 12.4500 58.0000
  endloop
 endfacet
 facet normal 1.00000 0.00000 0.00000
  outer loop
   vertex 62.5000 11.5500 33.0000
   vertex 62.5000 12.4500 58.0000
   vertex 62.5000 11.5500 58.0000
  endloop
 endfacet
 facet normal 0.00000 1.00000 0.00000
  outer loop
   vertex 62.5000 12.4500 33.0000
   vertex 12.5000 12.4500 33.0000
   vertex 12.5000 12.4500 58.0000
  endloop
 endfacet
 facet normal 0.00000 1.00000 -0.00000
  outer loop
   vertex 62.5000 12.4500 33.0000
   vertex 12.5000 12.4500 58.0000
   vertex 62.5000 12.4500 58.0000
  endloop
 endfacet
 facet normal -1.00000 0.00000 0.00000
  outer loop
   vertex 12.5000 12.4500 33.0000
   vertex 12.5000 11.5500 33.0000
   vertex 12.5000 11.5500 58.0000
  endloop
 endfacet
 facet normal -1.00000 0.00000 0.00000
  outer loop
   vertex 12.5000 12.4500 33.0000
   vertex 12.5000 11.5500 58.0000
   vertex 12.5000 12.4500 58.0000
  endloop
 endfacet
 facet normal 0.00000 0.00000 -1.00000
  outer loop
   vertex 12.5000 14.5500 33.0000
   vertex 62.5000 15.4500 33.0000
   vertex 62.5000 14.5500 33.0000
  endloop
 endfacet
 facet normal 0.00000 0.00000 -1.00000
  outer loop
   vertex 12.5000 14.5500 33.0000
   vertex 12.5000 15.4500 33.0000
   vertex 62.5000 15.4500 33.0000
  endloop
 endfacet
 facet normal 0.00000 0.00000 1.00000
  outer loop
   vertex 12.5000 14.5500 58.0000
   vertex 62.5000 14.5500 58.0000
   vertex 62.5000 15.4500 58.0000
  endloop
 endfacet
 facet normal 0.00000 0.00000 1.00000
  outer loop
   vertex 12.5000 14.5500 58.0000
   vertex 62.5000 15.4500 58.0000
   vertex 12.5000 15.4500 58.0000
  endloop
 endfacet
 facet normal 0.00000 -1.00000 0.00000
  outer loop
   vertex 12.5000 14.5500 33.0000
   vertex 62.5000 14.5500 33.0000
   vertex 62.5000 14.5500 58.0000
  endloop
 endfacet
 facet normal 0.00000 -1.00000 0.00000
  outer loop
   vertex 12.5000 14.5500 33.0000
   vertex 62.5000 14.5500 58.0000
   vertex 12.5000 14.5500 58.0000
  endloop
 endfacet
 facet normal 1.00000 0.00000 0.00000
  outer loop
   vertex 62.5000 14.5500 33.0000
   vertex 62.5000 15.4500 33.0000
   vertex 62.5000 15.4500 58.0000
  endloop
 endfacet
 facet normal 1.00000 0.00000 0.00000
  outer loop
   vertex 62.5000 14.5500 33.0000
   vertex 62.5000 15.4500 58.0000
   vertex 62.5000 14.5500 58.0000
  endloop
 endfacet
 facet normal 0.00000 1.00000 0.00000
  outer loop
   vertex 62.5000 15.4500 33.0000
   vertex 12.5000 15.4500 33.0000
   vertex 12.5000 15.4500 58.0000
  endloop
 endfacet
 facet normal 0.00000 1.00000 -0.00000
  outer loop
   vertex 62.5000 15.4500 33.0000
   vertex 12.5000 15.4500 58.0000
   vertex 62.5000 15.4500 58.0000
  endloop
 endfacet
 facet normal -1.00000 0.00000 0.00000
  outer loop
   vertex 12.5000 15.4500 33.0000
   vertex 12.5000 14.5500 33.0000
   vertex 12.5000 14.5500 58.0000
  endloop
 endfacet
 facet normal -1.00000 0.00000 0.00000
  outer loop
   vertex 12.5000 15.4500 33.0000
   vertex 12.5000 14.5500 58.0000
   vertex 12.5000 15.4500 58.0000
  endloop
 endfacet
 facet normal 0.00000 0.00000 -1.00000
  outer loop
   vertex 12.5000 17.5500 33.0000
   vertex 62.5000 18.4500 33.0000
   vertex 62.5000 17.5500 33.0000
  endloop
 endfacet
 facet normal 0.00000 0.00000 -1.00000
  outer loop
   vertex 12.5000 17.5500 33.0000
   vertex 12.5000 18.4500 33.0000
   vertex 62.5000 18.4500 33.0000
  endloop
 endfacet
 facet normal 0.00000 0.00000 1.00000
  outer loop
   vertex 12.5000 17.5500 58.0000
   vertex 62.5000 17.5500 58.0000
   vertex 62.5000 18.4500 58.0000
  endloop
 endfacet
 facet normal 0.00000 0.00000 1.00000
  outer loop
   vertex 12.5000 17.5500 58.0000
   vertex 62.5000 18.4500 58.0000
   vertex 12.5000 18.4500 58.0000
  endloop
 endfacet
 facet normal 0.00000 -1.00000 0.00000
  outer loop
   vertex 12.5000 17.5500 33.0000
   vertex 62.5000 17.5500 33.0000
   vertex 62.5000 17.5500 58.0000
  endloop
 endfacet
 facet normal 0.00000 -1.00000 0.00000
  outer loop
   vertex 12.5000 17.5500 33.0000
   vertex 62.5000 17.5500 58.0000
   vertex 12.5000 17.5500 58.0000
  endloop
 endfacet
 facet normal 1.00000 0.00000 0.00000
  outer loop
   vertex 62.5000 17.5500 33.0000
   vertex 62.5000 18.4500 33.0000
   vertex 62.5000 18.4500 58.0000
  endloop
 endfacet
 facet normal 1.00000 0.00000 0.00000
  outer loop
   vertex 62.5000 17.5500 33.0000
   vertex 62.5000 18.4500 58.0000
   vertex 62.5000 17.5500 58.0000
  endloop
 endfacet
 facet normal 0.00000 1.00000 0.00000
  outer loop
   vertex 62.5000 18.4500 33.0000
   vertex 12.5000 18.4500 33.0000
   vertex 12.5000 18.4500 58.0000
  endloop
 endfacet
 facet normal 0.00000 1.00000 -0.00000
  outer loop
   vertex 62.5000 18.4500 33.0000
   vertex 12.5000 18.4500 58.0000
   vertex 62.5000 18.4500 58.0000
  endloop
 endfacet
 facet normal -1.00000 0.00000 0.00000
  outer loop
   vertex 12.5000 18.4500 33.0000
   vertex 12.5000 17.5500 33.0000
   vertex 12.5000 17.5500 58.0000
  endloop
 endfacet
 facet normal -1.00000 0.00000 0.00000
  outer loop
   vertex 12.5000 18.4500 33.0000
   vertex 12.5000 17.5500 58.0000
   vertex 12.5000 18.4500 58.0000
  endloop
 endfacet
 facet normal 0.00000 0.00000 -1.00000
  outer loop
   vertex 12.5000 20.5500 33.0000
   vertex 62.5000 21.4500 33.0000
   vertex 62.5000 20.5500 33.0000
  endloop
 endfacet
 facet normal 0.00000 0.00000 -1.00000
  outer loop
   vertex 12.5000 20.5500 33.0000
   vertex 12.5000 21.4500 33.0000
   vertex 62.5000 21.4500 33.0000
  endloop
 endfacet
 facet normal 0.00000 0.00000 1.00000
  outer loop
   vertex 12.5000 20.5500 58.0000
   vertex 62.5000 20.5500 58.0000
   vertex 62.5000 21.4500 58.0000
  endloop
 endfacet
 facet normal 0.00000 0.00000 1.00000
  outer loop
   vertex 12.5000 20.5500 58.0000
   vertex 62.5000 21.4500 58.0000
   vertex 12.5000 21.4500 58.0000
  endloop
 endfacet
 facet normal 0.00000 -1.00000 0.00000
  outer loop
   vertex 12.5000 20.5500 33.0000
   vertex 62.5000 20.5500 33.0000
   vertex 62.5000 20.5500 58.0000
  endloop
 endfacet
 facet normal 0.00000 -1.00000 0.00000
  outer loop
   vertex 12.5000 20.5500 33.0000
   vertex 62.5000 20.5500 58.0000
   vertex 12.5000 20.5500 58.0000
  endloop
 endfacet
 facet normal 1.00000 0.00000 0.00000
  outer loop
   vertex 62.5000 20.5500 33.0000
   vertex 62.5000 21.4500 33.0000
   vertex 62.5000 21.4500 58.0000
  endloop
 endfacet
 facet normal 1.00000 0.00000 0.00000
  outer loop
   vertex 62.5000 20.5500 33.0000
   vertex 62.5000 21.4500 58.0000
   vertex 62.5000 20.5500 58.0000
  endloop
 endfacet
 facet normal 0.00000 1.00000 0.00000
  outer loop
   vertex 62.5000 21.4500 33.0000
   vertex 12.5000 21.4500 33.0000
   vertex 12.5000 21.4500 58.0000
  endloop
 endfacet
 facet normal 0.00000 1.00000 -0.00000
  outer loop
   vertex 62.5000 21.4500 33.0000
   vertex 12.5000 21.4500 58.0000
   vertex 62.5000 21.4500 58.0000
  endloop
 endfacet
 facet normal -1.00000 0.00000 0.00000
  outer loop
   vertex 12.5000 21.4500 33.0000
   vertex 12.5000 20.5500 33.0000
   vertex 12.5000 20.5500 58.0000
  endloop
 endfacet
 facet normal -1.00000 0.00000 0.00000
  outer loop
   vertex 12.5000 21.4500 33.0000
   vertex 12.5000 20.5500 58.0000
   vertex 12.5000 21.4500 58.0000
  endloop
 endfacet
 facet normal 0.00000 0.00000 -1.00000
  outer loop
   vertex 12.5000 23.5500 33.0000
   vertex 62.5000 24.4500 33.0000
   vertex 62.5000 23.5500 33.0000
  endloop
 endfacet
 facet normal 0.00000 0.00000 -1.00000
  outer loop
   vertex 12.5000 23.5500 33.0000
   vertex 12.5000 24.4500 33.0000
   vertex 62.5000 24.4500 33.0000
  endloop
 endfacet
 facet normal 0.00000 0.00000 1.00000
  outer loop
   vertex 12.5000 23.5500 58.0000
   vertex 62.5000 23.5500 58.0000
   vertex 62.5000 24.4500 58.0000
  endloop
 endfacet
 facet normal 0.00000 0.00000 1.00000
  outer loop
   vertex 12.5000 23.5500 58.0000
   vertex 62.5000 24.4500 58.0000
   vertex 12.5000 24.4500 58.0000
  endloop
 endfacet
 facet normal 0.00000 -1.00000 0.00000
  outer loop
   vertex 12.5000 23.5500 33.0000
   vertex 62.5000 23.5500 33.0000
   vertex 62.5000 23.5500 58.0000
  endloop
 endfacet
 facet normal 0.00000 -1.00000 0.00000
  outer loop
   vertex 12.5000 23.5500 33.0000
   vertex 62.5000 23.5500 58.0000
   vertex 12.5000 23.5500 58.0000
  endloop
 endfacet
 facet normal 1.00000 0.00000 0.00000
  outer loop
   vertex 62.5000 23.5500 33.0000
   vertex 62.5000 24.4500 33.0000
   vertex 62.5000 24.4500 58.0000
  endloop
 endfacet
 facet normal 1.00000 0.00000 0.00000
  outer loop
   vertex 62.5000 23.5500 33.0000
   vertex 62.5000 24.4500 58.0000
   vertex 62.5000 23.5500 58.0000
  endloop
 endfacet
 facet normal 0.00000 1.00000 0.00000
  outer loop
   vertex 62.5000 24.4500 33.0000
   vertex 12.5000 24.4500 33.0000
   vertex 12.5000 24.4500 58.0000
  endloop
 endfacet
 facet normal 0.00000 1.00000 -0.00000
  outer loop
   vertex 62.5000 24.4500 33.0000
   vertex 12.5000 24.4500 58.0000
   vertex 62.5000 24.4500 58.0000
  endloop
 endfacet
 facet normal -1.00000 0.00000 0.00000
  outer loop
   vertex 12.5000 24.4500 33.0000
   vertex 12.5000 23.5500 33.0000
   vertex 12.5000 23.5500 58.0000
  endloop
 endfacet
 facet normal -1.00000 0.00000 0.00000
  outer loop
   vertex 12.5000 24.4500 33.0000
   vertex 12.5000 23.5500 58.0000
   vertex 12.5000 24.4500 58.0000
  endloop
 endfacet
 facet normal 0.00000 0.00000 -1.00000
  outer loop
   vertex 17.5000 -20.0000 5.0000
   vertex 57.5000 -17.0000 5.0000
   vertex 57.5000 -20.0000 5.0000
  endloop
 endfacet
 facet normal 0.00000 0.00000 -1.00000
  outer loop
   vertex 17.5000 -20.0000 5.0000
   vertex 17.5000 -17.0000 5.0000
   vertex 57.5000 -17.0000 5.0000
  endloop
 endfacet
 facet normal 0.00000 0.00000 1.00000
  outer loop
   vertex 17.5000 -20.0000 33.0000
   vertex 57.5000 -20.0000 33.0000
   vertex 57.5000 -17.0000 33.0000
  endloop
 endfacet
 facet normal 0.00000 0.00000 1.00000
  outer loop
   vertex 17.5000 -20.0000 33.0000
   vertex 57.5000 -17.0000 33.0000
   vertex 17.5000 -17.0000 33.0000
  endloop
 endfacet
 facet normal 0.00000 -1.00000 0.00000
  outer loop
   vertex 17.5000 -20.0000 5.0000
   vertex 57.5000 -20.0000 5.0000
   vertex 57.5000 -20.0000 33.0000
  endloop
 endfacet
 facet normal 0.00000 -1.00000 0.00000
  outer loop
   vertex 17.5000 -20.0000 5.0000
   vertex 57.5000 -20.0000 33.0000
   vertex 17.5000 -20.0000 33.0000
  endloop
 endfacet
 facet normal 1.00000 0.00000 0.00000
  outer loop
   vertex 57.5000 -20.0000 5.0000
   vertex 57.5000 -17.0000 5.0000
   vertex 57.5000 -17.0000 33.0000
  endloop
 endfacet
 facet normal 1.00000 0.00000 0.00000
  outer loop
   vertex 57.5000 -20.0000 5.0000
   vertex 57.5000 -17.0000 33.0000
   vertex 57.5000 -20.0000 33.0000
  endloop
 endfacet
 facet normal 0.00000 1.00000 0.00000
  outer loop
   vertex 57.5000 -17.0000 5.0000
   vertex 17.5000 -17.0000 5.0000
   vertex 17.5000 -17.0000 33.0000
  endloop
 endfacet
 facet normal 0.00000 1.00000 -0.00000
  outer loop
   vertex 57.5000 -17.0000 5.0000
   vertex 17.5000 -17.0000 33.0000
   vertex 57.5000 -17.0000 33.0000
  endloop
 endfacet
 facet normal -1.00000 0.00000 0.00000
  outer loop
   vertex 17.5000 -17.0000 5.0000
   vertex 17.5000 -20.0000 5.0000
   vertex 17.5000 -20.0000 33.0000
  endloop
 endfacet
 facet normal -1.00000 0.00000 0.00000
  outer loop
   vertex 17.5000 -17.0000 5.0000
   vertex 17.5000 -20.0000 33.0000
   vertex 17.5000 -17.0000 33.0000
  endloop
 endfacet
 facet normal 0.00000 0.00000 -1.00000
  outer loop
   vertex 17.5000 17.0000 5.0000
   vertex 57.5000 20.0000 5.0000
   vertex 57.5000 17.0000 5.0000
  endloop
 endfacet
 facet normal 0.00000 0.00000 -1.00000
  outer loop
   vertex 17.5000 17.0000 5.0000
   vertex 17.5000 20.0000 5.0000
   vertex 57.5000 20.0000 5.0000
  endloop
 endfacet
 facet normal 0.00000 0.00000 1.00000
  outer loop
   vertex 17.5000 17.0000 33.0000
   vertex 57.5000 17.0000 33.0000
   vertex 57.5000 20.0000 33.0000
  endloop
 endfacet
 facet normal 0.00000 0.00000 1.00000
  outer loop
   vertex 17.5000 17.0000 33.0000
   vertex 57.5000 20.0000 33.0000
   vertex 17.5000 20.0000 33.0000
  endloop
 endfacet
 facet normal 0.00000 -1.00000 0.00000
  outer loop
   vertex 17.5000 17.0000 5.0000
   vertex 57.5000 17.0000 5.0000
   vertex 57.5000 17.0000 33.0000
  endloop
 endfacet
 facet normal 0.00000 -1.00000 0.00000
  outer loop
   vertex 17.5000 17.0000 5.0000
   vertex 57.5000 17.0000 33.0000
   vertex 17.5000 17.0000 33.0000
  endloop
 endfacet
 facet normal 1.00000 0.00000 0.00000
  outer loop
   vertex 57.5000 17.0000 5.0000
   vertex 57.5000 20.0000 5.0000
   vertex 57.5000 20.0000 33.0000
  endloop
 endfacet
 facet normal 1.00000 0.00000 0.00000
  outer loop
   vertex 57.5000 17.0000 5.0000
   vertex 57.5000 20.0000 33.0000
   vertex 57.5000 17.0000 33.0000
  endloop
 endfacet
 facet normal 0.00000 1.00000 0.00000
  outer loop
   vertex 57.5000 20.0000 5.0000
   vertex 17.5000 20.0000 5.0000
   vertex 17.5000 20.0000 33.0000
  endloop
 endfacet
 facet normal 0.00000 1.00000 -0.00000
  outer loop
   vertex 57.5000 20.0000 5.0000
   vertex 17.5000 20.0000 33.0000
   vertex 57.5000 20.0000 33.0000
  endloop
 endfacet
 facet normal -1.00000 0.00000 0.00000
  outer loop
   vertex 17.5000 20.0000 5.0000
   vertex 17.5000 17.0000 5.0000
   vertex 17.5000 17.0000 33.0000
  endloop
 endfacet
 facet normal -1.00000 0.00000 0.00000
  outer loop
   vertex 17.5000 20.0000 5.0000
   vertex 17.5000 17.0000 33.0000
   vertex 17.5000 20.0000 33.0000
  endloop
 endfacet
 facet normal 0.00000 0.00000 -1.00000
  outer loop
   vertex 17.5000 -17.0000 5.0000
   vertex 20.5000 17.0000 5.0000
   vertex 20.5000 -17.0000 5.0000
  endloop
 endfacet
 facet normal 0.00000 0.00000 -1.00000
  outer loop
   vertex 17.5000 -17.0000 5.0000
   vertex 17.5000 17.0000 5.0000
   vertex 20.5000 17.0000 5.0000
  endloop
 endfacet
 facet normal 0.00000 0.00000 1.00000
  outer loop
   vertex 17.5000 -17.0000 33.0000
   vertex 20.5000 -17.0000 33.0000
   vertex 20.5000 17.0000 33.0000
  endloop
 endfacet
 facet normal 0.00000 0.00000 1.00000
  outer loop
   vertex 17.5000 -17.0000 33.0000
   vertex 20.5000 17.0000 33.0000
   vertex 17.5000 17.0000 33.0000
  endloop
 endfacet
 facet normal 0.00000 -1.00000 0.00000
  outer loop
   vertex 17.5000 -17.0000 5.0000
   vertex 20.5000 -17.0000 5.0000
   vertex 20.5000 -17.0000 33.0000
  endloop
 endfacet
 facet normal 0.00000 -1.00000 0.00000
  outer loop
   vertex 17.5000 -17.0000 5.0000
   vertex 20.5000 -17.0000 33.0000
   vertex 17.5000 -17.0000 33.0000
  endloop
 endfacet
 facet normal 1.00000 0.00000 0.00000
  outer loop
   vertex 20.5000 -17.0000 5.0000
   vertex 20.5000 17.0000 5.0000
   vertex 20.5000 17.0000 33.0000
  endloop
 endfacet
 facet normal 1.00000 0.00000 0.00000
  outer loop
   vertex 20.5000 -17.0000 5.0000
   vertex 20.5000 17.0000 33.0000
   vertex 20.5000 -17.0000 33.0000
  endloop
 endfacet
 facet normal 0.00000 1.00000 0.00000
  outer loop
   vertex 20.5000 17.0000 5.0000
   vertex 17.5000 17.0000 5.0000
   vertex 17.5000 17.0000 33.0000
  endloop
 endfacet
 facet normal 0.00000 1.00000 -0.00000
  outer loop
   vertex 20.5000 17.0000 5.0000
   vertex 17.5000 17.0000 33.0000
   vertex 20.5000 17.0000 33.0000
  endloop
 endfacet
 facet normal -1.00000 0.00000 0.00000
  outer loop
   vertex 17.5000 17.0000 5.0000
   vertex 17.5000 -17.0000 5.0000
   vertex 17.5000 -17.0000 33.0000
  endloop
 endfacet
 facet normal -1.00000 0.00000 0.00000
  outer loop
   vertex 17.5000 17.0000 5.0000
   vertex 17.5000 -17.0000 33.0000
   vertex 17.5000 17.0000 33.0000
  endloop
 endfacet
 facet normal 0.00000 0.00000 -1.00000
  outer loop
   vertex 54.5000 -17.0000 5.0000
   vertex 57.5000 17.0000 5.0000
   vertex 57.5000 -17.0000 5.0000
  endloop
 endfacet
 facet normal 0.00000 0.00000 -1.00000
  outer loop
   vertex 54.5000 -17.0000 5.0000
   vertex 54.5000 17.0000 5.0000
   vertex 57.5000 17.0000 5.0000
  endloop
 endfacet
 facet normal 0.00000 0.00000 1.00000
  outer loop
   vertex 54.5000 -17.0000 33.0000
   vertex 57.5000 -17.0000 33.0000
   vertex 57.5000 17.0000 33.0000
  endloop
 endfacet
 facet normal 0.00000 0.00000 1.00000
  outer loop
   vertex 54.5000 -17.0000 33.0000
   vertex 57.5000 17.0000 33.0000
   vertex 54.5000 17.0000 33.0000
  endloop
 endfacet
 facet normal 0.00000 -1.00000 0.00000
  outer loop
   vertex 54.5000 -17.0000 5.0000
   vertex 57.5000 -17.0000 5.0000
   vertex 57.5000 -17.0000 33.0000
  endloop
 endfacet
 facet normal 0.00000 -1.00000 0.00000
  outer loop
   vertex 54.5000 -17.0000 5.0000
   vertex 57.5000 -17.0000 33.0000
   vertex 54.5000 -17.0000 33.0000
  endloop
 endfacet
 facet normal 1.00000 0.00000 0.00000
  outer loop
   vertex 57.5000 -17.0000 5.0000
   vertex 57.5000 17.0000 5.0000
   vertex 57.5000 17.0000 33.0000
  endloop
 endfacet
 facet normal 1.00000 0.00000 0.00000
  outer loop
   vertex 57.5000 -17.0000 5.0000
   vertex 57.5000 17.0000 33.0000
   vertex 57.5000 -17.0000 33.0000
  endloop
 endfacet
 facet normal 0.00000 1.00000 0.00000
  outer loop
   vertex 57.5000 17.0000 5.0000
   vertex 54.5000 17.0000 5.0000
   vertex 54.5000 17.0000 33.0000
  endloop
 endfacet
 facet normal 0.00000 1.00000 -0.00000
  outer loop
   vertex 57.5000 17.0000 5.0000
   vertex 54.5000 17.0000 33.0000
   vertex 57.5000 17.0000 33.0000
  endloop
 endfacet
 facet normal -1.00000 0.00000 0.00000
  outer loop
   vertex 54.5000 17.0000 5.0000
   vertex 54.5000 -17.0000 5.0000
   vertex 54.5000 -17.0000 33.0000
  endloop
 endfacet
 facet normal -1.00000 0.00000 0.00000
  outer loop
   vertex 54.5000 17.0000 5.0000
   vertex 54.5000 -17.0000 33.0000
   vertex 54.5000 17.0000 33.0000
  endloop
 endfacet
 facet normal 0.99786 0.06540 0.00000
  outer loop
   vertex 45.5000 0.0000 6.0000
   vertex 45.4316 1.0442 6.0000
   vertex 45.4316 1.0442 32.0000
  endloop
 endfacet
 facet normal 0.99786 0.06540 -0.00000
  outer loop
   vertex 45.5000 0.0000 6.0000
   vertex 45.4316 1.0442 32.0000
   vertex 45.5000 0.0000 32.0000
  endloop
 endfacet
 facet normal 0.98079 0.19509 0.00000
  outer loop
   vertex 45.4316 1.0442 6.0000
   vertex 45.2274 2.0706 6.0000
   vertex 45.2274 2.0706 32.0000
  endloop
 endfacet
 facet normal 0.98079 0.19509 -0.00000
  outer loop
   vertex 45.4316 1.0442 6.0000
   vertex 45.2274 2.0706 32.0000
   vertex 45.4316 1.0442 32.0000
  endloop
 endfacet
 facet normal 0.94693 0.32144 0.00000
  outer loop
   vertex 45.2274 2.0706 6.0000
   vertex 44.8910 3.0615 6.0000
   vertex 44.8910 3.0615 32.0000
  endloop
 endfacet
 facet normal 0.94693 0.32144 -0.00000
  outer loop
   vertex 45.2274 2.0706 6.0000
   vertex 44.8910 3.0615 32.0000
   vertex 45.2274 2.0706 32.0000
  endloop
 endfacet
 facet normal 0.89687 0.44229 0.00000
  outer loop
   vertex 44.8910 3.0615 6.0000
   vertex 44.4282 4.0000 6.0000
   vertex 44.4282 4.0000 32.0000
  endloop
 endfacet
 facet normal 0.89687 0.44229 -0.00000
  outer loop
   vertex 44.8910 3.0615 6.0000
   vertex 44.4282 4.0000 32.0000
   vertex 44.8910 3.0615 32.0000
  endloop
 endfacet
 facet normal 0.83147 0.55557 0.00000
  outer loop
   vertex 44.4282 4.0000 6.0000
   vertex 43.8468 4.8701 6.0000
   vertex 43.8468 4.8701 32.0000
  endloop
 endfacet
 facet normal 0.83147 0.55557 -0.00000
  outer loop
   vertex 44.4282 4.0000 6.0000
   vertex 43.8468 4.8701 32.0000
   vertex 44.4282 4.0000 32.0000
  endloop
 endfacet
 facet normal 0.75184 0.65935 0.00000
  outer loop
   vertex 43.8468 4.8701 6.0000
   vertex 43.1569 5.6569 6.0000
   vertex 43.1569 5.6569 32.0000
  endloop
 endfacet
 facet normal 0.75184 0.65935 -0.00000
  outer loop
   vertex 43.8468 4.8701 6.0000
   vertex 43.1569 5.6569 32.0000
   vertex 43.8468 4.8701 32.0000
  endloop
 endfacet
 facet normal 0.65935 0.75184 0.00000
  outer loop
   vertex 43.1569 5.6569 6.0000
   vertex 42.3701 6.3468 6.0000
   vertex 42.3701 6.3468 32.0000
  endloop
 endfacet
 facet normal 0.65935 0.75184 -0.00000
  outer loop
   vertex 43.1569 5.6569 6.0000
   vertex 42.3701 6.3468 32.0000
   vertex 43.1569 5.6569 32.0000
  endloop
 endfacet
 facet normal 0.55557 0.83147 0.00000
  outer loop
   vertex 42.3701 6.3468 6.0000
   vertex 41.5000 6.9282 6.0000
   vertex 41.5000 6.9282 32.0000
  endloop
 endfacet
 facet normal 0.55557 0.83147 -0.00000
  outer loop
   vertex 42.3701 6.3468 6.0000
   vertex 41.5000 6.9282 32.0000
   vertex 42.3701 6.3468 32.0000
  endloop
 endfacet
 facet normal 0.44229 0.89687 0.00000
  outer loop
   vertex 41.5000 6.9282 6.0000
   vertex 40.5615 7.3910 6.0000
   vertex 40.5615 7.3910 32.0000
  endloop
 endfacet
 facet normal 0.44229 0.89687 -0.00000
  outer loop
   vertex 41.5000 6.9282 6.0000
   vertex 40.5615 7.3910 32.0000
   vertex 41.5000 6.9282 32.0000
  endloop
 endfacet
 facet normal 0.32144 0.94693 0.00000
  outer loop
   vertex 40.5615 7.3910 6.0000
   vertex 39.5706 7.7274 6.0000
   vertex 39.5706 7.7274 32.0000
  endloop
 endfacet
 facet normal 0.32144 0.94693 -0.00000
  outer loop
   vertex 40.5615 7.3910 6.0000
   vertex 39.5706 7.7274 32.0000
   vertex 40.5615 7.3910 32.0000
  endloop
 endfacet
 facet normal 0.19509 0.98079 0.00000
  outer loop
   vertex 39.5706 7.7274 6.0000
   vertex 38.5442 7.9316 6.0000
   vertex 38.5442 7.9316 32.0000
  endloop
 endfacet
 facet normal 0.19509 0.98079 -0.00000
  outer loop
   vertex 39.5706 7.7274 6.0000
   vertex 38.5442 7.9316 32.0000
   vertex 39.5706 7.7274 32.0000
  endloop
 endfacet
 facet normal 0.06540 0.99786 0.00000
  outer loop
   vertex 38.5442 7.9316 6.0000
   vertex 37.5000 8.0000 6.0000
   vertex 37.5000 8.0000 32.0000
  endloop
 endfacet
 facet normal 0.06540 0.99786 -0.00000
  outer loop
   vertex 38.5442 7.9316 6.0000
   vertex 37.5000 8.0000 32.0000
   vertex 38.5442 7.9316 32.0000
  endloop
 endfacet
 facet normal -0.06540 0.99786 0.00000
  outer loop
   vertex 37.5000 8.0000 6.0000
   vertex 36.4558 7.9316 6.0000
   vertex 36.4558 7.9316 32.0000
  endloop
 endfacet
 facet normal -0.06540 0.99786 0.00000
  outer loop
   vertex 37.5000 8.0000 6.0000
   vertex 36.4558 7.9316 32.0000
   vertex 37.5000 8.0000 32.0000
  endloop
 endfacet
 facet normal -0.19509 0.98079 0.00000
  outer loop
   vertex 36.4558 7.9316 6.0000
   vertex 35.4294 7.7274 6.0000
   vertex 35.4294 7.7274 32.0000
  endloop
 endfacet
 facet normal -0.19509 0.98079 0.00000
  outer loop
   vertex 36.4558 7.9316 6.0000
   vertex 35.4294 7.7274 32.0000
   vertex 36.4558 7.9316 32.0000
  endloop
 endfacet
 facet normal -0.32144 0.94693 0.00000
  outer loop
   vertex 35.4294 7.7274 6.0000
   vertex 34.4385 7.3910 6.0000
   vertex 34.4385 7.3910 32.0000
  endloop
 endfacet
 facet normal -0.32144 0.94693 0.00000
  outer loop
   vertex 35.4294 7.7274 6.0000
   vertex 34.4385 7.3910 32.0000
   vertex 35.4294 7.7274 32.0000
  endloop
 endfacet
 facet normal -0.44229 0.89687 0.00000
  outer loop
   vertex 34.4385 7.3910 6.0000
   vertex 33.5000 6.9282 6.0000
   vertex 33.5000 6.9282 32.0000
  endloop
 endfacet
 facet normal -0.44229 0.89687 0.00000
  outer loop
   vertex 34.4385 7.3910 6.0000
   vertex 33.5000 6.9282 32.0000
   vertex 34.4385 7.3910 32.0000
  endloop
 endfacet
 facet normal -0.55557 0.83147 0.00000
  outer loop
   vertex 33.5000 6.9282 6.0000
   vertex 32.6299 6.3468 6.0000
   vertex 32.6299 6.3468 32.0000
  endloop
 endfacet
 facet normal -0.55557 0.83147 0.00000
  outer loop
   vertex 33.5000 6.9282 6.0000
   vertex 32.6299 6.3468 32.0000
   vertex 33.5000 6.9282 32.0000
  endloop
 endfacet
 facet normal -0.65935 0.75184 0.00000
  outer loop
   vertex 32.6299 6.3468 6.0000
   vertex 31.8431 5.6569 6.0000
   vertex 31.8431 5.6569 32.0000
  endloop
 endfacet
 facet normal -0.65935 0.75184 0.00000
  outer loop
   vertex 32.6299 6.3468 6.0000
   vertex 31.8431 5.6569 32.0000
   vertex 32.6299 6.3468 32.0000
  endloop
 endfacet
 facet normal -0.75184 0.65935 0.00000
  outer loop
   vertex 31.8431 5.6569 6.0000
   vertex 31.1532 4.8701 6.0000
   vertex 31.1532 4.8701 32.0000
  endloop
 endfacet
 facet normal -0.75184 0.65935 0.00000
  outer loop
   vertex 31.8431 5.6569 6.0000
   vertex 31.1532 4.8701 32.0000
   vertex 31.8431 5.6569 32.0000
  endloop
 endfacet
 facet normal -0.83147 0.55557 0.00000
  outer loop
   vertex 31.1532 4.8701 6.0000
   vertex 30.5718 4.0000 6.0000
   vertex 30.5718 4.0000 32.0000
  endloop
 endfacet
 facet normal -0.83147 0.55557 0.00000
  outer loop
   vertex 31.1532 4.8701 6.0000
   vertex 30.5718 4.0000 32.0000
   vertex 31.1532 4.8701 32.0000
  endloop
 endfacet
 facet normal -0.89687 0.44229 0.00000
  outer loop
   vertex 30.5718 4.0000 6.0000
   vertex 30.1090 3.0615 6.0000
   vertex 30.1090 3.0615 32.0000
  endloop
 endfacet
 facet normal -0.89687 0.44229 0.00000
  outer loop
   vertex 30.5718 4.0000 6.0000
   vertex 30.1090 3.0615 32.0000
   vertex 30.5718 4.0000 32.0000
  endloop
 endfacet
 facet normal -0.94693 0.32144 0.00000
  outer loop
   vertex 30.1090 3.0615 6.0000
   vertex 29.7726 2.0706 6.0000
   vertex 29.7726 2.0706 32.0000
  endloop
 endfacet
 facet normal -0.94693 0.32144 0.00000
  outer loop
   vertex 30.1090 3.0615 6.0000
   vertex 29.7726 2.0706 32.0000
   vertex 30.1090 3.0615 32.0000
  endloop
 endfacet
 facet normal -0.98079 0.19509 0.00000
  outer loop
   vertex 29.7726 2.0706 6.0000
   vertex 29.5684 1.0442 6.0000
   vertex 29.5684 1.0442 32.0000
  endloop
 endfacet
 facet normal -0.98079 0.19509 0.00000
  outer loop
   vertex 29.7726 2.0706 6.0000
   vertex 29.5684 1.0442 32.0000
   vertex 29.7726 2.0706 32.0000
  endloop
 endfacet
 facet normal -0.99786 0.06540 0.00000
  outer loop
   vertex 29.5684 1.0442 6.0000
   vertex 29.5000 0.0000 6.0000
   vertex 29.5000 0.0000 32.0000
  endloop
 endfacet
 facet normal -0.99786 0.06540 0.00000
  outer loop
   vertex 29.5684 1.0442 6.0000
   vertex 29.5000 0.0000 32.0000
   vertex 29.5684 1.0442 32.0000
  endloop
 endfacet
 facet normal -0.99786 -0.06540 0.00000
  outer loop
   vertex 29.5000 0.0000 6.0000
   vertex 29.5684 -1.0442 6.0000
   vertex 29.5684 -1.0442 32.0000
  endloop
 endfacet
 facet normal -0.99786 -0.06540 0.00000
  outer loop
   vertex 29.5000 0.0000 6.0000
   vertex 29.5684 -1.0442 32.0000
   vertex 29.5000 0.0000 32.0000
  endloop
 endfacet
 facet normal -0.98079 -0.19509 0.00000
  outer loop
   vertex 29.5684 -1.0442 6.0000
   vertex 29.7726 -2.0706 6.0000
   vertex 29.7726 -2.0706 32.0000
  endloop
 endfacet
 facet normal -0.98079 -0.19509 0.00000
  outer loop
   vertex 29.5684 -1.0442 6.0000
   vertex 29.7726 -2.0706 32.0000
   vertex 29.5684 -1.0442 32.0000
  endloop
 endfacet
 facet normal -0.94693 -0.32144 0.00000
  outer loop
   vertex 29.7726 -2.0706 6.0000
   vertex 30.1090 -3.0615 6.0000
   vertex 30.1090 -3.0615 32.0000
  endloop
 endfacet
 facet normal -0.94693 -0.32144 0.00000
  outer loop
   vertex 29.7726 -2.0706 6.0000
   vertex 30.1090 -3.0615 32.0000
   vertex 29.7726 -2.0706 32.0000
  endloop
 endfacet
 facet normal -0.89687 -0.44229 0.00000
  outer loop
   vertex 30.1090 -3.0615 6.0000
   vertex 30.5718 -4.0000 6.0000
   vertex 30.5718 -4.0000 32.0000
  endloop
 endfacet
 facet normal -0.89687 -0.44229 0.00000
  outer loop
   vertex 30.1090 -3.0615 6.0000
   vertex 30.5718 -4.0000 32.0000
   vertex 30.1090 -3.0615 32.0000
  endloop
 endfacet
 facet normal -0.83147 -0.55557 0.00000
  outer loop
   vertex 30.5718 -4.0000 6.0000
   vertex 31.1532 -4.8701 6.0000
   vertex 31.1532 -4.8701 32.0000
  endloop
 endfacet
 facet normal -0.83147 -0.55557 0.00000
  outer loop
   vertex 30.5718 -4.0000 6.0000
   vertex 31.1532 -4.8701 32.0000
   vertex 30.5718 -4.0000 32.0000
  endloop
 endfacet
 facet normal -0.75184 -0.65935 0.00000
  outer loop
   vertex 31.1532 -4.8701 6.0000
   vertex 31.8431 -5.6569 6.0000
   vertex 31.8431 -5.6569 32.0000
  endloop
 endfacet
 facet normal -0.75184 -0.65935 0.00000
  outer loop
   vertex 31.1532 -4.8701 6.0000
   vertex 31.8431 -5.6569 32.0000
   vertex 31.1532 -4.8701 32.0000
  endloop
 endfacet
 facet normal -0.65935 -0.75184 0.00000
  outer loop
   vertex 31.8431 -5.6569 6.0000
   vertex 32.6299 -6.3468 6.0000
   vertex 32.6299 -6.3468 32.0000
  endloop
 endfacet
 facet normal -0.65935 -0.75184 0.00000
  outer loop
   vertex 31.8431 -5.6569 6.0000
   vertex 32.6299 -6.3468 32.0000
   vertex 31.8431 -5.6569 32.0000
  endloop
 endfacet
 facet normal -0.55557 -0.83147 0.00000
  outer loop
   vertex 32.6299 -6.3468 6.0000
   vertex 33.5000 -6.9282 6.0000
   vertex 33.5000 -6.9282 32.0000
  endloop
 endfacet
 facet normal -0.55557 -0.83147 0.00000
  outer loop
   vertex 32.6299 -6.3468 6.0000
   vertex 33.5000 -6.9282 32.0000
   vertex 32.6299 -6.3468 32.0000
  endloop
 endfacet
 facet normal -0.44229 -0.89687 0.00000
  outer loop
   vertex 33.5000 -6.9282 6.0000
   vertex 34.4385 -7.3910 6.0000
   vertex 34.4385 -7.3910 32.0000
  endloop
 endfacet
 facet normal -0.44229 -0.89687 0.00000
  outer loop
   vertex 33.5000 -6.9282 6.0000
   vertex 34.4385 -7.3910 32.0000
   vertex 33.5000 -6.9282 32.0000
  endloop
 endfacet
 facet normal -0.32144 -0.94693 0.00000
  outer loop
   vertex 34.4385 -7.3910 6.0000
   vertex 35.4294 -7.7274 6.0000
   vertex 35.4294 -7.7274 32.0000
  endloop
 endfacet
 facet normal -0.32144 -0.94693 0.00000
  outer loop
   vertex 34.4385 -7.3910 6.0000
   vertex 35.4294 -7.7274 32.0000
   vertex 34.4385 -7.3910 32.0000
  endloop
 endfacet
 facet normal -0.19509 -0.98079 0.00000
  outer loop
   vertex 35.4294 -7.7274 6.0000
   vertex 36.4558 -7.9316 6.0000
   vertex 36.4558 -7.9316 32.0000
  endloop
 endfacet
 facet normal -0.19509 -0.98079 0.00000
  outer loop
   vertex 35.4294 -7.7274 6.0000
   vertex 36.4558 -7.9316 32.0000
   vertex 35.4294 -7.7274 32.0000
  endloop
 endfacet
 facet normal -0.06540 -0.99786 0.00000
  outer loop
   vertex 36.4558 -7.9316 6.0000
   vertex 37.5000 -8.0000 6.0000
   vertex 37.5000 -8.0000 32.0000
  endloop
 endfacet
 facet normal -0.06540 -0.99786 0.00000
  outer loop
   vertex 36.4558 -7.9316 6.0000
   vertex 37.5000 -8.0000 32.0000
   vertex 36.4558 -7.9316 32.0000
  endloop
 endfacet
 facet normal 0.06540 -0.99786 0.00000
  outer loop
   vertex 37.5000 -8.0000 6.0000
   vertex 38.5442 -7.9316 6.0000
   vertex 38.5442 -7.9316 32.0000
  endloop
 endfacet
 facet normal 0.06540 -0.99786 0.00000
  outer loop
   vertex 37.5000 -8.0000 6.0000
   vertex 38.5442 -7.9316 32.0000
   vertex 37.5000 -8.0000 32.0000
  endloop
 endfacet
 facet normal 0.19509 -0.98079 0.00000
  outer loop
   vertex 38.5442 -7.9316 6.0000
   vertex 39.5706 -7.7274 6.0000
   vertex 39.5706 -7.7274 32.0000
  endloop
 endfacet
 facet normal 0.19509 -0.98079 0.00000
  outer loop
   vertex 38.5442 -7.9316 6.0000
   vertex 39.5706 -7.7274 32.0000
   vertex 38.5442 -7.9316 32.0000
  endloop
 endfacet
 facet normal 0.32144 -0.94693 0.00000
  outer loop
   vertex 39.5706 -7.7274 6.0000
   vertex 40.5615 -7.3910 6.0000
   vertex 40.5615 -7.3910 32.0000
  endloop
 endfacet
 facet normal 0.32144 -0.94693 0.00000
  outer loop
   vertex 39.5706 -7.7274 6.0000
   vertex 40.5615 -7.3910 32.0000
   vertex 39.5706 -7.7274 32.0000
  endloop
 endfacet
 facet normal 0.44229 -0.89687 0.00000
  outer loop
   vertex 40.5615 -7.3910 6.0000
   vertex 41.5000 -6.9282 6.0000
   vertex 41.5000 -6.9282 32.0000
  endloop
 endfacet
 facet normal 0.44229 -0.89687 0.00000
  outer loop
   vertex 40.5615 -7.3910 6.0000
   vertex 41.5000 -6.9282 32.0000
   vertex 40.5615 -7.3910 32.0000
  endloop
 endfacet
 facet normal 0.55557 -0.83147 0.00000
  outer loop
   vertex 41.5000 -6.9282 6.0000
   vertex 42.3701 -6.3468 6.0000
   vertex 42.3701 -6.3468 32.0000
  endloop
 endfacet
 facet normal 0.55557 -0.83147 0.00000
  outer loop
   vertex 41.5000 -6.9282 6.0000
   vertex 42.3701 -6.3468 32.0000
   vertex 41.5000 -6.9282 32.0000
  endloop
 endfacet
 facet normal 0.65935 -0.75184 0.00000
  outer loop
   vertex 42.3701 -6.3468 6.0000
   vertex 43.1569 -5.6569 6.0000
   vertex 43.1569 -5.6569 32.0000
  endloop
 endfacet
 facet normal 0.65935 -0.75184 0.00000
  outer loop
   vertex 42.3701 -6.3468 6.0000
   vertex 43.1569 -5.6569 32.0000
   vertex 42.3701 -6.3468 32.0000
  endloop
 endfacet
 facet normal 0.75184 -0.65935 0.00000
  outer loop
   vertex 43.1569 -5.6569 6.0000
   vertex 43.8468 -4.8701 6.0000
   vertex 43.8468 -4.8701 32.0000
  endloop
 endfacet
 facet normal 0.75184 -0.65935 0.00000
  outer loop
   vertex 43.1569 -5.6569 6.0000
   vertex 43.8468 -4.8701 32.0000
   vertex 43.1569 -5.6569 32.0000
  endloop
 endfacet
 facet normal 0.83147 -0.55557 0.00000
  outer loop
   vertex 43.8468 -4.8701 6.0000
   vertex 44.4282 -4.0000 6.0000
   vertex 44.4282 -4.0000 32.0000
  endloop
 endfacet
 facet normal 0.83147 -0.55557 0.00000
  outer loop
   vertex 43.8468 -4.8701 6.0000
   vertex 44.4282 -4.0000 32.0000
   vertex 43.8468 -4.8701 32.0000
  endloop
 endfacet
 facet normal 0.89687 -0.44229 0.00000
  outer loop
   vertex 44.4282 -4.0000 6.0000
   vertex 44.8910 -3.0615 6.0000
   vertex 44.8910 -3.0615 32.0000
  endloop
 endfacet
 facet normal 0.89687 -0.44229 0.00000
  outer loop
   vertex 44.4282 -4.0000 6.0000
   vertex 44.8910 -3.0615 32.0000
   vertex 44.4282 -4.0000 32.0000
  endloop
 endfacet
 facet normal 0.94693 -0.32144 0.00000
  outer loop
   vertex 44.8910 -3.0615 6.0000
   vertex 45.2274 -2.0706 6.0000
   vertex 45.2274 -2.0706 32.0000
  endloop
 endfacet
 facet normal 0.94693 -0.32144 0.00000
  outer loop
   vertex 44.8910 -3.0615 6.0000
   vertex 45.2274 -2.0706 32.0000
   vertex 44.8910 -3.0615 32.0000
  endloop
 endfacet
 facet normal 0.98079 -0.19509 0.00000
  outer loop
   vertex 45.2274 -2.0706 6.0000
   vertex 45.4316 -1.0442 6.0000
   vertex 45.4316 -1.0442 32.0000
  endloop
 endfacet
 facet normal 0.98079 -0.19509 0.00000
  outer loop
   vertex 45.2274 -2.0706 6.0000
   vertex 45.4316 -1.0442 32.0000
   vertex 45.2274 -2.0706 32.0000
  endloop
 endfacet
 facet normal 0.99786 -0.06540 0.00000
  outer loop
   vertex 45.4316 -1.0442 6.0000
   vertex 45.5000 0.0000 6.0000
   vertex 45.5000 0.0000 32.0000
  endloop
 endfacet
 facet normal 0.99786 -0.06540 0.00000
  outer loop
   vertex 45.4316 -1.0442 6.0000
   vertex 45.5000 0.0000 32.0000
   vertex 45.4316 -1.0442 32.0000
  endloop
 endfacet
 facet normal 0.00000 0.00000 -1.00000
  outer loop
   vertex 37.5000 0.0000 6.0000
   vertex 45.4316 1.0442 6.0000
   vertex 45.5000 0.0000 6.0000
  endloop
 endfacet
 facet normal 0.00000 0.00000 1.00000
  outer loop
   vertex 37.5000 0.0000 32.0000
   vertex 45.5000 0.0000 32.0000
   vertex 45.4316 1.0442 32.0000
  endloop
 endfacet
 facet normal 0.00000 0.00000 -1.00000
  outer loop
   vertex 37.5000 0.0000 6.0000
   vertex 45.2274 2.0706 6.0000
   vertex 45.4316 1.0442 6.0000
  endloop
 endfacet
 facet normal 0.00000 0.00000 1.00000
  outer loop
   vertex 37.5000 0.0000 32.0000
   vertex 45.4316 1.0442 32.0000
   vertex 45.2274 2.0706 32.0000
  endloop
 endfacet
 facet normal 0.00000 0.00000 -1.00000
  outer loop
   vertex 37.5000 0.0000 6.0000
   vertex 44.8910 3.0615 6.0000
   vertex 45.2274 2.0706 6.0000
  endloop
 endfacet
 facet normal 0.00000 0.00000 1.00000
  outer loop
   vertex 37.5000 0.0000 32.0000
   vertex 45.2274 2.0706 32.0000
   vertex 44.8910 3.0615 32.0000
  endloop
 endfacet
 facet normal 0.00000 0.00000 -1.00000
  outer loop
   vertex 37.5000 0.0000 6.0000
   vertex 44.4282 4.0000 6.0000
   vertex 44.8910 3.0615 6.0000
  endloop
 endfacet
 facet normal 0.00000 0.00000 1.00000
  outer loop
   vertex 37.5000 0.0000 32.0000
   vertex 44.8910 3.0615 32.0000
   vertex 44.4282 4.0000 32.0000
  endloop
 endfacet
 facet normal 0.00000 0.00000 -1.00000
  outer loop
   vertex 37.5000 0.0000 6.0000
   vertex 43.8468 4.8701 6.0000
   vertex 44.4282 4.0000 6.0000
  endloop
 endfacet
 facet normal 0.00000 0.00000 1.00000
  outer loop
   vertex 37.5000 0.0000 32.0000
   vertex 44.4282 4.0000 32.0000
   vertex 43.8468 4.8701 32.0000
  endloop
 endfacet
 facet normal 0.00000 0.00000 -1.00000
  outer loop
   vertex 37.5000 0.0000 6.0000
   vertex 43.1569 5.6569 6.0000
   vertex 43.8468 4.8701 6.0000
  endloop
 endfacet
 facet normal 0.00000 0.00000 1.00000
  outer loop
   vertex 37.5000 0.0000 32.0000
   vertex 43.8468 4.8701 32.0000
   vertex 43.1569 5.6569 32.0000
  endloop
 endfacet
 facet normal 0.00000 0.00000 -1.00000
  outer loop
   vertex 37.5000 0.0000 6.0000
   vertex 42.3701 6.3468 6.0000
   vertex 43.1569 5.6569 6.0000
  endloop
 endfacet
 facet normal 0.00000 0.00000 1.00000
  outer loop
   vertex 37.5000 0.0000 32.0000
   vertex 43.1569 5.6569 32.0000
   vertex 42.3701 6.3468 32.0000
  endloop
 endfacet
 facet normal 0.00000 0.00000 -1.00000
  outer loop
   vertex 37.5000 0.0000 6.0000
   vertex 41.5000 6.9282 6.0000
   vertex 42.3701 6.3468 6.0000
  endloop
 endfacet
 facet normal 0.00000 0.00000 1.00000
  outer loop
   vertex 37.5000 0.0000 32.0000
   vertex 42.3701 6.3468 32.0000
   vertex 41.5000 6.9282 32.0000
  endloop
 endfacet
 facet normal 0.00000 0.00000 -1.00000
  outer loop
   vertex 37.5000 0.0000 6.0000
   vertex 40.5615 7.3910 6.0000
   vertex 41.5000 6.9282 6.0000
  endloop
 endfacet
 facet normal 0.00000 0.00000 1.00000
  outer loop
   vertex 37.5000 0.0000 32.0000
   vertex 41.5000 6.9282 32.0000
   vertex 40.5615 7.3910 32.0000
  endloop
 endfacet
 facet normal 0.00000 0.00000 -1.00000
  outer loop
   vertex 37.5000 0.0000 6.0000
   vertex 39.5706 7.7274 6.0000
   vertex 40.5615 7.3910 6.0000
  endloop
 endfacet
 facet normal 0.00000 0.00000 1.00000
  outer loop
   vertex 37.5000 0.0000 32.0000
   vertex 40.5615 7.3910 32.0000
   vertex 39.5706 7.7274 32.0000
  endloop
 endfacet
 facet normal 0.00000 0.00000 -1.00000
  outer loop
   vertex 37.5000 0.0000 6.0000
   vertex 38.5442 7.9316 6.0000
   vertex 39.5706 7.7274 6.0000
  endloop
 endfacet
 facet normal 0.00000 0.00000 1.00000
  outer loop
   vertex 37.5000 0.0000 32.0000
   vertex 39.5706 7.7274 32.0000
   vertex 38.5442 7.9316 32.0000
  endloop
 endfacet
 facet normal 0.00000 0.00000 -1.00000
  outer loop
   vertex 37.5000 0.0000 6.0000
   vertex 37.5000 8.0000 6.0000
   vertex 38.5442 7.9316 6.0000
  endloop
 endfacet
 facet normal 0.00000 0.00000 1.00000
  outer loop
   vertex 37.5000 0.0000 32.0000
   vertex 38.5442 7.9316 32.0000
   vertex 37.5000 8.0000 32.0000
  endloop
 endfacet
 facet normal 0.00000 0.00000 -1.00000
  outer loop
   vertex 37.5000 0.0000 6.0000
   vertex 36.4558 7.9316 6.0000
   vertex 37.5000 8.0000 6.0000
  endloop
 endfacet
 facet normal 0.00000 -0.00000 1.00000
  outer loop
   vertex 37.5000 0.0000 32.0000
   vertex 37.5000 8.0000 32.0000
   vertex 36.4558 7.9316 32.0000
  endloop
 endfacet
 facet normal 0.00000 0.00000 -1.00000
  outer loop
   vertex 37.5000 0.0000 6.0000
   vertex 35.4294 7.7274 6.0000
   vertex 36.4558 7.9316 6.0000
  endloop
 endfacet
 facet normal 0.00000 0.00000 1.00000
  outer loop
   vertex 37.5000 0.0000 32.0000
   vertex 36.4558 7.9316 32.0000
   vertex 35.4294 7.7274 32.0000
  endloop
 endfacet
 facet normal 0.00000 0.00000 -1.00000
  outer loop
   vertex 37.5000 0.0000 6.0000
   vertex 34.4385 7.3910 6.0000
   vertex 35.4294 7.7274 6.0000
  endloop
 endfacet
 facet normal 0.00000 0.00000 1.00000
  outer loop
   vertex 37.5000 0.0000 32.0000
   vertex 35.4294 7.7274 32.0000
   vertex 34.4385 7.3910 32.0000
  endloop
 endfacet
 facet normal 0.00000 0.00000 -1.00000
  outer loop
   vertex 37.5000 0.0000 6.0000
   vertex 33.5000 6.9282 6.0000
   vertex 34.4385 7.3910 6.0000
  endloop
 endfacet
 facet normal 0.00000 0.00000 1.00000
  outer loop
   vertex 37.5000 0.0000 32.0000
   vertex 34.4385 7.3910 32.0000
   vertex 33.5000 6.9282 32.0000
  endloop
 endfacet
 facet normal 0.00000 0.00000 -1.00000
  outer loop
   vertex 37.5000 0.0000 6.0000
   vertex 32.6299 6.3468 6.0000
   vertex 33.5000 6.9282 6.0000
  endloop
 endfacet
 facet normal 0.00000 0.00000 1.00000
  outer loop
   vertex 37.5000 0.0000 32.0000
   vertex 33.5000 6.9282 32.0000
   vertex 32.6299 6.3468 32.0000
  endloop
 endfacet
 facet normal 0.00000 0.00000 -1.00000
  outer loop
   vertex 37.5000 0.0000 6.0000
   vertex 31.8431 5.6569 6.0000
   vertex 32.6299 6.3468 6.0000
  endloop
 endfacet
 facet normal 0.00000 0.00000 1.00000
  outer loop
   vertex 37.5000 0.0000 32.0000
   vertex 32.6299 6.3468 32.0000
   vertex 31.8431 5.6569 32.0000
  endloop
 endfacet
 facet normal 0.00000 0.00000 -1.00000
  outer loop
   vertex 37.5000 0.0000 6.0000
   vertex 31.1532 4.8701 6.0000
   vertex 31.8431 5.6569 6.0000
  endloop
 endfacet
 facet normal 0.00000 0.00000 1.00000
  outer loop
   vertex 37.5000 0.0000 32.0000
   vertex 31.8431 5.6569 32.0000
   vertex 31.1532 4.8701 32.0000
  endloop
 endfacet
 facet normal 0.00000 0.00000 -1.00000
  outer loop
   vertex 37.5000 0.0000 6.0000
   vertex 30.5718 4.0000 6.0000
   vertex 31.1532 4.8701 6.0000
  endloop
 endfacet
 facet normal 0.00000 0.00000 1.00000
  outer loop
   vertex 37.5000 0.0000 32.0000
   vertex 31.1532 4.8701 32.0000
   vertex 30.5718 4.0000 32.0000
  endloop
 endfacet
 facet normal 0.00000 0.00000 -1.00000
  outer loop
   vertex 37.5000 0.0000 6.0000
   vertex 30.1090 3.0615 6.0000
   vertex 30.5718 4.0000 6.0000
  endloop
 endfacet
 facet normal 0.00000 0.00000 1.00000
  outer loop
   vertex 37.5000 0.0000 32.0000
   vertex 30.5718 4.0000 32.0000
   vertex 30.1090 3.0615 32.0000
  endloop
 endfacet
 facet normal 0.00000 0.00000 -1.00000
  outer loop
   vertex 37.5000 0.0000 6.0000
   vertex 29.7726 2.0706 6.0000
   vertex 30.1090 3.0615 6.0000
  endloop
 endfacet
 facet normal 0.00000 0.00000 1.00000
  outer loop
   vertex 37.5000 0.0000 32.0000
   vertex 30.1090 3.0615 32.0000
   vertex 29.7726 2.0706 32.0000
  endloop
 endfacet
 facet normal 0.00000 0.00000 -1.00000
  outer loop
   vertex 37.5000 0.0000 6.0000
   vertex 29.5684 1.0442 6.0000
   vertex 29.7726 2.0706 6.0000
  endloop
 endfacet
 facet normal 0.00000 0.00000 1.00000
  outer loop
   vertex 37.5000 0.0000 32.0000
   vertex 29.7726 2.0706 32.0000
   vertex 29.5684 1.0442 32.0000
  endloop
 endfacet
 facet normal 0.00000 0.00000 -1.00000
  outer loop
   vertex 37.5000 0.0000 6.0000
   vertex 29.5000 0.0000 6.0000
   vertex 29.5684 1.0442 6.0000
  endloop
 endfacet
 facet normal 0.00000 0.00000 1.00000
  outer loop
   vertex 37.5000 0.0000 32.0000
   vertex 29.5684 1.0442 32.0000
   vertex 29.5000 0.0000 32.0000
  endloop
 endfacet
 facet normal -0.00000 0.00000 -1.00000
  outer loop
   vertex 37.5000 0.0000 6.0000
   vertex 29.5684 -1.0442 6.0000
   vertex 29.5000 0.0000 6.0000
  endloop
 endfacet
 facet normal 0.00000 0.00000 1.00000
  outer loop
   vertex 37.5000 0.0000 32.0000
   vertex 29.5000 0.0000 32.0000
   vertex 29.5684 -1.0442 32.0000
  endloop
 endfacet
 facet normal 0.00000 0.00000 -1.00000
  outer loop
   vertex 37.5000 0.0000 6.0000
   vertex 29.7726 -2.0706 6.0000
   vertex 29.5684 -1.0442 6.0000
  endloop
 endfacet
 facet normal 0.00000 0.00000 1.00000
  outer loop
   vertex 37.5000 0.0000 32.0000
   vertex 29.5684 -1.0442 32.0000
   vertex 29.7726 -2.0706 32.0000
  endloop
 endfacet
 facet normal 0.00000 0.00000 -1.00000
  outer loop
   vertex 37.5000 0.0000 6.0000
   vertex 30.1090 -3.0615 6.0000
   vertex 29.7726 -2.0706 6.0000
  endloop
 endfacet
 facet normal 0.00000 0.00000 1.00000
  outer loop
   vertex 37.5000 0.0000 32.0000
   vertex 29.7726 -2.0706 32.0000
   vertex 30.1090 -3.0615 32.0000
  endloop
 endfacet
 facet normal 0.00000 0.00000 -1.00000
  outer loop
   vertex 37.5000 0.0000 6.0000
   vertex 30.5718 -4.0000 6.0000
   vertex 30.1090 -3.0615 6.0000
  endloop
 endfacet
 facet normal 0.00000 0.00000 1.00000
  outer loop
   vertex 37.5000 0.0000 32.0000
   vertex 30.1090 -3.0615 32.0000
   vertex 30.5718 -4.0000 32.0000
  endloop
 endfacet
 facet normal 0.00000 0.00000 -1.00000
  outer loop
   vertex 37.5000 0.0000 6.0000
   vertex 31.1532 -4.8701 6.0000
   vertex 30.5718 -4.0000 6.0000
  endloop
 endfacet
 facet normal 0.00000 0.00000 1.00000
  outer loop
   vertex 37.5000 0.0000 32.0000
   vertex 30.5718 -4.0000 32.0000
   vertex 31.1532 -4.8701 32.0000
  endloop
 endfacet
 facet normal 0.00000 0.00000 -1.00000
  outer loop
   vertex 37.5000 0.0000 6.0000
   vertex 31.8431 -5.6569 6.0000
   vertex 31.1532 -4.8701 6.0000
  endloop
 endfacet
 facet normal 0.00000 0.00000 1.00000
  outer loop
   vertex 37.5000 0.0000 32.0000
   vertex 31.1532 -4.8701 32.0000
   vertex 31.8431 -5.6569 32.0000
  endloop
 endfacet
 facet normal 0.00000 0.00000 -1.00000
  outer loop
   vertex 37.5000 0.0000 6.0000
   vertex 32.6299 -6.3468 6.0000
   vertex 31.8431 -5.6569 6.0000
  endloop
 endfacet
 facet normal 0.00000 0.00000 1.00000
  outer loop
   vertex 37.5000 0.0000 32.0000
   vertex 31.8431 -5.6569 32.0000
   vertex 32.6299 -6.3468 32.0000
  endloop
 endfacet
 facet normal 0.00000 0.00000 -1.00000
  outer loop
   vertex 37.5000 0.0000 6.0000
   vertex 33.5000 -6.9282 6.0000
   vertex 32.6299 -6.3468 6.0000
  endloop
 endfacet
 facet normal 0.00000 0.00000 1.00000
  outer loop
   vertex 37.5000 0.0000 32.0000
   vertex 32.6299 -6.3468 32.0000
   vertex 33.5000 -6.9282 32.0000
  endloop
 endfacet
 facet normal 0.00000 0.00000 -1.00000
  outer loop
   vertex 37.5000 0.0000 6.0000
   vertex 34.4385 -7.3910 6.0000
   vertex 33.5000 -6.9282 6.0000
  endloop
 endfacet
 facet normal 0.00000 0.00000 1.00000
  outer loop
   vertex 37.5000 0.0000 32.0000
   vertex 33.5000 -6.9282 32.0000
   vertex 34.4385 -7.3910 32.0000
  endloop
 endfacet
 facet normal 0.00000 0.00000 -1.00000
  outer loop
   vertex 37.5000 0.0000 6.0000
   vertex 35.4294 -7.7274 6.0000
   vertex 34.4385 -7.3910 6.0000
  endloop
 endfacet
 facet normal 0.00000 0.00000 1.00000
  outer loop
   vertex 37.5000 0.0000 32.0000
   vertex 34.4385 -7.3910 32.0000
   vertex 35.4294 -7.7274 32.0000
  endloop
 endfacet
 facet normal 0.00000 0.00000 -1.00000
  outer loop
   vertex 37.5000 0.0000 6.0000
   vertex 36.4558 -7.9316 6.0000
   vertex 35.4294 -7.7274 6.0000
  endloop
 endfacet
 facet normal 0.00000 0.00000 1.00000
  outer loop
   vertex 37.5000 0.0000 32.0000
   vertex 35.4294 -7.7274 32.0000
   vertex 36.4558 -7.9316 32.0000
  endloop
 endfacet
 facet normal 0.00000 -0.00000 -1.00000
  outer loop
   vertex 37.5000 0.0000 6.0000
   vertex 37.5000 -8.0000 6.0000
   vertex 36.4558 -7.9316 6.0000
  endloop
 endfacet
 facet normal 0.00000 0.00000 1.00000
  outer loop
   vertex 37.5000 0.0000 32.0000
   vertex 36.4558 -7.9316 32.0000
   vertex 37.5000 -8.0000 32.0000
  endloop
 endfacet
 facet normal 0.00000 0.00000 -1.00000
  outer loop
   vertex 37.5000 0.0000 6.0000
   vertex 38.5442 -7.9316 6.0000
   vertex 37.5000 -8.0000 6.0000
  endloop
 endfacet
 facet normal 0.00000 0.00000 1.00000
  outer loop
   vertex 37.5000 0.0000 32.0000
   vertex 37.5000 -8.0000 32.0000
   vertex 38.5442 -7.9316 32.0000
  endloop
 endfacet
 facet normal 0.00000 0.00000 -1.00000
  outer loop
   vertex 37.5000 0.0000 6.0000
   vertex 39.5706 -7.7274 6.0000
   vertex 38.5442 -7.9316 6.0000
  endloop
 endfacet
 facet normal 0.00000 0.00000 1.00000
  outer loop
   vertex 37.5000 0.0000 32.0000
   vertex 38.5442 -7.9316 32.0000
   vertex 39.5706 -7.7274 32.0000
  endloop
 endfacet
 facet normal 0.00000 0.00000 -1.00000
  outer loop
   vertex 37.5000 0.0000 6.0000
   vertex 40.5615 -7.3910 6.0000
   vertex 39.5706 -7.7274 6.0000
  endloop
 endfacet
 facet normal 0.00000 0.00000 1.00000
  outer loop
   vertex 37.5000 0.0000 32.0000
   vertex 39.5706 -7.7274 32.0000
   vertex 40.5615 -7.3910 32.0000
  endloop
 endfacet
 facet normal 0.00000 0.00000 -1.00000
  outer loop
   vertex 37.5000 0.0000 6.0000
   vertex 41.5000 -6.9282 6.0000
   vertex 40.5615 -7.3910 6.0000
  endloop
 endfacet
 facet normal 0.00000 0.00000 1.00000
  outer loop
   vertex 37.5000 0.0000 32.0000
   vertex 40.5615 -7.3910 32.0000
   vertex 41.5000 -6.9282 32.0000
  endloop
 endfacet
 facet normal 0.00000 0.00000 -1.00000
  outer loop
   vertex 37.5000 0.0000 6.0000
   vertex 42.3701 -6.3468 6.0000
   vertex 41.5000 -6.9282 6.0000
  endloop
 endfacet
 facet normal 0.00000 0.00000 1.00000
  outer loop
   vertex 37.5000 0.0000 32.0000
   vertex 41.5000 -6.9282 32.0000
   vertex 42.3701 -6.3468 32.0000
  endloop
 endfacet
 facet normal 0.00000 0.00000 -1.00000
  outer loop
   vertex 37.5000 0.0000 6.0000
   vertex 43.1569 -5.6569 6.0000
   vertex 42.3701 -6.3468 6.0000
  endloop
 endfacet
 facet normal 0.00000 0.00000 1.00000
  outer loop
   vertex 37.5000 0.0000 32.0000
   vertex 42.3701 -6.3468 32.0000
   vertex 43.1569 -5.6569 32.0000
  endloop
 endfacet
 facet normal 0.00000 0.00000 -1.00000
  outer loop
   vertex 37.5000 0.0000 6.0000
   vertex 43.8468 -4.8701 6.0000
   vertex 43.1569 -5.6569 6.0000
  endloop
 endfacet
 facet normal 0.00000 0.00000 1.00000
  outer loop
   vertex 37.5000 0.0000 32.0000
   vertex 43.1569 -5.6569 32.0000
   vertex 43.8468 -4.8701 32.0000
  endloop
 endfacet
 facet normal 0.00000 0.00000 -1.00000
  outer loop
   vertex 37.5000 0.0000 6.0000
   vertex 44.4282 -4.0000 6.0000
   vertex 43.8468 -4.8701 6.0000
  endloop
 endfacet
 facet normal 0.00000 0.00000 1.00000
  outer loop
   vertex 37.5000 0.0000 32.0000
   vertex 43.8468 -4.8701 32.0000
   vertex 44.4282 -4.0000 32.0000
  endloop
 endfacet
 facet normal 0.00000 0.00000 -1.00000
  outer loop
   vertex 37.5000 0.0000 6.0000
   vertex 44.8910 -3.0615 6.0000
   vertex 44.4282 -4.0000 6.0000
  endloop
 endfacet
 facet normal 0.00000 0.00000 1.00000
  outer loop
   vertex 37.5000 0.0000 32.0000
   vertex 44.4282 -4.0000 32.0000
   vertex 44.8910 -3.0615 32.0000
  endloop
 endfacet
 facet normal 0.00000 0.00000 -1.00000
  outer loop
   vertex 37.5000 0.0000 6.0000
   vertex 45.2274 -2.0706 6.0000
   vertex 44.8910 -3.0615 6.0000
  endloop
 endfacet
 facet normal 0.00000 0.00000 1.00000
  outer loop
   vertex 37.5000 0.0000 32.0000
   vertex 44.8910 -3.0615 32.0000
   vertex 45.2274 -2.0706 32.0000
  endloop
 endfacet
 facet normal 0.00000 0.00000 -1.00000
  outer loop
   vertex 37.5000 0.0000 6.0000
   vertex 45.4316 -1.0442 6.0000
   vertex 45.2274 -2.0706 6.0000
  endloop
 endfacet
 facet normal 0.00000 0.00000 1.00000
  outer loop
   vertex 37.5000 0.0000 32.0000
   vertex 45.2274 -2.0706 32.0000
   vertex 45.4316 -1.0442 32.0000
  endloop
 endfacet
 facet normal 0.00000 0.00000 -1.00000
  outer loop
   vertex 37.5000 0.0000 6.0000
   vertex 45.5000 0.0000 6.0000
   vertex 45.4316 -1.0442 6.0000
  endloop
 endfacet
 facet normal -0.00000 0.00000 1.00000
  outer loop
   vertex 37.5000 0.0000 32.0000
   vertex 45.4316 -1.0442 32.0000
   vertex 45.5000 0.0000 32.0000
  endloop
 endfacet
 facet normal 0.00000 0.00000 -1.00000
  outer loop
   vertex 45.5000 -0.8000 9.0000
   vertex 54.0000 0.8000 9.0000
   vertex 54.0000 -0.8000 9.0000
  endloop
 endfacet
 facet normal 0.00000 0.00000 -1.00000
  outer loop
   vertex 45.5000 -0.8000 9.0000
   vertex 45.5000 0.8000 9.0000
   vertex 54.0000 0.8000 9.0000
  endloop
 endfacet
 facet normal 0.00000 0.00000 1.00000
  outer loop
   vertex 45.5000 -0.8000 29.0000
   vertex 54.0000 -0.8000 29.0000
   vertex 54.0000 0.8000 29.0000
  endloop
 endfacet
 facet normal 0.00000 0.00000 1.00000
  outer loop
   vertex 45.5000 -0.8000 29.0000
   vertex 54.0000 0.8000 29.0000
   vertex 45.5000 0.8000 29.0000
  endloop
 endfacet
 facet normal 0.00000 -1.00000 0.00000
  outer loop
   vertex 45.5000 -0.8000 9.0000
   vertex 54.0000 -0.8000 9.0000
   vertex 54.0000 -0.8000 29.0000
  endloop
 endfacet
 facet normal 0.00000 -1.00000 0.00000
  outer loop
   vertex 45.5000 -0.8000 9.0000
   vertex 54.0000 -0.8000 29.0000
   vertex 45.5000 -0.8000 29.0000
  endloop
 endfacet
 facet normal 1.00000 0.00000 0.00000
  outer loop
   vertex 54.0000 -0.8000 9.0000
   vertex 54.0000 0.8000 9.0000
   vertex 54.0000 0.8000 29.0000
  endloop
 endfacet
 facet normal 1.00000 0.00000 0.00000
  outer loop
   vertex 54.0000 -0.8000 9.0000
   vertex 54.0000 0.8000 29.0000
   vertex 54.0000 -0.8000 29.0000
  endloop
 endfacet
 facet normal 0.00000 1.00000 0.00000
  outer loop
   vertex 54.0000 0.8000 9.0000
   vertex 45.5000 0.8000 9.0000
   vertex 45.5000 0.8000 29.0000
  endloop
 endfacet
 facet normal 0.00000 1.00000 -0.00000
  outer loop
   vertex 54.0000 0.8000 9.0000
   vertex 45.5000 0.8000 29.0000
   vertex 54.0000 0.8000 29.0000
  endloop
 endfacet
 facet normal -1.00000 0.00000 0.00000
  outer loop
   vertex 45.5000 0.8000 9.0000
   vertex 45.5000 -0.8000 9.0000
   vertex 45.5000 -0.8000 29.0000
  endloop
 endfacet
 facet normal -1.00000 0.00000 0.00000
  outer loop
   vertex 45.5000 0.8000 9.0000
   vertex 45.5000 -0.8000 29.0000
   vertex 45.5000 0.8000 29.0000
  endloop
 endfacet
 facet normal 0.00000 0.00000 -1.00000
  outer loop
   vertex 43.1134 5.7559 9.0000
   vertex 47.1621 13.3990 9.0000
   vertex 48.4130 12.4014 9.0000
  endloop
 endfacet
 facet normal 0.00000 0.00000 -1.00000
  outer loop
   vertex 43.1134 5.7559 9.0000
   vertex 41.8625 6.7534 9.0000
   vertex 47.1621 13.3990 9.0000
  endloop
 endfacet
 facet normal 0.00000 0.00000 1.00000
  outer loop
   vertex 43.1134 5.7559 29.0000
   vertex 48.4130 12.4014 29.0000
   vertex 47.1621 13.3990 29.0000
  endloop
 endfacet
 facet normal 0.00000 -0.00000 1.00000
  outer loop
   vertex 43.1134 5.7559 29.0000
   vertex 47.1621 13.3990 29.0000
   vertex 41.8625 6.7534 29.0000
  endloop
 endfacet
 facet normal 0.78183 -0.62349 0.00000
  outer loop
   vertex 43.1134 5.7559 9.0000
   vertex 48.4130 12.4014 9.0000
   vertex 48.4130 12.4014 29.0000
  endloop
 endfacet
 facet normal 0.78183 -0.62349 0.00000
  outer loop
   vertex 43.1134 5.7559 9.0000
   vertex 48.4130 12.4014 29.0000
   vertex 43.1134 5.7559 29.0000
  endloop
 endfacet
 facet normal 0.62349 0.78183 0.00000
  outer loop
   vertex 48.4130 12.4014 9.0000
   vertex 47.1621 13.3990 9.0000
   vertex 47.1621 13.3990 29.0000
  endloop
 endfacet
 facet normal 0.62349 0.78183 -0.00000
  outer loop
   vertex 48.4130 12.4014 9.0000
   vertex 47.1621 13.3990 29.0000
   vertex 48.4130 12.4014 29.0000
  endloop
 endfacet
 facet normal -0.78183 0.62349 0.00000
  outer loop
   vertex 47.1621 13.3990 9.0000
   vertex 41.8625 6.7534 9.0000
   vertex 41.8625 6.7534 29.0000
  endloop
 endfacet
 facet normal -0.78183 0.62349 0.00000
  outer loop
   vertex 47.1621 13.3990 9.0000
   vertex 41.8625 6.7534 29.0000
   vertex 47.1621 13.3990 29.0000
  endloop
 endfacet
 facet normal -0.62349 -0.78183 0.00000
  outer loop
   vertex 41.8625 6.7534 9.0000
   vertex 43.1134 5.7559 9.0000
   vertex 43.1134 5.7559 29.0000
  endloop
 endfacet
 facet normal -0.62349 -0.78183 0.00000
  outer loop
   vertex 41.8625 6.7534 9.0000
   vertex 43.1134 5.7559 29.0000
   vertex 41.8625 6.7534 29.0000
  endloop
 endfacet
 facet normal 0.00000 0.00000 -1.00000
  outer loop
   vertex 36.4998 7.9774 9.0000
   vertex 33.0485 15.9083 9.0000
   vertex 34.6083 16.2643 9.0000
  endloop
 endfacet
 facet normal -0.00000 0.00000 -1.00000
  outer loop
   vertex 36.4998 7.9774 9.0000
   vertex 34.9399 7.6214 9.0000
   vertex 33.0485 15.9083 9.0000
  endloop
 endfacet
 facet normal 0.00000 0.00000 1.00000
  outer loop
   vertex 36.4998 7.9774 29.0000
   vertex 34.6083 16.2643 29.0000
   vertex 33.0485 15.9083 29.0000
  endloop
 endfacet
 facet normal 0.00000 0.00000 1.00000
  outer loop
   vertex 36.4998 7.9774 29.0000
   vertex 33.0485 15.9083 29.0000
   vertex 34.9399 7.6214 29.0000
  endloop
 endfacet
 facet normal 0.97493 0.22252 0.00000
  outer loop
   vertex 36.4998 7.9774 9.0000
   vertex 34.6083 16.2643 9.0000
   vertex 34.6083 16.2643 29.0000
  endloop
 endfacet
 facet normal 0.97493 0.22252 -0.00000
  outer loop
   vertex 36.4998 7.9774 9.0000
   vertex 34.6083 16.2643 29.0000
   vertex 36.4998 7.9774 29.0000
  endloop
 endfacet
 facet normal -0.22252 0.97493 0.00000
  outer loop
   vertex 34.6083 16.2643 9.0000
   vertex 33.0485 15.9083 9.0000
   vertex 33.0485 15.9083 29.0000
  endloop
 endfacet
 facet normal -0.22252 0.97493 0.00000
  outer loop
   vertex 34.6083 16.2643 9.0000
   vertex 33.0485 15.9083 29.0000
   vertex 34.6083 16.2643 29.0000
  endloop
 endfacet
 facet normal -0.97493 -0.22252 0.00000
  outer loop
   vertex 33.0485 15.9083 9.0000
   vertex 34.9399 7.6214 9.0000
   vertex 34.9399 7.6214 29.0000
  endloop
 endfacet
 facet normal -0.97493 -0.22252 0.00000
  outer loop
   vertex 33.0485 15.9083 9.0000
   vertex 34.9399 7.6214 29.0000
   vertex 33.0485 15.9083 29.0000
  endloop
 endfacet
 facet normal 0.22252 -0.97493 0.00000
  outer loop
   vertex 34.9399 7.6214 9.0000
   vertex 36.4998 7.9774 9.0000
   vertex 36.4998 7.9774 29.0000
  endloop
 endfacet
 facet normal 0.22252 -0.97493 0.00000
  outer loop
   vertex 34.9399 7.6214 9.0000
   vertex 36.4998 7.9774 29.0000
   vertex 34.9399 7.6214 29.0000
  endloop
 endfacet
 facet normal 0.00000 0.00000 -1.00000
  outer loop
   vertex 30.6394 4.1918 9.0000
   vertex 22.2869 6.4383 9.0000
   vertex 22.9811 7.8799 9.0000
  endloop
 endfacet
 facet normal -0.00000 0.00000 -1.00000
  outer loop
   vertex 30.6394 4.1918 9.0000
   vertex 29.9451 2.7503 9.0000
   vertex 22.2869 6.4383 9.0000
  endloop
 endfacet
 facet normal 0.00000 0.00000 1.00000
  outer loop
   vertex 30.6394 4.1918 29.0000
   vertex 22.9811 7.8799 29.0000
   vertex 22.2869 6.4383 29.0000
  endloop
 endfacet
 facet normal 0.00000 0.00000 1.00000
  outer loop
   vertex 30.6394 4.1918 29.0000
   vertex 22.2869 6.4383 29.0000
   vertex 29.9451 2.7503 29.0000
  endloop
 endfacet
 facet normal 0.43388 0.90097 0.00000
  outer loop
   vertex 30.6394 4.1918 9.0000
   vertex 22.9811 7.8799 9.0000
   vertex 22.9811 7.8799 29.0000
  endloop
 endfacet
 facet normal 0.43388 0.90097 -0.00000
  outer loop
   vertex 30.6394 4.1918 9.0000
   vertex 22.9811 7.8799 29.0000
   vertex 30.6394 4.1918 29.0000
  endloop
 endfacet
 facet normal -0.90097 0.43388 0.00000
  outer loop
   vertex 22.9811 7.8799 9.0000
   vertex 22.2869 6.4383 9.0000
   vertex 22.2869 6.4383 29.0000
  endloop
 endfacet
 facet normal -0.90097 0.43388 0.00000
  outer loop
   vertex 22.9811 7.8799 9.0000
   vertex 22.2869 6.4383 29.0000
   vertex 22.9811 7.8799 29.0000
  endloop
 endfacet
 facet normal -0.43388 -0.90097 0.00000
  outer loop
   vertex 22.2869 6.4383 9.0000
   vertex 29.9451 2.7503 9.0000
   vertex 29.9451 2.7503 29.0000
  endloop
 endfacet
 facet normal -0.43388 -0.90097 0.00000
  outer loop
   vertex 22.2869 6.4383 9.0000
   vertex 29.9451 2.7503 29.0000
   vertex 22.2869 6.4383 29.0000
  endloop
 endfacet
 facet normal 0.90097 -0.43388 0.00000
  outer loop
   vertex 29.9451 2.7503 9.0000
   vertex 30.6394 4.1918 9.0000
   vertex 30.6394 4.1918 29.0000
  endloop
 endfacet
 facet normal 0.90097 -0.43388 0.00000
  outer loop
   vertex 29.9451 2.7503 9.0000
   vertex 30.6394 4.1918 29.0000
   vertex 29.9451 2.7503 29.0000
  endloop
 endfacet
 facet normal 0.00000 0.00000 -1.00000
  outer loop
   vertex 29.9451 -2.7503 9.0000
   vertex 22.9811 -7.8799 9.0000
   vertex 22.2869 -6.4383 9.0000
  endloop
 endfacet
 facet normal 0.00000 -0.00000 -1.00000
  outer loop
   vertex 29.9451 -2.7503 9.0000
   vertex 30.6394 -4.1918 9.0000
   vertex 22.9811 -7.8799 9.0000
  endloop
 endfacet
 facet normal 0.00000 0.00000 1.00000
  outer loop
   vertex 29.9451 -2.7503 29.0000
   vertex 22.2869 -6.4383 29.0000
   vertex 22.9811 -7.8799 29.0000
  endloop
 endfacet
 facet normal 0.00000 0.00000 1.00000
  outer loop
   vertex 29.9451 -2.7503 29.0000
   vertex 22.9811 -7.8799 29.0000
   vertex 30.6394 -4.1918 29.0000
  endloop
 endfacet
 facet normal -0.43388 0.90097 0.00000
  outer loop
   vertex 29.9451 -2.7503 9.0000
   vertex 22.2869 -6.4383 9.0000
   vertex 22.2869 -6.4383 29.0000
  endloop
 endfacet
 facet normal -0.43388 0.90097 0.00000
  outer loop
   vertex 29.9451 -2.7503 9.0000
   vertex 22.2869 -6.4383 29.0000
   vertex 29.9451 -2.7503 29.0000
  endloop
 endfacet
 facet normal -0.90097 -0.43388 0.00000
  outer loop
   vertex 22.2869 -6.4383 9.0000
   vertex 22.9811 -7.8799 9.0000
   vertex 22.9811 -7.8799 29.0000
  endloop
 endfacet
 facet normal -0.90097 -0.43388 0.00000
  outer loop
   vertex 22.2869 -6.4383 9.0000
   vertex 22.9811 -7.8799 29.0000
   vertex 22.2869 -6.4383 29.0000
  endloop
 endfacet
 facet normal 0.43388 -0.90097 0.00000
  outer loop
   vertex 22.9811 -7.8799 9.0000
   vertex 30.6394 -4.1918 9.0000
   vertex 30.6394 -4.1918 29.0000
  endloop
 endfacet
 facet normal 0.43388 -0.90097 0.00000
  outer loop
   vertex 22.9811 -7.8799 9.0000
   vertex 30.6394 -4.1918 29.0000
   vertex 22.9811 -7.8799 29.0000
  endloop
 endfacet
 facet normal 0.90097 0.43388 0.00000
  outer loop
   vertex 30.6394 -4.1918 9.0000
   vertex 29.9451 -2.7503 9.0000
   vertex 29.9451 -2.7503 29.0000
  endloop
 endfacet
 facet normal 0.90097 0.43388 -0.00000
  outer loop
   vertex 30.6394 -4.1918 9.0000
   vertex 29.9451 -2.7503 29.0000
   vertex 30.6394 -4.1918 29.0000
  endloop
 endfacet
 facet normal 0.00000 0.00000 -1.00000
  outer loop
   vertex 34.9399 -7.6214 9.0000
   vertex 34.6083 -16.2643 9.0000
   vertex 33.0485 -15.9083 9.0000
  endloop
 endfacet
 facet normal 0.00000 -0.00000 -1.00000
  outer loop
   vertex 34.9399 -7.6214 9.0000
   vertex 36.4998 -7.9774 9.0000
   vertex 34.6083 -16.2643 9.0000
  endloop
 endfacet
 facet normal 0.00000 0.00000 1.00000
  outer loop
   vertex 34.9399 -7.6214 29.0000
   vertex 33.0485 -15.9083 29.0000
   vertex 34.6083 -16.2643 29.0000
  endloop
 endfacet
 facet normal 0.00000 0.00000 1.00000
  outer loop
   vertex 34.9399 -7.6214 29.0000
   vertex 34.6083 -16.2643 29.0000
   vertex 36.4998 -7.9774 29.0000
  endloop
 endfacet
 facet normal -0.97493 0.22252 0.00000
  outer loop
   vertex 34.9399 -7.6214 9.0000
   vertex 33.0485 -15.9083 9.0000
   vertex 33.0485 -15.9083 29.0000
  endloop
 endfacet
 facet normal -0.97493 0.22252 0.00000
  outer loop
   vertex 34.9399 -7.6214 9.0000
   vertex 33.0485 -15.9083 29.0000
   vertex 34.9399 -7.6214 29.0000
  endloop
 endfacet
 facet normal -0.22252 -0.97493 0.00000
  outer loop
   vertex 33.0485 -15.9083 9.0000
   vertex 34.6083 -16.2643 9.0000
   vertex 34.6083 -16.2643 29.0000
  endloop
 endfacet
 facet normal -0.22252 -0.97493 0.00000
  outer loop
   vertex 33.0485 -15.9083 9.0000
   vertex 34.6083 -16.2643 29.0000
   vertex 33.0485 -15.9083 29.0000
  endloop
 endfacet
 facet normal 0.97493 -0.22252 0.00000
  outer loop
   vertex 34.6083 -16.2643 9.0000
   vertex 36.4998 -7.9774 9.0000
   vertex 36.4998 -7.9774 29.0000
  endloop
 endfacet
 facet normal 0.97493 -0.22252 0.00000
  outer loop
   vertex 34.6083 -16.2643 9.0000
   vertex 36.4998 -7.9774 29.0000
   vertex 34.6083 -16.2643 29.0000
  endloop
 endfacet
 facet normal 0.22252 0.97493 0.00000
  outer loop
   vertex 36.4998 -7.9774 9.0000
   vertex 34.9399 -7.6214 9.0000
   vertex 34.9399 -7.6214 29.0000
  endloop
 endfacet
 facet normal 0.22252 0.97493 -0.00000
  outer loop
   vertex 36.4998 -7.9774 9.0000
   vertex 34.9399 -7.6214 29.0000
   vertex 36.4998 -7.9774 29.0000
  endloop
 endfacet
 facet normal 0.00000 0.00000 -1.00000
  outer loop
   vertex 41.8625 -6.7534 9.0000
   vertex 48.4130 -12.4014 9.0000
   vertex 47.1621 -13.3990 9.0000
  endloop
 endfacet
 facet normal 0.00000 0.00000 -1.00000
  outer loop
   vertex 41.8625 -6.7534 9.0000
   vertex 43.1134 -5.7559 9.0000
   vertex 48.4130 -12.4014 9.0000
  endloop
 endfacet
 facet normal 0.00000 0.00000 1.00000
  outer loop
   vertex 41.8625 -6.7534 29.0000
   vertex 47.1621 -13.3990 29.0000
   vertex 48.4130 -12.4014 29.0000
  endloop
 endfacet
 facet normal -0.00000 0.00000 1.00000
  outer loop
   vertex 41.8625 -6.7534 29.0000
   vertex 48.4130 -12.4014 29.0000
   vertex 43.1134 -5.7559 29.0000
  endloop
 endfacet
 facet normal -0.78183 -0.62349 0.00000
  outer loop
   vertex 41.8625 -6.7534 9.0000
   vertex 47.1621 -13.3990 9.0000
   vertex 47.1621 -13.3990 29.0000
  endloop
 endfacet
 facet normal -0.78183 -0.62349 0.00000
  outer loop
   vertex 41.8625 -6.7534 9.0000
   vertex 47.1621 -13.3990 29.0000
   vertex 41.8625 -6.7534 29.0000
  endloop
 endfacet
 facet normal 0.62349 -0.78183 0.00000
  outer loop
   vertex 47.1621 -13.3990 9.0000
   vertex 48.4130 -12.4014 9.0000
   vertex 48.4130 -12.4014 29.0000
  endloop
 endfacet
 facet normal 0.62349 -0.78183 0.00000
  outer loop
   vertex 47.1621 -13.3990 9.0000
   vertex 48.4130 -12.4014 29.0000
   vertex 47.1621 -13.3990 29.0000
  endloop
 endfacet
 facet normal 0.78183 0.62349 0.00000
  outer loop
   vertex 48.4130 -12.4014 9.0000
   vertex 43.1134 -5.7559 9.0000
   vertex 43.1134 -5.7559 29.0000
  endloop
 endfacet
 facet normal 0.78183 0.62349 -0.00000
  outer loop
   vertex 48.4130 -12.4014 9.0000
   vertex 43.1134 -5.7559 29.0000
   vertex 48.4130 -12.4014 29.0000
  endloop
 endfacet
 facet normal -0.62349 0.78183 0.00000
  outer loop
   vertex 43.1134 -5.7559 9.0000
   vertex 41.8625 -6.7534 9.0000
   vertex 41.8625 -6.7534 29.0000
  endloop
 endfacet
 facet normal -0.62349 0.78183 0.00000
  outer loop
   vertex 43.1134 -5.7559 9.0000
   vertex 41.8625 -6.7534 29.0000
   vertex 43.1134 -5.7559 29.0000
  endloop
 endfacet
 facet normal 0.00000 0.00000 -1.00000
  outer loop
   vertex 79.0000 -14.0000 130.0000
   vertex 93.0000 14.0000 130.0000
   vertex 93.0000 -14.0000 130.0000
  endloop
 endfacet
 facet normal 0.00000 0.00000 -1.00000
  outer loop
   vertex 79.0000 -14.0000 130.0000
   vertex 79.0000 14.0000 130.0000
   vertex 93.0000 14.0000 130.0000
  endloop
 endfacet
 facet normal 0.00000 0.00000 1.00000
  outer loop
   vertex 79.0000 -14.0000 182.0000
   vertex 93.0000 -14.0000 182.0000
   vertex 93.0000 14.0000 182.0000
  endloop
 endfacet
 facet normal 0.00000 0.00000 1.00000
  outer loop
   vertex 79.0000 -14.0000 182.0000
   vertex 93.0000 14.0000 182.0000
   vertex 79.0000 14.0000 182.0000
  endloop
 endfacet
 facet normal 0.00000 -1.00000 0.00000
  outer loop
   vertex 79.0000 -14.0000 130.0000
   vertex 93.0000 -14.0000 130.0000
   vertex 93.0000 -14.0000 182.0000
  endloop
 endfacet
 facet normal 0.00000 -1.00000 0.00000
  outer loop
   vertex 79.0000 -14.0000 130.0000
   vertex 93.0000 -14.0000 182.0000
   vertex 79.0000 -14.0000 182.0000
  endloop
 endfacet
 facet normal 1.00000 0.00000 0.00000
  outer loop
   vertex 93.0000 -14.0000 130.0000
   vertex 93.0000 14.0000 130.0000
   vertex 93.0000 14.0000 182.0000
  endloop
 endfacet
 facet normal 1.00000 0.00000 0.00000
  outer loop
   vertex 93.0000 -14.0000 130.0000
   vertex 93.0000 14.0000 182.0000
   vertex 93.0000 -14.0000 182.0000
  endloop
 endfacet
 facet normal 0.00000 1.00000 0.00000
  outer loop
   vertex 93.0000 14.0000 130.0000
   vertex 79.0000 14.0000 130.0000
   vertex 79.0000 14.0000 182.0000
  endloop
 endfacet
 facet normal 0.00000 1.00000 -0.00000
  outer loop
   vertex 93.0000 14.0000 130.0000
   vertex 79.0000 14.0000 182.0000
   vertex 93.0000 14.0000 182.0000
  endloop
 endfacet
 facet normal -1.00000 0.00000 0.00000
  outer loop
   vertex 79.0000 14.0000 130.0000
   vertex 79.0000 -14.0000 130.0000
   vertex 79.0000 -14.0000 182.0000
  endloop
 endfacet
 facet normal -1.00000 0.00000 0.00000
  outer loop
   vertex 79.0000 14.0000 130.0000
   vertex 79.0000 -14.0000 182.0000
   vertex 79.0000 14.0000 182.0000
  endloop
 endfacet
 facet normal 0.00000 0.00000 -1.00000
  outer loop
   vertex 82.0000 -4.0000 182.0000
   vertex 90.0000 4.0000 182.0000
   vertex 90.0000 -4.0000 182.0000
  endloop
 endfacet
 facet normal 0.00000 0.00000 -1.00000
  outer loop
   vertex 82.0000 -4.0000 182.0000
   vertex 82.0000 4.0000 182.0000
   vertex 90.0000 4.0000 182.0000
  endloop
 endfacet
 facet normal 0.00000 0.00000 1.00000
  outer loop
   vertex 82.0000 -4.0000 185.0000
   vertex 90.0000 -4.0000 185.0000
   vertex 90.0000 4.0000 185.0000
  endloop
 endfacet
 facet normal 0.00000 0.00000 1.00000
  outer loop
   vertex 82.0000 -4.0000 185.0000
   vertex 90.0000 4.0000 185.0000
   vertex 82.0000 4.0000 185.0000
  endloop
 endfacet
 facet normal 0.00000 -1.00000 0.00000
  outer loop
   vertex 82.0000 -4.0000 182.0000
   vertex 90.0000 -4.0000 182.0000
   vertex 90.0000 -4.0000 185.0000
  endloop
 endfacet
 facet normal 0.00000 -1.00000 0.00000
  outer loop
   vertex 82.0000 -4.0000 182.0000
   vertex 90.0000 -4.0000 185.0000
   vertex 82.0000 -4.0000 185.0000
  endloop
 endfacet
 facet normal 1.00000 0.00000 0.00000
  outer loop
   vertex 90.0000 -4.0000 182.0000
   vertex 90.0000 4.0000 182.0000
   vertex 90.0000 4.0000 185.0000
  endloop
 endfacet
 facet normal 1.00000 0.00000 0.00000
  outer loop
   vertex 90.0000 -4.0000 182.0000
   vertex 90.0000 4.0000 185.0000
   vertex 90.0000 -4.0000 185.0000
  endloop
 endfacet
 facet normal 0.00000 1.00000 0.00000
  outer loop
   vertex 90.0000 4.0000 182.0000
   vertex 82.0000 4.0000 182.0000
   vertex 82.0000 4.0000 185.0000
  endloop
 endfacet
 facet normal 0.00000 1.00000 -0.00000
  outer loop
   vertex 90.0000 4.0000 182.0000
   vertex 82.0000 4.0000 185.0000
   vertex 90.0000 4.0000 185.0000
  endloop
 endfacet
 facet normal -1.00000 0.00000 0.00000
  outer loop
   vertex 82.0000 4.0000 182.0000
   vertex 82.0000 -4.0000 182.0000
   vertex 82.0000 -4.0000 185.0000
  endloop
 endfacet
 facet normal -1.00000 0.00000 0.00000
  outer loop
   vertex 82.0000 4.0000 182.0000
   vertex 82.0000 -4.0000 185.0000
   vertex 82.0000 4.0000 185.0000
  endloop
 endfacet
 facet normal 0.00000 0.00000 -1.00000
  outer loop
   vertex 97.0000 -8.5000 160.0000
   vertex 106.0000 8.5000 160.0000
   vertex 106.0000 -8.5000 160.0000
  endloop
 endfacet
 facet normal 0.00000 0.00000 -1.00000
  outer loop
   vertex 97.0000 -8.5000 160.0000
   vertex 97.0000 8.5000 160.0000
   vertex 106.0000 8.5000 160.0000
  endloop
 endfacet
 facet normal 0.00000 0.00000 1.00000
  outer loop
   vertex 97.0000 -8.5000 182.0000
   vertex 106.0000 -8.5000 182.0000
   vertex 106.0000 8.5000 182.0000
  endloop
 endfacet
 facet normal 0.00000 0.00000 1.00000
  outer loop
   vertex 97.0000 -8.5000 182.0000
   vertex 106.0000 8.5000 182.0000
   vertex 97.0000 8.5000 182.0000
  endloop
 endfacet
 facet normal 0.00000 -1.00000 0.00000
  outer loop
   vertex 97.0000 -8.5000 160.0000
   vertex 106.0000 -8.5000 160.0000
   vertex 106.0000 -8.5000 182.0000
  endloop
 endfacet
 facet normal 0.00000 -1.00000 0.00000
  outer loop
   vertex 97.0000 -8.5000 160.0000
   vertex 106.0000 -8.5000 182.0000
   vertex 97.0000 -8.5000 182.0000
  endloop
 endfacet
 facet normal 1.00000 0.00000 0.00000
  outer loop
   vertex 106.0000 -8.5000 160.0000
   vertex 106.0000 8.5000 160.0000
   vertex 106.0000 8.5000 182.0000
  endloop
 endfacet
 facet normal 1.00000 0.00000 0.00000
  outer loop
   vertex 106.0000 -8.5000 160.0000
   vertex 106.0000 8.5000 182.0000
   vertex 106.0000 -8.5000 182.0000
  endloop
 endfacet
 facet normal 0.00000 1.00000 0.00000
  outer loop
   vertex 106.0000 8.5000 160.0000
   vertex 97.0000 8.5000 160.0000
   vertex 97.0000 8.5000 182.0000
  endloop
 endfacet
 facet normal 0.00000 1.00000 -0.00000
  outer loop
   vertex 106.0000 8.5000 160.0000
   vertex 97.0000 8.5000 182.0000
   vertex 106.0000 8.5000 182.0000
  endloop
 endfacet
 facet normal -1.00000 0.00000 0.00000
  outer loop
   vertex 97.0000 8.5000 160.0000
   vertex 97.0000 -8.5000 160.0000
   vertex 97.0000 -8.5000 182.0000
  endloop
 endfacet
 facet normal -1.00000 0.00000 0.00000
  outer loop
   vertex 97.0000 8.5000 160.0000
   vertex 97.0000 -8.5000 182.0000
   vertex 97.0000 8.5000 182.0000
  endloop
 endfacet
 facet normal 0.99786 0.06540 0.00000
  outer loop
   vertex 99.0000 -21.0000 57.0000
   vertex 98.9102 -19.6295 57.0000
   vertex 98.9102 -19.6295 127.0000
  endloop
 endfacet
 facet normal 0.99786 0.06540 -0.00000
  outer loop
   vertex 99.0000 -21.0000 57.0000
   vertex 98.9102 -19.6295 127.0000
   vertex 99.0000 -21.0000 127.0000
  endloop
 endfacet
 facet normal 0.98079 0.19509 0.00000
  outer loop
   vertex 98.9102 -19.6295 57.0000
   vertex 98.6422 -18.2824 57.0000
   vertex 98.6422 -18.2824 127.0000
  endloop
 endfacet
 facet normal 0.98079 0.19509 -0.00000
  outer loop
   vertex 98.9102 -19.6295 57.0000
   vertex 98.6422 -18.2824 127.0000
   vertex 98.9102 -19.6295 127.0000
  endloop
 endfacet
 facet normal 0.94693 0.32144 0.00000
  outer loop
   vertex 98.6422 -18.2824 57.0000
   vertex 98.2007 -16.9818 57.0000
   vertex 98.2007 -16.9818 127.0000
  endloop
 endfacet
 facet normal 0.94693 0.32144 -0.00000
  outer loop
   vertex 98.6422 -18.2824 57.0000
   vertex 98.2007 -16.9818 127.0000
   vertex 98.6422 -18.2824 127.0000
  endloop
 endfacet
 facet normal 0.89687 0.44229 0.00000
  outer loop
   vertex 98.2007 -16.9818 57.0000
   vertex 97.5933 -15.7500 57.0000
   vertex 97.5933 -15.7500 127.0000
  endloop
 endfacet
 facet normal 0.89687 0.44229 -0.00000
  outer loop
   vertex 98.2007 -16.9818 57.0000
   vertex 97.5933 -15.7500 127.0000
   vertex 98.2007 -16.9818 127.0000
  endloop
 endfacet
 facet normal 0.83147 0.55557 0.00000
  outer loop
   vertex 97.5933 -15.7500 57.0000
   vertex 96.8302 -14.6080 57.0000
   vertex 96.8302 -14.6080 127.0000
  endloop
 endfacet
 facet normal 0.83147 0.55557 -0.00000
  outer loop
   vertex 97.5933 -15.7500 57.0000
   vertex 96.8302 -14.6080 127.0000
   vertex 97.5933 -15.7500 127.0000
  endloop
 endfacet
 facet normal 0.75184 0.65935 0.00000
  outer loop
   vertex 96.8302 -14.6080 57.0000
   vertex 95.9246 -13.5754 57.0000
   vertex 95.9246 -13.5754 127.0000
  endloop
 endfacet
 facet normal 0.75184 0.65935 -0.00000
  outer loop
   vertex 96.8302 -14.6080 57.0000
   vertex 95.9246 -13.5754 127.0000
   vertex 96.8302 -14.6080 127.0000
  endloop
 endfacet
 facet normal 0.65935 0.75184 0.00000
  outer loop
   vertex 95.9246 -13.5754 57.0000
   vertex 94.8920 -12.6698 57.0000
   vertex 94.8920 -12.6698 127.0000
  endloop
 endfacet
 facet normal 0.65935 0.75184 -0.00000
  outer loop
   vertex 95.9246 -13.5754 57.0000
   vertex 94.8920 -12.6698 127.0000
   vertex 95.9246 -13.5754 127.0000
  endloop
 endfacet
 facet normal 0.55557 0.83147 0.00000
  outer loop
   vertex 94.8920 -12.6698 57.0000
   vertex 93.7500 -11.9067 57.0000
   vertex 93.7500 -11.9067 127.0000
  endloop
 endfacet
 facet normal 0.55557 0.83147 -0.00000
  outer loop
   vertex 94.8920 -12.6698 57.0000
   vertex 93.7500 -11.9067 127.0000
   vertex 94.8920 -12.6698 127.0000
  endloop
 endfacet
 facet normal 0.44229 0.89687 0.00000
  outer loop
   vertex 93.7500 -11.9067 57.0000
   vertex 92.5182 -11.2993 57.0000
   vertex 92.5182 -11.2993 127.0000
  endloop
 endfacet
 facet normal 0.44229 0.89687 -0.00000
  outer loop
   vertex 93.7500 -11.9067 57.0000
   vertex 92.5182 -11.2993 127.0000
   vertex 93.7500 -11.9067 127.0000
  endloop
 endfacet
 facet normal 0.32144 0.94693 0.00000
  outer loop
   vertex 92.5182 -11.2993 57.0000
   vertex 91.2176 -10.8578 57.0000
   vertex 91.2176 -10.8578 127.0000
  endloop
 endfacet
 facet normal 0.32144 0.94693 -0.00000
  outer loop
   vertex 92.5182 -11.2993 57.0000
   vertex 91.2176 -10.8578 127.0000
   vertex 92.5182 -11.2993 127.0000
  endloop
 endfacet
 facet normal 0.19509 0.98079 0.00000
  outer loop
   vertex 91.2176 -10.8578 57.0000
   vertex 89.8705 -10.5898 57.0000
   vertex 89.8705 -10.5898 127.0000
  endloop
 endfacet
 facet normal 0.19509 0.98079 -0.00000
  outer loop
   vertex 91.2176 -10.8578 57.0000
   vertex 89.8705 -10.5898 127.0000
   vertex 91.2176 -10.8578 127.0000
  endloop
 endfacet
 facet normal 0.06540 0.99786 0.00000
  outer loop
   vertex 89.8705 -10.5898 57.0000
   vertex 88.5000 -10.5000 57.0000
   vertex 88.5000 -10.5000 127.0000
  endloop
 endfacet
 facet normal 0.06540 0.99786 -0.00000
  outer loop
   vertex 89.8705 -10.5898 57.0000
   vertex 88.5000 -10.5000 127.0000
   vertex 89.8705 -10.5898 127.0000
  endloop
 endfacet
 facet normal -0.06540 0.99786 0.00000
  outer loop
   vertex 88.5000 -10.5000 57.0000
   vertex 87.1295 -10.5898 57.0000
   vertex 87.1295 -10.5898 127.0000
  endloop
 endfacet
 facet normal -0.06540 0.99786 0.00000
  outer loop
   vertex 88.5000 -10.5000 57.0000
   vertex 87.1295 -10.5898 127.0000
   vertex 88.5000 -10.5000 127.0000
  endloop
 endfacet
 facet normal -0.19509 0.98079 0.00000
  outer loop
   vertex 87.1295 -10.5898 57.0000
   vertex 85.7824 -10.8578 57.0000
   vertex 85.7824 -10.8578 127.0000
  endloop
 endfacet
 facet normal -0.19509 0.98079 0.00000
  outer loop
   vertex 87.1295 -10.5898 57.0000
   vertex 85.7824 -10.8578 127.0000
   vertex 87.1295 -10.5898 127.0000
  endloop
 endfacet
 facet normal -0.32144 0.94693 0.00000
  outer loop
   vertex 85.7824 -10.8578 57.0000
   vertex 84.4818 -11.2993 57.0000
   vertex 84.4818 -11.2993 127.0000
  endloop
 endfacet
 facet normal -0.32144 0.94693 0.00000
  outer loop
   vertex 85.7824 -10.8578 57.0000
   vertex 84.4818 -11.2993 127.0000
   vertex 85.7824 -10.8578 127.0000
  endloop
 endfacet
 facet normal -0.44229 0.89687 0.00000
  outer loop
   vertex 84.4818 -11.2993 57.0000
   vertex 83.2500 -11.9067 57.0000
   vertex 83.2500 -11.9067 127.0000
  endloop
 endfacet
 facet normal -0.44229 0.89687 0.00000
  outer loop
   vertex 84.4818 -11.2993 57.0000
   vertex 83.2500 -11.9067 127.0000
   vertex 84.4818 -11.2993 127.0000
  endloop
 endfacet
 facet normal -0.55557 0.83147 0.00000
  outer loop
   vertex 83.2500 -11.9067 57.0000
   vertex 82.1080 -12.6698 57.0000
   vertex 82.1080 -12.6698 127.0000
  endloop
 endfacet
 facet normal -0.55557 0.83147 0.00000
  outer loop
   vertex 83.2500 -11.9067 57.0000
   vertex 82.1080 -12.6698 127.0000
   vertex 83.2500 -11.9067 127.0000
  endloop
 endfacet
 facet normal -0.65935 0.75184 0.00000
  outer loop
   vertex 82.1080 -12.6698 57.0000
   vertex 81.0754 -13.5754 57.0000
   vertex 81.0754 -13.5754 127.0000
  endloop
 endfacet
 facet normal -0.65935 0.75184 0.00000
  outer loop
   vertex 82.1080 -12.6698 57.0000
   vertex 81.0754 -13.5754 127.0000
   vertex 82.1080 -12.6698 127.0000
  endloop
 endfacet
 facet normal -0.75184 0.65935 0.00000
  outer loop
   vertex 81.0754 -13.5754 57.0000
   vertex 80.1698 -14.6080 57.0000
   vertex 80.1698 -14.6080 127.0000
  endloop
 endfacet
 facet normal -0.75184 0.65935 0.00000
  outer loop
   vertex 81.0754 -13.5754 57.0000
   vertex 80.1698 -14.6080 127.0000
   vertex 81.0754 -13.5754 127.0000
  endloop
 endfacet
 facet normal -0.83147 0.55557 0.00000
  outer loop
   vertex 80.1698 -14.6080 57.0000
   vertex 79.4067 -15.7500 57.0000
   vertex 79.4067 -15.7500 127.0000
  endloop
 endfacet
 facet normal -0.83147 0.55557 0.00000
  outer loop
   vertex 80.1698 -14.6080 57.0000
   vertex 79.4067 -15.7500 127.0000
   vertex 80.1698 -14.6080 127.0000
  endloop
 endfacet
 facet normal -0.89687 0.44229 0.00000
  outer loop
   vertex 79.4067 -15.7500 57.0000
   vertex 78.7993 -16.9818 57.0000
   vertex 78.7993 -16.9818 127.0000
  endloop
 endfacet
 facet normal -0.89687 0.44229 0.00000
  outer loop
   vertex 79.4067 -15.7500 57.0000
   vertex 78.7993 -16.9818 127.0000
   vertex 79.4067 -15.7500 127.0000
  endloop
 endfacet
 facet normal -0.94693 0.32144 0.00000
  outer loop
   vertex 78.7993 -16.9818 57.0000
   vertex 78.3578 -18.2824 57.0000
   vertex 78.3578 -18.2824 127.0000
  endloop
 endfacet
 facet normal -0.94693 0.32144 0.00000
  outer loop
   vertex 78.7993 -16.9818 57.0000
   vertex 78.3578 -18.2824 127.0000
   vertex 78.7993 -16.9818 127.0000
  endloop
 endfacet
 facet normal -0.98079 0.19509 0.00000
  outer loop
   vertex 78.3578 -18.2824 57.0000
   vertex 78.0898 -19.6295 57.0000
   vertex 78.0898 -19.6295 127.0000
  endloop
 endfacet
 facet normal -0.98079 0.19509 0.00000
  outer loop
   vertex 78.3578 -18.2824 57.0000
   vertex 78.0898 -19.6295 127.0000
   vertex 78.3578 -18.2824 127.0000
  endloop
 endfacet
 facet normal -0.99786 0.06540 0.00000
  outer loop
   vertex 78.0898 -19.6295 57.0000
   vertex 78.0000 -21.0000 57.0000
   vertex 78.0000 -21.0000 127.0000
  endloop
 endfacet
 facet normal -0.99786 0.06540 0.00000
  outer loop
   vertex 78.0898 -19.6295 57.0000
   vertex 78.0000 -21.0000 127.0000
   vertex 78.0898 -19.6295 127.0000
  endloop
 endfacet
 facet normal -0.99786 -0.06540 0.00000
  outer loop
   vertex 78.0000 -21.0000 57.0000
   vertex 78.0898 -22.3705 57.0000
   vertex 78.0898 -22.3705 127.0000
  endloop
 endfacet
 facet normal -0.99786 -0.06540 0.00000
  outer loop
   vertex 78.0000 -21.0000 57.0000
   vertex 78.0898 -22.3705 127.0000
   vertex 78.0000 -21.0000 127.0000
  endloop
 endfacet
 facet normal -0.98079 -0.19509 0.00000
  outer loop
   vertex 78.0898 -22.3705 57.0000
   vertex 78.3578 -23.7176 57.0000
   vertex 78.3578 -23.7176 127.0000
  endloop
 endfacet
 facet normal -0.98079 -0.19509 0.00000
  outer loop
   vertex 78.0898 -22.3705 57.0000
   vertex 78.3578 -23.7176 127.0000
   vertex 78.0898 -22.3705 127.0000
  endloop
 endfacet
 facet normal -0.94693 -0.32144 0.00000
  outer loop
   vertex 78.3578 -23.7176 57.0000
   vertex 78.7993 -25.0182 57.0000
   vertex 78.7993 -25.0182 127.0000
  endloop
 endfacet
 facet normal -0.94693 -0.32144 0.00000
  outer loop
   vertex 78.3578 -23.7176 57.0000
   vertex 78.7993 -25.0182 127.0000
   vertex 78.3578 -23.7176 127.0000
  endloop
 endfacet
 facet normal -0.89687 -0.44229 0.00000
  outer loop
   vertex 78.7993 -25.0182 57.0000
   vertex 79.4067 -26.2500 57.0000
   vertex 79.4067 -26.2500 127.0000
  endloop
 endfacet
 facet normal -0.89687 -0.44229 0.00000
  outer loop
   vertex 78.7993 -25.0182 57.0000
   vertex 79.4067 -26.2500 127.0000
   vertex 78.7993 -25.0182 127.0000
  endloop
 endfacet
 facet normal -0.83147 -0.55557 0.00000
  outer loop
   vertex 79.4067 -26.2500 57.0000
   vertex 80.1698 -27.3920 57.0000
   vertex 80.1698 -27.3920 127.0000
  endloop
 endfacet
 facet normal -0.83147 -0.55557 0.00000
  outer loop
   vertex 79.4067 -26.2500 57.0000
   vertex 80.1698 -27.3920 127.0000
   vertex 79.4067 -26.2500 127.0000
  endloop
 endfacet
 facet normal -0.75184 -0.65935 0.00000
  outer loop
   vertex 80.1698 -27.3920 57.0000
   vertex 81.0754 -28.4246 57.0000
   vertex 81.0754 -28.4246 127.0000
  endloop
 endfacet
 facet normal -0.75184 -0.65935 0.00000
  outer loop
   vertex 80.1698 -27.3920 57.0000
   vertex 81.0754 -28.4246 127.0000
   vertex 80.1698 -27.3920 127.0000
  endloop
 endfacet
 facet normal -0.65935 -0.75184 0.00000
  outer loop
   vertex 81.0754 -28.4246 57.0000
   vertex 82.1080 -29.3302 57.0000
   vertex 82.1080 -29.3302 127.0000
  endloop
 endfacet
 facet normal -0.65935 -0.75184 0.00000
  outer loop
   vertex 81.0754 -28.4246 57.0000
   vertex 82.1080 -29.3302 127.0000
   vertex 81.0754 -28.4246 127.0000
  endloop
 endfacet
 facet normal -0.55557 -0.83147 0.00000
  outer loop
   vertex 82.1080 -29.3302 57.0000
   vertex 83.2500 -30.0933 57.0000
   vertex 83.2500 -30.0933 127.0000
  endloop
 endfacet
 facet normal -0.55557 -0.83147 0.00000
  outer loop
   vertex 82.1080 -29.3302 57.0000
   vertex 83.2500 -30.0933 127.0000
   vertex 82.1080 -29.3302 127.0000
  endloop
 endfacet
 facet normal -0.44229 -0.89687 0.00000
  outer loop
   vertex 83.2500 -30.0933 57.0000
   vertex 84.4818 -30.7007 57.0000
   vertex 84.4818 -30.7007 127.0000
  endloop
 endfacet
 facet normal -0.44229 -0.89687 0.00000
  outer loop
   vertex 83.2500 -30.0933 57.0000
   vertex 84.4818 -30.7007 127.0000
   vertex 83.2500 -30.0933 127.0000
  endloop
 endfacet
 facet normal -0.32144 -0.94693 0.00000
  outer loop
   vertex 84.4818 -30.7007 57.0000
   vertex 85.7824 -31.1422 57.0000
   vertex 85.7824 -31.1422 127.0000
  endloop
 endfacet
 facet normal -0.32144 -0.94693 0.00000
  outer loop
   vertex 84.4818 -30.7007 57.0000
   vertex 85.7824 -31.1422 127.0000
   vertex 84.4818 -30.7007 127.0000
  endloop
 endfacet
 facet normal -0.19509 -0.98079 0.00000
  outer loop
   vertex 85.7824 -31.1422 57.0000
   vertex 87.1295 -31.4102 57.0000
   vertex 87.1295 -31.4102 127.0000
  endloop
 endfacet
 facet normal -0.19509 -0.98079 0.00000
  outer loop
   vertex 85.7824 -31.1422 57.0000
   vertex 87.1295 -31.4102 127.0000
   vertex 85.7824 -31.1422 127.0000
  endloop
 endfacet
 facet normal -0.06540 -0.99786 0.00000
  outer loop
   vertex 87.1295 -31.4102 57.0000
   vertex 88.5000 -31.5000 57.0000
   vertex 88.5000 -31.5000 127.0000
  endloop
 endfacet
 facet normal -0.06540 -0.99786 0.00000
  outer loop
   vertex 87.1295 -31.4102 57.0000
   vertex 88.5000 -31.5000 127.0000
   vertex 87.1295 -31.4102 127.0000
  endloop
 endfacet
 facet normal 0.06540 -0.99786 0.00000
  outer loop
   vertex 88.5000 -31.5000 57.0000
   vertex 89.8705 -31.4102 57.0000
   vertex 89.8705 -31.4102 127.0000
  endloop
 endfacet
 facet normal 0.06540 -0.99786 0.00000
  outer loop
   vertex 88.5000 -31.5000 57.0000
   vertex 89.8705 -31.4102 127.0000
   vertex 88.5000 -31.5000 127.0000
  endloop
 endfacet
 facet normal 0.19509 -0.98079 0.00000
  outer loop
   vertex 89.8705 -31.4102 57.0000
   vertex 91.2176 -31.1422 57.0000
   vertex 91.2176 -31.1422 127.0000
  endloop
 endfacet
 facet normal 0.19509 -0.98079 0.00000
  outer loop
   vertex 89.8705 -31.4102 57.0000
   vertex 91.2176 -31.1422 127.0000
   vertex 89.8705 -31.4102 127.0000
  endloop
 endfacet
 facet normal 0.32144 -0.94693 0.00000
  outer loop
   vertex 91.2176 -31.1422 57.0000
   vertex 92.5182 -30.7007 57.0000
   vertex 92.5182 -30.7007 127.0000
  endloop
 endfacet
 facet normal 0.32144 -0.94693 0.00000
  outer loop
   vertex 91.2176 -31.1422 57.0000
   vertex 92.5182 -30.7007 127.0000
   vertex 91.2176 -31.1422 127.0000
  endloop
 endfacet
 facet normal 0.44229 -0.89687 0.00000
  outer loop
   vertex 92.5182 -30.7007 57.0000
   vertex 93.7500 -30.0933 57.0000
   vertex 93.7500 -30.0933 127.0000
  endloop
 endfacet
 facet normal 0.44229 -0.89687 0.00000
  outer loop
   vertex 92.5182 -30.7007 57.0000
   vertex 93.7500 -30.0933 127.0000
   vertex 92.5182 -30.7007 127.0000
  endloop
 endfacet
 facet normal 0.55557 -0.83147 0.00000
  outer loop
   vertex 93.7500 -30.0933 57.0000
   vertex 94.8920 -29.3302 57.0000
   vertex 94.8920 -29.3302 127.0000
  endloop
 endfacet
 facet normal 0.55557 -0.83147 0.00000
  outer loop
   vertex 93.7500 -30.0933 57.0000
   vertex 94.8920 -29.3302 127.0000
   vertex 93.7500 -30.0933 127.0000
  endloop
 endfacet
 facet normal 0.65935 -0.75184 0.00000
  outer loop
   vertex 94.8920 -29.3302 57.0000
   vertex 95.9246 -28.4246 57.0000
   vertex 95.9246 -28.4246 127.0000
  endloop
 endfacet
 facet normal 0.65935 -0.75184 0.00000
  outer loop
   vertex 94.8920 -29.3302 57.0000
   vertex 95.9246 -28.4246 127.0000
   vertex 94.8920 -29.3302 127.0000
  endloop
 endfacet
 facet normal 0.75184 -0.65935 0.00000
  outer loop
   vertex 95.9246 -28.4246 57.0000
   vertex 96.8302 -27.3920 57.0000
   vertex 96.8302 -27.3920 127.0000
  endloop
 endfacet
 facet normal 0.75184 -0.65935 0.00000
  outer loop
   vertex 95.9246 -28.4246 57.0000
   vertex 96.8302 -27.3920 127.0000
   vertex 95.9246 -28.4246 127.0000
  endloop
 endfacet
 facet normal 0.83147 -0.55557 0.00000
  outer loop
   vertex 96.8302 -27.3920 57.0000
   vertex 97.5933 -26.2500 57.0000
   vertex 97.5933 -26.2500 127.0000
  endloop
 endfacet
 facet normal 0.83147 -0.55557 0.00000
  outer loop
   vertex 96.8302 -27.3920 57.0000
   vertex 97.5933 -26.2500 127.0000
   vertex 96.8302 -27.3920 127.0000
  endloop
 endfacet
 facet normal 0.89687 -0.44229 0.00000
  outer loop
   vertex 97.5933 -26.2500 57.0000
   vertex 98.2007 -25.0182 57.0000
   vertex 98.2007 -25.0182 127.0000
  endloop
 endfacet
 facet normal 0.89687 -0.44229 0.00000
  outer loop
   vertex 97.5933 -26.2500 57.0000
   vertex 98.2007 -25.0182 127.0000
   vertex 97.5933 -26.2500 127.0000
  endloop
 endfacet
 facet normal 0.94693 -0.32144 0.00000
  outer loop
   vertex 98.2007 -25.0182 57.0000
   vertex 98.6422 -23.7176 57.0000
   vertex 98.6422 -23.7176 127.0000
  endloop
 endfacet
 facet normal 0.94693 -0.32144 0.00000
  outer loop
   vertex 98.2007 -25.0182 57.0000
   vertex 98.6422 -23.7176 127.0000
   vertex 98.2007 -25.0182 127.0000
  endloop
 endfacet
 facet normal 0.98079 -0.19509 0.00000
  outer loop
   vertex 98.6422 -23.7176 57.0000
   vertex 98.9102 -22.3705 57.0000
   vertex 98.9102 -22.3705 127.0000
  endloop
 endfacet
 facet normal 0.98079 -0.19509 0.00000
  outer loop
   vertex 98.6422 -23.7176 57.0000
   vertex 98.9102 -22.3705 127.0000
   vertex 98.6422 -23.7176 127.0000
  endloop
 endfacet
 facet normal 0.99786 -0.06540 0.00000
  outer loop
   vertex 98.9102 -22.3705 57.0000
   vertex 99.0000 -21.0000 57.0000
   vertex 99.0000 -21.0000 127.0000
  endloop
 endfacet
 facet normal 0.99786 -0.06540 0.00000
  outer loop
   vertex 98.9102 -22.3705 57.0000
   vertex 99.0000 -21.0000 127.0000
   vertex 98.9102 -22.3705 127.0000
  endloop
 endfacet
 facet normal 0.00000 0.00000 -1.00000
  outer loop
   vertex 88.5000 -21.0000 57.0000
   vertex 98.9102 -19.6295 57.0000
   vertex 99.0000 -21.0000 57.0000
  endloop
 endfacet
 facet normal 0.00000 0.00000 1.00000
  outer loop
   vertex 88.5000 -21.0000 127.0000
   vertex 99.0000 -21.0000 127.0000
   vertex 98.9102 -19.6295 127.0000
  endloop
 endfacet
 facet normal 0.00000 0.00000 -1.00000
  outer loop
   vertex 88.5000 -21.0000 57.0000
   vertex 98.6422 -18.2824 57.0000
   vertex 98.9102 -19.6295 57.0000
  endloop
 endfacet
 facet normal 0.00000 0.00000 1.00000
  outer loop
   vertex 88.5000 -21.0000 127.0000
   vertex 98.9102 -19.6295 127.0000
   vertex 98.6422 -18.2824 127.0000
  endloop
 endfacet
 facet normal 0.00000 0.00000 -1.00000
  outer loop
   vertex 88.5000 -21.0000 57.0000
   vertex 98.2007 -16.9818 57.0000
   vertex 98.6422 -18.2824 57.0000
  endloop
 endfacet
 facet normal 0.00000 0.00000 1.00000
  outer loop
   vertex 88.5000 -21.0000 127.0000
   vertex 98.6422 -18.2824 127.0000
   vertex 98.2007 -16.9818 127.0000
  endloop
 endfacet
 facet normal 0.00000 0.00000 -1.00000
  outer loop
   vertex 88.5000 -21.0000 57.0000
   vertex 97.5933 -15.7500 57.0000
   vertex 98.2007 -16.9818 57.0000
  endloop
 endfacet
 facet normal 0.00000 0.00000 1.00000
  outer loop
   vertex 88.5000 -21.0000 127.0000
   vertex 98.2007 -16.9818 127.0000
   vertex 97.5933 -15.7500 127.0000
  endloop
 endfacet
 facet normal 0.00000 0.00000 -1.00000
  outer loop
   vertex 88.5000 -21.0000 57.0000
   vertex 96.8302 -14.6080 57.0000
   vertex 97.5933 -15.7500 57.0000
  endloop
 endfacet
 facet normal 0.00000 0.00000 1.00000
  outer loop
   vertex 88.5000 -21.0000 127.0000
   vertex 97.5933 -15.7500 127.0000
   vertex 96.8302 -14.6080 127.0000
  endloop
 endfacet
 facet normal 0.00000 0.00000 -1.00000
  outer loop
   vertex 88.5000 -21.0000 57.0000
   vertex 95.9246 -13.5754 57.0000
   vertex 96.8302 -14.6080 57.0000
  endloop
 endfacet
 facet normal 0.00000 0.00000 1.00000
  outer loop
   vertex 88.5000 -21.0000 127.0000
   vertex 96.8302 -14.6080 127.0000
   vertex 95.9246 -13.5754 127.0000
  endloop
 endfacet
 facet normal 0.00000 0.00000 -1.00000
  outer loop
   vertex 88.5000 -21.0000 57.0000
   vertex 94.8920 -12.6698 57.0000
   vertex 95.9246 -13.5754 57.0000
  endloop
 endfacet
 facet normal 0.00000 0.00000 1.00000
  outer loop
   vertex 88.5000 -21.0000 127.0000
   vertex 95.9246 -13.5754 127.0000
   vertex 94.8920 -12.6698 127.0000
  endloop
 endfacet
 facet normal 0.00000 0.00000 -1.00000
  outer loop
   vertex 88.5000 -21.0000 57.0000
   vertex 93.7500 -11.9067 57.0000
   vertex 94.8920 -12.6698 57.0000
  endloop
 endfacet
 facet normal 0.00000 0.00000 1.00000
  outer loop
   vertex 88.5000 -21.0000 127.0000
   vertex 94.8920 -12.6698 127.0000
   vertex 93.7500 -11.9067 127.0000
  endloop
 endfacet
 facet normal 0.00000 0.00000 -1.00000
  outer loop
   vertex 88.5000 -21.0000 57.0000
   vertex 92.5182 -11.2993 57.0000
   vertex 93.7500 -11.9067 57.0000
  endloop
 endfacet
 facet normal 0.00000 0.00000 1.00000
  outer loop
   vertex 88.5000 -21.0000 127.0000
   vertex 93.7500 -11.9067 127.0000
   vertex 92.5182 -11.2993 127.0000
  endloop
 endfacet
 facet normal 0.00000 0.00000 -1.00000
  outer loop
   vertex 88.5000 -21.0000 57.0000
   vertex 91.2176 -10.8578 57.0000
   vertex 92.5182 -11.2993 57.0000
  endloop
 endfacet
 facet normal 0.00000 0.00000 1.00000
  outer loop
   vertex 88.5000 -21.0000 127.0000
   vertex 92.5182 -11.2993 127.0000
   vertex 91.2176 -10.8578 127.0000
  endloop
 endfacet
 facet normal 0.00000 0.00000 -1.00000
  outer loop
   vertex 88.5000 -21.0000 57.0000
   vertex 89.8705 -10.5898 57.0000
   vertex 91.2176 -10.8578 57.0000
  endloop
 endfacet
 facet normal 0.00000 0.00000 1.00000
  outer loop
   vertex 88.5000 -21.0000 127.0000
   vertex 91.2176 -10.8578 127.0000
   vertex 89.8705 -10.5898 127.0000
  endloop
 endfacet
 facet normal 0.00000 0.00000 -1.00000
  outer loop
   vertex 88.5000 -21.0000 57.0000
   vertex 88.5000 -10.5000 57.0000
   vertex 89.8705 -10.5898 57.0000
  endloop
 endfacet
 facet normal 0.00000 0.00000 1.00000
  outer loop
   vertex 88.5000 -21.0000 127.0000
   vertex 89.8705 -10.5898 127.0000
   vertex 88.5000 -10.5000 127.0000
  endloop
 endfacet
 facet normal 0.00000 0.00000 -1.00000
  outer loop
   vertex 88.5000 -21.0000 57.0000
   vertex 87.1295 -10.5898 57.0000
   vertex 88.5000 -10.5000 57.0000
  endloop
 endfacet
 facet normal 0.00000 -0.00000 1.00000
  outer loop
   vertex 88.5000 -21.0000 127.0000
   vertex 88.5000 -10.5000 127.0000
   vertex 87.1295 -10.5898 127.0000
  endloop
 endfacet
 facet normal 0.00000 0.00000 -1.00000
  outer loop
   vertex 88.5000 -21.0000 57.0000
   vertex 85.7824 -10.8578 57.0000
   vertex 87.1295 -10.5898 57.0000
  endloop
 endfacet
 facet normal 0.00000 0.00000 1.00000
  outer loop
   vertex 88.5000 -21.0000 127.0000
   vertex 87.1295 -10.5898 127.0000
   vertex 85.7824 -10.8578 127.0000
  endloop
 endfacet
 facet normal 0.00000 0.00000 -1.00000
  outer loop
   vertex 88.5000 -21.0000 57.0000
   vertex 84.4818 -11.2993 57.0000
   vertex 85.7824 -10.8578 57.0000
  endloop
 endfacet
 facet normal 0.00000 0.00000 1.00000
  outer loop
   vertex 88.5000 -21.0000 127.0000
   vertex 85.7824 -10.8578 127.0000
   vertex 84.4818 -11.2993 127.0000
  endloop
 endfacet
 facet normal 0.00000 0.00000 -1.00000
  outer loop
   vertex 88.5000 -21.0000 57.0000
   vertex 83.2500 -11.9067 57.0000
   vertex 84.4818 -11.2993 57.0000
  endloop
 endfacet
 facet normal 0.00000 0.00000 1.00000
  outer loop
   vertex 88.5000 -21.0000 127.0000
   vertex 84.4818 -11.2993 127.0000
   vertex 83.2500 -11.9067 127.0000
  endloop
 endfacet
 facet normal 0.00000 0.00000 -1.00000
  outer loop
   vertex 88.5000 -21.0000 57.0000
   vertex 82.1080 -12.6698 57.0000
   vertex 83.2500 -11.9067 57.0000
  endloop
 endfacet
 facet normal 0.00000 0.00000 1.00000
  outer loop
   vertex 88.5000 -21.0000 127.0000
   vertex 83.2500 -11.9067 127.0000
   vertex 82.1080 -12.6698 127.0000
  endloop
 endfacet
 facet normal 0.00000 0.00000 -1.00000
  outer loop
   vertex 88.5000 -21.0000 57.0000
   vertex 81.0754 -13.5754 57.0000
   vertex 82.1080 -12.6698 57.0000
  endloop
 endfacet
 facet normal 0.00000 0.00000 1.00000
  outer loop
   vertex 88.5000 -21.0000 127.0000
   vertex 82.1080 -12.6698 127.0000
   vertex 81.0754 -13.5754 127.0000
  endloop
 endfacet
 facet normal 0.00000 0.00000 -1.00000
  outer loop
   vertex 88.5000 -21.0000 57.0000
   vertex 80.1698 -14.6080 57.0000
   vertex 81.0754 -13.5754 57.0000
  endloop
 endfacet
 facet normal 0.00000 0.00000 1.00000
  outer loop
   vertex 88.5000 -21.0000 127.0000
   vertex 81.0754 -13.5754 127.0000
   vertex 80.1698 -14.6080 127.0000
  endloop
 endfacet
 facet normal 0.00000 0.00000 -1.00000
  outer loop
   vertex 88.5000 -21.0000 57.0000
   vertex 79.4067 -15.7500 57.0000
   vertex 80.1698 -14.6080 57.0000
  endloop
 endfacet
 facet normal 0.00000 0.00000 1.00000
  outer loop
   vertex 88.5000 -21.0000 127.0000
   vertex 80.1698 -14.6080 127.0000
   vertex 79.4067 -15.7500 127.0000
  endloop
 endfacet
 facet normal 0.00000 0.00000 -1.00000
  outer loop
   vertex 88.5000 -21.0000 57.0000
   vertex 78.7993 -16.9818 57.0000
   vertex 79.4067 -15.7500 57.0000
  endloop
 endfacet
 facet normal 0.00000 0.00000 1.00000
  outer loop
   vertex 88.5000 -21.0000 127.0000
   vertex 79.4067 -15.7500 127.0000
   vertex 78.7993 -16.9818 127.0000
  endloop
 endfacet
 facet normal 0.00000 0.00000 -1.00000
  outer loop
   vertex 88.5000 -21.0000 57.0000
   vertex 78.3578 -18.2824 57.0000
   vertex 78.7993 -16.9818 57.0000
  endloop
 endfacet
 facet normal 0.00000 0.00000 1.00000
  outer loop
   vertex 88.5000 -21.0000 127.0000
   vertex 78.7993 -16.9818 127.0000
   vertex 78.3578 -18.2824 127.0000
  endloop
 endfacet
 facet normal 0.00000 0.00000 -1.00000
  outer loop
   vertex 88.5000 -21.0000 57.0000
   vertex 78.0898 -19.6295 57.0000
   vertex 78.3578 -18.2824 57.0000
  endloop
 endfacet
 facet normal 0.00000 0.00000 1.00000
  outer loop
   vertex 88.5000 -21.0000 127.0000
   vertex 78.3578 -18.2824 127.0000
   vertex 78.0898 -19.6295 127.0000
  endloop
 endfacet
 facet normal 0.00000 0.00000 -1.00000
  outer loop
   vertex 88.5000 -21.0000 57.0000
   vertex 78.0000 -21.0000 57.0000
   vertex 78.0898 -19.6295 57.0000
  endloop
 endfacet
 facet normal 0.00000 0.00000 1.00000
  outer loop
   vertex 88.5000 -21.0000 127.0000
   vertex 78.0898 -19.6295 127.0000
   vertex 78.0000 -21.0000 127.0000
  endloop
 endfacet
 facet normal -0.00000 0.00000 -1.00000
  outer loop
   vertex 88.5000 -21.0000 57.0000
   vertex 78.0898 -22.3705 57.0000
   vertex 78.0000 -21.0000 57.0000
  endloop
 endfacet
 facet normal 0.00000 0.00000 1.00000
  outer loop
   vertex 88.5000 -21.0000 127.0000
   vertex 78.0000 -21.0000 127.0000
   vertex 78.0898 -22.3705 127.0000
  endloop
 endfacet
 facet normal 0.00000 0.00000 -1.00000
  outer loop
   vertex 88.5000 -21.0000 57.0000
   vertex 78.3578 -23.7176 57.0000
   vertex 78.0898 -22.3705 57.0000
  endloop
 endfacet
 facet normal 0.00000 0.00000 1.00000
  outer loop
   vertex 88.5000 -21.0000 127.0000
   vertex 78.0898 -22.3705 127.0000
   vertex 78.3578 -23.7176 127.0000
  endloop
 endfacet
 facet normal 0.00000 0.00000 -1.00000
  outer loop
   vertex 88.5000 -21.0000 57.0000
   vertex 78.7993 -25.0182 57.0000
   vertex 78.3578 -23.7176 57.0000
  endloop
 endfacet
 facet normal 0.00000 0.00000 1.00000
  outer loop
   vertex 88.5000 -21.0000 127.0000
   vertex 78.3578 -23.7176 127.0000
   vertex 78.7993 -25.0182 127.0000
  endloop
 endfacet
 facet normal 0.00000 0.00000 -1.00000
  outer loop
   vertex 88.5000 -21.0000 57.0000
   vertex 79.4067 -26.2500 57.0000
   vertex 78.7993 -25.0182 57.0000
  endloop
 endfacet
 facet normal 0.00000 0.00000 1.00000
  outer loop
   vertex 88.5000 -21.0000 127.0000
   vertex 78.7993 -25.0182 127.0000
   vertex 79.4067 -26.2500 127.0000
  endloop
 endfacet
 facet normal 0.00000 0.00000 -1.00000
  outer loop
   vertex 88.5000 -21.0000 57.0000
   vertex 80.1698 -27.3920 57.0000
   vertex 79.4067 -26.2500 57.0000
  endloop
 endfacet
 facet normal 0.00000 0.00000 1.00000
  outer loop
   vertex 88.5000 -21.0000 127.0000
   vertex 79.4067 -26.2500 127.0000
   vertex 80.1698 -27.3920 127.0000
  endloop
 endfacet
 facet normal 0.00000 0.00000 -1.00000
  outer loop
   vertex 88.5000 -21.0000 57.0000
   vertex 81.0754 -28.4246 57.0000
   vertex 80.1698 -27.3920 57.0000
  endloop
 endfacet
 facet normal 0.00000 0.00000 1.00000
  outer loop
   vertex 88.5000 -21.0000 127.0000
   vertex 80.1698 -27.3920 127.0000
   vertex 81.0754 -28.4246 127.0000
  endloop
 endfacet
 facet normal 0.00000 0.00000 -1.00000
  outer loop
   vertex 88.5000 -21.0000 57.0000
   vertex 82.1080 -29.3302 57.0000
   vertex 81.0754 -28.4246 57.0000
  endloop
 endfacet
 facet normal 0.00000 0.00000 1.00000
  outer loop
   vertex 88.5000 -21.0000 127.0000
   vertex 81.0754 -28.4246 127.0000
   vertex 82.1080 -29.3302 127.0000
  endloop
 endfacet
 facet normal 0.00000 0.00000 -1.00000
  outer loop
   vertex 88.5000 -21.0000 57.0000
   vertex 83.2500 -30.0933 57.0000
   vertex 82.1080 -29.3302 57.0000
  endloop
 endfacet
 facet normal 0.00000 0.00000 1.00000
  outer loop
   vertex 88.5000 -21.0000 127.0000
   vertex 82.1080 -29.3302 127.0000
   vertex 83.2500 -30.0933 127.0000
  endloop
 endfacet
 facet normal 0.00000 0.00000 -1.00000
  outer loop
   vertex 88.5000 -21.0000 57.0000
   vertex 84.4818 -30.7007 57.0000
   vertex 83.2500 -30.0933 57.0000
  endloop
 endfacet
 facet normal 0.00000 0.00000 1.00000
  outer loop
   vertex 88.5000 -21.0000 127.0000
   vertex 83.2500 -30.0933 127.0000
   vertex 84.4818 -30.7007 127.0000
  endloop
 endfacet
 facet normal 0.00000 0.00000 -1.00000
  outer loop
   vertex 88.5000 -21.0000 57.0000
   vertex 85.7824 -31.1422 57.0000
   vertex 84.4818 -30.7007 57.0000
  endloop
 endfacet
 facet normal 0.00000 0.00000 1.00000
  outer loop
   vertex 88.5000 -21.0000 127.0000
   vertex 84.4818 -30.7007 127.0000
   vertex 85.7824 -31.1422 127.0000
  endloop
 endfacet
 facet normal 0.00000 0.00000 -1.00000
  outer loop
   vertex 88.5000 -21.0000 57.0000
   vertex 87.1295 -31.4102 57.0000
   vertex 85.7824 -31.1422 57.0000
  endloop
 endfacet
 facet normal 0.00000 0.00000 1.00000
  outer loop
   vertex 88.5000 -21.0000 127.0000
   vertex 85.7824 -31.1422 127.0000
   vertex 87.1295 -31.4102 127.0000
  endloop
 endfacet
 facet normal 0.00000 -0.00000 -1.00000
  outer loop
   vertex 88.5000 -21.0000 57.0000
   vertex 88.5000 -31.5000 57.0000
   vertex 87.1295 -31.4102 57.0000
  endloop
 endfacet
 facet normal 0.00000 0.00000 1.00000
  outer loop
   vertex 88.5000 -21.0000 127.0000
   vertex 87.1295 -31.4102 127.0000
   vertex 88.5000 -31.5000 127.0000
  endloop
 endfacet
 facet normal 0.00000 0.00000 -1.00000
  outer loop
   vertex 88.5000 -21.0000 57.0000
   vertex 89.8705 -31.4102 57.0000
   vertex 88.5000 -31.5000 57.0000
  endloop
 endfacet
 facet normal 0.00000 0.00000 1.00000
  outer loop
   vertex 88.5000 -21.0000 127.0000
   vertex 88.5000 -31.5000 127.0000
   vertex 89.8705 -31.4102 127.0000
  endloop
 endfacet
 facet normal 0.00000 0.00000 -1.00000
  outer loop
   vertex 88.5000 -21.0000 57.0000
   vertex 91.2176 -31.1422 57.0000
   vertex 89.8705 -31.4102 57.0000
  endloop
 endfacet
 facet normal 0.00000 0.00000 1.00000
  outer loop
   vertex 88.5000 -21.0000 127.0000
   vertex 89.8705 -31.4102 127.0000
   vertex 91.2176 -31.1422 127.0000
  endloop
 endfacet
 facet normal 0.00000 0.00000 -1.00000
  outer loop
   vertex 88.5000 -21.0000 57.0000
   vertex 92.5182 -30.7007 57.0000
   vertex 91.2176 -31.1422 57.0000
  endloop
 endfacet
 facet normal 0.00000 0.00000 1.00000
  outer loop
   vertex 88.5000 -21.0000 127.0000
   vertex 91.2176 -31.1422 127.0000
   vertex 92.5182 -30.7007 127.0000
  endloop
 endfacet
 facet normal 0.00000 0.00000 -1.00000
  outer loop
   vertex 88.5000 -21.0000 57.0000
   vertex 93.7500 -30.0933 57.0000
   vertex 92.5182 -30.7007 57.0000
  endloop
 endfacet
 facet normal 0.00000 0.00000 1.00000
  outer loop
   vertex 88.5000 -21.0000 127.0000
   vertex 92.5182 -30.7007 127.0000
   vertex 93.7500 -30.0933 127.0000
  endloop
 endfacet
 facet normal 0.00000 0.00000 -1.00000
  outer loop
   vertex 88.5000 -21.0000 57.0000
   vertex 94.8920 -29.3302 57.0000
   vertex 93.7500 -30.0933 57.0000
  endloop
 endfacet
 facet normal 0.00000 0.00000 1.00000
  outer loop
   vertex 88.5000 -21.0000 127.0000
   vertex 93.7500 -30.0933 127.0000
   vertex 94.8920 -29.3302 127.0000
  endloop
 endfacet
 facet normal 0.00000 0.00000 -1.00000
  outer loop
   vertex 88.5000 -21.0000 57.0000
   vertex 95.9246 -28.4246 57.0000
   vertex 94.8920 -29.3302 57.0000
  endloop
 endfacet
 facet normal 0.00000 0.00000 1.00000
  outer loop
   vertex 88.5000 -21.0000 127.0000
   vertex 94.8920 -29.3302 127.0000
   vertex 95.9246 -28.4246 127.0000
  endloop
 endfacet
 facet normal 0.00000 0.00000 -1.00000
  outer loop
   vertex 88.5000 -21.0000 57.0000
   vertex 96.8302 -27.3920 57.0000
   vertex 95.9246 -28.4246 57.0000
  endloop
 endfacet
 facet normal 0.00000 0.00000 1.00000
  outer loop
   vertex 88.5000 -21.0000 127.0000
   vertex 95.9246 -28.4246 127.0000
   vertex 96.8302 -27.3920 127.0000
  endloop
 endfacet
 facet normal 0.00000 0.00000 -1.00000
  outer loop
   vertex 88.5000 -21.0000 57.0000
   vertex 97.5933 -26.2500 57.0000
   vertex 96.8302 -27.3920 57.0000
  endloop
 endfacet
 facet normal 0.00000 0.00000 1.00000
  outer loop
   vertex 88.5000 -21.0000 127.0000
   vertex 96.8302 -27.3920 127.0000
   vertex 97.5933 -26.2500 127.0000
  endloop
 endfacet
 facet normal 0.00000 0.00000 -1.00000
  outer loop
   vertex 88.5000 -21.0000 57.0000
   vertex 98.2007 -25.0182 57.0000
   vertex 97.5933 -26.2500 57.0000
  endloop
 endfacet
 facet normal 0.00000 0.00000 1.00000
  outer loop
   vertex 88.5000 -21.0000 127.0000
   vertex 97.5933 -26.2500 127.0000
   vertex 98.2007 -25.0182 127.0000
  endloop
 endfacet
 facet normal 0.00000 0.00000 -1.00000
  outer loop
   vertex 88.5000 -21.0000 57.0000
   vertex 98.6422 -23.7176 57.0000
   vertex 98.2007 -25.0182 57.0000
  endloop
 endfacet
 facet normal 0.00000 0.00000 1.00000
  outer loop
   vertex 88.5000 -21.0000 127.0000
   vertex 98.2007 -25.0182 127.0000
   vertex 98.6422 -23.7176 127.0000
  endloop
 endfacet
 facet normal 0.00000 0.00000 -1.00000
  outer loop
   vertex 88.5000 -21.0000 57.0000
   vertex 98.9102 -22.3705 57.0000
   vertex 98.6422 -23.7176 57.0000
  endloop
 endfacet
 facet normal 0.00000 0.00000 1.00000
  outer loop
   vertex 88.5000 -21.0000 127.0000
   vertex 98.6422 -23.7176 127.0000
   vertex 98.9102 -22.3705 127.0000
  endloop
 endfacet
 facet normal 0.00000 0.00000 -1.00000
  outer loop
   vertex 88.5000 -21.0000 57.0000
   vertex 99.0000 -21.0000 57.0000
   vertex 98.9102 -22.3705 57.0000
  endloop
 endfacet
 facet normal -0.00000 0.00000 1.00000
  outer loop
   vertex 88.5000 -21.0000 127.0000
   vertex 98.9102 -22.3705 127.0000
   vertex 99.0000 -21.0000 127.0000
  endloop
 endfacet
 facet normal 0.99786 0.06540 0.00000
  outer loop
   vertex 99.0000 0.0000 57.0000
   vertex 98.9102 1.3705 57.0000
   vertex 98.9102 1.3705 127.0000
  endloop
 endfacet
 facet normal 0.99786 0.06540 -0.00000
  outer loop
   vertex 99.0000 0.0000 57.0000
   vertex 98.9102 1.3705 127.0000
   vertex 99.0000 0.0000 127.0000
  endloop
 endfacet
 facet normal 0.98079 0.19509 0.00000
  outer loop
   vertex 98.9102 1.3705 57.0000
   vertex 98.6422 2.7176 57.0000
   vertex 98.6422 2.7176 127.0000
  endloop
 endfacet
 facet normal 0.98079 0.19509 -0.00000
  outer loop
   vertex 98.9102 1.3705 57.0000
   vertex 98.6422 2.7176 127.0000
   vertex 98.9102 1.3705 127.0000
  endloop
 endfacet
 facet normal 0.94693 0.32144 0.00000
  outer loop
   vertex 98.6422 2.7176 57.0000
   vertex 98.2007 4.0182 57.0000
   vertex 98.2007 4.0182 127.0000
  endloop
 endfacet
 facet normal 0.94693 0.32144 -0.00000
  outer loop
   vertex 98.6422 2.7176 57.0000
   vertex 98.2007 4.0182 127.0000
   vertex 98.6422 2.7176 127.0000
  endloop
 endfacet
 facet normal 0.89687 0.44229 0.00000
  outer loop
   vertex 98.2007 4.0182 57.0000
   vertex 97.5933 5.2500 57.0000
   vertex 97.5933 5.2500 127.0000
  endloop
 endfacet
 facet normal 0.89687 0.44229 -0.00000
  outer loop
   vertex 98.2007 4.0182 57.0000
   vertex 97.5933 5.2500 127.0000
   vertex 98.2007 4.0182 127.0000
  endloop
 endfacet
 facet normal 0.83147 0.55557 0.00000
  outer loop
   vertex 97.5933 5.2500 57.0000
   vertex 96.8302 6.3920 57.0000
   vertex 96.8302 6.3920 127.0000
  endloop
 endfacet
 facet normal 0.83147 0.55557 -0.00000
  outer loop
   vertex 97.5933 5.2500 57.0000
   vertex 96.8302 6.3920 127.0000
   vertex 97.5933 5.2500 127.0000
  endloop
 endfacet
 facet normal 0.75184 0.65935 0.00000
  outer loop
   vertex 96.8302 6.3920 57.0000
   vertex 95.9246 7.4246 57.0000
   vertex 95.9246 7.4246 127.0000
  endloop
 endfacet
 facet normal 0.75184 0.65935 -0.00000
  outer loop
   vertex 96.8302 6.3920 57.0000
   vertex 95.9246 7.4246 127.0000
   vertex 96.8302 6.3920 127.0000
  endloop
 endfacet
 facet normal 0.65935 0.75184 0.00000
  outer loop
   vertex 95.9246 7.4246 57.0000
   vertex 94.8920 8.3302 57.0000
   vertex 94.8920 8.3302 127.0000
  endloop
 endfacet
 facet normal 0.65935 0.75184 -0.00000
  outer loop
   vertex 95.9246 7.4246 57.0000
   vertex 94.8920 8.3302 127.0000
   vertex 95.9246 7.4246 127.0000
  endloop
 endfacet
 facet normal 0.55557 0.83147 0.00000
  outer loop
   vertex 94.8920 8.3302 57.0000
   vertex 93.7500 9.0933 57.0000
   vertex 93.7500 9.0933 127.0000
  endloop
 endfacet
 facet normal 0.55557 0.83147 -0.00000
  outer loop
   vertex 94.8920 8.3302 57.0000
   vertex 93.7500 9.0933 127.0000
   vertex 94.8920 8.3302 127.0000
  endloop
 endfacet
 facet normal 0.44229 0.89687 0.00000
  outer loop
   vertex 93.7500 9.0933 57.0000
   vertex 92.5182 9.7007 57.0000
   vertex 92.5182 9.7007 127.0000
  endloop
 endfacet
 facet normal 0.44229 0.89687 -0.00000
  outer loop
   vertex 93.7500 9.0933 57.0000
   vertex 92.5182 9.7007 127.0000
   vertex 93.7500 9.0933 127.0000
  endloop
 endfacet
 facet normal 0.32144 0.94693 0.00000
  outer loop
   vertex 92.5182 9.7007 57.0000
   vertex 91.2176 10.1422 57.0000
   vertex 91.2176 10.1422 127.0000
  endloop
 endfacet
 facet normal 0.32144 0.94693 -0.00000
  outer loop
   vertex 92.5182 9.7007 57.0000
   vertex 91.2176 10.1422 127.0000
   vertex 92.5182 9.7007 127.0000
  endloop
 endfacet
 facet normal 0.19509 0.98079 0.00000
  outer loop
   vertex 91.2176 10.1422 57.0000
   vertex 89.8705 10.4102 57.0000
   vertex 89.8705 10.4102 127.0000
  endloop
 endfacet
 facet normal 0.19509 0.98079 -0.00000
  outer loop
   vertex 91.2176 10.1422 57.0000
   vertex 89.8705 10.4102 127.0000
   vertex 91.2176 10.1422 127.0000
  endloop
 endfacet
 facet normal 0.06540 0.99786 0.00000
  outer loop
   vertex 89.8705 10.4102 57.0000
   vertex 88.5000 10.5000 57.0000
   vertex 88.5000 10.5000 127.0000
  endloop
 endfacet
 facet normal 0.06540 0.99786 -0.00000
  outer loop
   vertex 89.8705 10.4102 57.0000
   vertex 88.5000 10.5000 127.0000
   vertex 89.8705 10.4102 127.0000
  endloop
 endfacet
 facet normal -0.06540 0.99786 0.00000
  outer loop
   vertex 88.5000 10.5000 57.0000
   vertex 87.1295 10.4102 57.0000
   vertex 87.1295 10.4102 127.0000
  endloop
 endfacet
 facet normal -0.06540 0.99786 0.00000
  outer loop
   vertex 88.5000 10.5000 57.0000
   vertex 87.1295 10.4102 127.0000
   vertex 88.5000 10.5000 127.0000
  endloop
 endfacet
 facet normal -0.19509 0.98079 0.00000
  outer loop
   vertex 87.1295 10.4102 57.0000
   vertex 85.7824 10.1422 57.0000
   vertex 85.7824 10.1422 127.0000
  endloop
 endfacet
 facet normal -0.19509 0.98079 0.00000
  outer loop
   vertex 87.1295 10.4102 57.0000
   vertex 85.7824 10.1422 127.0000
   vertex 87.1295 10.4102 127.0000
  endloop
 endfacet
 facet normal -0.32144 0.94693 0.00000
  outer loop
   vertex 85.7824 10.1422 57.0000
   vertex 84.4818 9.7007 57.0000
   vertex 84.4818 9.7007 127.0000
  endloop
 endfacet
 facet normal -0.32144 0.94693 0.00000
  outer loop
   vertex 85.7824 10.1422 57.0000
   vertex 84.4818 9.7007 127.0000
   vertex 85.7824 10.1422 127.0000
  endloop
 endfacet
 facet normal -0.44229 0.89687 0.00000
  outer loop
   vertex 84.4818 9.7007 57.0000
   vertex 83.2500 9.0933 57.0000
   vertex 83.2500 9.0933 127.0000
  endloop
 endfacet
 facet normal -0.44229 0.89687 0.00000
  outer loop
   vertex 84.4818 9.7007 57.0000
   vertex 83.2500 9.0933 127.0000
   vertex 84.4818 9.7007 127.0000
  endloop
 endfacet
 facet normal -0.55557 0.83147 0.00000
  outer loop
   vertex 83.2500 9.0933 57.0000
   vertex 82.1080 8.3302 57.0000
   vertex 82.1080 8.3302 127.0000
  endloop
 endfacet
 facet normal -0.55557 0.83147 0.00000
  outer loop
   vertex 83.2500 9.0933 57.0000
   vertex 82.1080 8.3302 127.0000
   vertex 83.2500 9.0933 127.0000
  endloop
 endfacet
 facet normal -0.65935 0.75184 0.00000
  outer loop
   vertex 82.1080 8.3302 57.0000
   vertex 81.0754 7.4246 57.0000
   vertex 81.0754 7.4246 127.0000
  endloop
 endfacet
 facet normal -0.65935 0.75184 0.00000
  outer loop
   vertex 82.1080 8.3302 57.0000
   vertex 81.0754 7.4246 127.0000
   vertex 82.1080 8.3302 127.0000
  endloop
 endfacet
 facet normal -0.75184 0.65935 0.00000
  outer loop
   vertex 81.0754 7.4246 57.0000
   vertex 80.1698 6.3920 57.0000
   vertex 80.1698 6.3920 127.0000
  endloop
 endfacet
 facet normal -0.75184 0.65935 0.00000
  outer loop
   vertex 81.0754 7.4246 57.0000
   vertex 80.1698 6.3920 127.0000
   vertex 81.0754 7.4246 127.0000
  endloop
 endfacet
 facet normal -0.83147 0.55557 0.00000
  outer loop
   vertex 80.1698 6.3920 57.0000
   vertex 79.4067 5.2500 57.0000
   vertex 79.4067 5.2500 127.0000
  endloop
 endfacet
 facet normal -0.83147 0.55557 0.00000
  outer loop
   vertex 80.1698 6.3920 57.0000
   vertex 79.4067 5.2500 127.0000
   vertex 80.1698 6.3920 127.0000
  endloop
 endfacet
 facet normal -0.89687 0.44229 0.00000
  outer loop
   vertex 79.4067 5.2500 57.0000
   vertex 78.7993 4.0182 57.0000
   vertex 78.7993 4.0182 127.0000
  endloop
 endfacet
 facet normal -0.89687 0.44229 0.00000
  outer loop
   vertex 79.4067 5.2500 57.0000
   vertex 78.7993 4.0182 127.0000
   vertex 79.4067 5.2500 127.0000
  endloop
 endfacet
 facet normal -0.94693 0.32144 0.00000
  outer loop
   vertex 78.7993 4.0182 57.0000
   vertex 78.3578 2.7176 57.0000
   vertex 78.3578 2.7176 127.0000
  endloop
 endfacet
 facet normal -0.94693 0.32144 0.00000
  outer loop
   vertex 78.7993 4.0182 57.0000
   vertex 78.3578 2.7176 127.0000
   vertex 78.7993 4.0182 127.0000
  endloop
 endfacet
 facet normal -0.98079 0.19509 0.00000
  outer loop
   vertex 78.3578 2.7176 57.0000
   vertex 78.0898 1.3705 57.0000
   vertex 78.0898 1.3705 127.0000
  endloop
 endfacet
 facet normal -0.98079 0.19509 0.00000
  outer loop
   vertex 78.3578 2.7176 57.0000
   vertex 78.0898 1.3705 127.0000
   vertex 78.3578 2.7176 127.0000
  endloop
 endfacet
 facet normal -0.99786 0.06540 0.00000
  outer loop
   vertex 78.0898 1.3705 57.0000
   vertex 78.0000 0.0000 57.0000
   vertex 78.0000 0.0000 127.0000
  endloop
 endfacet
 facet normal -0.99786 0.06540 0.00000
  outer loop
   vertex 78.0898 1.3705 57.0000
   vertex 78.0000 0.0000 127.0000
   vertex 78.0898 1.3705 127.0000
  endloop
 endfacet
 facet normal -0.99786 -0.06540 0.00000
  outer loop
   vertex 78.0000 0.0000 57.0000
   vertex 78.0898 -1.3705 57.0000
   vertex 78.0898 -1.3705 127.0000
  endloop
 endfacet
 facet normal -0.99786 -0.06540 0.00000
  outer loop
   vertex 78.0000 0.0000 57.0000
   vertex 78.0898 -1.3705 127.0000
   vertex 78.0000 0.0000 127.0000
  endloop
 endfacet
 facet normal -0.98079 -0.19509 0.00000
  outer loop
   vertex 78.0898 -1.3705 57.0000
   vertex 78.3578 -2.7176 57.0000
   vertex 78.3578 -2.7176 127.0000
  endloop
 endfacet
 facet normal -0.98079 -0.19509 0.00000
  outer loop
   vertex 78.0898 -1.3705 57.0000
   vertex 78.3578 -2.7176 127.0000
   vertex 78.0898 -1.3705 127.0000
  endloop
 endfacet
 facet normal -0.94693 -0.32144 0.00000
  outer loop
   vertex 78.3578 -2.7176 57.0000
   vertex 78.7993 -4.0182 57.0000
   vertex 78.7993 -4.0182 127.0000
  endloop
 endfacet
 facet normal -0.94693 -0.32144 0.00000
  outer loop
   vertex 78.3578 -2.7176 57.0000
   vertex 78.7993 -4.0182 127.0000
   vertex 78.3578 -2.7176 127.0000
  endloop
 endfacet
 facet normal -0.89687 -0.44229 0.00000
  outer loop
   vertex 78.7993 -4.0182 57.0000
   vertex 79.4067 -5.2500 57.0000
   vertex 79.4067 -5.2500 127.0000
  endloop
 endfacet
 facet normal -0.89687 -0.44229 0.00000
  outer loop
   vertex 78.7993 -4.0182 57.0000
   vertex 79.4067 -5.2500 127.0000
   vertex 78.7993 -4.0182 127.0000
  endloop
 endfacet
 facet normal -0.83147 -0.55557 0.00000
  outer loop
   vertex 79.4067 -5.2500 57.0000
   vertex 80.1698 -6.3920 57.0000
   vertex 80.1698 -6.3920 127.0000
  endloop
 endfacet
 facet normal -0.83147 -0.55557 0.00000
  outer loop
   vertex 79.4067 -5.2500 57.0000
   vertex 80.1698 -6.3920 127.0000
   vertex 79.4067 -5.2500 127.0000
  endloop
 endfacet
 facet normal -0.75184 -0.65935 0.00000
  outer loop
   vertex 80.1698 -6.3920 57.0000
   vertex 81.0754 -7.4246 57.0000
   vertex 81.0754 -7.4246 127.0000
  endloop
 endfacet
 facet normal -0.75184 -0.65935 0.00000
  outer loop
   vertex 80.1698 -6.3920 57.0000
   vertex 81.0754 -7.4246 127.0000
   vertex 80.1698 -6.3920 127.0000
  endloop
 endfacet
 facet normal -0.65935 -0.75184 0.00000
  outer loop
   vertex 81.0754 -7.4246 57.0000
   vertex 82.1080 -8.3302 57.0000
   vertex 82.1080 -8.3302 127.0000
  endloop
 endfacet
 facet normal -0.65935 -0.75184 0.00000
  outer loop
   vertex 81.0754 -7.4246 57.0000
   vertex 82.1080 -8.3302 127.0000
   vertex 81.0754 -7.4246 127.0000
  endloop
 endfacet
 facet normal -0.55557 -0.83147 0.00000
  outer loop
   vertex 82.1080 -8.3302 57.0000
   vertex 83.2500 -9.0933 57.0000
   vertex 83.2500 -9.0933 127.0000
  endloop
 endfacet
 facet normal -0.55557 -0.83147 0.00000
  outer loop
   vertex 82.1080 -8.3302 57.0000
   vertex 83.2500 -9.0933 127.0000
   vertex 82.1080 -8.3302 127.0000
  endloop
 endfacet
 facet normal -0.44229 -0.89687 0.00000
  outer loop
   vertex 83.2500 -9.0933 57.0000
   vertex 84.4818 -9.7007 57.0000
   vertex 84.4818 -9.7007 127.0000
  endloop
 endfacet
 facet normal -0.44229 -0.89687 0.00000
  outer loop
   vertex 83.2500 -9.0933 57.0000
   vertex 84.4818 -9.7007 127.0000
   vertex 83.2500 -9.0933 127.0000
  endloop
 endfacet
 facet normal -0.32144 -0.94693 0.00000
  outer loop
   vertex 84.4818 -9.7007 57.0000
   vertex 85.7824 -10.1422 57.0000
   vertex 85.7824 -10.1422 127.0000
  endloop
 endfacet
 facet normal -0.32144 -0.94693 0.00000
  outer loop
   vertex 84.4818 -9.7007 57.0000
   vertex 85.7824 -10.1422 127.0000
   vertex 84.4818 -9.7007 127.0000
  endloop
 endfacet
 facet normal -0.19509 -0.98079 0.00000
  outer loop
   vertex 85.7824 -10.1422 57.0000
   vertex 87.1295 -10.4102 57.0000
   vertex 87.1295 -10.4102 127.0000
  endloop
 endfacet
 facet normal -0.19509 -0.98079 0.00000
  outer loop
   vertex 85.7824 -10.1422 57.0000
   vertex 87.1295 -10.4102 127.0000
   vertex 85.7824 -10.1422 127.0000
  endloop
 endfacet
 facet normal -0.06540 -0.99786 0.00000
  outer loop
   vertex 87.1295 -10.4102 57.0000
   vertex 88.5000 -10.5000 57.0000
   vertex 88.5000 -10.5000 127.0000
  endloop
 endfacet
 facet normal -0.06540 -0.99786 0.00000
  outer loop
   vertex 87.1295 -10.4102 57.0000
   vertex 88.5000 -10.5000 127.0000
   vertex 87.1295 -10.4102 127.0000
  endloop
 endfacet
 facet normal 0.06540 -0.99786 0.00000
  outer loop
   vertex 88.5000 -10.5000 57.0000
   vertex 89.8705 -10.4102 57.0000
   vertex 89.8705 -10.4102 127.0000
  endloop
 endfacet
 facet normal 0.06540 -0.99786 0.00000
  outer loop
   vertex 88.5000 -10.5000 57.0000
   vertex 89.8705 -10.4102 127.0000
   vertex 88.5000 -10.5000 127.0000
  endloop
 endfacet
 facet normal 0.19509 -0.98079 0.00000
  outer loop
   vertex 89.8705 -10.4102 57.0000
   vertex 91.2176 -10.1422 57.0000
   vertex 91.2176 -10.1422 127.0000
  endloop
 endfacet
 facet normal 0.19509 -0.98079 0.00000
  outer loop
   vertex 89.8705 -10.4102 57.0000
   vertex 91.2176 -10.1422 127.0000
   vertex 89.8705 -10.4102 127.0000
  endloop
 endfacet
 facet normal 0.32144 -0.94693 0.00000
  outer loop
   vertex 91.2176 -10.1422 57.0000
   vertex 92.5182 -9.7007 57.0000
   vertex 92.5182 -9.7007 127.0000
  endloop
 endfacet
 facet normal 0.32144 -0.94693 0.00000
  outer loop
   vertex 91.2176 -10.1422 57.0000
   vertex 92.5182 -9.7007 127.0000
   vertex 91.2176 -10.1422 127.0000
  endloop
 endfacet
 facet normal 0.44229 -0.89687 0.00000
  outer loop
   vertex 92.5182 -9.7007 57.0000
   vertex 93.7500 -9.0933 57.0000
   vertex 93.7500 -9.0933 127.0000
  endloop
 endfacet
 facet normal 0.44229 -0.89687 0.00000
  outer loop
   vertex 92.5182 -9.7007 57.0000
   vertex 93.7500 -9.0933 127.0000
   vertex 92.5182 -9.7007 127.0000
  endloop
 endfacet
 facet normal 0.55557 -0.83147 0.00000
  outer loop
   vertex 93.7500 -9.0933 57.0000
   vertex 94.8920 -8.3302 57.0000
   vertex 94.8920 -8.3302 127.0000
  endloop
 endfacet
 facet normal 0.55557 -0.83147 0.00000
  outer loop
   vertex 93.7500 -9.0933 57.0000
   vertex 94.8920 -8.3302 127.0000
   vertex 93.7500 -9.0933 127.0000
  endloop
 endfacet
 facet normal 0.65935 -0.75184 0.00000
  outer loop
   vertex 94.8920 -8.3302 57.0000
   vertex 95.9246 -7.4246 57.0000
   vertex 95.9246 -7.4246 127.0000
  endloop
 endfacet
 facet normal 0.65935 -0.75184 0.00000
  outer loop
   vertex 94.8920 -8.3302 57.0000
   vertex 95.9246 -7.4246 127.0000
   vertex 94.8920 -8.3302 127.0000
  endloop
 endfacet
 facet normal 0.75184 -0.65935 0.00000
  outer loop
   vertex 95.9246 -7.4246 57.0000
   vertex 96.8302 -6.3920 57.0000
   vertex 96.8302 -6.3920 127.0000
  endloop
 endfacet
 facet normal 0.75184 -0.65935 0.00000
  outer loop
   vertex 95.9246 -7.4246 57.0000
   vertex 96.8302 -6.3920 127.0000
   vertex 95.9246 -7.4246 127.0000
  endloop
 endfacet
 facet normal 0.83147 -0.55557 0.00000
  outer loop
   vertex 96.8302 -6.3920 57.0000
   vertex 97.5933 -5.2500 57.0000
   vertex 97.5933 -5.2500 127.0000
  endloop
 endfacet
 facet normal 0.83147 -0.55557 0.00000
  outer loop
   vertex 96.8302 -6.3920 57.0000
   vertex 97.5933 -5.2500 127.0000
   vertex 96.8302 -6.3920 127.0000
  endloop
 endfacet
 facet normal 0.89687 -0.44229 0.00000
  outer loop
   vertex 97.5933 -5.2500 57.0000
   vertex 98.2007 -4.0182 57.0000
   vertex 98.2007 -4.0182 127.0000
  endloop
 endfacet
 facet normal 0.89687 -0.44229 0.00000
  outer loop
   vertex 97.5933 -5.2500 57.0000
   vertex 98.2007 -4.0182 127.0000
   vertex 97.5933 -5.2500 127.0000
  endloop
 endfacet
 facet normal 0.94693 -0.32144 0.00000
  outer loop
   vertex 98.2007 -4.0182 57.0000
   vertex 98.6422 -2.7176 57.0000
   vertex 98.6422 -2.7176 127.0000
  endloop
 endfacet
 facet normal 0.94693 -0.32144 0.00000
  outer loop
   vertex 98.2007 -4.0182 57.0000
   vertex 98.6422 -2.7176 127.0000
   vertex 98.2007 -4.0182 127.0000
  endloop
 endfacet
 facet normal 0.98079 -0.19509 0.00000
  outer loop
   vertex 98.6422 -2.7176 57.0000
   vertex 98.9102 -1.3705 57.0000
   vertex 98.9102 -1.3705 127.0000
  endloop
 endfacet
 facet normal 0.98079 -0.19509 0.00000
  outer loop
   vertex 98.6422 -2.7176 57.0000
   vertex 98.9102 -1.3705 127.0000
   vertex 98.6422 -2.7176 127.0000
  endloop
 endfacet
 facet normal 0.99786 -0.06540 0.00000
  outer loop
   vertex 98.9102 -1.3705 57.0000
   vertex 99.0000 0.0000 57.0000
   vertex 99.0000 0.0000 127.0000
  endloop
 endfacet
 facet normal 0.99786 -0.06540 0.00000
  outer loop
   vertex 98.9102 -1.3705 57.0000
   vertex 99.0000 0.0000 127.0000
   vertex 98.9102 -1.3705 127.0000
  endloop
 endfacet
 facet normal 0.00000 0.00000 -1.00000
  outer loop
   vertex 88.5000 0.0000 57.0000
   vertex 98.9102 1.3705 57.0000
   vertex 99.0000 0.0000 57.0000
  endloop
 endfacet
 facet normal 0.00000 0.00000 1.00000
  outer loop
   vertex 88.5000 0.0000 127.0000
   vertex 99.0000 0.0000 127.0000
   vertex 98.9102 1.3705 127.0000
  endloop
 endfacet
 facet normal 0.00000 0.00000 -1.00000
  outer loop
   vertex 88.5000 0.0000 57.0000
   vertex 98.6422 2.7176 57.0000
   vertex 98.9102 1.3705 57.0000
  endloop
 endfacet
 facet normal 0.00000 0.00000 1.00000
  outer loop
   vertex 88.5000 0.0000 127.0000
   vertex 98.9102 1.3705 127.0000
   vertex 98.6422 2.7176 127.0000
  endloop
 endfacet
 facet normal 0.00000 0.00000 -1.00000
  outer loop
   vertex 88.5000 0.0000 57.0000
   vertex 98.2007 4.0182 57.0000
   vertex 98.6422 2.7176 57.0000
  endloop
 endfacet
 facet normal 0.00000 0.00000 1.00000
  outer loop
   vertex 88.5000 0.0000 127.0000
   vertex 98.6422 2.7176 127.0000
   vertex 98.2007 4.0182 127.0000
  endloop
 endfacet
 facet normal 0.00000 0.00000 -1.00000
  outer loop
   vertex 88.5000 0.0000 57.0000
   vertex 97.5933 5.2500 57.0000
   vertex 98.2007 4.0182 57.0000
  endloop
 endfacet
 facet normal 0.00000 0.00000 1.00000
  outer loop
   vertex 88.5000 0.0000 127.0000
   vertex 98.2007 4.0182 127.0000
   vertex 97.5933 5.2500 127.0000
  endloop
 endfacet
 facet normal 0.00000 0.00000 -1.00000
  outer loop
   vertex 88.5000 0.0000 57.0000
   vertex 96.8302 6.3920 57.0000
   vertex 97.5933 5.2500 57.0000
  endloop
 endfacet
 facet normal 0.00000 0.00000 1.00000
  outer loop
   vertex 88.5000 0.0000 127.0000
   vertex 97.5933 5.2500 127.0000
   vertex 96.8302 6.3920 127.0000
  endloop
 endfacet
 facet normal 0.00000 0.00000 -1.00000
  outer loop
   vertex 88.5000 0.0000 57.0000
   vertex 95.9246 7.4246 57.0000
   vertex 96.8302 6.3920 57.0000
  endloop
 endfacet
 facet normal 0.00000 0.00000 1.00000
  outer loop
   vertex 88.5000 0.0000 127.0000
   vertex 96.8302 6.3920 127.0000
   vertex 95.9246 7.4246 127.0000
  endloop
 endfacet
 facet normal 0.00000 0.00000 -1.00000
  outer loop
   vertex 88.5000 0.0000 57.0000
   vertex 94.8920 8.3302 57.0000
   vertex 95.9246 7.4246 57.0000
  endloop
 endfacet
 facet normal 0.00000 0.00000 1.00000
  outer loop
   vertex 88.5000 0.0000 127.0000
   vertex 95.9246 7.4246 127.0000
   vertex 94.8920 8.3302 127.0000
  endloop
 endfacet
 facet normal 0.00000 0.00000 -1.00000
  outer loop
   vertex 88.5000 0.0000 57.0000
   vertex 93.7500 9.0933 57.0000
   vertex 94.8920 8.3302 57.0000
  endloop
 endfacet
 facet normal 0.00000 0.00000 1.00000
  outer loop
   vertex 88.5000 0.0000 127.0000
   vertex 94.8920 8.3302 127.0000
   vertex 93.7500 9.0933 127.0000
  endloop
 endfacet
 facet normal 0.00000 0.00000 -1.00000
  outer loop
   vertex 88.5000 0.0000 57.0000
   vertex 92.5182 9.7007 57.0000
   vertex 93.7500 9.0933 57.0000
  endloop
 endfacet
 facet normal 0.00000 0.00000 1.00000
  outer loop
   vertex 88.5000 0.0000 127.0000
   vertex 93.7500 9.0933 127.0000
   vertex 92.5182 9.7007 127.0000
  endloop
 endfacet
 facet normal 0.00000 0.00000 -1.00000
  outer loop
   vertex 88.5000 0.0000 57.0000
   vertex 91.2176 10.1422 57.0000
   vertex 92.5182 9.7007 57.0000
  endloop
 endfacet
 facet normal 0.00000 0.00000 1.00000
  outer loop
   vertex 88.5000 0.0000 127.0000
   vertex 92.5182 9.7007 127.0000
   vertex 91.2176 10.1422 127.0000
  endloop
 endfacet
 facet normal 0.00000 0.00000 -1.00000
  outer loop
   vertex 88.5000 0.0000 57.0000
   vertex 89.8705 10.4102 57.0000
   vertex 91.2176 10.1422 57.0000
  endloop
 endfacet
 facet normal 0.00000 0.00000 1.00000
  outer loop
   vertex 88.5000 0.0000 127.0000
   vertex 91.2176 10.1422 127.0000
   vertex 89.8705 10.4102 127.0000
  endloop
 endfacet
 facet normal 0.00000 0.00000 -1.00000
  outer loop
   vertex 88.5000 0.0000 57.0000
   vertex 88.5000 10.5000 57.0000
   vertex 89.8705 10.4102 57.0000
  endloop
 endfacet
 facet normal 0.00000 0.00000 1.00000
  outer loop
   vertex 88.5000 0.0000 127.0000
   vertex 89.8705 10.4102 127.0000
   vertex 88.5000 10.5000 127.0000
  endloop
 endfacet
 facet normal 0.00000 0.00000 -1.00000
  outer loop
   vertex 88.5000 0.0000 57.0000
   vertex 87.1295 10.4102 57.0000
   vertex 88.5000 10.5000 57.0000
  endloop
 endfacet
 facet normal 0.00000 -0.00000 1.00000
  outer loop
   vertex 88.5000 0.0000 127.0000
   vertex 88.5000 10.5000 127.0000
   vertex 87.1295 10.4102 127.0000
  endloop
 endfacet
 facet normal 0.00000 0.00000 -1.00000
  outer loop
   vertex 88.5000 0.0000 57.0000
   vertex 85.7824 10.1422 57.0000
   vertex 87.1295 10.4102 57.0000
  endloop
 endfacet
 facet normal 0.00000 0.00000 1.00000
  outer loop
   vertex 88.5000 0.0000 127.0000
   vertex 87.1295 10.4102 127.0000
   vertex 85.7824 10.1422 127.0000
  endloop
 endfacet
 facet normal 0.00000 0.00000 -1.00000
  outer loop
   vertex 88.5000 0.0000 57.0000
   vertex 84.4818 9.7007 57.0000
   vertex 85.7824 10.1422 57.0000
  endloop
 endfacet
 facet normal 0.00000 0.00000 1.00000
  outer loop
   vertex 88.5000 0.0000 127.0000
   vertex 85.7824 10.1422 127.0000
   vertex 84.4818 9.7007 127.0000
  endloop
 endfacet
 facet normal 0.00000 0.00000 -1.00000
  outer loop
   vertex 88.5000 0.0000 57.0000
   vertex 83.2500 9.0933 57.0000
   vertex 84.4818 9.7007 57.0000
  endloop
 endfacet
 facet normal 0.00000 0.00000 1.00000
  outer loop
   vertex 88.5000 0.0000 127.0000
   vertex 84.4818 9.7007 127.0000
   vertex 83.2500 9.0933 127.0000
  endloop
 endfacet
 facet normal 0.00000 0.00000 -1.00000
  outer loop
   vertex 88.5000 0.0000 57.0000
   vertex 82.1080 8.3302 57.0000
   vertex 83.2500 9.0933 57.0000
  endloop
 endfacet
 facet normal 0.00000 0.00000 1.00000
  outer loop
   vertex 88.5000 0.0000 127.0000
   vertex 83.2500 9.0933 127.0000
   vertex 82.1080 8.3302 127.0000
  endloop
 endfacet
 facet normal 0.00000 0.00000 -1.00000
  outer loop
   vertex 88.5000 0.0000 57.0000
   vertex 81.0754 7.4246 57.0000
   vertex 82.1080 8.3302 57.0000
  endloop
 endfacet
 facet normal 0.00000 0.00000 1.00000
  outer loop
   vertex 88.5000 0.0000 127.0000
   vertex 82.1080 8.3302 127.0000
   vertex 81.0754 7.4246 127.0000
  endloop
 endfacet
 facet normal 0.00000 0.00000 -1.00000
  outer loop
   vertex 88.5000 0.0000 57.0000
   vertex 80.1698 6.3920 57.0000
   vertex 81.0754 7.4246 57.0000
  endloop
 endfacet
 facet normal 0.00000 0.00000 1.00000
  outer loop
   vertex 88.5000 0.0000 127.0000
   vertex 81.0754 7.4246 127.0000
   vertex 80.1698 6.3920 127.0000
  endloop
 endfacet
 facet normal 0.00000 0.00000 -1.00000
  outer loop
   vertex 88.5000 0.0000 57.0000
   vertex 79.4067 5.2500 57.0000
   vertex 80.1698 6.3920 57.0000
  endloop
 endfacet
 facet normal 0.00000 0.00000 1.00000
  outer loop
   vertex 88.5000 0.0000 127.0000
   vertex 80.1698 6.3920 127.0000
   vertex 79.4067 5.2500 127.0000
  endloop
 endfacet
 facet normal 0.00000 0.00000 -1.00000
  outer loop
   vertex 88.5000 0.0000 57.0000
   vertex 78.7993 4.0182 57.0000
   vertex 79.4067 5.2500 57.0000
  endloop
 endfacet
 facet normal 0.00000 0.00000 1.00000
  outer loop
   vertex 88.5000 0.0000 127.0000
   vertex 79.4067 5.2500 127.0000
   vertex 78.7993 4.0182 127.0000
  endloop
 endfacet
 facet normal 0.00000 0.00000 -1.00000
  outer loop
   vertex 88.5000 0.0000 57.0000
   vertex 78.3578 2.7176 57.0000
   vertex 78.7993 4.0182 57.0000
  endloop
 endfacet
 facet normal 0.00000 0.00000 1.00000
  outer loop
   vertex 88.5000 0.0000 127.0000
   vertex 78.7993 4.0182 127.0000
   vertex 78.3578 2.7176 127.0000
  endloop
 endfacet
 facet normal 0.00000 0.00000 -1.00000
  outer loop
   vertex 88.5000 0.0000 57.0000
   vertex 78.0898 1.3705 57.0000
   vertex 78.3578 2.7176 57.0000
  endloop
 endfacet
 facet normal 0.00000 0.00000 1.00000
  outer loop
   vertex 88.5000 0.0000 127.0000
   vertex 78.3578 2.7176 127.0000
   vertex 78.0898 1.3705 127.0000
  endloop
 endfacet
 facet normal 0.00000 0.00000 -1.00000
  outer loop
   vertex 88.5000 0.0000 57.0000
   vertex 78.0000 0.0000 57.0000
   vertex 78.0898 1.3705 57.0000
  endloop
 endfacet
 facet normal 0.00000 0.00000 1.00000
  outer loop
   vertex 88.5000 0.0000 127.0000
   vertex 78.0898 1.3705 127.0000
   vertex 78.0000 0.0000 127.0000
  endloop
 endfacet
 facet normal -0.00000 0.00000 -1.00000
  outer loop
   vertex 88.5000 0.0000 57.0000
   vertex 78.0898 -1.3705 57.0000
   vertex 78.0000 0.0000 57.0000
  endloop
 endfacet
 facet normal 0.00000 0.00000 1.00000
  outer loop
   vertex 88.5000 0.0000 127.0000
   vertex 78.0000 0.0000 127.0000
   vertex 78.0898 -1.3705 127.0000
  endloop
 endfacet
 facet normal 0.00000 0.00000 -1.00000
  outer loop
   vertex 88.5000 0.0000 57.0000
   vertex 78.3578 -2.7176 57.0000
   vertex 78.0898 -1.3705 57.0000
  endloop
 endfacet
 facet normal 0.00000 0.00000 1.00000
  outer loop
   vertex 88.5000 0.0000 127.0000
   vertex 78.0898 -1.3705 127.0000
   vertex 78.3578 -2.7176 127.0000
  endloop
 endfacet
 facet normal 0.00000 0.00000 -1.00000
  outer loop
   vertex 88.5000 0.0000 57.0000
   vertex 78.7993 -4.0182 57.0000
   vertex 78.3578 -2.7176 57.0000
  endloop
 endfacet
 facet normal 0.00000 0.00000 1.00000
  outer loop
   vertex 88.5000 0.0000 127.0000
   vertex 78.3578 -2.7176 127.0000
   vertex 78.7993 -4.0182 127.0000
  endloop
 endfacet
 facet normal 0.00000 0.00000 -1.00000
  outer loop
   vertex 88.5000 0.0000 57.0000
   vertex 79.4067 -5.2500 57.0000
   vertex 78.7993 -4.0182 57.0000
  endloop
 endfacet
 facet normal 0.00000 0.00000 1.00000
  outer loop
   vertex 88.5000 0.0000 127.0000
   vertex 78.7993 -4.0182 127.0000
   vertex 79.4067 -5.2500 127.0000
  endloop
 endfacet
 facet normal 0.00000 0.00000 -1.00000
  outer loop
   vertex 88.5000 0.0000 57.0000
   vertex 80.1698 -6.3920 57.0000
   vertex 79.4067 -5.2500 57.0000
  endloop
 endfacet
 facet normal 0.00000 0.00000 1.00000
  outer loop
   vertex 88.5000 0.0000 127.0000
   vertex 79.4067 -5.2500 127.0000
   vertex 80.1698 -6.3920 127.0000
  endloop
 endfacet
 facet normal 0.00000 0.00000 -1.00000
  outer loop
   vertex 88.5000 0.0000 57.0000
   vertex 81.0754 -7.4246 57.0000
   vertex 80.1698 -6.3920 57.0000
  endloop
 endfacet
 facet normal 0.00000 0.00000 1.00000
  outer loop
   vertex 88.5000 0.0000 127.0000
   vertex 80.1698 -6.3920 127.0000
   vertex 81.0754 -7.4246 127.0000
  endloop
 endfacet
 facet normal 0.00000 0.00000 -1.00000
  outer loop
   vertex 88.5000 0.0000 57.0000
   vertex 82.1080 -8.3302 57.0000
   vertex 81.0754 -7.4246 57.0000
  endloop
 endfacet
 facet normal 0.00000 0.00000 1.00000
  outer loop
   vertex 88.5000 0.0000 127.0000
   vertex 81.0754 -7.4246 127.0000
   vertex 82.1080 -8.3302 127.0000
  endloop
 endfacet
 facet normal 0.00000 0.00000 -1.00000
  outer loop
   vertex 88.5000 0.0000 57.0000
   vertex 83.2500 -9.0933 57.0000
   vertex 82.1080 -8.3302 57.0000
  endloop
 endfacet
 facet normal 0.00000 0.00000 1.00000
  outer loop
   vertex 88.5000 0.0000 127.0000
   vertex 82.1080 -8.3302 127.0000
   vertex 83.2500 -9.0933 127.0000
  endloop
 endfacet
 facet normal 0.00000 0.00000 -1.00000
  outer loop
   vertex 88.5000 0.0000 57.0000
   vertex 84.4818 -9.7007 57.0000
   vertex 83.2500 -9.0933 57.0000
  endloop
 endfacet
 facet normal 0.00000 0.00000 1.00000
  outer loop
   vertex 88.5000 0.0000 127.0000
   vertex 83.2500 -9.0933 127.0000
   vertex 84.4818 -9.7007 127.0000
  endloop
 endfacet
 facet normal 0.00000 0.00000 -1.00000
  outer loop
   vertex 88.5000 0.0000 57.0000
   vertex 85.7824 -10.1422 57.0000
   vertex 84.4818 -9.7007 57.0000
  endloop
 endfacet
 facet normal 0.00000 0.00000 1.00000
  outer loop
   vertex 88.5000 0.0000 127.0000
   vertex 84.4818 -9.7007 127.0000
   vertex 85.7824 -10.1422 127.0000
  endloop
 endfacet
 facet normal 0.00000 0.00000 -1.00000
  outer loop
   vertex 88.5000 0.0000 57.0000
   vertex 87.1295 -10.4102 57.0000
   vertex 85.7824 -10.1422 57.0000
  endloop
 endfacet
 facet normal 0.00000 0.00000 1.00000
  outer loop
   vertex 88.5000 0.0000 127.0000
   vertex 85.7824 -10.1422 127.0000
   vertex 87.1295 -10.4102 127.0000
  endloop
 endfacet
 facet normal 0.00000 -0.00000 -1.00000
  outer loop
   vertex 88.5000 0.0000 57.0000
   vertex 88.5000 -10.5000 57.0000
   vertex 87.1295 -10.4102 57.0000
  endloop
 endfacet
 facet normal 0.00000 0.00000 1.00000
  outer loop
   vertex 88.5000 0.0000 127.0000
   vertex 87.1295 -10.4102 127.0000
   vertex 88.5000 -10.5000 127.0000
  endloop
 endfacet
 facet normal 0.00000 0.00000 -1.00000
  outer loop
   vertex 88.5000 0.0000 57.0000
   vertex 89.8705 -10.4102 57.0000
   vertex 88.5000 -10.5000 57.0000
  endloop
 endfacet
 facet normal 0.00000 0.00000 1.00000
  outer loop
   vertex 88.5000 0.0000 127.0000
   vertex 88.5000 -10.5000 127.0000
   vertex 89.8705 -10.4102 127.0000
  endloop
 endfacet
 facet normal 0.00000 0.00000 -1.00000
  outer loop
   vertex 88.5000 0.0000 57.0000
   vertex 91.2176 -10.1422 57.0000
   vertex 89.8705 -10.4102 57.0000
  endloop
 endfacet
 facet normal 0.00000 0.00000 1.00000
  outer loop
   vertex 88.5000 0.0000 127.0000
   vertex 89.8705 -10.4102 127.0000
   vertex 91.2176 -10.1422 127.0000
  endloop
 endfacet
 facet normal 0.00000 0.00000 -1.00000
  outer loop
   vertex 88.5000 0.0000 57.0000
   vertex 92.5182 -9.7007 57.0000
   vertex 91.2176 -10.1422 57.0000
  endloop
 endfacet
 facet normal 0.00000 0.00000 1.00000
  outer loop
   vertex 88.5000 0.0000 127.0000
   vertex 91.2176 -10.1422 127.0000
   vertex 92.5182 -9.7007 127.0000
  endloop
 endfacet
 facet normal 0.00000 0.00000 -1.00000
  outer loop
   vertex 88.5000 0.0000 57.0000
   vertex 93.7500 -9.0933 57.0000
   vertex 92.5182 -9.7007 57.0000
  endloop
 endfacet
 facet normal 0.00000 0.00000 1.00000
  outer loop
   vertex 88.5000 0.0000 127.0000
   vertex 92.5182 -9.7007 127.0000
   vertex 93.7500 -9.0933 127.0000
  endloop
 endfacet
 facet normal 0.00000 0.00000 -1.00000
  outer loop
   vertex 88.5000 0.0000 57.0000
   vertex 94.8920 -8.3302 57.0000
   vertex 93.7500 -9.0933 57.0000
  endloop
 endfacet
 facet normal 0.00000 0.00000 1.00000
  outer loop
   vertex 88.5000 0.0000 127.0000
   vertex 93.7500 -9.0933 127.0000
   vertex 94.8920 -8.3302 127.0000
  endloop
 endfacet
 facet normal 0.00000 0.00000 -1.00000
  outer loop
   vertex 88.5000 0.0000 57.0000
   vertex 95.9246 -7.4246 57.0000
   vertex 94.8920 -8.3302 57.0000
  endloop
 endfacet
 facet normal 0.00000 0.00000 1.00000
  outer loop
   vertex 88.5000 0.0000 127.0000
   vertex 94.8920 -8.3302 127.0000
   vertex 95.9246 -7.4246 127.0000
  endloop
 endfacet
 facet normal 0.00000 0.00000 -1.00000
  outer loop
   vertex 88.5000 0.0000 57.0000
   vertex 96.8302 -6.3920 57.0000
   vertex 95.9246 -7.4246 57.0000
  endloop
 endfacet
 facet normal 0.00000 0.00000 1.00000
  outer loop
   vertex 88.5000 0.0000 127.0000
   vertex 95.9246 -7.4246 127.0000
   vertex 96.8302 -6.3920 127.0000
  endloop
 endfacet
 facet normal 0.00000 0.00000 -1.00000
  outer loop
   vertex 88.5000 0.0000 57.0000
   vertex 97.5933 -5.2500 57.0000
   vertex 96.8302 -6.3920 57.0000
  endloop
 endfacet
 facet normal 0.00000 0.00000 1.00000
  outer loop
   vertex 88.5000 0.0000 127.0000
   vertex 96.8302 -6.3920 127.0000
   vertex 97.5933 -5.2500 127.0000
  endloop
 endfacet
 facet normal 0.00000 0.00000 -1.00000
  outer loop
   vertex 88.5000 0.0000 57.0000
   vertex 98.2007 -4.0182 57.0000
   vertex 97.5933 -5.2500 57.0000
  endloop
 endfacet
 facet normal 0.00000 0.00000 1.00000
  outer loop
   vertex 88.5000 0.0000 127.0000
   vertex 97.5933 -5.2500 127.0000
   vertex 98.2007 -4.0182 127.0000
  endloop
 endfacet
 facet normal 0.00000 0.00000 -1.00000
  outer loop
   vertex 88.5000 0.0000 57.0000
   vertex 98.6422 -2.7176 57.0000
   vertex 98.2007 -4.0182 57.0000
  endloop
 endfacet
 facet normal 0.00000 0.00000 1.00000
  outer loop
   vertex 88.5000 0.0000 127.0000
   vertex 98.2007 -4.0182 127.0000
   vertex 98.6422 -2.7176 127.0000
  endloop
 endfacet
 facet normal 0.00000 0.00000 -1.00000
  outer loop
   vertex 88.5000 0.0000 57.0000
   vertex 98.9102 -1.3705 57.0000
   vertex 98.6422 -2.7176 57.0000
  endloop
 endfacet
 facet normal 0.00000 0.00000 1.00000
  outer loop
   vertex 88.5000 0.0000 127.0000
   vertex 98.6422 -2.7176 127.0000
   vertex 98.9102 -1.3705 127.0000
  endloop
 endfacet
 facet normal 0.00000 0.00000 -1.00000
  outer loop
   vertex 88.5000 0.0000 57.0000
   vertex 99.0000 0.0000 57.0000
   vertex 98.9102 -1.3705 57.0000
  endloop
 endfacet
 facet normal -0.00000 0.00000 1.00000
  outer loop
   vertex 88.5000 0.0000 127.0000
   vertex 98.9102 -1.3705 127.0000
   vertex 99.0000 0.0000 127.0000
  endloop
 endfacet
 facet normal 0.99786 0.06540 0.00000
  outer loop
   vertex 99.0000 21.0000 57.0000
   vertex 98.9102 22.3705 57.0000
   vertex 98.9102 22.3705 127.0000
  endloop
 endfacet
 facet normal 0.99786 0.06540 -0.00000
  outer loop
   vertex 99.0000 21.0000 57.0000
   vertex 98.9102 22.3705 127.0000
   vertex 99.0000 21.0000 127.0000
  endloop
 endfacet
 facet normal 0.98079 0.19509 0.00000
  outer loop
   vertex 98.9102 22.3705 57.0000
   vertex 98.6422 23.7176 57.0000
   vertex 98.6422 23.7176 127.0000
  endloop
 endfacet
 facet normal 0.98079 0.19509 -0.00000
  outer loop
   vertex 98.9102 22.3705 57.0000
   vertex 98.6422 23.7176 127.0000
   vertex 98.9102 22.3705 127.0000
  endloop
 endfacet
 facet normal 0.94693 0.32144 0.00000
  outer loop
   vertex 98.6422 23.7176 57.0000
   vertex 98.2007 25.0182 57.0000
   vertex 98.2007 25.0182 127.0000
  endloop
 endfacet
 facet normal 0.94693 0.32144 -0.00000
  outer loop
   vertex 98.6422 23.7176 57.0000
   vertex 98.2007 25.0182 127.0000
   vertex 98.6422 23.7176 127.0000
  endloop
 endfacet
 facet normal 0.89687 0.44229 0.00000
  outer loop
   vertex 98.2007 25.0182 57.0000
   vertex 97.5933 26.2500 57.0000
   vertex 97.5933 26.2500 127.0000
  endloop
 endfacet
 facet normal 0.89687 0.44229 -0.00000
  outer loop
   vertex 98.2007 25.0182 57.0000
   vertex 97.5933 26.2500 127.0000
   vertex 98.2007 25.0182 127.0000
  endloop
 endfacet
 facet normal 0.83147 0.55557 0.00000
  outer loop
   vertex 97.5933 26.2500 57.0000
   vertex 96.8302 27.3920 57.0000
   vertex 96.8302 27.3920 127.0000
  endloop
 endfacet
 facet normal 0.83147 0.55557 -0.00000
  outer loop
   vertex 97.5933 26.2500 57.0000
   vertex 96.8302 27.3920 127.0000
   vertex 97.5933 26.2500 127.0000
  endloop
 endfacet
 facet normal 0.75184 0.65935 0.00000
  outer loop
   vertex 96.8302 27.3920 57.0000
   vertex 95.9246 28.4246 57.0000
   vertex 95.9246 28.4246 127.0000
  endloop
 endfacet
 facet normal 0.75184 0.65935 -0.00000
  outer loop
   vertex 96.8302 27.3920 57.0000
   vertex 95.9246 28.4246 127.0000
   vertex 96.8302 27.3920 127.0000
  endloop
 endfacet
 facet normal 0.65935 0.75184 0.00000
  outer loop
   vertex 95.9246 28.4246 57.0000
   vertex 94.8920 29.3302 57.0000
   vertex 94.8920 29.3302 127.0000
  endloop
 endfacet
 facet normal 0.65935 0.75184 -0.00000
  outer loop
   vertex 95.9246 28.4246 57.0000
   vertex 94.8920 29.3302 127.0000
   vertex 95.9246 28.4246 127.0000
  endloop
 endfacet
 facet normal 0.55557 0.83147 0.00000
  outer loop
   vertex 94.8920 29.3302 57.0000
   vertex 93.7500 30.0933 57.0000
   vertex 93.7500 30.0933 127.0000
  endloop
 endfacet
 facet normal 0.55557 0.83147 -0.00000
  outer loop
   vertex 94.8920 29.3302 57.0000
   vertex 93.7500 30.0933 127.0000
   vertex 94.8920 29.3302 127.0000
  endloop
 endfacet
 facet normal 0.44229 0.89687 0.00000
  outer loop
   vertex 93.7500 30.0933 57.0000
   vertex 92.5182 30.7007 57.0000
   vertex 92.5182 30.7007 127.0000
  endloop
 endfacet
 facet normal 0.44229 0.89687 -0.00000
  outer loop
   vertex 93.7500 30.0933 57.0000
   vertex 92.5182 30.7007 127.0000
   vertex 93.7500 30.0933 127.0000
  endloop
 endfacet
 facet normal 0.32144 0.94693 0.00000
  outer loop
   vertex 92.5182 30.7007 57.0000
   vertex 91.2176 31.1422 57.0000
   vertex 91.2176 31.1422 127.0000
  endloop
 endfacet
 facet normal 0.32144 0.94693 -0.00000
  outer loop
   vertex 92.5182 30.7007 57.0000
   vertex 91.2176 31.1422 127.0000
   vertex 92.5182 30.7007 127.0000
  endloop
 endfacet
 facet normal 0.19509 0.98079 0.00000
  outer loop
   vertex 91.2176 31.1422 57.0000
   vertex 89.8705 31.4102 57.0000
   vertex 89.8705 31.4102 127.0000
  endloop
 endfacet
 facet normal 0.19509 0.98079 -0.00000
  outer loop
   vertex 91.2176 31.1422 57.0000
   vertex 89.8705 31.4102 127.0000
   vertex 91.2176 31.1422 127.0000
  endloop
 endfacet
 facet normal 0.06540 0.99786 0.00000
  outer loop
   vertex 89.8705 31.4102 57.0000
   vertex 88.5000 31.5000 57.0000
   vertex 88.5000 31.5000 127.0000
  endloop
 endfacet
 facet normal 0.06540 0.99786 -0.00000
  outer loop
   vertex 89.8705 31.4102 57.0000
   vertex 88.5000 31.5000 127.0000
   vertex 89.8705 31.4102 127.0000
  endloop
 endfacet
 facet normal -0.06540 0.99786 0.00000
  outer loop
   vertex 88.5000 31.5000 57.0000
   vertex 87.1295 31.4102 57.0000
   vertex 87.1295 31.4102 127.0000
  endloop
 endfacet
 facet normal -0.06540 0.99786 0.00000
  outer loop
   vertex 88.5000 31.5000 57.0000
   vertex 87.1295 31.4102 127.0000
   vertex 88.5000 31.5000 127.0000
  endloop
 endfacet
 facet normal -0.19509 0.98079 0.00000
  outer loop
   vertex 87.1295 31.4102 57.0000
   vertex 85.7824 31.1422 57.0000
   vertex 85.7824 31.1422 127.0000
  endloop
 endfacet
 facet normal -0.19509 0.98079 0.00000
  outer loop
   vertex 87.1295 31.4102 57.0000
   vertex 85.7824 31.1422 127.0000
   vertex 87.1295 31.4102 127.0000
  endloop
 endfacet
 facet normal -0.32144 0.94693 0.00000
  outer loop
   vertex 85.7824 31.1422 57.0000
   vertex 84.4818 30.7007 57.0000
   vertex 84.4818 30.7007 127.0000
  endloop
 endfacet
 facet normal -0.32144 0.94693 0.00000
  outer loop
   vertex 85.7824 31.1422 57.0000
   vertex 84.4818 30.7007 127.0000
   vertex 85.7824 31.1422 127.0000
  endloop
 endfacet
 facet normal -0.44229 0.89687 0.00000
  outer loop
   vertex 84.4818 30.7007 57.0000
   vertex 83.2500 30.0933 57.0000
   vertex 83.2500 30.0933 127.0000
  endloop
 endfacet
 facet normal -0.44229 0.89687 0.00000
  outer loop
   vertex 84.4818 30.7007 57.0000
   vertex 83.2500 30.0933 127.0000
   vertex 84.4818 30.7007 127.0000
  endloop
 endfacet
 facet normal -0.55557 0.83147 0.00000
  outer loop
   vertex 83.2500 30.0933 57.0000
   vertex 82.1080 29.3302 57.0000
   vertex 82.1080 29.3302 127.0000
  endloop
 endfacet
 facet normal -0.55557 0.83147 0.00000
  outer loop
   vertex 83.2500 30.0933 57.0000
   vertex 82.1080 29.3302 127.0000
   vertex 83.2500 30.0933 127.0000
  endloop
 endfacet
 facet normal -0.65935 0.75184 0.00000
  outer loop
   vertex 82.1080 29.3302 57.0000
   vertex 81.0754 28.4246 57.0000
   vertex 81.0754 28.4246 127.0000
  endloop
 endfacet
 facet normal -0.65935 0.75184 0.00000
  outer loop
   vertex 82.1080 29.3302 57.0000
   vertex 81.0754 28.4246 127.0000
   vertex 82.1080 29.3302 127.0000
  endloop
 endfacet
 facet normal -0.75184 0.65935 0.00000
  outer loop
   vertex 81.0754 28.4246 57.0000
   vertex 80.1698 27.3920 57.0000
   vertex 80.1698 27.3920 127.0000
  endloop
 endfacet
 facet normal -0.75184 0.65935 0.00000
  outer loop
   vertex 81.0754 28.4246 57.0000
   vertex 80.1698 27.3920 127.0000
   vertex 81.0754 28.4246 127.0000
  endloop
 endfacet
 facet normal -0.83147 0.55557 0.00000
  outer loop
   vertex 80.1698 27.3920 57.0000
   vertex 79.4067 26.2500 57.0000
   vertex 79.4067 26.2500 127.0000
  endloop
 endfacet
 facet normal -0.83147 0.55557 0.00000
  outer loop
   vertex 80.1698 27.3920 57.0000
   vertex 79.4067 26.2500 127.0000
   vertex 80.1698 27.3920 127.0000
  endloop
 endfacet
 facet normal -0.89687 0.44229 0.00000
  outer loop
   vertex 79.4067 26.2500 57.0000
   vertex 78.7993 25.0182 57.0000
   vertex 78.7993 25.0182 127.0000
  endloop
 endfacet
 facet normal -0.89687 0.44229 0.00000
  outer loop
   vertex 79.4067 26.2500 57.0000
   vertex 78.7993 25.0182 127.0000
   vertex 79.4067 26.2500 127.0000
  endloop
 endfacet
 facet normal -0.94693 0.32144 0.00000
  outer loop
   vertex 78.7993 25.0182 57.0000
   vertex 78.3578 23.7176 57.0000
   vertex 78.3578 23.7176 127.0000
  endloop
 endfacet
 facet normal -0.94693 0.32144 0.00000
  outer loop
   vertex 78.7993 25.0182 57.0000
   vertex 78.3578 23.7176 127.0000
   vertex 78.7993 25.0182 127.0000
  endloop
 endfacet
 facet normal -0.98079 0.19509 0.00000
  outer loop
   vertex 78.3578 23.7176 57.0000
   vertex 78.0898 22.3705 57.0000
   vertex 78.0898 22.3705 127.0000
  endloop
 endfacet
 facet normal -0.98079 0.19509 0.00000
  outer loop
   vertex 78.3578 23.7176 57.0000
   vertex 78.0898 22.3705 127.0000
   vertex 78.3578 23.7176 127.0000
  endloop
 endfacet
 facet normal -0.99786 0.06540 0.00000
  outer loop
   vertex 78.0898 22.3705 57.0000
   vertex 78.0000 21.0000 57.0000
   vertex 78.0000 21.0000 127.0000
  endloop
 endfacet
 facet normal -0.99786 0.06540 0.00000
  outer loop
   vertex 78.0898 22.3705 57.0000
   vertex 78.0000 21.0000 127.0000
   vertex 78.0898 22.3705 127.0000
  endloop
 endfacet
 facet normal -0.99786 -0.06540 0.00000
  outer loop
   vertex 78.0000 21.0000 57.0000
   vertex 78.0898 19.6295 57.0000
   vertex 78.0898 19.6295 127.0000
  endloop
 endfacet
 facet normal -0.99786 -0.06540 0.00000
  outer loop
   vertex 78.0000 21.0000 57.0000
   vertex 78.0898 19.6295 127.0000
   vertex 78.0000 21.0000 127.0000
  endloop
 endfacet
 facet normal -0.98079 -0.19509 0.00000
  outer loop
   vertex 78.0898 19.6295 57.0000
   vertex 78.3578 18.2824 57.0000
   vertex 78.3578 18.2824 127.0000
  endloop
 endfacet
 facet normal -0.98079 -0.19509 0.00000
  outer loop
   vertex 78.0898 19.6295 57.0000
   vertex 78.3578 18.2824 127.0000
   vertex 78.0898 19.6295 127.0000
  endloop
 endfacet
 facet normal -0.94693 -0.32144 0.00000
  outer loop
   vertex 78.3578 18.2824 57.0000
   vertex 78.7993 16.9818 57.0000
   vertex 78.7993 16.9818 127.0000
  endloop
 endfacet
 facet normal -0.94693 -0.32144 0.00000
  outer loop
   vertex 78.3578 18.2824 57.0000
   vertex 78.7993 16.9818 127.0000
   vertex 78.3578 18.2824 127.0000
  endloop
 endfacet
 facet normal -0.89687 -0.44229 0.00000
  outer loop
   vertex 78.7993 16.9818 57.0000
   vertex 79.4067 15.7500 57.0000
   vertex 79.4067 15.7500 127.0000
  endloop
 endfacet
 facet normal -0.89687 -0.44229 0.00000
  outer loop
   vertex 78.7993 16.9818 57.0000
   vertex 79.4067 15.7500 127.0000
   vertex 78.7993 16.9818 127.0000
  endloop
 endfacet
 facet normal -0.83147 -0.55557 0.00000
  outer loop
   vertex 79.4067 15.7500 57.0000
   vertex 80.1698 14.6080 57.0000
   vertex 80.1698 14.6080 127.0000
  endloop
 endfacet
 facet normal -0.83147 -0.55557 0.00000
  outer loop
   vertex 79.4067 15.7500 57.0000
   vertex 80.1698 14.6080 127.0000
   vertex 79.4067 15.7500 127.0000
  endloop
 endfacet
 facet normal -0.75184 -0.65935 0.00000
  outer loop
   vertex 80.1698 14.6080 57.0000
   vertex 81.0754 13.5754 57.0000
   vertex 81.0754 13.5754 127.0000
  endloop
 endfacet
 facet normal -0.75184 -0.65935 0.00000
  outer loop
   vertex 80.1698 14.6080 57.0000
   vertex 81.0754 13.5754 127.0000
   vertex 80.1698 14.6080 127.0000
  endloop
 endfacet
 facet normal -0.65935 -0.75184 0.00000
  outer loop
   vertex 81.0754 13.5754 57.0000
   vertex 82.1080 12.6698 57.0000
   vertex 82.1080 12.6698 127.0000
  endloop
 endfacet
 facet normal -0.65935 -0.75184 0.00000
  outer loop
   vertex 81.0754 13.5754 57.0000
   vertex 82.1080 12.6698 127.0000
   vertex 81.0754 13.5754 127.0000
  endloop
 endfacet
 facet normal -0.55557 -0.83147 0.00000
  outer loop
   vertex 82.1080 12.6698 57.0000
   vertex 83.2500 11.9067 57.0000
   vertex 83.2500 11.9067 127.0000
  endloop
 endfacet
 facet normal -0.55557 -0.83147 0.00000
  outer loop
   vertex 82.1080 12.6698 57.0000
   vertex 83.2500 11.9067 127.0000
   vertex 82.1080 12.6698 127.0000
  endloop
 endfacet
 facet normal -0.44229 -0.89687 0.00000
  outer loop
   vertex 83.2500 11.9067 57.0000
   vertex 84.4818 11.2993 57.0000
   vertex 84.4818 11.2993 127.0000
  endloop
 endfacet
 facet normal -0.44229 -0.89687 0.00000
  outer loop
   vertex 83.2500 11.9067 57.0000
   vertex 84.4818 11.2993 127.0000
   vertex 83.2500 11.9067 127.0000
  endloop
 endfacet
 facet normal -0.32144 -0.94693 0.00000
  outer loop
   vertex 84.4818 11.2993 57.0000
   vertex 85.7824 10.8578 57.0000
   vertex 85.7824 10.8578 127.0000
  endloop
 endfacet
 facet normal -0.32144 -0.94693 0.00000
  outer loop
   vertex 84.4818 11.2993 57.0000
   vertex 85.7824 10.8578 127.0000
   vertex 84.4818 11.2993 127.0000
  endloop
 endfacet
 facet normal -0.19509 -0.98079 0.00000
  outer loop
   vertex 85.7824 10.8578 57.0000
   vertex 87.1295 10.5898 57.0000
   vertex 87.1295 10.5898 127.0000
  endloop
 endfacet
 facet normal -0.19509 -0.98079 0.00000
  outer loop
   vertex 85.7824 10.8578 57.0000
   vertex 87.1295 10.5898 127.0000
   vertex 85.7824 10.8578 127.0000
  endloop
 endfacet
 facet normal -0.06540 -0.99786 0.00000
  outer loop
   vertex 87.1295 10.5898 57.0000
   vertex 88.5000 10.5000 57.0000
   vertex 88.5000 10.5000 127.0000
  endloop
 endfacet
 facet normal -0.06540 -0.99786 0.00000
  outer loop
   vertex 87.1295 10.5898 57.0000
   vertex 88.5000 10.5000 127.0000
   vertex 87.1295 10.5898 127.0000
  endloop
 endfacet
 facet normal 0.06540 -0.99786 0.00000
  outer loop
   vertex 88.5000 10.5000 57.0000
   vertex 89.8705 10.5898 57.0000
   vertex 89.8705 10.5898 127.0000
  endloop
 endfacet
 facet normal 0.06540 -0.99786 0.00000
  outer loop
   vertex 88.5000 10.5000 57.0000
   vertex 89.8705 10.5898 127.0000
   vertex 88.5000 10.5000 127.0000
  endloop
 endfacet
 facet normal 0.19509 -0.98079 0.00000
  outer loop
   vertex 89.8705 10.5898 57.0000
   vertex 91.2176 10.8578 57.0000
   vertex 91.2176 10.8578 127.0000
  endloop
 endfacet
 facet normal 0.19509 -0.98079 0.00000
  outer loop
   vertex 89.8705 10.5898 57.0000
   vertex 91.2176 10.8578 127.0000
   vertex 89.8705 10.5898 127.0000
  endloop
 endfacet
 facet normal 0.32144 -0.94693 0.00000
  outer loop
   vertex 91.2176 10.8578 57.0000
   vertex 92.5182 11.2993 57.0000
   vertex 92.5182 11.2993 127.0000
  endloop
 endfacet
 facet normal 0.32144 -0.94693 0.00000
  outer loop
   vertex 91.2176 10.8578 57.0000
   vertex 92.5182 11.2993 127.0000
   vertex 91.2176 10.8578 127.0000
  endloop
 endfacet
 facet normal 0.44229 -0.89687 0.00000
  outer loop
   vertex 92.5182 11.2993 57.0000
   vertex 93.7500 11.9067 57.0000
   vertex 93.7500 11.9067 127.0000
  endloop
 endfacet
 facet normal 0.44229 -0.89687 0.00000
  outer loop
   vertex 92.5182 11.2993 57.0000
   vertex 93.7500 11.9067 127.0000
   vertex 92.5182 11.2993 127.0000
  endloop
 endfacet
 facet normal 0.55557 -0.83147 0.00000
  outer loop
   vertex 93.7500 11.9067 57.0000
   vertex 94.8920 12.6698 57.0000
   vertex 94.8920 12.6698 127.0000
  endloop
 endfacet
 facet normal 0.55557 -0.83147 0.00000
  outer loop
   vertex 93.7500 11.9067 57.0000
   vertex 94.8920 12.6698 127.0000
   vertex 93.7500 11.9067 127.0000
  endloop
 endfacet
 facet normal 0.65935 -0.75184 0.00000
  outer loop
   vertex 94.8920 12.6698 57.0000
   vertex 95.9246 13.5754 57.0000
   vertex 95.9246 13.5754 127.0000
  endloop
 endfacet
 facet normal 0.65935 -0.75184 0.00000
  outer loop
   vertex 94.8920 12.6698 57.0000
   vertex 95.9246 13.5754 127.0000
   vertex 94.8920 12.6698 127.0000
  endloop
 endfacet
 facet normal 0.75184 -0.65935 0.00000
  outer loop
   vertex 95.9246 13.5754 57.0000
   vertex 96.8302 14.6080 57.0000
   vertex 96.8302 14.6080 127.0000
  endloop
 endfacet
 facet normal 0.75184 -0.65935 0.00000
  outer loop
   vertex 95.9246 13.5754 57.0000
   vertex 96.8302 14.6080 127.0000
   vertex 95.9246 13.5754 127.0000
  endloop
 endfacet
 facet normal 0.83147 -0.55557 0.00000
  outer loop
   vertex 96.8302 14.6080 57.0000
   vertex 97.5933 15.7500 57.0000
   vertex 97.5933 15.7500 127.0000
  endloop
 endfacet
 facet normal 0.83147 -0.55557 0.00000
  outer loop
   vertex 96.8302 14.6080 57.0000
   vertex 97.5933 15.7500 127.0000
   vertex 96.8302 14.6080 127.0000
  endloop
 endfacet
 facet normal 0.89687 -0.44229 0.00000
  outer loop
   vertex 97.5933 15.7500 57.0000
   vertex 98.2007 16.9818 57.0000
   vertex 98.2007 16.9818 127.0000
  endloop
 endfacet
 facet normal 0.89687 -0.44229 0.00000
  outer loop
   vertex 97.5933 15.7500 57.0000
   vertex 98.2007 16.9818 127.0000
   vertex 97.5933 15.7500 127.0000
  endloop
 endfacet
 facet normal 0.94693 -0.32144 0.00000
  outer loop
   vertex 98.2007 16.9818 57.0000
   vertex 98.6422 18.2824 57.0000
   vertex 98.6422 18.2824 127.0000
  endloop
 endfacet
 facet normal 0.94693 -0.32144 0.00000
  outer loop
   vertex 98.2007 16.9818 57.0000
   vertex 98.6422 18.2824 127.0000
   vertex 98.2007 16.9818 127.0000
  endloop
 endfacet
 facet normal 0.98079 -0.19509 0.00000
  outer loop
   vertex 98.6422 18.2824 57.0000
   vertex 98.9102 19.6295 57.0000
   vertex 98.9102 19.6295 127.0000
  endloop
 endfacet
 facet normal 0.98079 -0.19509 0.00000
  outer loop
   vertex 98.6422 18.2824 57.0000
   vertex 98.9102 19.6295 127.0000
   vertex 98.6422 18.2824 127.0000
  endloop
 endfacet
 facet normal 0.99786 -0.06540 0.00000
  outer loop
   vertex 98.9102 19.6295 57.0000
   vertex 99.0000 21.0000 57.0000
   vertex 99.0000 21.0000 127.0000
  endloop
 endfacet
 facet normal 0.99786 -0.06540 0.00000
  outer loop
   vertex 98.9102 19.6295 57.0000
   vertex 99.0000 21.0000 127.0000
   vertex 98.9102 19.6295 127.0000
  endloop
 endfacet
 facet normal 0.00000 0.00000 -1.00000
  outer loop
   vertex 88.5000 21.0000 57.0000
   vertex 98.9102 22.3705 57.0000
   vertex 99.0000 21.0000 57.0000
  endloop
 endfacet
 facet normal 0.00000 0.00000 1.00000
  outer loop
   vertex 88.5000 21.0000 127.0000
   vertex 99.0000 21.0000 127.0000
   vertex 98.9102 22.3705 127.0000
  endloop
 endfacet
 facet normal 0.00000 0.00000 -1.00000
  outer loop
   vertex 88.5000 21.0000 57.0000
   vertex 98.6422 23.7176 57.0000
   vertex 98.9102 22.3705 57.0000
  endloop
 endfacet
 facet normal 0.00000 0.00000 1.00000
  outer loop
   vertex 88.5000 21.0000 127.0000
   vertex 98.9102 22.3705 127.0000
   vertex 98.6422 23.7176 127.0000
  endloop
 endfacet
 facet normal 0.00000 0.00000 -1.00000
  outer loop
   vertex 88.5000 21.0000 57.0000
   vertex 98.2007 25.0182 57.0000
   vertex 98.6422 23.7176 57.0000
  endloop
 endfacet
 facet normal 0.00000 0.00000 1.00000
  outer loop
   vertex 88.5000 21.0000 127.0000
   vertex 98.6422 23.7176 127.0000
   vertex 98.2007 25.0182 127.0000
  endloop
 endfacet
 facet normal 0.00000 0.00000 -1.00000
  outer loop
   vertex 88.5000 21.0000 57.0000
   vertex 97.5933 26.2500 57.0000
   vertex 98.2007 25.0182 57.0000
  endloop
 endfacet
 facet normal 0.00000 0.00000 1.00000
  outer loop
   vertex 88.5000 21.0000 127.0000
   vertex 98.2007 25.0182 127.0000
   vertex 97.5933 26.2500 127.0000
  endloop
 endfacet
 facet normal 0.00000 0.00000 -1.00000
  outer loop
   vertex 88.5000 21.0000 57.0000
   vertex 96.8302 27.3920 57.0000
   vertex 97.5933 26.2500 57.0000
  endloop
 endfacet
 facet normal 0.00000 0.00000 1.00000
  outer loop
   vertex 88.5000 21.0000 127.0000
   vertex 97.5933 26.2500 127.0000
   vertex 96.8302 27.3920 127.0000
  endloop
 endfacet
 facet normal 0.00000 0.00000 -1.00000
  outer loop
   vertex 88.5000 21.0000 57.0000
   vertex 95.9246 28.4246 57.0000
   vertex 96.8302 27.3920 57.0000
  endloop
 endfacet
 facet normal 0.00000 0.00000 1.00000
  outer loop
   vertex 88.5000 21.0000 127.0000
   vertex 96.8302 27.3920 127.0000
   vertex 95.9246 28.4246 127.0000
  endloop
 endfacet
 facet normal 0.00000 0.00000 -1.00000
  outer loop
   vertex 88.5000 21.0000 57.0000
   vertex 94.8920 29.3302 57.0000
   vertex 95.9246 28.4246 57.0000
  endloop
 endfacet
 facet normal 0.00000 0.00000 1.00000
  outer loop
   vertex 88.5000 21.0000 127.0000
   vertex 95.9246 28.4246 127.0000
   vertex 94.8920 29.3302 127.0000
  endloop
 endfacet
 facet normal 0.00000 0.00000 -1.00000
  outer loop
   vertex 88.5000 21.0000 57.0000
   vertex 93.7500 30.0933 57.0000
   vertex 94.8920 29.3302 57.0000
  endloop
 endfacet
 facet normal 0.00000 0.00000 1.00000
  outer loop
   vertex 88.5000 21.0000 127.0000
   vertex 94.8920 29.3302 127.0000
   vertex 93.7500 30.0933 127.0000
  endloop
 endfacet
 facet normal 0.00000 0.00000 -1.00000
  outer loop
   vertex 88.5000 21.0000 57.0000
   vertex 92.5182 30.7007 57.0000
   vertex 93.7500 30.0933 57.0000
  endloop
 endfacet
 facet normal 0.00000 0.00000 1.00000
  outer loop
   vertex 88.5000 21.0000 127.0000
   vertex 93.7500 30.0933 127.0000
   vertex 92.5182 30.7007 127.0000
  endloop
 endfacet
 facet normal 0.00000 0.00000 -1.00000
  outer loop
   vertex 88.5000 21.0000 57.0000
   vertex 91.2176 31.1422 57.0000
   vertex 92.5182 30.7007 57.0000
  endloop
 endfacet
 facet normal 0.00000 0.00000 1.00000
  outer loop
   vertex 88.5000 21.0000 127.0000
   vertex 92.5182 30.7007 127.0000
   vertex 91.2176 31.1422 127.0000
  endloop
 endfacet
 facet normal 0.00000 0.00000 -1.00000
  outer loop
   vertex 88.5000 21.0000 57.0000
   vertex 89.8705 31.4102 57.0000
   vertex 91.2176 31.1422 57.0000
  endloop
 endfacet
 facet normal 0.00000 0.00000 1.00000
  outer loop
   vertex 88.5000 21.0000 127.0000
   vertex 91.2176 31.1422 127.0000
   vertex 89.8705 31.4102 127.0000
  endloop
 endfacet
 facet normal 0.00000 0.00000 -1.00000
  outer loop
   vertex 88.5000 21.0000 57.0000
   vertex 88.5000 31.5000 57.0000
   vertex 89.8705 31.4102 57.0000
  endloop
 endfacet
 facet normal 0.00000 0.00000 1.00000
  outer loop
   vertex 88.5000 21.0000 127.0000
   vertex 89.8705 31.4102 127.0000
   vertex 88.5000 31.5000 127.0000
  endloop
 endfacet
 facet normal 0.00000 0.00000 -1.00000
  outer loop
   vertex 88.5000 21.0000 57.0000
   vertex 87.1295 31.4102 57.0000
   vertex 88.5000 31.5000 57.0000
  endloop
 endfacet
 facet normal 0.00000 -0.00000 1.00000
  outer loop
   vertex 88.5000 21.0000 127.0000
   vertex 88.5000 31.5000 127.0000
   vertex 87.1295 31.4102 127.0000
  endloop
 endfacet
 facet normal 0.00000 0.00000 -1.00000
  outer loop
   vertex 88.5000 21.0000 57.0000
   vertex 85.7824 31.1422 57.0000
   vertex 87.1295 31.4102 57.0000
  endloop
 endfacet
 facet normal 0.00000 0.00000 1.00000
  outer loop
   vertex 88.5000 21.0000 127.0000
   vertex 87.1295 31.4102 127.0000
   vertex 85.7824 31.1422 127.0000
  endloop
 endfacet
 facet normal 0.00000 0.00000 -1.00000
  outer loop
   vertex 88.5000 21.0000 57.0000
   vertex 84.4818 30.7007 57.0000
   vertex 85.7824 31.1422 57.0000
  endloop
 endfacet
 facet normal 0.00000 0.00000 1.00000
  outer loop
   vertex 88.5000 21.0000 127.0000
   vertex 85.7824 31.1422 127.0000
   vertex 84.4818 30.7007 127.0000
  endloop
 endfacet
 facet normal 0.00000 0.00000 -1.00000
  outer loop
   vertex 88.5000 21.0000 57.0000
   vertex 83.2500 30.0933 57.0000
   vertex 84.4818 30.7007 57.0000
  endloop
 endfacet
 facet normal 0.00000 0.00000 1.00000
  outer loop
   vertex 88.5000 21.0000 127.0000
   vertex 84.4818 30.7007 127.0000
   vertex 83.2500 30.0933 127.0000
  endloop
 endfacet
 facet normal 0.00000 0.00000 -1.00000
  outer loop
   vertex 88.5000 21.0000 57.0000
   vertex 82.1080 29.3302 57.0000
   vertex 83.2500 30.0933 57.0000
  endloop
 endfacet
 facet normal 0.00000 0.00000 1.00000
  outer loop
   vertex 88.5000 21.0000 127.0000
   vertex 83.2500 30.0933 127.0000
   vertex 82.1080 29.3302 127.0000
  endloop
 endfacet
 facet normal 0.00000 0.00000 -1.00000
  outer loop
   vertex 88.5000 21.0000 57.0000
   vertex 81.0754 28.4246 57.0000
   vertex 82.1080 29.3302 57.0000
  endloop
 endfacet
 facet normal 0.00000 0.00000 1.00000
  outer loop
   vertex 88.5000 21.0000 127.0000
   vertex 82.1080 29.3302 127.0000
   vertex 81.0754 28.4246 127.0000
  endloop
 endfacet
 facet normal 0.00000 0.00000 -1.00000
  outer loop
   vertex 88.5000 21.0000 57.0000
   vertex 80.1698 27.3920 57.0000
   vertex 81.0754 28.4246 57.0000
  endloop
 endfacet
 facet normal 0.00000 0.00000 1.00000
  outer loop
   vertex 88.5000 21.0000 127.0000
   vertex 81.0754 28.4246 127.0000
   vertex 80.1698 27.3920 127.0000
  endloop
 endfacet
 facet normal 0.00000 0.00000 -1.00000
  outer loop
   vertex 88.5000 21.0000 57.0000
   vertex 79.4067 26.2500 57.0000
   vertex 80.1698 27.3920 57.0000
  endloop
 endfacet
 facet normal 0.00000 0.00000 1.00000
  outer loop
   vertex 88.5000 21.0000 127.0000
   vertex 80.1698 27.3920 127.0000
   vertex 79.4067 26.2500 127.0000
  endloop
 endfacet
 facet normal 0.00000 0.00000 -1.00000
  outer loop
   vertex 88.5000 21.0000 57.0000
   vertex 78.7993 25.0182 57.0000
   vertex 79.4067 26.2500 57.0000
  endloop
 endfacet
 facet normal 0.00000 0.00000 1.00000
  outer loop
   vertex 88.5000 21.0000 127.0000
   vertex 79.4067 26.2500 127.0000
   vertex 78.7993 25.0182 127.0000
  endloop
 endfacet
 facet normal 0.00000 0.00000 -1.00000
  outer loop
   vertex 88.5000 21.0000 57.0000
   vertex 78.3578 23.7176 57.0000
   vertex 78.7993 25.0182 57.0000
  endloop
 endfacet
 facet normal 0.00000 0.00000 1.00000
  outer loop
   vertex 88.5000 21.0000 127.0000
   vertex 78.7993 25.0182 127.0000
   vertex 78.3578 23.7176 127.0000
  endloop
 endfacet
 facet normal 0.00000 0.00000 -1.00000
  outer loop
   vertex 88.5000 21.0000 57.0000
   vertex 78.0898 22.3705 57.0000
   vertex 78.3578 23.7176 57.0000
  endloop
 endfacet
 facet normal 0.00000 0.00000 1.00000
  outer loop
   vertex 88.5000 21.0000 127.0000
   vertex 78.3578 23.7176 127.0000
   vertex 78.0898 22.3705 127.0000
  endloop
 endfacet
 facet normal 0.00000 0.00000 -1.00000
  outer loop
   vertex 88.5000 21.0000 57.0000
   vertex 78.0000 21.0000 57.0000
   vertex 78.0898 22.3705 57.0000
  endloop
 endfacet
 facet normal 0.00000 0.00000 1.00000
  outer loop
   vertex 88.5000 21.0000 127.0000
   vertex 78.0898 22.3705 127.0000
   vertex 78.0000 21.0000 127.0000
  endloop
 endfacet
 facet normal -0.00000 0.00000 -1.00000
  outer loop
   vertex 88.5000 21.0000 57.0000
   vertex 78.0898 19.6295 57.0000
   vertex 78.0000 21.0000 57.0000
  endloop
 endfacet
 facet normal 0.00000 0.00000 1.00000
  outer loop
   vertex 88.5000 21.0000 127.0000
   vertex 78.0000 21.0000 127.0000
   vertex 78.0898 19.6295 127.0000
  endloop
 endfacet
 facet normal 0.00000 0.00000 -1.00000
  outer loop
   vertex 88.5000 21.0000 57.0000
   vertex 78.3578 18.2824 57.0000
   vertex 78.0898 19.6295 57.0000
  endloop
 endfacet
 facet normal 0.00000 0.00000 1.00000
  outer loop
   vertex 88.5000 21.0000 127.0000
   vertex 78.0898 19.6295 127.0000
   vertex 78.3578 18.2824 127.0000
  endloop
 endfacet
 facet normal 0.00000 0.00000 -1.00000
  outer loop
   vertex 88.5000 21.0000 57.0000
   vertex 78.7993 16.9818 57.0000
   vertex 78.3578 18.2824 57.0000
  endloop
 endfacet
 facet normal 0.00000 0.00000 1.00000
  outer loop
   vertex 88.5000 21.0000 127.0000
   vertex 78.3578 18.2824 127.0000
   vertex 78.7993 16.9818 127.0000
  endloop
 endfacet
 facet normal 0.00000 0.00000 -1.00000
  outer loop
   vertex 88.5000 21.0000 57.0000
   vertex 79.4067 15.7500 57.0000
   vertex 78.7993 16.9818 57.0000
  endloop
 endfacet
 facet normal 0.00000 0.00000 1.00000
  outer loop
   vertex 88.5000 21.0000 127.0000
   vertex 78.7993 16.9818 127.0000
   vertex 79.4067 15.7500 127.0000
  endloop
 endfacet
 facet normal 0.00000 0.00000 -1.00000
  outer loop
   vertex 88.5000 21.0000 57.0000
   vertex 80.1698 14.6080 57.0000
   vertex 79.4067 15.7500 57.0000
  endloop
 endfacet
 facet normal 0.00000 0.00000 1.00000
  outer loop
   vertex 88.5000 21.0000 127.0000
   vertex 79.4067 15.7500 127.0000
   vertex 80.1698 14.6080 127.0000
  endloop
 endfacet
 facet normal 0.00000 0.00000 -1.00000
  outer loop
   vertex 88.5000 21.0000 57.0000
   vertex 81.0754 13.5754 57.0000
   vertex 80.1698 14.6080 57.0000
  endloop
 endfacet
 facet normal 0.00000 0.00000 1.00000
  outer loop
   vertex 88.5000 21.0000 127.0000
   vertex 80.1698 14.6080 127.0000
   vertex 81.0754 13.5754 127.0000
  endloop
 endfacet
 facet normal 0.00000 0.00000 -1.00000
  outer loop
   vertex 88.5000 21.0000 57.0000
   vertex 82.1080 12.6698 57.0000
   vertex 81.0754 13.5754 57.0000
  endloop
 endfacet
 facet normal 0.00000 0.00000 1.00000
  outer loop
   vertex 88.5000 21.0000 127.0000
   vertex 81.0754 13.5754 127.0000
   vertex 82.1080 12.6698 127.0000
  endloop
 endfacet
 facet normal 0.00000 0.00000 -1.00000
  outer loop
   vertex 88.5000 21.0000 57.0000
   vertex 83.2500 11.9067 57.0000
   vertex 82.1080 12.6698 57.0000
  endloop
 endfacet
 facet normal 0.00000 0.00000 1.00000
  outer loop
   vertex 88.5000 21.0000 127.0000
   vertex 82.1080 12.6698 127.0000
   vertex 83.2500 11.9067 127.0000
  endloop
 endfacet
 facet normal 0.00000 0.00000 -1.00000
  outer loop
   vertex 88.5000 21.0000 57.0000
   vertex 84.4818 11.2993 57.0000
   vertex 83.2500 11.9067 57.0000
  endloop
 endfacet
 facet normal 0.00000 0.00000 1.00000
  outer loop
   vertex 88.5000 21.0000 127.0000
   vertex 83.2500 11.9067 127.0000
   vertex 84.4818 11.2993 127.0000
  endloop
 endfacet
 facet normal 0.00000 0.00000 -1.00000
  outer loop
   vertex 88.5000 21.0000 57.0000
   vertex 85.7824 10.8578 57.0000
   vertex 84.4818 11.2993 57.0000
  endloop
 endfacet
 facet normal 0.00000 0.00000 1.00000
  outer loop
   vertex 88.5000 21.0000 127.0000
   vertex 84.4818 11.2993 127.0000
   vertex 85.7824 10.8578 127.0000
  endloop
 endfacet
 facet normal 0.00000 0.00000 -1.00000
  outer loop
   vertex 88.5000 21.0000 57.0000
   vertex 87.1295 10.5898 57.0000
   vertex 85.7824 10.8578 57.0000
  endloop
 endfacet
 facet normal 0.00000 0.00000 1.00000
  outer loop
   vertex 88.5000 21.0000 127.0000
   vertex 85.7824 10.8578 127.0000
   vertex 87.1295 10.5898 127.0000
  endloop
 endfacet
 facet normal 0.00000 -0.00000 -1.00000
  outer loop
   vertex 88.5000 21.0000 57.0000
   vertex 88.5000 10.5000 57.0000
   vertex 87.1295 10.5898 57.0000
  endloop
 endfacet
 facet normal 0.00000 0.00000 1.00000
  outer loop
   vertex 88.5000 21.0000 127.0000
   vertex 87.1295 10.5898 127.0000
   vertex 88.5000 10.5000 127.0000
  endloop
 endfacet
 facet normal 0.00000 0.00000 -1.00000
  outer loop
   vertex 88.5000 21.0000 57.0000
   vertex 89.8705 10.5898 57.0000
   vertex 88.5000 10.5000 57.0000
  endloop
 endfacet
 facet normal 0.00000 0.00000 1.00000
  outer loop
   vertex 88.5000 21.0000 127.0000
   vertex 88.5000 10.5000 127.0000
   vertex 89.8705 10.5898 127.0000
  endloop
 endfacet
 facet normal 0.00000 0.00000 -1.00000
  outer loop
   vertex 88.5000 21.0000 57.0000
   vertex 91.2176 10.8578 57.0000
   vertex 89.8705 10.5898 57.0000
  endloop
 endfacet
 facet normal 0.00000 0.00000 1.00000
  outer loop
   vertex 88.5000 21.0000 127.0000
   vertex 89.8705 10.5898 127.0000
   vertex 91.2176 10.8578 127.0000
  endloop
 endfacet
 facet normal 0.00000 0.00000 -1.00000
  outer loop
   vertex 88.5000 21.0000 57.0000
   vertex 92.5182 11.2993 57.0000
   vertex 91.2176 10.8578 57.0000
  endloop
 endfacet
 facet normal 0.00000 0.00000 1.00000
  outer loop
   vertex 88.5000 21.0000 127.0000
   vertex 91.2176 10.8578 127.0000
   vertex 92.5182 11.2993 127.0000
  endloop
 endfacet
 facet normal 0.00000 0.00000 -1.00000
  outer loop
   vertex 88.5000 21.0000 57.0000
   vertex 93.7500 11.9067 57.0000
   vertex 92.5182 11.2993 57.0000
  endloop
 endfacet
 facet normal 0.00000 0.00000 1.00000
  outer loop
   vertex 88.5000 21.0000 127.0000
   vertex 92.5182 11.2993 127.0000
   vertex 93.7500 11.9067 127.0000
  endloop
 endfacet
 facet normal 0.00000 0.00000 -1.00000
  outer loop
   vertex 88.5000 21.0000 57.0000
   vertex 94.8920 12.6698 57.0000
   vertex 93.7500 11.9067 57.0000
  endloop
 endfacet
 facet normal 0.00000 0.00000 1.00000
  outer loop
   vertex 88.5000 21.0000 127.0000
   vertex 93.7500 11.9067 127.0000
   vertex 94.8920 12.6698 127.0000
  endloop
 endfacet
 facet normal 0.00000 0.00000 -1.00000
  outer loop
   vertex 88.5000 21.0000 57.0000
   vertex 95.9246 13.5754 57.0000
   vertex 94.8920 12.6698 57.0000
  endloop
 endfacet
 facet normal 0.00000 0.00000 1.00000
  outer loop
   vertex 88.5000 21.0000 127.0000
   vertex 94.8920 12.6698 127.0000
   vertex 95.9246 13.5754 127.0000
  endloop
 endfacet
 facet normal 0.00000 0.00000 -1.00000
  outer loop
   vertex 88.5000 21.0000 57.0000
   vertex 96.8302 14.6080 57.0000
   vertex 95.9246 13.5754 57.0000
  endloop
 endfacet
 facet normal 0.00000 0.00000 1.00000
  outer loop
   vertex 88.5000 21.0000 127.0000
   vertex 95.9246 13.5754 127.0000
   vertex 96.8302 14.6080 127.0000
  endloop
 endfacet
 facet normal 0.00000 0.00000 -1.00000
  outer loop
   vertex 88.5000 21.0000 57.0000
   vertex 97.5933 15.7500 57.0000
   vertex 96.8302 14.6080 57.0000
  endloop
 endfacet
 facet normal 0.00000 0.00000 1.00000
  outer loop
   vertex 88.5000 21.0000 127.0000
   vertex 96.8302 14.6080 127.0000
   vertex 97.5933 15.7500 127.0000
  endloop
 endfacet
 facet normal 0.00000 0.00000 -1.00000
  outer loop
   vertex 88.5000 21.0000 57.0000
   vertex 98.2007 16.9818 57.0000
   vertex 97.5933 15.7500 57.0000
  endloop
 endfacet
 facet normal 0.00000 0.00000 1.00000
  outer loop
   vertex 88.5000 21.0000 127.0000
   vertex 97.5933 15.7500 127.0000
   vertex 98.2007 16.9818 127.0000
  endloop
 endfacet
 facet normal 0.00000 0.00000 -1.00000
  outer loop
   vertex 88.5000 21.0000 57.0000
   vertex 98.6422 18.2824 57.0000
   vertex 98.2007 16.9818 57.0000
  endloop
 endfacet
 facet normal 0.00000 0.00000 1.00000
  outer loop
   vertex 88.5000 21.0000 127.0000
   vertex 98.2007 16.9818 127.0000
   vertex 98.6422 18.2824 127.0000
  endloop
 endfacet
 facet normal 0.00000 0.00000 -1.00000
  outer loop
   vertex 88.5000 21.0000 57.0000
   vertex 98.9102 19.6295 57.0000
   vertex 98.6422 18.2824 57.0000
  endloop
 endfacet
 facet normal 0.00000 0.00000 1.00000
  outer loop
   vertex 88.5000 21.0000 127.0000
   vertex 98.6422 18.2824 127.0000
   vertex 98.9102 19.6295 127.0000
  endloop
 endfacet
 facet normal 0.00000 0.00000 -1.00000
  outer loop
   vertex 88.5000 21.0000 57.0000
   vertex 99.0000 21.0000 57.0000
   vertex 98.9102 19.6295 57.0000
  endloop
 endfacet
 facet normal -0.00000 0.00000 1.00000
  outer loop
   vertex 88.5000 21.0000 127.0000
   vertex 98.9102 19.6295 127.0000
   vertex 99.0000 21.0000 127.0000
  endloop
 endfacet
 facet normal 0.99786 0.06540 0.00000
  outer loop
   vertex 120.0000 -21.0000 57.0000
   vertex 119.9102 -19.6295 57.0000
   vertex 119.9102 -19.6295 127.0000
  endloop
 endfacet
 facet normal 0.99786 0.06540 -0.00000
  outer loop
   vertex 120.0000 -21.0000 57.0000
   vertex 119.9102 -19.6295 127.0000
   vertex 120.0000 -21.0000 127.0000
  endloop
 endfacet
 facet normal 0.98079 0.19509 0.00000
  outer loop
   vertex 119.9102 -19.6295 57.0000
   vertex 119.6422 -18.2824 57.0000
   vertex 119.6422 -18.2824 127.0000
  endloop
 endfacet
 facet normal 0.98079 0.19509 -0.00000
  outer loop
   vertex 119.9102 -19.6295 57.0000
   vertex 119.6422 -18.2824 127.0000
   vertex 119.9102 -19.6295 127.0000
  endloop
 endfacet
 facet normal 0.94693 0.32144 0.00000
  outer loop
   vertex 119.6422 -18.2824 57.0000
   vertex 119.2007 -16.9818 57.0000
   vertex 119.2007 -16.9818 127.0000
  endloop
 endfacet
 facet normal 0.94693 0.32144 -0.00000
  outer loop
   vertex 119.6422 -18.2824 57.0000
   vertex 119.2007 -16.9818 127.0000
   vertex 119.6422 -18.2824 127.0000
  endloop
 endfacet
 facet normal 0.89687 0.44229 0.00000
  outer loop
   vertex 119.2007 -16.9818 57.0000
   vertex 118.5933 -15.7500 57.0000
   vertex 118.5933 -15.7500 127.0000
  endloop
 endfacet
 facet normal 0.89687 0.44229 -0.00000
  outer loop
   vertex 119.2007 -16.9818 57.0000
   vertex 118.5933 -15.7500 127.0000
   vertex 119.2007 -16.9818 127.0000
  endloop
 endfacet
 facet normal 0.83147 0.55557 0.00000
  outer loop
   vertex 118.5933 -15.7500 57.0000
   vertex 117.8302 -14.6080 57.0000
   vertex 117.8302 -14.6080 127.0000
  endloop
 endfacet
 facet normal 0.83147 0.55557 -0.00000
  outer loop
   vertex 118.5933 -15.7500 57.0000
   vertex 117.8302 -14.6080 127.0000
   vertex 118.5933 -15.7500 127.0000
  endloop
 endfacet
 facet normal 0.75184 0.65935 0.00000
  outer loop
   vertex 117.8302 -14.6080 57.0000
   vertex 116.9246 -13.5754 57.0000
   vertex 116.9246 -13.5754 127.0000
  endloop
 endfacet
 facet normal 0.75184 0.65935 -0.00000
  outer loop
   vertex 117.8302 -14.6080 57.0000
   vertex 116.9246 -13.5754 127.0000
   vertex 117.8302 -14.6080 127.0000
  endloop
 endfacet
 facet normal 0.65935 0.75184 0.00000
  outer loop
   vertex 116.9246 -13.5754 57.0000
   vertex 115.8920 -12.6698 57.0000
   vertex 115.8920 -12.6698 127.0000
  endloop
 endfacet
 facet normal 0.65935 0.75184 -0.00000
  outer loop
   vertex 116.9246 -13.5754 57.0000
   vertex 115.8920 -12.6698 127.0000
   vertex 116.9246 -13.5754 127.0000
  endloop
 endfacet
 facet normal 0.55557 0.83147 0.00000
  outer loop
   vertex 115.8920 -12.6698 57.0000
   vertex 114.7500 -11.9067 57.0000
   vertex 114.7500 -11.9067 127.0000
  endloop
 endfacet
 facet normal 0.55557 0.83147 -0.00000
  outer loop
   vertex 115.8920 -12.6698 57.0000
   vertex 114.7500 -11.9067 127.0000
   vertex 115.8920 -12.6698 127.0000
  endloop
 endfacet
 facet normal 0.44229 0.89687 0.00000
  outer loop
   vertex 114.7500 -11.9067 57.0000
   vertex 113.5182 -11.2993 57.0000
   vertex 113.5182 -11.2993 127.0000
  endloop
 endfacet
 facet normal 0.44229 0.89687 -0.00000
  outer loop
   vertex 114.7500 -11.9067 57.0000
   vertex 113.5182 -11.2993 127.0000
   vertex 114.7500 -11.9067 127.0000
  endloop
 endfacet
 facet normal 0.32144 0.94693 0.00000
  outer loop
   vertex 113.5182 -11.2993 57.0000
   vertex 112.2176 -10.8578 57.0000
   vertex 112.2176 -10.8578 127.0000
  endloop
 endfacet
 facet normal 0.32144 0.94693 -0.00000
  outer loop
   vertex 113.5182 -11.2993 57.0000
   vertex 112.2176 -10.8578 127.0000
   vertex 113.5182 -11.2993 127.0000
  endloop
 endfacet
 facet normal 0.19509 0.98079 0.00000
  outer loop
   vertex 112.2176 -10.8578 57.0000
   vertex 110.8705 -10.5898 57.0000
   vertex 110.8705 -10.5898 127.0000
  endloop
 endfacet
 facet normal 0.19509 0.98079 -0.00000
  outer loop
   vertex 112.2176 -10.8578 57.0000
   vertex 110.8705 -10.5898 127.0000
   vertex 112.2176 -10.8578 127.0000
  endloop
 endfacet
 facet normal 0.06540 0.99786 0.00000
  outer loop
   vertex 110.8705 -10.5898 57.0000
   vertex 109.5000 -10.5000 57.0000
   vertex 109.5000 -10.5000 127.0000
  endloop
 endfacet
 facet normal 0.06540 0.99786 -0.00000
  outer loop
   vertex 110.8705 -10.5898 57.0000
   vertex 109.5000 -10.5000 127.0000
   vertex 110.8705 -10.5898 127.0000
  endloop
 endfacet
 facet normal -0.06540 0.99786 0.00000
  outer loop
   vertex 109.5000 -10.5000 57.0000
   vertex 108.1295 -10.5898 57.0000
   vertex 108.1295 -10.5898 127.0000
  endloop
 endfacet
 facet normal -0.06540 0.99786 0.00000
  outer loop
   vertex 109.5000 -10.5000 57.0000
   vertex 108.1295 -10.5898 127.0000
   vertex 109.5000 -10.5000 127.0000
  endloop
 endfacet
 facet normal -0.19509 0.98079 0.00000
  outer loop
   vertex 108.1295 -10.5898 57.0000
   vertex 106.7824 -10.8578 57.0000
   vertex 106.7824 -10.8578 127.0000
  endloop
 endfacet
 facet normal -0.19509 0.98079 0.00000
  outer loop
   vertex 108.1295 -10.5898 57.0000
   vertex 106.7824 -10.8578 127.0000
   vertex 108.1295 -10.5898 127.0000
  endloop
 endfacet
 facet normal -0.32144 0.94693 0.00000
  outer loop
   vertex 106.7824 -10.8578 57.0000
   vertex 105.4818 -11.2993 57.0000
   vertex 105.4818 -11.2993 127.0000
  endloop
 endfacet
 facet normal -0.32144 0.94693 0.00000
  outer loop
   vertex 106.7824 -10.8578 57.0000
   vertex 105.4818 -11.2993 127.0000
   vertex 106.7824 -10.8578 127.0000
  endloop
 endfacet
 facet normal -0.44229 0.89687 0.00000
  outer loop
   vertex 105.4818 -11.2993 57.0000
   vertex 104.2500 -11.9067 57.0000
   vertex 104.2500 -11.9067 127.0000
  endloop
 endfacet
 facet normal -0.44229 0.89687 0.00000
  outer loop
   vertex 105.4818 -11.2993 57.0000
   vertex 104.2500 -11.9067 127.0000
   vertex 105.4818 -11.2993 127.0000
  endloop
 endfacet
 facet normal -0.55557 0.83147 0.00000
  outer loop
   vertex 104.2500 -11.9067 57.0000
   vertex 103.1080 -12.6698 57.0000
   vertex 103.1080 -12.6698 127.0000
  endloop
 endfacet
 facet normal -0.55557 0.83147 0.00000
  outer loop
   vertex 104.2500 -11.9067 57.0000
   vertex 103.1080 -12.6698 127.0000
   vertex 104.2500 -11.9067 127.0000
  endloop
 endfacet
 facet normal -0.65935 0.75184 0.00000
  outer loop
   vertex 103.1080 -12.6698 57.0000
   vertex 102.0754 -13.5754 57.0000
   vertex 102.0754 -13.5754 127.0000
  endloop
 endfacet
 facet normal -0.65935 0.75184 0.00000
  outer loop
   vertex 103.1080 -12.6698 57.0000
   vertex 102.0754 -13.5754 127.0000
   vertex 103.1080 -12.6698 127.0000
  endloop
 endfacet
 facet normal -0.75184 0.65935 0.00000
  outer loop
   vertex 102.0754 -13.5754 57.0000
   vertex 101.1698 -14.6080 57.0000
   vertex 101.1698 -14.6080 127.0000
  endloop
 endfacet
 facet normal -0.75184 0.65935 0.00000
  outer loop
   vertex 102.0754 -13.5754 57.0000
   vertex 101.1698 -14.6080 127.0000
   vertex 102.0754 -13.5754 127.0000
  endloop
 endfacet
 facet normal -0.83147 0.55557 0.00000
  outer loop
   vertex 101.1698 -14.6080 57.0000
   vertex 100.4067 -15.7500 57.0000
   vertex 100.4067 -15.7500 127.0000
  endloop
 endfacet
 facet normal -0.83147 0.55557 0.00000
  outer loop
   vertex 101.1698 -14.6080 57.0000
   vertex 100.4067 -15.7500 127.0000
   vertex 101.1698 -14.6080 127.0000
  endloop
 endfacet
 facet normal -0.89687 0.44229 0.00000
  outer loop
   vertex 100.4067 -15.7500 57.0000
   vertex 99.7993 -16.9818 57.0000
   vertex 99.7993 -16.9818 127.0000
  endloop
 endfacet
 facet normal -0.89687 0.44229 0.00000
  outer loop
   vertex 100.4067 -15.7500 57.0000
   vertex 99.7993 -16.9818 127.0000
   vertex 100.4067 -15.7500 127.0000
  endloop
 endfacet
 facet normal -0.94693 0.32144 0.00000
  outer loop
   vertex 99.7993 -16.9818 57.0000
   vertex 99.3578 -18.2824 57.0000
   vertex 99.3578 -18.2824 127.0000
  endloop
 endfacet
 facet normal -0.94693 0.32144 0.00000
  outer loop
   vertex 99.7993 -16.9818 57.0000
   vertex 99.3578 -18.2824 127.0000
   vertex 99.7993 -16.9818 127.0000
  endloop
 endfacet
 facet normal -0.98079 0.19509 0.00000
  outer loop
   vertex 99.3578 -18.2824 57.0000
   vertex 99.0898 -19.6295 57.0000
   vertex 99.0898 -19.6295 127.0000
  endloop
 endfacet
 facet normal -0.98079 0.19509 0.00000
  outer loop
   vertex 99.3578 -18.2824 57.0000
   vertex 99.0898 -19.6295 127.0000
   vertex 99.3578 -18.2824 127.0000
  endloop
 endfacet
 facet normal -0.99786 0.06540 0.00000
  outer loop
   vertex 99.0898 -19.6295 57.0000
   vertex 99.0000 -21.0000 57.0000
   vertex 99.0000 -21.0000 127.0000
  endloop
 endfacet
 facet normal -0.99786 0.06540 0.00000
  outer loop
   vertex 99.0898 -19.6295 57.0000
   vertex 99.0000 -21.0000 127.0000
   vertex 99.0898 -19.6295 127.0000
  endloop
 endfacet
 facet normal -0.99786 -0.06540 0.00000
  outer loop
   vertex 99.0000 -21.0000 57.0000
   vertex 99.0898 -22.3705 57.0000
   vertex 99.0898 -22.3705 127.0000
  endloop
 endfacet
 facet normal -0.99786 -0.06540 0.00000
  outer loop
   vertex 99.0000 -21.0000 57.0000
   vertex 99.0898 -22.3705 127.0000
   vertex 99.0000 -21.0000 127.0000
  endloop
 endfacet
 facet normal -0.98079 -0.19509 0.00000
  outer loop
   vertex 99.0898 -22.3705 57.0000
   vertex 99.3578 -23.7176 57.0000
   vertex 99.3578 -23.7176 127.0000
  endloop
 endfacet
 facet normal -0.98079 -0.19509 0.00000
  outer loop
   vertex 99.0898 -22.3705 57.0000
   vertex 99.3578 -23.7176 127.0000
   vertex 99.0898 -22.3705 127.0000
  endloop
 endfacet
 facet normal -0.94693 -0.32144 0.00000
  outer loop
   vertex 99.3578 -23.7176 57.0000
   vertex 99.7993 -25.0182 57.0000
   vertex 99.7993 -25.0182 127.0000
  endloop
 endfacet
 facet normal -0.94693 -0.32144 0.00000
  outer loop
   vertex 99.3578 -23.7176 57.0000
   vertex 99.7993 -25.0182 127.0000
   vertex 99.3578 -23.7176 127.0000
  endloop
 endfacet
 facet normal -0.89687 -0.44229 0.00000
  outer loop
   vertex 99.7993 -25.0182 57.0000
   vertex 100.4067 -26.2500 57.0000
   vertex 100.4067 -26.2500 127.0000
  endloop
 endfacet
 facet normal -0.89687 -0.44229 0.00000
  outer loop
   vertex 99.7993 -25.0182 57.0000
   vertex 100.4067 -26.2500 127.0000
   vertex 99.7993 -25.0182 127.0000
  endloop
 endfacet
 facet normal -0.83147 -0.55557 0.00000
  outer loop
   vertex 100.4067 -26.2500 57.0000
   vertex 101.1698 -27.3920 57.0000
   vertex 101.1698 -27.3920 127.0000
  endloop
 endfacet
 facet normal -0.83147 -0.55557 0.00000
  outer loop
   vertex 100.4067 -26.2500 57.0000
   vertex 101.1698 -27.3920 127.0000
   vertex 100.4067 -26.2500 127.0000
  endloop
 endfacet
 facet normal -0.75184 -0.65935 0.00000
  outer loop
   vertex 101.1698 -27.3920 57.0000
   vertex 102.0754 -28.4246 57.0000
   vertex 102.0754 -28.4246 127.0000
  endloop
 endfacet
 facet normal -0.75184 -0.65935 0.00000
  outer loop
   vertex 101.1698 -27.3920 57.0000
   vertex 102.0754 -28.4246 127.0000
   vertex 101.1698 -27.3920 127.0000
  endloop
 endfacet
 facet normal -0.65935 -0.75184 0.00000
  outer loop
   vertex 102.0754 -28.4246 57.0000
   vertex 103.1080 -29.3302 57.0000
   vertex 103.1080 -29.3302 127.0000
  endloop
 endfacet
 facet normal -0.65935 -0.75184 0.00000
  outer loop
   vertex 102.0754 -28.4246 57.0000
   vertex 103.1080 -29.3302 127.0000
   vertex 102.0754 -28.4246 127.0000
  endloop
 endfacet
 facet normal -0.55557 -0.83147 0.00000
  outer loop
   vertex 103.1080 -29.3302 57.0000
   vertex 104.2500 -30.0933 57.0000
   vertex 104.2500 -30.0933 127.0000
  endloop
 endfacet
 facet normal -0.55557 -0.83147 0.00000
  outer loop
   vertex 103.1080 -29.3302 57.0000
   vertex 104.2500 -30.0933 127.0000
   vertex 103.1080 -29.3302 127.0000
  endloop
 endfacet
 facet normal -0.44229 -0.89687 0.00000
  outer loop
   vertex 104.2500 -30.0933 57.0000
   vertex 105.4818 -30.7007 57.0000
   vertex 105.4818 -30.7007 127.0000
  endloop
 endfacet
 facet normal -0.44229 -0.89687 0.00000
  outer loop
   vertex 104.2500 -30.0933 57.0000
   vertex 105.4818 -30.7007 127.0000
   vertex 104.2500 -30.0933 127.0000
  endloop
 endfacet
 facet normal -0.32144 -0.94693 0.00000
  outer loop
   vertex 105.4818 -30.7007 57.0000
   vertex 106.7824 -31.1422 57.0000
   vertex 106.7824 -31.1422 127.0000
  endloop
 endfacet
 facet normal -0.32144 -0.94693 0.00000
  outer loop
   vertex 105.4818 -30.7007 57.0000
   vertex 106.7824 -31.1422 127.0000
   vertex 105.4818 -30.7007 127.0000
  endloop
 endfacet
 facet normal -0.19509 -0.98079 0.00000
  outer loop
   vertex 106.7824 -31.1422 57.0000
   vertex 108.1295 -31.4102 57.0000
   vertex 108.1295 -31.4102 127.0000
  endloop
 endfacet
 facet normal -0.19509 -0.98079 0.00000
  outer loop
   vertex 106.7824 -31.1422 57.0000
   vertex 108.1295 -31.4102 127.0000
   vertex 106.7824 -31.1422 127.0000
  endloop
 endfacet
 facet normal -0.06540 -0.99786 0.00000
  outer loop
   vertex 108.1295 -31.4102 57.0000
   vertex 109.5000 -31.5000 57.0000
   vertex 109.5000 -31.5000 127.0000
  endloop
 endfacet
 facet normal -0.06540 -0.99786 0.00000
  outer loop
   vertex 108.1295 -31.4102 57.0000
   vertex 109.5000 -31.5000 127.0000
   vertex 108.1295 -31.4102 127.0000
  endloop
 endfacet
 facet normal 0.06540 -0.99786 0.00000
  outer loop
   vertex 109.5000 -31.5000 57.0000
   vertex 110.8705 -31.4102 57.0000
   vertex 110.8705 -31.4102 127.0000
  endloop
 endfacet
 facet normal 0.06540 -0.99786 0.00000
  outer loop
   vertex 109.5000 -31.5000 57.0000
   vertex 110.8705 -31.4102 127.0000
   vertex 109.5000 -31.5000 127.0000
  endloop
 endfacet
 facet normal 0.19509 -0.98079 0.00000
  outer loop
   vertex 110.8705 -31.4102 57.0000
   vertex 112.2176 -31.1422 57.0000
   vertex 112.2176 -31.1422 127.0000
  endloop
 endfacet
 facet normal 0.19509 -0.98079 0.00000
  outer loop
   vertex 110.8705 -31.4102 57.0000
   vertex 112.2176 -31.1422 127.0000
   vertex 110.8705 -31.4102 127.0000
  endloop
 endfacet
 facet normal 0.32144 -0.94693 0.00000
  outer loop
   vertex 112.2176 -31.1422 57.0000
   vertex 113.5182 -30.7007 57.0000
   vertex 113.5182 -30.7007 127.0000
  endloop
 endfacet
 facet normal 0.32144 -0.94693 0.00000
  outer loop
   vertex 112.2176 -31.1422 57.0000
   vertex 113.5182 -30.7007 127.0000
   vertex 112.2176 -31.1422 127.0000
  endloop
 endfacet
 facet normal 0.44229 -0.89687 0.00000
  outer loop
   vertex 113.5182 -30.7007 57.0000
   vertex 114.7500 -30.0933 57.0000
   vertex 114.7500 -30.0933 127.0000
  endloop
 endfacet
 facet normal 0.44229 -0.89687 0.00000
  outer loop
   vertex 113.5182 -30.7007 57.0000
   vertex 114.7500 -30.0933 127.0000
   vertex 113.5182 -30.7007 127.0000
  endloop
 endfacet
 facet normal 0.55557 -0.83147 0.00000
  outer loop
   vertex 114.7500 -30.0933 57.0000
   vertex 115.8920 -29.3302 57.0000
   vertex 115.8920 -29.3302 127.0000
  endloop
 endfacet
 facet normal 0.55557 -0.83147 0.00000
  outer loop
   vertex 114.7500 -30.0933 57.0000
   vertex 115.8920 -29.3302 127.0000
   vertex 114.7500 -30.0933 127.0000
  endloop
 endfacet
 facet normal 0.65935 -0.75184 0.00000
  outer loop
   vertex 115.8920 -29.3302 57.0000
   vertex 116.9246 -28.4246 57.0000
   vertex 116.9246 -28.4246 127.0000
  endloop
 endfacet
 facet normal 0.65935 -0.75184 0.00000
  outer loop
   vertex 115.8920 -29.3302 57.0000
   vertex 116.9246 -28.4246 127.0000
   vertex 115.8920 -29.3302 127.0000
  endloop
 endfacet
 facet normal 0.75184 -0.65935 0.00000
  outer loop
   vertex 116.9246 -28.4246 57.0000
   vertex 117.8302 -27.3920 57.0000
   vertex 117.8302 -27.3920 127.0000
  endloop
 endfacet
 facet normal 0.75184 -0.65935 0.00000
  outer loop
   vertex 116.9246 -28.4246 57.0000
   vertex 117.8302 -27.3920 127.0000
   vertex 116.9246 -28.4246 127.0000
  endloop
 endfacet
 facet normal 0.83147 -0.55557 0.00000
  outer loop
   vertex 117.8302 -27.3920 57.0000
   vertex 118.5933 -26.2500 57.0000
   vertex 118.5933 -26.2500 127.0000
  endloop
 endfacet
 facet normal 0.83147 -0.55557 0.00000
  outer loop
   vertex 117.8302 -27.3920 57.0000
   vertex 118.5933 -26.2500 127.0000
   vertex 117.8302 -27.3920 127.0000
  endloop
 endfacet
 facet normal 0.89687 -0.44229 0.00000
  outer loop
   vertex 118.5933 -26.2500 57.0000
   vertex 119.2007 -25.0182 57.0000
   vertex 119.2007 -25.0182 127.0000
  endloop
 endfacet
 facet normal 0.89687 -0.44229 0.00000
  outer loop
   vertex 118.5933 -26.2500 57.0000
   vertex 119.2007 -25.0182 127.0000
   vertex 118.5933 -26.2500 127.0000
  endloop
 endfacet
 facet normal 0.94693 -0.32144 0.00000
  outer loop
   vertex 119.2007 -25.0182 57.0000
   vertex 119.6422 -23.7176 57.0000
   vertex 119.6422 -23.7176 127.0000
  endloop
 endfacet
 facet normal 0.94693 -0.32144 0.00000
  outer loop
   vertex 119.2007 -25.0182 57.0000
   vertex 119.6422 -23.7176 127.0000
   vertex 119.2007 -25.0182 127.0000
  endloop
 endfacet
 facet normal 0.98079 -0.19509 0.00000
  outer loop
   vertex 119.6422 -23.7176 57.0000
   vertex 119.9102 -22.3705 57.0000
   vertex 119.9102 -22.3705 127.0000
  endloop
 endfacet
 facet normal 0.98079 -0.19509 0.00000
  outer loop
   vertex 119.6422 -23.7176 57.0000
   vertex 119.9102 -22.3705 127.0000
   vertex 119.6422 -23.7176 127.0000
  endloop
 endfacet
 facet normal 0.99786 -0.06540 0.00000
  outer loop
   vertex 119.9102 -22.3705 57.0000
   vertex 120.0000 -21.0000 57.0000
   vertex 120.0000 -21.0000 127.0000
  endloop
 endfacet
 facet normal 0.99786 -0.06540 0.00000
  outer loop
   vertex 119.9102 -22.3705 57.0000
   vertex 120.0000 -21.0000 127.0000
   vertex 119.9102 -22.3705 127.0000
  endloop
 endfacet
 facet normal 0.00000 0.00000 -1.00000
  outer loop
   vertex 109.5000 -21.0000 57.0000
   vertex 119.9102 -19.6295 57.0000
   vertex 120.0000 -21.0000 57.0000
  endloop
 endfacet
 facet normal 0.00000 0.00000 1.00000
  outer loop
   vertex 109.5000 -21.0000 127.0000
   vertex 120.0000 -21.0000 127.0000
   vertex 119.9102 -19.6295 127.0000
  endloop
 endfacet
 facet normal 0.00000 0.00000 -1.00000
  outer loop
   vertex 109.5000 -21.0000 57.0000
   vertex 119.6422 -18.2824 57.0000
   vertex 119.9102 -19.6295 57.0000
  endloop
 endfacet
 facet normal 0.00000 0.00000 1.00000
  outer loop
   vertex 109.5000 -21.0000 127.0000
   vertex 119.9102 -19.6295 127.0000
   vertex 119.6422 -18.2824 127.0000
  endloop
 endfacet
 facet normal 0.00000 0.00000 -1.00000
  outer loop
   vertex 109.5000 -21.0000 57.0000
   vertex 119.2007 -16.9818 57.0000
   vertex 119.6422 -18.2824 57.0000
  endloop
 endfacet
 facet normal 0.00000 0.00000 1.00000
  outer loop
   vertex 109.5000 -21.0000 127.0000
   vertex 119.6422 -18.2824 127.0000
   vertex 119.2007 -16.9818 127.0000
  endloop
 endfacet
 facet normal 0.00000 0.00000 -1.00000
  outer loop
   vertex 109.5000 -21.0000 57.0000
   vertex 118.5933 -15.7500 57.0000
   vertex 119.2007 -16.9818 57.0000
  endloop
 endfacet
 facet normal 0.00000 0.00000 1.00000
  outer loop
   vertex 109.5000 -21.0000 127.0000
   vertex 119.2007 -16.9818 127.0000
   vertex 118.5933 -15.7500 127.0000
  endloop
 endfacet
 facet normal 0.00000 0.00000 -1.00000
  outer loop
   vertex 109.5000 -21.0000 57.0000
   vertex 117.8302 -14.6080 57.0000
   vertex 118.5933 -15.7500 57.0000
  endloop
 endfacet
 facet normal 0.00000 0.00000 1.00000
  outer loop
   vertex 109.5000 -21.0000 127.0000
   vertex 118.5933 -15.7500 127.0000
   vertex 117.8302 -14.6080 127.0000
  endloop
 endfacet
 facet normal 0.00000 0.00000 -1.00000
  outer loop
   vertex 109.5000 -21.0000 57.0000
   vertex 116.9246 -13.5754 57.0000
   vertex 117.8302 -14.6080 57.0000
  endloop
 endfacet
 facet normal 0.00000 0.00000 1.00000
  outer loop
   vertex 109.5000 -21.0000 127.0000
   vertex 117.8302 -14.6080 127.0000
   vertex 116.9246 -13.5754 127.0000
  endloop
 endfacet
 facet normal 0.00000 0.00000 -1.00000
  outer loop
   vertex 109.5000 -21.0000 57.0000
   vertex 115.8920 -12.6698 57.0000
   vertex 116.9246 -13.5754 57.0000
  endloop
 endfacet
 facet normal 0.00000 0.00000 1.00000
  outer loop
   vertex 109.5000 -21.0000 127.0000
   vertex 116.9246 -13.5754 127.0000
   vertex 115.8920 -12.6698 127.0000
  endloop
 endfacet
 facet normal 0.00000 0.00000 -1.00000
  outer loop
   vertex 109.5000 -21.0000 57.0000
   vertex 114.7500 -11.9067 57.0000
   vertex 115.8920 -12.6698 57.0000
  endloop
 endfacet
 facet normal 0.00000 0.00000 1.00000
  outer loop
   vertex 109.5000 -21.0000 127.0000
   vertex 115.8920 -12.6698 127.0000
   vertex 114.7500 -11.9067 127.0000
  endloop
 endfacet
 facet normal 0.00000 0.00000 -1.00000
  outer loop
   vertex 109.5000 -21.0000 57.0000
   vertex 113.5182 -11.2993 57.0000
   vertex 114.7500 -11.9067 57.0000
  endloop
 endfacet
 facet normal 0.00000 0.00000 1.00000
  outer loop
   vertex 109.5000 -21.0000 127.0000
   vertex 114.7500 -11.9067 127.0000
   vertex 113.5182 -11.2993 127.0000
  endloop
 endfacet
 facet normal 0.00000 0.00000 -1.00000
  outer loop
   vertex 109.5000 -21.0000 57.0000
   vertex 112.2176 -10.8578 57.0000
   vertex 113.5182 -11.2993 57.0000
  endloop
 endfacet
 facet normal 0.00000 0.00000 1.00000
  outer loop
   vertex 109.5000 -21.0000 127.0000
   vertex 113.5182 -11.2993 127.0000
   vertex 112.2176 -10.8578 127.0000
  endloop
 endfacet
 facet normal 0.00000 0.00000 -1.00000
  outer loop
   vertex 109.5000 -21.0000 57.0000
   vertex 110.8705 -10.5898 57.0000
   vertex 112.2176 -10.8578 57.0000
  endloop
 endfacet
 facet normal 0.00000 0.00000 1.00000
  outer loop
   vertex 109.5000 -21.0000 127.0000
   vertex 112.2176 -10.8578 127.0000
   vertex 110.8705 -10.5898 127.0000
  endloop
 endfacet
 facet normal 0.00000 0.00000 -1.00000
  outer loop
   vertex 109.5000 -21.0000 57.0000
   vertex 109.5000 -10.5000 57.0000
   vertex 110.8705 -10.5898 57.0000
  endloop
 endfacet
 facet normal 0.00000 0.00000 1.00000
  outer loop
   vertex 109.5000 -21.0000 127.0000
   vertex 110.8705 -10.5898 127.0000
   vertex 109.5000 -10.5000 127.0000
  endloop
 endfacet
 facet normal 0.00000 0.00000 -1.00000
  outer loop
   vertex 109.5000 -21.0000 57.0000
   vertex 108.1295 -10.5898 57.0000
   vertex 109.5000 -10.5000 57.0000
  endloop
 endfacet
 facet normal 0.00000 -0.00000 1.00000
  outer loop
   vertex 109.5000 -21.0000 127.0000
   vertex 109.5000 -10.5000 127.0000
   vertex 108.1295 -10.5898 127.0000
  endloop
 endfacet
 facet normal 0.00000 0.00000 -1.00000
  outer loop
   vertex 109.5000 -21.0000 57.0000
   vertex 106.7824 -10.8578 57.0000
   vertex 108.1295 -10.5898 57.0000
  endloop
 endfacet
 facet normal 0.00000 0.00000 1.00000
  outer loop
   vertex 109.5000 -21.0000 127.0000
   vertex 108.1295 -10.5898 127.0000
   vertex 106.7824 -10.8578 127.0000
  endloop
 endfacet
 facet normal 0.00000 0.00000 -1.00000
  outer loop
   vertex 109.5000 -21.0000 57.0000
   vertex 105.4818 -11.2993 57.0000
   vertex 106.7824 -10.8578 57.0000
  endloop
 endfacet
 facet normal 0.00000 0.00000 1.00000
  outer loop
   vertex 109.5000 -21.0000 127.0000
   vertex 106.7824 -10.8578 127.0000
   vertex 105.4818 -11.2993 127.0000
  endloop
 endfacet
 facet normal 0.00000 0.00000 -1.00000
  outer loop
   vertex 109.5000 -21.0000 57.0000
   vertex 104.2500 -11.9067 57.0000
   vertex 105.4818 -11.2993 57.0000
  endloop
 endfacet
 facet normal 0.00000 0.00000 1.00000
  outer loop
   vertex 109.5000 -21.0000 127.0000
   vertex 105.4818 -11.2993 127.0000
   vertex 104.2500 -11.9067 127.0000
  endloop
 endfacet
 facet normal 0.00000 0.00000 -1.00000
  outer loop
   vertex 109.5000 -21.0000 57.0000
   vertex 103.1080 -12.6698 57.0000
   vertex 104.2500 -11.9067 57.0000
  endloop
 endfacet
 facet normal 0.00000 0.00000 1.00000
  outer loop
   vertex 109.5000 -21.0000 127.0000
   vertex 104.2500 -11.9067 127.0000
   vertex 103.1080 -12.6698 127.0000
  endloop
 endfacet
 facet normal 0.00000 0.00000 -1.00000
  outer loop
   vertex 109.5000 -21.0000 57.0000
   vertex 102.0754 -13.5754 57.0000
   vertex 103.1080 -12.6698 57.0000
  endloop
 endfacet
 facet normal 0.00000 0.00000 1.00000
  outer loop
   vertex 109.5000 -21.0000 127.0000
   vertex 103.1080 -12.6698 127.0000
   vertex 102.0754 -13.5754 127.0000
  endloop
 endfacet
 facet normal 0.00000 0.00000 -1.00000
  outer loop
   vertex 109.5000 -21.0000 57.0000
   vertex 101.1698 -14.6080 57.0000
   vertex 102.0754 -13.5754 57.0000
  endloop
 endfacet
 facet normal 0.00000 0.00000 1.00000
  outer loop
   vertex 109.5000 -21.0000 127.0000
   vertex 102.0754 -13.5754 127.0000
   vertex 101.1698 -14.6080 127.0000
  endloop
 endfacet
 facet normal 0.00000 0.00000 -1.00000
  outer loop
   vertex 109.5000 -21.0000 57.0000
   vertex 100.4067 -15.7500 57.0000
   vertex 101.1698 -14.6080 57.0000
  endloop
 endfacet
 facet normal 0.00000 0.00000 1.00000
  outer loop
   vertex 109.5000 -21.0000 127.0000
   vertex 101.1698 -14.6080 127.0000
   vertex 100.4067 -15.7500 127.0000
  endloop
 endfacet
 facet normal 0.00000 0.00000 -1.00000
  outer loop
   vertex 109.5000 -21.0000 57.0000
   vertex 99.7993 -16.9818 57.0000
   vertex 100.4067 -15.7500 57.0000
  endloop
 endfacet
 facet normal 0.00000 0.00000 1.00000
  outer loop
   vertex 109.5000 -21.0000 127.0000
   vertex 100.4067 -15.7500 127.0000
   vertex 99.7993 -16.9818 127.0000
  endloop
 endfacet
 facet normal 0.00000 0.00000 -1.00000
  outer loop
   vertex 109.5000 -21.0000 57.0000
   vertex 99.3578 -18.2824 57.0000
   vertex 99.7993 -16.9818 57.0000
  endloop
 endfacet
 facet normal 0.00000 0.00000 1.00000
  outer loop
   vertex 109.5000 -21.0000 127.0000
   vertex 99.7993 -16.9818 127.0000
   vertex 99.3578 -18.2824 127.0000
  endloop
 endfacet
 facet normal 0.00000 0.00000 -1.00000
  outer loop
   vertex 109.5000 -21.0000 57.0000
   vertex 99.0898 -19.6295 57.0000
   vertex 99.3578 -18.2824 57.0000
  endloop
 endfacet
 facet normal 0.00000 0.00000 1.00000
  outer loop
   vertex 109.5000 -21.0000 127.0000
   vertex 99.3578 -18.2824 127.0000
   vertex 99.0898 -19.6295 127.0000
  endloop
 endfacet
 facet normal 0.00000 0.00000 -1.00000
  outer loop
   vertex 109.5000 -21.0000 57.0000
   vertex 99.0000 -21.0000 57.0000
   vertex 99.0898 -19.6295 57.0000
  endloop
 endfacet
 facet normal 0.00000 0.00000 1.00000
  outer loop
   vertex 109.5000 -21.0000 127.0000
   vertex 99.0898 -19.6295 127.0000
   vertex 99.0000 -21.0000 127.0000
  endloop
 endfacet
 facet normal -0.00000 0.00000 -1.00000
  outer loop
   vertex 109.5000 -21.0000 57.0000
   vertex 99.0898 -22.3705 57.0000
   vertex 99.0000 -21.0000 57.0000
  endloop
 endfacet
 facet normal 0.00000 0.00000 1.00000
  outer loop
   vertex 109.5000 -21.0000 127.0000
   vertex 99.0000 -21.0000 127.0000
   vertex 99.0898 -22.3705 127.0000
  endloop
 endfacet
 facet normal 0.00000 0.00000 -1.00000
  outer loop
   vertex 109.5000 -21.0000 57.0000
   vertex 99.3578 -23.7176 57.0000
   vertex 99.0898 -22.3705 57.0000
  endloop
 endfacet
 facet normal 0.00000 0.00000 1.00000
  outer loop
   vertex 109.5000 -21.0000 127.0000
   vertex 99.0898 -22.3705 127.0000
   vertex 99.3578 -23.7176 127.0000
  endloop
 endfacet
 facet normal 0.00000 0.00000 -1.00000
  outer loop
   vertex 109.5000 -21.0000 57.0000
   vertex 99.7993 -25.0182 57.0000
   vertex 99.3578 -23.7176 57.0000
  endloop
 endfacet
 facet normal 0.00000 0.00000 1.00000
  outer loop
   vertex 109.5000 -21.0000 127.0000
   vertex 99.3578 -23.7176 127.0000
   vertex 99.7993 -25.0182 127.0000
  endloop
 endfacet
 facet normal 0.00000 0.00000 -1.00000
  outer loop
   vertex 109.5000 -21.0000 57.0000
   vertex 100.4067 -26.2500 57.0000
   vertex 99.7993 -25.0182 57.0000
  endloop
 endfacet
 facet normal 0.00000 0.00000 1.00000
  outer loop
   vertex 109.5000 -21.0000 127.0000
   vertex 99.7993 -25.0182 127.0000
   vertex 100.4067 -26.2500 127.0000
  endloop
 endfacet
 facet normal 0.00000 0.00000 -1.00000
  outer loop
   vertex 109.5000 -21.0000 57.0000
   vertex 101.1698 -27.3920 57.0000
   vertex 100.4067 -26.2500 57.0000
  endloop
 endfacet
 facet normal 0.00000 0.00000 1.00000
  outer loop
   vertex 109.5000 -21.0000 127.0000
   vertex 100.4067 -26.2500 127.0000
   vertex 101.1698 -27.3920 127.0000
  endloop
 endfacet
 facet normal 0.00000 0.00000 -1.00000
  outer loop
   vertex 109.5000 -21.0000 57.0000
   vertex 102.0754 -28.4246 57.0000
   vertex 101.1698 -27.3920 57.0000
  endloop
 endfacet
 facet normal 0.00000 0.00000 1.00000
  outer loop
   vertex 109.5000 -21.0000 127.0000
   vertex 101.1698 -27.3920 127.0000
   vertex 102.0754 -28.4246 127.0000
  endloop
 endfacet
 facet normal 0.00000 0.00000 -1.00000
  outer loop
   vertex 109.5000 -21.0000 57.0000
   vertex 103.1080 -29.3302 57.0000
   vertex 102.0754 -28.4246 57.0000
  endloop
 endfacet
 facet normal 0.00000 0.00000 1.00000
  outer loop
   vertex 109.5000 -21.0000 127.0000
   vertex 102.0754 -28.4246 127.0000
   vertex 103.1080 -29.3302 127.0000
  endloop
 endfacet
 facet normal 0.00000 0.00000 -1.00000
  outer loop
   vertex 109.5000 -21.0000 57.0000
   vertex 104.2500 -30.0933 57.0000
   vertex 103.1080 -29.3302 57.0000
  endloop
 endfacet
 facet normal 0.00000 0.00000 1.00000
  outer loop
   vertex 109.5000 -21.0000 127.0000
   vertex 103.1080 -29.3302 127.0000
   vertex 104.2500 -30.0933 127.0000
  endloop
 endfacet
 facet normal 0.00000 0.00000 -1.00000
  outer loop
   vertex 109.5000 -21.0000 57.0000
   vertex 105.4818 -30.7007 57.0000
   vertex 104.2500 -30.0933 57.0000
  endloop
 endfacet
 facet normal 0.00000 0.00000 1.00000
  outer loop
   vertex 109.5000 -21.0000 127.0000
   vertex 104.2500 -30.0933 127.0000
   vertex 105.4818 -30.7007 127.0000
  endloop
 endfacet
 facet normal 0.00000 0.00000 -1.00000
  outer loop
   vertex 109.5000 -21.0000 57.0000
   vertex 106.7824 -31.1422 57.0000
   vertex 105.4818 -30.7007 57.0000
  endloop
 endfacet
 facet normal 0.00000 0.00000 1.00000
  outer loop
   vertex 109.5000 -21.0000 127.0000
   vertex 105.4818 -30.7007 127.0000
   vertex 106.7824 -31.1422 127.0000
  endloop
 endfacet
 facet normal 0.00000 0.00000 -1.00000
  outer loop
   vertex 109.5000 -21.0000 57.0000
   vertex 108.1295 -31.4102 57.0000
   vertex 106.7824 -31.1422 57.0000
  endloop
 endfacet
 facet normal 0.00000 0.00000 1.00000
  outer loop
   vertex 109.5000 -21.0000 127.0000
   vertex 106.7824 -31.1422 127.0000
   vertex 108.1295 -31.4102 127.0000
  endloop
 endfacet
 facet normal 0.00000 -0.00000 -1.00000
  outer loop
   vertex 109.5000 -21.0000 57.0000
   vertex 109.5000 -31.5000 57.0000
   vertex 108.1295 -31.4102 57.0000
  endloop
 endfacet
 facet normal 0.00000 0.00000 1.00000
  outer loop
   vertex 109.5000 -21.0000 127.0000
   vertex 108.1295 -31.4102 127.0000
   vertex 109.5000 -31.5000 127.0000
  endloop
 endfacet
 facet normal 0.00000 0.00000 -1.00000
  outer loop
   vertex 109.5000 -21.0000 57.0000
   vertex 110.8705 -31.4102 57.0000
   vertex 109.5000 -31.5000 57.0000
  endloop
 endfacet
 facet normal 0.00000 0.00000 1.00000
  outer loop
   vertex 109.5000 -21.0000 127.0000
   vertex 109.5000 -31.5000 127.0000
   vertex 110.8705 -31.4102 127.0000
  endloop
 endfacet
 facet normal 0.00000 0.00000 -1.00000
  outer loop
   vertex 109.5000 -21.0000 57.0000
   vertex 112.2176 -31.1422 57.0000
   vertex 110.8705 -31.4102 57.0000
  endloop
 endfacet
 facet normal 0.00000 0.00000 1.00000
  outer loop
   vertex 109.5000 -21.0000 127.0000
   vertex 110.8705 -31.4102 127.0000
   vertex 112.2176 -31.1422 127.0000
  endloop
 endfacet
 facet normal 0.00000 0.00000 -1.00000
  outer loop
   vertex 109.5000 -21.0000 57.0000
   vertex 113.5182 -30.7007 57.0000
   vertex 112.2176 -31.1422 57.0000
  endloop
 endfacet
 facet normal 0.00000 0.00000 1.00000
  outer loop
   vertex 109.5000 -21.0000 127.0000
   vertex 112.2176 -31.1422 127.0000
   vertex 113.5182 -30.7007 127.0000
  endloop
 endfacet
 facet normal 0.00000 0.00000 -1.00000
  outer loop
   vertex 109.5000 -21.0000 57.0000
   vertex 114.7500 -30.0933 57.0000
   vertex 113.5182 -30.7007 57.0000
  endloop
 endfacet
 facet normal 0.00000 0.00000 1.00000
  outer loop
   vertex 109.5000 -21.0000 127.0000
   vertex 113.5182 -30.7007 127.0000
   vertex 114.7500 -30.0933 127.0000
  endloop
 endfacet
 facet normal 0.00000 0.00000 -1.00000
  outer loop
   vertex 109.5000 -21.0000 57.0000
   vertex 115.8920 -29.3302 57.0000
   vertex 114.7500 -30.0933 57.0000
  endloop
 endfacet
 facet normal 0.00000 0.00000 1.00000
  outer loop
   vertex 109.5000 -21.0000 127.0000
   vertex 114.7500 -30.0933 127.0000
   vertex 115.8920 -29.3302 127.0000
  endloop
 endfacet
 facet normal 0.00000 0.00000 -1.00000
  outer loop
   vertex 109.5000 -21.0000 57.0000
   vertex 116.9246 -28.4246 57.0000
   vertex 115.8920 -29.3302 57.0000
  endloop
 endfacet
 facet normal 0.00000 0.00000 1.00000
  outer loop
   vertex 109.5000 -21.0000 127.0000
   vertex 115.8920 -29.3302 127.0000
   vertex 116.9246 -28.4246 127.0000
  endloop
 endfacet
 facet normal 0.00000 0.00000 -1.00000
  outer loop
   vertex 109.5000 -21.0000 57.0000
   vertex 117.8302 -27.3920 57.0000
   vertex 116.9246 -28.4246 57.0000
  endloop
 endfacet
 facet normal 0.00000 0.00000 1.00000
  outer loop
   vertex 109.5000 -21.0000 127.0000
   vertex 116.9246 -28.4246 127.0000
   vertex 117.8302 -27.3920 127.0000
  endloop
 endfacet
 facet normal 0.00000 0.00000 -1.00000
  outer loop
   vertex 109.5000 -21.0000 57.0000
   vertex 118.5933 -26.2500 57.0000
   vertex 117.8302 -27.3920 57.0000
  endloop
 endfacet
 facet normal 0.00000 0.00000 1.00000
  outer loop
   vertex 109.5000 -21.0000 127.0000
   vertex 117.8302 -27.3920 127.0000
   vertex 118.5933 -26.2500 127.0000
  endloop
 endfacet
 facet normal 0.00000 0.00000 -1.00000
  outer loop
   vertex 109.5000 -21.0000 57.0000
   vertex 119.2007 -25.0182 57.0000
   vertex 118.5933 -26.2500 57.0000
  endloop
 endfacet
 facet normal 0.00000 0.00000 1.00000
  outer loop
   vertex 109.5000 -21.0000 127.0000
   vertex 118.5933 -26.2500 127.0000
   vertex 119.2007 -25.0182 127.0000
  endloop
 endfacet
 facet normal 0.00000 0.00000 -1.00000
  outer loop
   vertex 109.5000 -21.0000 57.0000
   vertex 119.6422 -23.7176 57.0000
   vertex 119.2007 -25.0182 57.0000
  endloop
 endfacet
 facet normal 0.00000 0.00000 1.00000
  outer loop
   vertex 109.5000 -21.0000 127.0000
   vertex 119.2007 -25.0182 127.0000
   vertex 119.6422 -23.7176 127.0000
  endloop
 endfacet
 facet normal 0.00000 0.00000 -1.00000
  outer loop
   vertex 109.5000 -21.0000 57.0000
   vertex 119.9102 -22.3705 57.0000
   vertex 119.6422 -23.7176 57.0000
  endloop
 endfacet
 facet normal 0.00000 0.00000 1.00000
  outer loop
   vertex 109.5000 -21.0000 127.0000
   vertex 119.6422 -23.7176 127.0000
   vertex 119.9102 -22.3705 127.0000
  endloop
 endfacet
 facet normal 0.00000 0.00000 -1.00000
  outer loop
   vertex 109.5000 -21.0000 57.0000
   vertex 120.0000 -21.0000 57.0000
   vertex 119.9102 -22.3705 57.0000
  endloop
 endfacet
 facet normal -0.00000 0.00000 1.00000
  outer loop
   vertex 109.5000 -21.0000 127.0000
   vertex 119.9102 -22.3705 127.0000
   vertex 120.0000 -21.0000 127.0000
  endloop
 endfacet
 facet normal 0.99786 0.06540 0.00000
  outer loop
   vertex 120.0000 0.0000 57.0000
   vertex 119.9102 1.3705 57.0000
   vertex 119.9102 1.3705 127.0000
  endloop
 endfacet
 facet normal 0.99786 0.06540 -0.00000
  outer loop
   vertex 120.0000 0.0000 57.0000
   vertex 119.9102 1.3705 127.0000
   vertex 120.0000 0.0000 127.0000
  endloop
 endfacet
 facet normal 0.98079 0.19509 0.00000
  outer loop
   vertex 119.9102 1.3705 57.0000
   vertex 119.6422 2.7176 57.0000
   vertex 119.6422 2.7176 127.0000
  endloop
 endfacet
 facet normal 0.98079 0.19509 -0.00000
  outer loop
   vertex 119.9102 1.3705 57.0000
   vertex 119.6422 2.7176 127.0000
   vertex 119.9102 1.3705 127.0000
  endloop
 endfacet
 facet normal 0.94693 0.32144 0.00000
  outer loop
   vertex 119.6422 2.7176 57.0000
   vertex 119.2007 4.0182 57.0000
   vertex 119.2007 4.0182 127.0000
  endloop
 endfacet
 facet normal 0.94693 0.32144 -0.00000
  outer loop
   vertex 119.6422 2.7176 57.0000
   vertex 119.2007 4.0182 127.0000
   vertex 119.6422 2.7176 127.0000
  endloop
 endfacet
 facet normal 0.89687 0.44229 0.00000
  outer loop
   vertex 119.2007 4.0182 57.0000
   vertex 118.5933 5.2500 57.0000
   vertex 118.5933 5.2500 127.0000
  endloop
 endfacet
 facet normal 0.89687 0.44229 -0.00000
  outer loop
   vertex 119.2007 4.0182 57.0000
   vertex 118.5933 5.2500 127.0000
   vertex 119.2007 4.0182 127.0000
  endloop
 endfacet
 facet normal 0.83147 0.55557 0.00000
  outer loop
   vertex 118.5933 5.2500 57.0000
   vertex 117.8302 6.3920 57.0000
   vertex 117.8302 6.3920 127.0000
  endloop
 endfacet
 facet normal 0.83147 0.55557 -0.00000
  outer loop
   vertex 118.5933 5.2500 57.0000
   vertex 117.8302 6.3920 127.0000
   vertex 118.5933 5.2500 127.0000
  endloop
 endfacet
 facet normal 0.75184 0.65935 0.00000
  outer loop
   vertex 117.8302 6.3920 57.0000
   vertex 116.9246 7.4246 57.0000
   vertex 116.9246 7.4246 127.0000
  endloop
 endfacet
 facet normal 0.75184 0.65935 -0.00000
  outer loop
   vertex 117.8302 6.3920 57.0000
   vertex 116.9246 7.4246 127.0000
   vertex 117.8302 6.3920 127.0000
  endloop
 endfacet
 facet normal 0.65935 0.75184 0.00000
  outer loop
   vertex 116.9246 7.4246 57.0000
   vertex 115.8920 8.3302 57.0000
   vertex 115.8920 8.3302 127.0000
  endloop
 endfacet
 facet normal 0.65935 0.75184 -0.00000
  outer loop
   vertex 116.9246 7.4246 57.0000
   vertex 115.8920 8.3302 127.0000
   vertex 116.9246 7.4246 127.0000
  endloop
 endfacet
 facet normal 0.55557 0.83147 0.00000
  outer loop
   vertex 115.8920 8.3302 57.0000
   vertex 114.7500 9.0933 57.0000
   vertex 114.7500 9.0933 127.0000
  endloop
 endfacet
 facet normal 0.55557 0.83147 -0.00000
  outer loop
   vertex 115.8920 8.3302 57.0000
   vertex 114.7500 9.0933 127.0000
   vertex 115.8920 8.3302 127.0000
  endloop
 endfacet
 facet normal 0.44229 0.89687 0.00000
  outer loop
   vertex 114.7500 9.0933 57.0000
   vertex 113.5182 9.7007 57.0000
   vertex 113.5182 9.7007 127.0000
  endloop
 endfacet
 facet normal 0.44229 0.89687 -0.00000
  outer loop
   vertex 114.7500 9.0933 57.0000
   vertex 113.5182 9.7007 127.0000
   vertex 114.7500 9.0933 127.0000
  endloop
 endfacet
 facet normal 0.32144 0.94693 0.00000
  outer loop
   vertex 113.5182 9.7007 57.0000
   vertex 112.2176 10.1422 57.0000
   vertex 112.2176 10.1422 127.0000
  endloop
 endfacet
 facet normal 0.32144 0.94693 -0.00000
  outer loop
   vertex 113.5182 9.7007 57.0000
   vertex 112.2176 10.1422 127.0000
   vertex 113.5182 9.7007 127.0000
  endloop
 endfacet
 facet normal 0.19509 0.98079 0.00000
  outer loop
   vertex 112.2176 10.1422 57.0000
   vertex 110.8705 10.4102 57.0000
   vertex 110.8705 10.4102 127.0000
  endloop
 endfacet
 facet normal 0.19509 0.98079 -0.00000
  outer loop
   vertex 112.2176 10.1422 57.0000
   vertex 110.8705 10.4102 127.0000
   vertex 112.2176 10.1422 127.0000
  endloop
 endfacet
 facet normal 0.06540 0.99786 0.00000
  outer loop
   vertex 110.8705 10.4102 57.0000
   vertex 109.5000 10.5000 57.0000
   vertex 109.5000 10.5000 127.0000
  endloop
 endfacet
 facet normal 0.06540 0.99786 -0.00000
  outer loop
   vertex 110.8705 10.4102 57.0000
   vertex 109.5000 10.5000 127.0000
   vertex 110.8705 10.4102 127.0000
  endloop
 endfacet
 facet normal -0.06540 0.99786 0.00000
  outer loop
   vertex 109.5000 10.5000 57.0000
   vertex 108.1295 10.4102 57.0000
   vertex 108.1295 10.4102 127.0000
  endloop
 endfacet
 facet normal -0.06540 0.99786 0.00000
  outer loop
   vertex 109.5000 10.5000 57.0000
   vertex 108.1295 10.4102 127.0000
   vertex 109.5000 10.5000 127.0000
  endloop
 endfacet
 facet normal -0.19509 0.98079 0.00000
  outer loop
   vertex 108.1295 10.4102 57.0000
   vertex 106.7824 10.1422 57.0000
   vertex 106.7824 10.1422 127.0000
  endloop
 endfacet
 facet normal -0.19509 0.98079 0.00000
  outer loop
   vertex 108.1295 10.4102 57.0000
   vertex 106.7824 10.1422 127.0000
   vertex 108.1295 10.4102 127.0000
  endloop
 endfacet
 facet normal -0.32144 0.94693 0.00000
  outer loop
   vertex 106.7824 10.1422 57.0000
   vertex 105.4818 9.7007 57.0000
   vertex 105.4818 9.7007 127.0000
  endloop
 endfacet
 facet normal -0.32144 0.94693 0.00000
  outer loop
   vertex 106.7824 10.1422 57.0000
   vertex 105.4818 9.7007 127.0000
   vertex 106.7824 10.1422 127.0000
  endloop
 endfacet
 facet normal -0.44229 0.89687 0.00000
  outer loop
   vertex 105.4818 9.7007 57.0000
   vertex 104.2500 9.0933 57.0000
   vertex 104.2500 9.0933 127.0000
  endloop
 endfacet
 facet normal -0.44229 0.89687 0.00000
  outer loop
   vertex 105.4818 9.7007 57.0000
   vertex 104.2500 9.0933 127.0000
   vertex 105.4818 9.7007 127.0000
  endloop
 endfacet
 facet normal -0.55557 0.83147 0.00000
  outer loop
   vertex 104.2500 9.0933 57.0000
   vertex 103.1080 8.3302 57.0000
   vertex 103.1080 8.3302 127.0000
  endloop
 endfacet
 facet normal -0.55557 0.83147 0.00000
  outer loop
   vertex 104.2500 9.0933 57.0000
   vertex 103.1080 8.3302 127.0000
   vertex 104.2500 9.0933 127.0000
  endloop
 endfacet
 facet normal -0.65935 0.75184 0.00000
  outer loop
   vertex 103.1080 8.3302 57.0000
   vertex 102.0754 7.4246 57.0000
   vertex 102.0754 7.4246 127.0000
  endloop
 endfacet
 facet normal -0.65935 0.75184 0.00000
  outer loop
   vertex 103.1080 8.3302 57.0000
   vertex 102.0754 7.4246 127.0000
   vertex 103.1080 8.3302 127.0000
  endloop
 endfacet
 facet normal -0.75184 0.65935 0.00000
  outer loop
   vertex 102.0754 7.4246 57.0000
   vertex 101.1698 6.3920 57.0000
   vertex 101.1698 6.3920 127.0000
  endloop
 endfacet
 facet normal -0.75184 0.65935 0.00000
  outer loop
   vertex 102.0754 7.4246 57.0000
   vertex 101.1698 6.3920 127.0000
   vertex 102.0754 7.4246 127.0000
  endloop
 endfacet
 facet normal -0.83147 0.55557 0.00000
  outer loop
   vertex 101.1698 6.3920 57.0000
   vertex 100.4067 5.2500 57.0000
   vertex 100.4067 5.2500 127.0000
  endloop
 endfacet
 facet normal -0.83147 0.55557 0.00000
  outer loop
   vertex 101.1698 6.3920 57.0000
   vertex 100.4067 5.2500 127.0000
   vertex 101.1698 6.3920 127.0000
  endloop
 endfacet
 facet normal -0.89687 0.44229 0.00000
  outer loop
   vertex 100.4067 5.2500 57.0000
   vertex 99.7993 4.0182 57.0000
   vertex 99.7993 4.0182 127.0000
  endloop
 endfacet
 facet normal -0.89687 0.44229 0.00000
  outer loop
   vertex 100.4067 5.2500 57.0000
   vertex 99.7993 4.0182 127.0000
   vertex 100.4067 5.2500 127.0000
  endloop
 endfacet
 facet normal -0.94693 0.32144 0.00000
  outer loop
   vertex 99.7993 4.0182 57.0000
   vertex 99.3578 2.7176 57.0000
   vertex 99.3578 2.7176 127.0000
  endloop
 endfacet
 facet normal -0.94693 0.32144 0.00000
  outer loop
   vertex 99.7993 4.0182 57.0000
   vertex 99.3578 2.7176 127.0000
   vertex 99.7993 4.0182 127.0000
  endloop
 endfacet
 facet normal -0.98079 0.19509 0.00000
  outer loop
   vertex 99.3578 2.7176 57.0000
   vertex 99.0898 1.3705 57.0000
   vertex 99.0898 1.3705 127.0000
  endloop
 endfacet
 facet normal -0.98079 0.19509 0.00000
  outer loop
   vertex 99.3578 2.7176 57.0000
   vertex 99.0898 1.3705 127.0000
   vertex 99.3578 2.7176 127.0000
  endloop
 endfacet
 facet normal -0.99786 0.06540 0.00000
  outer loop
   vertex 99.0898 1.3705 57.0000
   vertex 99.0000 0.0000 57.0000
   vertex 99.0000 0.0000 127.0000
  endloop
 endfacet
 facet normal -0.99786 0.06540 0.00000
  outer loop
   vertex 99.0898 1.3705 57.0000
   vertex 99.0000 0.0000 127.0000
   vertex 99.0898 1.3705 127.0000
  endloop
 endfacet
 facet normal -0.99786 -0.06540 0.00000
  outer loop
   vertex 99.0000 0.0000 57.0000
   vertex 99.0898 -1.3705 57.0000
   vertex 99.0898 -1.3705 127.0000
  endloop
 endfacet
 facet normal -0.99786 -0.06540 0.00000
  outer loop
   vertex 99.0000 0.0000 57.0000
   vertex 99.0898 -1.3705 127.0000
   vertex 99.0000 0.0000 127.0000
  endloop
 endfacet
 facet normal -0.98079 -0.19509 0.00000
  outer loop
   vertex 99.0898 -1.3705 57.0000
   vertex 99.3578 -2.7176 57.0000
   vertex 99.3578 -2.7176 127.0000
  endloop
 endfacet
 facet normal -0.98079 -0.19509 0.00000
  outer loop
   vertex 99.0898 -1.3705 57.0000
   vertex 99.3578 -2.7176 127.0000
   vertex 99.0898 -1.3705 127.0000
  endloop
 endfacet
 facet normal -0.94693 -0.32144 0.00000
  outer loop
   vertex 99.3578 -2.7176 57.0000
   vertex 99.7993 -4.0182 57.0000
   vertex 99.7993 -4.0182 127.0000
  endloop
 endfacet
 facet normal -0.94693 -0.32144 0.00000
  outer loop
   vertex 99.3578 -2.7176 57.0000
   vertex 99.7993 -4.0182 127.0000
   vertex 99.3578 -2.7176 127.0000
  endloop
 endfacet
 facet normal -0.89687 -0.44229 0.00000
  outer loop
   vertex 99.7993 -4.0182 57.0000
   vertex 100.4067 -5.2500 57.0000
   vertex 100.4067 -5.2500 127.0000
  endloop
 endfacet
 facet normal -0.89687 -0.44229 0.00000
  outer loop
   vertex 99.7993 -4.0182 57.0000
   vertex 100.4067 -5.2500 127.0000
   vertex 99.7993 -4.0182 127.0000
  endloop
 endfacet
 facet normal -0.83147 -0.55557 0.00000
  outer loop
   vertex 100.4067 -5.2500 57.0000
   vertex 101.1698 -6.3920 57.0000
   vertex 101.1698 -6.3920 127.0000
  endloop
 endfacet
 facet normal -0.83147 -0.55557 0.00000
  outer loop
   vertex 100.4067 -5.2500 57.0000
   vertex 101.1698 -6.3920 127.0000
   vertex 100.4067 -5.2500 127.0000
  endloop
 endfacet
 facet normal -0.75184 -0.65935 0.00000
  outer loop
   vertex 101.1698 -6.3920 57.0000
   vertex 102.0754 -7.4246 57.0000
   vertex 102.0754 -7.4246 127.0000
  endloop
 endfacet
 facet normal -0.75184 -0.65935 0.00000
  outer loop
   vertex 101.1698 -6.3920 57.0000
   vertex 102.0754 -7.4246 127.0000
   vertex 101.1698 -6.3920 127.0000
  endloop
 endfacet
 facet normal -0.65935 -0.75184 0.00000
  outer loop
   vertex 102.0754 -7.4246 57.0000
   vertex 103.1080 -8.3302 57.0000
   vertex 103.1080 -8.3302 127.0000
  endloop
 endfacet
 facet normal -0.65935 -0.75184 0.00000
  outer loop
   vertex 102.0754 -7.4246 57.0000
   vertex 103.1080 -8.3302 127.0000
   vertex 102.0754 -7.4246 127.0000
  endloop
 endfacet
 facet normal -0.55557 -0.83147 0.00000
  outer loop
   vertex 103.1080 -8.3302 57.0000
   vertex 104.2500 -9.0933 57.0000
   vertex 104.2500 -9.0933 127.0000
  endloop
 endfacet
 facet normal -0.55557 -0.83147 0.00000
  outer loop
   vertex 103.1080 -8.3302 57.0000
   vertex 104.2500 -9.0933 127.0000
   vertex 103.1080 -8.3302 127.0000
  endloop
 endfacet
 facet normal -0.44229 -0.89687 0.00000
  outer loop
   vertex 104.2500 -9.0933 57.0000
   vertex 105.4818 -9.7007 57.0000
   vertex 105.4818 -9.7007 127.0000
  endloop
 endfacet
 facet normal -0.44229 -0.89687 0.00000
  outer loop
   vertex 104.2500 -9.0933 57.0000
   vertex 105.4818 -9.7007 127.0000
   vertex 104.2500 -9.0933 127.0000
  endloop
 endfacet
 facet normal -0.32144 -0.94693 0.00000
  outer loop
   vertex 105.4818 -9.7007 57.0000
   vertex 106.7824 -10.1422 57.0000
   vertex 106.7824 -10.1422 127.0000
  endloop
 endfacet
 facet normal -0.32144 -0.94693 0.00000
  outer loop
   vertex 105.4818 -9.7007 57.0000
   vertex 106.7824 -10.1422 127.0000
   vertex 105.4818 -9.7007 127.0000
  endloop
 endfacet
 facet normal -0.19509 -0.98079 0.00000
  outer loop
   vertex 106.7824 -10.1422 57.0000
   vertex 108.1295 -10.4102 57.0000
   vertex 108.1295 -10.4102 127.0000
  endloop
 endfacet
 facet normal -0.19509 -0.98079 0.00000
  outer loop
   vertex 106.7824 -10.1422 57.0000
   vertex 108.1295 -10.4102 127.0000
   vertex 106.7824 -10.1422 127.0000
  endloop
 endfacet
 facet normal -0.06540 -0.99786 0.00000
  outer loop
   vertex 108.1295 -10.4102 57.0000
   vertex 109.5000 -10.5000 57.0000
   vertex 109.5000 -10.5000 127.0000
  endloop
 endfacet
 facet normal -0.06540 -0.99786 0.00000
  outer loop
   vertex 108.1295 -10.4102 57.0000
   vertex 109.5000 -10.5000 127.0000
   vertex 108.1295 -10.4102 127.0000
  endloop
 endfacet
 facet normal 0.06540 -0.99786 0.00000
  outer loop
   vertex 109.5000 -10.5000 57.0000
   vertex 110.8705 -10.4102 57.0000
   vertex 110.8705 -10.4102 127.0000
  endloop
 endfacet
 facet normal 0.06540 -0.99786 0.00000
  outer loop
   vertex 109.5000 -10.5000 57.0000
   vertex 110.8705 -10.4102 127.0000
   vertex 109.5000 -10.5000 127.0000
  endloop
 endfacet
 facet normal 0.19509 -0.98079 0.00000
  outer loop
   vertex 110.8705 -10.4102 57.0000
   vertex 112.2176 -10.1422 57.0000
   vertex 112.2176 -10.1422 127.0000
  endloop
 endfacet
 facet normal 0.19509 -0.98079 0.00000
  outer loop
   vertex 110.8705 -10.4102 57.0000
   vertex 112.2176 -10.1422 127.0000
   vertex 110.8705 -10.4102 127.0000
  endloop
 endfacet
 facet normal 0.32144 -0.94693 0.00000
  outer loop
   vertex 112.2176 -10.1422 57.0000
   vertex 113.5182 -9.7007 57.0000
   vertex 113.5182 -9.7007 127.0000
  endloop
 endfacet
 facet normal 0.32144 -0.94693 0.00000
  outer loop
   vertex 112.2176 -10.1422 57.0000
   vertex 113.5182 -9.7007 127.0000
   vertex 112.2176 -10.1422 127.0000
  endloop
 endfacet
 facet normal 0.44229 -0.89687 0.00000
  outer loop
   vertex 113.5182 -9.7007 57.0000
   vertex 114.7500 -9.0933 57.0000
   vertex 114.7500 -9.0933 127.0000
  endloop
 endfacet
 facet normal 0.44229 -0.89687 0.00000
  outer loop
   vertex 113.5182 -9.7007 57.0000
   vertex 114.7500 -9.0933 127.0000
   vertex 113.5182 -9.7007 127.0000
  endloop
 endfacet
 facet normal 0.55557 -0.83147 0.00000
  outer loop
   vertex 114.7500 -9.0933 57.0000
   vertex 115.8920 -8.3302 57.0000
   vertex 115.8920 -8.3302 127.0000
  endloop
 endfacet
 facet normal 0.55557 -0.83147 0.00000
  outer loop
   vertex 114.7500 -9.0933 57.0000
   vertex 115.8920 -8.3302 127.0000
   vertex 114.7500 -9.0933 127.0000
  endloop
 endfacet
 facet normal 0.65935 -0.75184 0.00000
  outer loop
   vertex 115.8920 -8.3302 57.0000
   vertex 116.9246 -7.4246 57.0000
   vertex 116.9246 -7.4246 127.0000
  endloop
 endfacet
 facet normal 0.65935 -0.75184 0.00000
  outer loop
   vertex 115.8920 -8.3302 57.0000
   vertex 116.9246 -7.4246 127.0000
   vertex 115.8920 -8.3302 127.0000
  endloop
 endfacet
 facet normal 0.75184 -0.65935 0.00000
  outer loop
   vertex 116.9246 -7.4246 57.0000
   vertex 117.8302 -6.3920 57.0000
   vertex 117.8302 -6.3920 127.0000
  endloop
 endfacet
 facet normal 0.75184 -0.65935 0.00000
  outer loop
   vertex 116.9246 -7.4246 57.0000
   vertex 117.8302 -6.3920 127.0000
   vertex 116.9246 -7.4246 127.0000
  endloop
 endfacet
 facet normal 0.83147 -0.55557 0.00000
  outer loop
   vertex 117.8302 -6.3920 57.0000
   vertex 118.5933 -5.2500 57.0000
   vertex 118.5933 -5.2500 127.0000
  endloop
 endfacet
 facet normal 0.83147 -0.55557 0.00000
  outer loop
   vertex 117.8302 -6.3920 57.0000
   vertex 118.5933 -5.2500 127.0000
   vertex 117.8302 -6.3920 127.0000
  endloop
 endfacet
 facet normal 0.89687 -0.44229 0.00000
  outer loop
   vertex 118.5933 -5.2500 57.0000
   vertex 119.2007 -4.0182 57.0000
   vertex 119.2007 -4.0182 127.0000
  endloop
 endfacet
 facet normal 0.89687 -0.44229 0.00000
  outer loop
   vertex 118.5933 -5.2500 57.0000
   vertex 119.2007 -4.0182 127.0000
   vertex 118.5933 -5.2500 127.0000
  endloop
 endfacet
 facet normal 0.94693 -0.32144 0.00000
  outer loop
   vertex 119.2007 -4.0182 57.0000
   vertex 119.6422 -2.7176 57.0000
   vertex 119.6422 -2.7176 127.0000
  endloop
 endfacet
 facet normal 0.94693 -0.32144 0.00000
  outer loop
   vertex 119.2007 -4.0182 57.0000
   vertex 119.6422 -2.7176 127.0000
   vertex 119.2007 -4.0182 127.0000
  endloop
 endfacet
 facet normal 0.98079 -0.19509 0.00000
  outer loop
   vertex 119.6422 -2.7176 57.0000
   vertex 119.9102 -1.3705 57.0000
   vertex 119.9102 -1.3705 127.0000
  endloop
 endfacet
 facet normal 0.98079 -0.19509 0.00000
  outer loop
   vertex 119.6422 -2.7176 57.0000
   vertex 119.9102 -1.3705 127.0000
   vertex 119.6422 -2.7176 127.0000
  endloop
 endfacet
 facet normal 0.99786 -0.06540 0.00000
  outer loop
   vertex 119.9102 -1.3705 57.0000
   vertex 120.0000 0.0000 57.0000
   vertex 120.0000 0.0000 127.0000
  endloop
 endfacet
 facet normal 0.99786 -0.06540 0.00000
  outer loop
   vertex 119.9102 -1.3705 57.0000
   vertex 120.0000 0.0000 127.0000
   vertex 119.9102 -1.3705 127.0000
  endloop
 endfacet
 facet normal 0.00000 0.00000 -1.00000
  outer loop
   vertex 109.5000 0.0000 57.0000
   vertex 119.9102 1.3705 57.0000
   vertex 120.0000 0.0000 57.0000
  endloop
 endfacet
 facet normal 0.00000 0.00000 1.00000
  outer loop
   vertex 109.5000 0.0000 127.0000
   vertex 120.0000 0.0000 127.0000
   vertex 119.9102 1.3705 127.0000
  endloop
 endfacet
 facet normal 0.00000 0.00000 -1.00000
  outer loop
   vertex 109.5000 0.0000 57.0000
   vertex 119.6422 2.7176 57.0000
   vertex 119.9102 1.3705 57.0000
  endloop
 endfacet
 facet normal 0.00000 0.00000 1.00000
  outer loop
   vertex 109.5000 0.0000 127.0000
   vertex 119.9102 1.3705 127.0000
   vertex 119.6422 2.7176 127.0000
  endloop
 endfacet
 facet normal 0.00000 0.00000 -1.00000
  outer loop
   vertex 109.5000 0.0000 57.0000
   vertex 119.2007 4.0182 57.0000
   vertex 119.6422 2.7176 57.0000
  endloop
 endfacet
 facet normal 0.00000 0.00000 1.00000
  outer loop
   vertex 109.5000 0.0000 127.0000
   vertex 119.6422 2.7176 127.0000
   vertex 119.2007 4.0182 127.0000
  endloop
 endfacet
 facet normal 0.00000 0.00000 -1.00000
  outer loop
   vertex 109.5000 0.0000 57.0000
   vertex 118.5933 5.2500 57.0000
   vertex 119.2007 4.0182 57.0000
  endloop
 endfacet
 facet normal 0.00000 0.00000 1.00000
  outer loop
   vertex 109.5000 0.0000 127.0000
   vertex 119.2007 4.0182 127.0000
   vertex 118.5933 5.2500 127.0000
  endloop
 endfacet
 facet normal 0.00000 0.00000 -1.00000
  outer loop
   vertex 109.5000 0.0000 57.0000
   vertex 117.8302 6.3920 57.0000
   vertex 118.5933 5.2500 57.0000
  endloop
 endfacet
 facet normal 0.00000 0.00000 1.00000
  outer loop
   vertex 109.5000 0.0000 127.0000
   vertex 118.5933 5.2500 127.0000
   vertex 117.8302 6.3920 127.0000
  endloop
 endfacet
 facet normal 0.00000 0.00000 -1.00000
  outer loop
   vertex 109.5000 0.0000 57.0000
   vertex 116.9246 7.4246 57.0000
   vertex 117.8302 6.3920 57.0000
  endloop
 endfacet
 facet normal 0.00000 0.00000 1.00000
  outer loop
   vertex 109.5000 0.0000 127.0000
   vertex 117.8302 6.3920 127.0000
   vertex 116.9246 7.4246 127.0000
  endloop
 endfacet
 facet normal 0.00000 0.00000 -1.00000
  outer loop
   vertex 109.5000 0.0000 57.0000
   vertex 115.8920 8.3302 57.0000
   vertex 116.9246 7.4246 57.0000
  endloop
 endfacet
 facet normal 0.00000 0.00000 1.00000
  outer loop
   vertex 109.5000 0.0000 127.0000
   vertex 116.9246 7.4246 127.0000
   vertex 115.8920 8.3302 127.0000
  endloop
 endfacet
 facet normal 0.00000 0.00000 -1.00000
  outer loop
   vertex 109.5000 0.0000 57.0000
   vertex 114.7500 9.0933 57.0000
   vertex 115.8920 8.3302 57.0000
  endloop
 endfacet
 facet normal 0.00000 0.00000 1.00000
  outer loop
   vertex 109.5000 0.0000 127.0000
   vertex 115.8920 8.3302 127.0000
   vertex 114.7500 9.0933 127.0000
  endloop
 endfacet
 facet normal 0.00000 0.00000 -1.00000
  outer loop
   vertex 109.5000 0.0000 57.0000
   vertex 113.5182 9.7007 57.0000
   vertex 114.7500 9.0933 57.0000
  endloop
 endfacet
 facet normal 0.00000 0.00000 1.00000
  outer loop
   vertex 109.5000 0.0000 127.0000
   vertex 114.7500 9.0933 127.0000
   vertex 113.5182 9.7007 127.0000
  endloop
 endfacet
 facet normal 0.00000 0.00000 -1.00000
  outer loop
   vertex 109.5000 0.0000 57.0000
   vertex 112.2176 10.1422 57.0000
   vertex 113.5182 9.7007 57.0000
  endloop
 endfacet
 facet normal 0.00000 0.00000 1.00000
  outer loop
   vertex 109.5000 0.0000 127.0000
   vertex 113.5182 9.7007 127.0000
   vertex 112.2176 10.1422 127.0000
  endloop
 endfacet
 facet normal 0.00000 0.00000 -1.00000
  outer loop
   vertex 109.5000 0.0000 57.0000
   vertex 110.8705 10.4102 57.0000
   vertex 112.2176 10.1422 57.0000
  endloop
 endfacet
 facet normal 0.00000 0.00000 1.00000
  outer loop
   vertex 109.5000 0.0000 127.0000
   vertex 112.2176 10.1422 127.0000
   vertex 110.8705 10.4102 127.0000
  endloop
 endfacet
 facet normal 0.00000 0.00000 -1.00000
  outer loop
   vertex 109.5000 0.0000 57.0000
   vertex 109.5000 10.5000 57.0000
   vertex 110.8705 10.4102 57.0000
  endloop
 endfacet
 facet normal 0.00000 0.00000 1.00000
  outer loop
   vertex 109.5000 0.0000 127.0000
   vertex 110.8705 10.4102 127.0000
   vertex 109.5000 10.5000 127.0000
  endloop
 endfacet
 facet normal 0.00000 0.00000 -1.00000
  outer loop
   vertex 109.5000 0.0000 57.0000
   vertex 108.1295 10.4102 57.0000
   vertex 109.5000 10.5000 57.0000
  endloop
 endfacet
 facet normal 0.00000 -0.00000 1.00000
  outer loop
   vertex 109.5000 0.0000 127.0000
   vertex 109.5000 10.5000 127.0000
   vertex 108.1295 10.4102 127.0000
  endloop
 endfacet
 facet normal 0.00000 0.00000 -1.00000
  outer loop
   vertex 109.5000 0.0000 57.0000
   vertex 106.7824 10.1422 57.0000
   vertex 108.1295 10.4102 57.0000
  endloop
 endfacet
 facet normal 0.00000 0.00000 1.00000
  outer loop
   vertex 109.5000 0.0000 127.0000
   vertex 108.1295 10.4102 127.0000
   vertex 106.7824 10.1422 127.0000
  endloop
 endfacet
 facet normal 0.00000 0.00000 -1.00000
  outer loop
   vertex 109.5000 0.0000 57.0000
   vertex 105.4818 9.7007 57.0000
   vertex 106.7824 10.1422 57.0000
  endloop
 endfacet
 facet normal 0.00000 0.00000 1.00000
  outer loop
   vertex 109.5000 0.0000 127.0000
   vertex 106.7824 10.1422 127.0000
   vertex 105.4818 9.7007 127.0000
  endloop
 endfacet
 facet normal 0.00000 0.00000 -1.00000
  outer loop
   vertex 109.5000 0.0000 57.0000
   vertex 104.2500 9.0933 57.0000
   vertex 105.4818 9.7007 57.0000
  endloop
 endfacet
 facet normal 0.00000 0.00000 1.00000
  outer loop
   vertex 109.5000 0.0000 127.0000
   vertex 105.4818 9.7007 127.0000
   vertex 104.2500 9.0933 127.0000
  endloop
 endfacet
 facet normal 0.00000 0.00000 -1.00000
  outer loop
   vertex 109.5000 0.0000 57.0000
   vertex 103.1080 8.3302 57.0000
   vertex 104.2500 9.0933 57.0000
  endloop
 endfacet
 facet normal 0.00000 0.00000 1.00000
  outer loop
   vertex 109.5000 0.0000 127.0000
   vertex 104.2500 9.0933 127.0000
   vertex 103.1080 8.3302 127.0000
  endloop
 endfacet
 facet normal 0.00000 0.00000 -1.00000
  outer loop
   vertex 109.5000 0.0000 57.0000
   vertex 102.0754 7.4246 57.0000
   vertex 103.1080 8.3302 57.0000
  endloop
 endfacet
 facet normal 0.00000 0.00000 1.00000
  outer loop
   vertex 109.5000 0.0000 127.0000
   vertex 103.1080 8.3302 127.0000
   vertex 102.0754 7.4246 127.0000
  endloop
 endfacet
 facet normal 0.00000 0.00000 -1.00000
  outer loop
   vertex 109.5000 0.0000 57.0000
   vertex 101.1698 6.3920 57.0000
   vertex 102.0754 7.4246 57.0000
  endloop
 endfacet
 facet normal 0.00000 0.00000 1.00000
  outer loop
   vertex 109.5000 0.0000 127.0000
   vertex 102.0754 7.4246 127.0000
   vertex 101.1698 6.3920 127.0000
  endloop
 endfacet
 facet normal 0.00000 0.00000 -1.00000
  outer loop
   vertex 109.5000 0.0000 57.0000
   vertex 100.4067 5.2500 57.0000
   vertex 101.1698 6.3920 57.0000
  endloop
 endfacet
 facet normal 0.00000 0.00000 1.00000
  outer loop
   vertex 109.5000 0.0000 127.0000
   vertex 101.1698 6.3920 127.0000
   vertex 100.4067 5.2500 127.0000
  endloop
 endfacet
 facet normal 0.00000 0.00000 -1.00000
  outer loop
   vertex 109.5000 0.0000 57.0000
   vertex 99.7993 4.0182 57.0000
   vertex 100.4067 5.2500 57.0000
  endloop
 endfacet
 facet normal 0.00000 0.00000 1.00000
  outer loop
   vertex 109.5000 0.0000 127.0000
   vertex 100.4067 5.2500 127.0000
   vertex 99.7993 4.0182 127.0000
  endloop
 endfacet
 facet normal 0.00000 0.00000 -1.00000
  outer loop
   vertex 109.5000 0.0000 57.0000
   vertex 99.3578 2.7176 57.0000
   vertex 99.7993 4.0182 57.0000
  endloop
 endfacet
 facet normal 0.00000 0.00000 1.00000
  outer loop
   vertex 109.5000 0.0000 127.0000
   vertex 99.7993 4.0182 127.0000
   vertex 99.3578 2.7176 127.0000
  endloop
 endfacet
 facet normal 0.00000 0.00000 -1.00000
  outer loop
   vertex 109.5000 0.0000 57.0000
   vertex 99.0898 1.3705 57.0000
   vertex 99.3578 2.7176 57.0000
  endloop
 endfacet
 facet normal 0.00000 0.00000 1.00000
  outer loop
   vertex 109.5000 0.0000 127.0000
   vertex 99.3578 2.7176 127.0000
   vertex 99.0898 1.3705 127.0000
  endloop
 endfacet
 facet normal 0.00000 0.00000 -1.00000
  outer loop
   vertex 109.5000 0.0000 57.0000
   vertex 99.0000 0.0000 57.0000
   vertex 99.0898 1.3705 57.0000
  endloop
 endfacet
 facet normal 0.00000 0.00000 1.00000
  outer loop
   vertex 109.5000 0.0000 127.0000
   vertex 99.0898 1.3705 127.0000
   vertex 99.0000 0.0000 127.0000
  endloop
 endfacet
 facet normal -0.00000 0.00000 -1.00000
  outer loop
   vertex 109.5000 0.0000 57.0000
   vertex 99.0898 -1.3705 57.0000
   vertex 99.0000 0.0000 57.0000
  endloop
 endfacet
 facet normal 0.00000 0.00000 1.00000
  outer loop
   vertex 109.5000 0.0000 127.0000
   vertex 99.0000 0.0000 127.0000
   vertex 99.0898 -1.3705 127.0000
  endloop
 endfacet
 facet normal 0.00000 0.00000 -1.00000
  outer loop
   vertex 109.5000 0.0000 57.0000
   vertex 99.3578 -2.7176 57.0000
   vertex 99.0898 -1.3705 57.0000
  endloop
 endfacet
 facet normal 0.00000 0.00000 1.00000
  outer loop
   vertex 109.5000 0.0000 127.0000
   vertex 99.0898 -1.3705 127.0000
   vertex 99.3578 -2.7176 127.0000
  endloop
 endfacet
 facet normal 0.00000 0.00000 -1.00000
  outer loop
   vertex 109.5000 0.0000 57.0000
   vertex 99.7993 -4.0182 57.0000
   vertex 99.3578 -2.7176 57.0000
  endloop
 endfacet
 facet normal 0.00000 0.00000 1.00000
  outer loop
   vertex 109.5000 0.0000 127.0000
   vertex 99.3578 -2.7176 127.0000
   vertex 99.7993 -4.0182 127.0000
  endloop
 endfacet
 facet normal 0.00000 0.00000 -1.00000
  outer loop
   vertex 109.5000 0.0000 57.0000
   vertex 100.4067 -5.2500 57.0000
   vertex 99.7993 -4.0182 57.0000
  endloop
 endfacet
 facet normal 0.00000 0.00000 1.00000
  outer loop
   vertex 109.5000 0.0000 127.0000
   vertex 99.7993 -4.0182 127.0000
   vertex 100.4067 -5.2500 127.0000
  endloop
 endfacet
 facet normal 0.00000 0.00000 -1.00000
  outer loop
   vertex 109.5000 0.0000 57.0000
   vertex 101.1698 -6.3920 57.0000
   vertex 100.4067 -5.2500 57.0000
  endloop
 endfacet
 facet normal 0.00000 0.00000 1.00000
  outer loop
   vertex 109.5000 0.0000 127.0000
   vertex 100.4067 -5.2500 127.0000
   vertex 101.1698 -6.3920 127.0000
  endloop
 endfacet
 facet normal 0.00000 0.00000 -1.00000
  outer loop
   vertex 109.5000 0.0000 57.0000
   vertex 102.0754 -7.4246 57.0000
   vertex 101.1698 -6.3920 57.0000
  endloop
 endfacet
 facet normal 0.00000 0.00000 1.00000
  outer loop
   vertex 109.5000 0.0000 127.0000
   vertex 101.1698 -6.3920 127.0000
   vertex 102.0754 -7.4246 127.0000
  endloop
 endfacet
 facet normal 0.00000 0.00000 -1.00000
  outer loop
   vertex 109.5000 0.0000 57.0000
   vertex 103.1080 -8.3302 57.0000
   vertex 102.0754 -7.4246 57.0000
  endloop
 endfacet
 facet normal 0.00000 0.00000 1.00000
  outer loop
   vertex 109.5000 0.0000 127.0000
   vertex 102.0754 -7.4246 127.0000
   vertex 103.1080 -8.3302 127.0000
  endloop
 endfacet
 facet normal 0.00000 0.00000 -1.00000
  outer loop
   vertex 109.5000 0.0000 57.0000
   vertex 104.2500 -9.0933 57.0000
   vertex 103.1080 -8.3302 57.0000
  endloop
 endfacet
 facet normal 0.00000 0.00000 1.00000
  outer loop
   vertex 109.5000 0.0000 127.0000
   vertex 103.1080 -8.3302 127.0000
   vertex 104.2500 -9.0933 127.0000
  endloop
 endfacet
 facet normal 0.00000 0.00000 -1.00000
  outer loop
   vertex 109.5000 0.0000 57.0000
   vertex 105.4818 -9.7007 57.0000
   vertex 104.2500 -9.0933 57.0000
  endloop
 endfacet
 facet normal 0.00000 0.00000 1.00000
  outer loop
   vertex 109.5000 0.0000 127.0000
   vertex 104.2500 -9.0933 127.0000
   vertex 105.4818 -9.7007 127.0000
  endloop
 endfacet
 facet normal 0.00000 0.00000 -1.00000
  outer loop
   vertex 109.5000 0.0000 57.0000
   vertex 106.7824 -10.1422 57.0000
   vertex 105.4818 -9.7007 57.0000
  endloop
 endfacet
 facet normal 0.00000 0.00000 1.00000
  outer loop
   vertex 109.5000 0.0000 127.0000
   vertex 105.4818 -9.7007 127.0000
   vertex 106.7824 -10.1422 127.0000
  endloop
 endfacet
 facet normal 0.00000 0.00000 -1.00000
  outer loop
   vertex 109.5000 0.0000 57.0000
   vertex 108.1295 -10.4102 57.0000
   vertex 106.7824 -10.1422 57.0000
  endloop
 endfacet
 facet normal 0.00000 0.00000 1.00000
  outer loop
   vertex 109.5000 0.0000 127.0000
   vertex 106.7824 -10.1422 127.0000
   vertex 108.1295 -10.4102 127.0000
  endloop
 endfacet
 facet normal 0.00000 -0.00000 -1.00000
  outer loop
   vertex 109.5000 0.0000 57.0000
   vertex 109.5000 -10.5000 57.0000
   vertex 108.1295 -10.4102 57.0000
  endloop
 endfacet
 facet normal 0.00000 0.00000 1.00000
  outer loop
   vertex 109.5000 0.0000 127.0000
   vertex 108.1295 -10.4102 127.0000
   vertex 109.5000 -10.5000 127.0000
  endloop
 endfacet
 facet normal 0.00000 0.00000 -1.00000
  outer loop
   vertex 109.5000 0.0000 57.0000
   vertex 110.8705 -10.4102 57.0000
   vertex 109.5000 -10.5000 57.0000
  endloop
 endfacet
 facet normal 0.00000 0.00000 1.00000
  outer loop
   vertex 109.5000 0.0000 127.0000
   vertex 109.5000 -10.5000 127.0000
   vertex 110.8705 -10.4102 127.0000
  endloop
 endfacet
 facet normal 0.00000 0.00000 -1.00000
  outer loop
   vertex 109.5000 0.0000 57.0000
   vertex 112.2176 -10.1422 57.0000
   vertex 110.8705 -10.4102 57.0000
  endloop
 endfacet
 facet normal 0.00000 0.00000 1.00000
  outer loop
   vertex 109.5000 0.0000 127.0000
   vertex 110.8705 -10.4102 127.0000
   vertex 112.2176 -10.1422 127.0000
  endloop
 endfacet
 facet normal 0.00000 0.00000 -1.00000
  outer loop
   vertex 109.5000 0.0000 57.0000
   vertex 113.5182 -9.7007 57.0000
   vertex 112.2176 -10.1422 57.0000
  endloop
 endfacet
 facet normal 0.00000 0.00000 1.00000
  outer loop
   vertex 109.5000 0.0000 127.0000
   vertex 112.2176 -10.1422 127.0000
   vertex 113.5182 -9.7007 127.0000
  endloop
 endfacet
 facet normal 0.00000 0.00000 -1.00000
  outer loop
   vertex 109.5000 0.0000 57.0000
   vertex 114.7500 -9.0933 57.0000
   vertex 113.5182 -9.7007 57.0000
  endloop
 endfacet
 facet normal 0.00000 0.00000 1.00000
  outer loop
   vertex 109.5000 0.0000 127.0000
   vertex 113.5182 -9.7007 127.0000
   vertex 114.7500 -9.0933 127.0000
  endloop
 endfacet
 facet normal 0.00000 0.00000 -1.00000
  outer loop
   vertex 109.5000 0.0000 57.0000
   vertex 115.8920 -8.3302 57.0000
   vertex 114.7500 -9.0933 57.0000
  endloop
 endfacet
 facet normal 0.00000 0.00000 1.00000
  outer loop
   vertex 109.5000 0.0000 127.0000
   vertex 114.7500 -9.0933 127.0000
   vertex 115.8920 -8.3302 127.0000
  endloop
 endfacet
 facet normal 0.00000 0.00000 -1.00000
  outer loop
   vertex 109.5000 0.0000 57.0000
   vertex 116.9246 -7.4246 57.0000
   vertex 115.8920 -8.3302 57.0000
  endloop
 endfacet
 facet normal 0.00000 0.00000 1.00000
  outer loop
   vertex 109.5000 0.0000 127.0000
   vertex 115.8920 -8.3302 127.0000
   vertex 116.9246 -7.4246 127.0000
  endloop
 endfacet
 facet normal 0.00000 0.00000 -1.00000
  outer loop
   vertex 109.5000 0.0000 57.0000
   vertex 117.8302 -6.3920 57.0000
   vertex 116.9246 -7.4246 57.0000
  endloop
 endfacet
 facet normal 0.00000 0.00000 1.00000
  outer loop
   vertex 109.5000 0.0000 127.0000
   vertex 116.9246 -7.4246 127.0000
   vertex 117.8302 -6.3920 127.0000
  endloop
 endfacet
 facet normal 0.00000 0.00000 -1.00000
  outer loop
   vertex 109.5000 0.0000 57.0000
   vertex 118.5933 -5.2500 57.0000
   vertex 117.8302 -6.3920 57.0000
  endloop
 endfacet
 facet normal 0.00000 0.00000 1.00000
  outer loop
   vertex 109.5000 0.0000 127.0000
   vertex 117.8302 -6.3920 127.0000
   vertex 118.5933 -5.2500 127.0000
  endloop
 endfacet
 facet normal 0.00000 0.00000 -1.00000
  outer loop
   vertex 109.5000 0.0000 57.0000
   vertex 119.2007 -4.0182 57.0000
   vertex 118.5933 -5.2500 57.0000
  endloop
 endfacet
 facet normal 0.00000 0.00000 1.00000
  outer loop
   vertex 109.5000 0.0000 127.0000
   vertex 118.5933 -5.2500 127.0000
   vertex 119.2007 -4.0182 127.0000
  endloop
 endfacet
 facet normal 0.00000 0.00000 -1.00000
  outer loop
   vertex 109.5000 0.0000 57.0000
   vertex 119.6422 -2.7176 57.0000
   vertex 119.2007 -4.0182 57.0000
  endloop
 endfacet
 facet normal 0.00000 0.00000 1.00000
  outer loop
   vertex 109.5000 0.0000 127.0000
   vertex 119.2007 -4.0182 127.0000
   vertex 119.6422 -2.7176 127.0000
  endloop
 endfacet
 facet normal 0.00000 0.00000 -1.00000
  outer loop
   vertex 109.5000 0.0000 57.0000
   vertex 119.9102 -1.3705 57.0000
   vertex 119.6422 -2.7176 57.0000
  endloop
 endfacet
 facet normal 0.00000 0.00000 1.00000
  outer loop
   vertex 109.5000 0.0000 127.0000
   vertex 119.6422 -2.7176 127.0000
   vertex 119.9102 -1.3705 127.0000
  endloop
 endfacet
 facet normal 0.00000 0.00000 -1.00000
  outer loop
   vertex 109.5000 0.0000 57.0000
   vertex 120.0000 0.0000 57.0000
   vertex 119.9102 -1.3705 57.0000
  endloop
 endfacet
 facet normal -0.00000 0.00000 1.00000
  outer loop
   vertex 109.5000 0.0000 127.0000
   vertex 119.9102 -1.3705 127.0000
   vertex 120.0000 0.0000 127.0000
  endloop
 endfacet
 facet normal 0.99786 0.06540 0.00000
  outer loop
   vertex 120.0000 21.0000 57.0000
   vertex 119.9102 22.3705 57.0000
   vertex 119.9102 22.3705 127.0000
  endloop
 endfacet
 facet normal 0.99786 0.06540 -0.00000
  outer loop
   vertex 120.0000 21.0000 57.0000
   vertex 119.9102 22.3705 127.0000
   vertex 120.0000 21.0000 127.0000
  endloop
 endfacet
 facet normal 0.98079 0.19509 0.00000
  outer loop
   vertex 119.9102 22.3705 57.0000
   vertex 119.6422 23.7176 57.0000
   vertex 119.6422 23.7176 127.0000
  endloop
 endfacet
 facet normal 0.98079 0.19509 -0.00000
  outer loop
   vertex 119.9102 22.3705 57.0000
   vertex 119.6422 23.7176 127.0000
   vertex 119.9102 22.3705 127.0000
  endloop
 endfacet
 facet normal 0.94693 0.32144 0.00000
  outer loop
   vertex 119.6422 23.7176 57.0000
   vertex 119.2007 25.0182 57.0000
   vertex 119.2007 25.0182 127.0000
  endloop
 endfacet
 facet normal 0.94693 0.32144 -0.00000
  outer loop
   vertex 119.6422 23.7176 57.0000
   vertex 119.2007 25.0182 127.0000
   vertex 119.6422 23.7176 127.0000
  endloop
 endfacet
 facet normal 0.89687 0.44229 0.00000
  outer loop
   vertex 119.2007 25.0182 57.0000
   vertex 118.5933 26.2500 57.0000
   vertex 118.5933 26.2500 127.0000
  endloop
 endfacet
 facet normal 0.89687 0.44229 -0.00000
  outer loop
   vertex 119.2007 25.0182 57.0000
   vertex 118.5933 26.2500 127.0000
   vertex 119.2007 25.0182 127.0000
  endloop
 endfacet
 facet normal 0.83147 0.55557 0.00000
  outer loop
   vertex 118.5933 26.2500 57.0000
   vertex 117.8302 27.3920 57.0000
   vertex 117.8302 27.3920 127.0000
  endloop
 endfacet
 facet normal 0.83147 0.55557 -0.00000
  outer loop
   vertex 118.5933 26.2500 57.0000
   vertex 117.8302 27.3920 127.0000
   vertex 118.5933 26.2500 127.0000
  endloop
 endfacet
 facet normal 0.75184 0.65935 0.00000
  outer loop
   vertex 117.8302 27.3920 57.0000
   vertex 116.9246 28.4246 57.0000
   vertex 116.9246 28.4246 127.0000
  endloop
 endfacet
 facet normal 0.75184 0.65935 -0.00000
  outer loop
   vertex 117.8302 27.3920 57.0000
   vertex 116.9246 28.4246 127.0000
   vertex 117.8302 27.3920 127.0000
  endloop
 endfacet
 facet normal 0.65935 0.75184 0.00000
  outer loop
   vertex 116.9246 28.4246 57.0000
   vertex 115.8920 29.3302 57.0000
   vertex 115.8920 29.3302 127.0000
  endloop
 endfacet
 facet normal 0.65935 0.75184 -0.00000
  outer loop
   vertex 116.9246 28.4246 57.0000
   vertex 115.8920 29.3302 127.0000
   vertex 116.9246 28.4246 127.0000
  endloop
 endfacet
 facet normal 0.55557 0.83147 0.00000
  outer loop
   vertex 115.8920 29.3302 57.0000
   vertex 114.7500 30.0933 57.0000
   vertex 114.7500 30.0933 127.0000
  endloop
 endfacet
 facet normal 0.55557 0.83147 -0.00000
  outer loop
   vertex 115.8920 29.3302 57.0000
   vertex 114.7500 30.0933 127.0000
   vertex 115.8920 29.3302 127.0000
  endloop
 endfacet
 facet normal 0.44229 0.89687 0.00000
  outer loop
   vertex 114.7500 30.0933 57.0000
   vertex 113.5182 30.7007 57.0000
   vertex 113.5182 30.7007 127.0000
  endloop
 endfacet
 facet normal 0.44229 0.89687 -0.00000
  outer loop
   vertex 114.7500 30.0933 57.0000
   vertex 113.5182 30.7007 127.0000
   vertex 114.7500 30.0933 127.0000
  endloop
 endfacet
 facet normal 0.32144 0.94693 0.00000
  outer loop
   vertex 113.5182 30.7007 57.0000
   vertex 112.2176 31.1422 57.0000
   vertex 112.2176 31.1422 127.0000
  endloop
 endfacet
 facet normal 0.32144 0.94693 -0.00000
  outer loop
   vertex 113.5182 30.7007 57.0000
   vertex 112.2176 31.1422 127.0000
   vertex 113.5182 30.7007 127.0000
  endloop
 endfacet
 facet normal 0.19509 0.98079 0.00000
  outer loop
   vertex 112.2176 31.1422 57.0000
   vertex 110.8705 31.4102 57.0000
   vertex 110.8705 31.4102 127.0000
  endloop
 endfacet
 facet normal 0.19509 0.98079 -0.00000
  outer loop
   vertex 112.2176 31.1422 57.0000
   vertex 110.8705 31.4102 127.0000
   vertex 112.2176 31.1422 127.0000
  endloop
 endfacet
 facet normal 0.06540 0.99786 0.00000
  outer loop
   vertex 110.8705 31.4102 57.0000
   vertex 109.5000 31.5000 57.0000
   vertex 109.5000 31.5000 127.0000
  endloop
 endfacet
 facet normal 0.06540 0.99786 -0.00000
  outer loop
   vertex 110.8705 31.4102 57.0000
   vertex 109.5000 31.5000 127.0000
   vertex 110.8705 31.4102 127.0000
  endloop
 endfacet
 facet normal -0.06540 0.99786 0.00000
  outer loop
   vertex 109.5000 31.5000 57.0000
   vertex 108.1295 31.4102 57.0000
   vertex 108.1295 31.4102 127.0000
  endloop
 endfacet
 facet normal -0.06540 0.99786 0.00000
  outer loop
   vertex 109.5000 31.5000 57.0000
   vertex 108.1295 31.4102 127.0000
   vertex 109.5000 31.5000 127.0000
  endloop
 endfacet
 facet normal -0.19509 0.98079 0.00000
  outer loop
   vertex 108.1295 31.4102 57.0000
   vertex 106.7824 31.1422 57.0000
   vertex 106.7824 31.1422 127.0000
  endloop
 endfacet
 facet normal -0.19509 0.98079 0.00000
  outer loop
   vertex 108.1295 31.4102 57.0000
   vertex 106.7824 31.1422 127.0000
   vertex 108.1295 31.4102 127.0000
  endloop
 endfacet
 facet normal -0.32144 0.94693 0.00000
  outer loop
   vertex 106.7824 31.1422 57.0000
   vertex 105.4818 30.7007 57.0000
   vertex 105.4818 30.7007 127.0000
  endloop
 endfacet
 facet normal -0.32144 0.94693 0.00000
  outer loop
   vertex 106.7824 31.1422 57.0000
   vertex 105.4818 30.7007 127.0000
   vertex 106.7824 31.1422 127.0000
  endloop
 endfacet
 facet normal -0.44229 0.89687 0.00000
  outer loop
   vertex 105.4818 30.7007 57.0000
   vertex 104.2500 30.0933 57.0000
   vertex 104.2500 30.0933 127.0000
  endloop
 endfacet
 facet normal -0.44229 0.89687 0.00000
  outer loop
   vertex 105.4818 30.7007 57.0000
   vertex 104.2500 30.0933 127.0000
   vertex 105.4818 30.7007 127.0000
  endloop
 endfacet
 facet normal -0.55557 0.83147 0.00000
  outer loop
   vertex 104.2500 30.0933 57.0000
   vertex 103.1080 29.3302 57.0000
   vertex 103.1080 29.3302 127.0000
  endloop
 endfacet
 facet normal -0.55557 0.83147 0.00000
  outer loop
   vertex 104.2500 30.0933 57.0000
   vertex 103.1080 29.3302 127.0000
   vertex 104.2500 30.0933 127.0000
  endloop
 endfacet
 facet normal -0.65935 0.75184 0.00000
  outer loop
   vertex 103.1080 29.3302 57.0000
   vertex 102.0754 28.4246 57.0000
   vertex 102.0754 28.4246 127.0000
  endloop
 endfacet
 facet normal -0.65935 0.75184 0.00000
  outer loop
   vertex 103.1080 29.3302 57.0000
   vertex 102.0754 28.4246 127.0000
   vertex 103.1080 29.3302 127.0000
  endloop
 endfacet
 facet normal -0.75184 0.65935 0.00000
  outer loop
   vertex 102.0754 28.4246 57.0000
   vertex 101.1698 27.3920 57.0000
   vertex 101.1698 27.3920 127.0000
  endloop
 endfacet
 facet normal -0.75184 0.65935 0.00000
  outer loop
   vertex 102.0754 28.4246 57.0000
   vertex 101.1698 27.3920 127.0000
   vertex 102.0754 28.4246 127.0000
  endloop
 endfacet
 facet normal -0.83147 0.55557 0.00000
  outer loop
   vertex 101.1698 27.3920 57.0000
   vertex 100.4067 26.2500 57.0000
   vertex 100.4067 26.2500 127.0000
  endloop
 endfacet
 facet normal -0.83147 0.55557 0.00000
  outer loop
   vertex 101.1698 27.3920 57.0000
   vertex 100.4067 26.2500 127.0000
   vertex 101.1698 27.3920 127.0000
  endloop
 endfacet
 facet normal -0.89687 0.44229 0.00000
  outer loop
   vertex 100.4067 26.2500 57.0000
   vertex 99.7993 25.0182 57.0000
   vertex 99.7993 25.0182 127.0000
  endloop
 endfacet
 facet normal -0.89687 0.44229 0.00000
  outer loop
   vertex 100.4067 26.2500 57.0000
   vertex 99.7993 25.0182 127.0000
   vertex 100.4067 26.2500 127.0000
  endloop
 endfacet
 facet normal -0.94693 0.32144 0.00000
  outer loop
   vertex 99.7993 25.0182 57.0000
   vertex 99.3578 23.7176 57.0000
   vertex 99.3578 23.7176 127.0000
  endloop
 endfacet
 facet normal -0.94693 0.32144 0.00000
  outer loop
   vertex 99.7993 25.0182 57.0000
   vertex 99.3578 23.7176 127.0000
   vertex 99.7993 25.0182 127.0000
  endloop
 endfacet
 facet normal -0.98079 0.19509 0.00000
  outer loop
   vertex 99.3578 23.7176 57.0000
   vertex 99.0898 22.3705 57.0000
   vertex 99.0898 22.3705 127.0000
  endloop
 endfacet
 facet normal -0.98079 0.19509 0.00000
  outer loop
   vertex 99.3578 23.7176 57.0000
   vertex 99.0898 22.3705 127.0000
   vertex 99.3578 23.7176 127.0000
  endloop
 endfacet
 facet normal -0.99786 0.06540 0.00000
  outer loop
   vertex 99.0898 22.3705 57.0000
   vertex 99.0000 21.0000 57.0000
   vertex 99.0000 21.0000 127.0000
  endloop
 endfacet
 facet normal -0.99786 0.06540 0.00000
  outer loop
   vertex 99.0898 22.3705 57.0000
   vertex 99.0000 21.0000 127.0000
   vertex 99.0898 22.3705 127.0000
  endloop
 endfacet
 facet normal -0.99786 -0.06540 0.00000
  outer loop
   vertex 99.0000 21.0000 57.0000
   vertex 99.0898 19.6295 57.0000
   vertex 99.0898 19.6295 127.0000
  endloop
 endfacet
 facet normal -0.99786 -0.06540 0.00000
  outer loop
   vertex 99.0000 21.0000 57.0000
   vertex 99.0898 19.6295 127.0000
   vertex 99.0000 21.0000 127.0000
  endloop
 endfacet
 facet normal -0.98079 -0.19509 0.00000
  outer loop
   vertex 99.0898 19.6295 57.0000
   vertex 99.3578 18.2824 57.0000
   vertex 99.3578 18.2824 127.0000
  endloop
 endfacet
 facet normal -0.98079 -0.19509 0.00000
  outer loop
   vertex 99.0898 19.6295 57.0000
   vertex 99.3578 18.2824 127.0000
   vertex 99.0898 19.6295 127.0000
  endloop
 endfacet
 facet normal -0.94693 -0.32144 0.00000
  outer loop
   vertex 99.3578 18.2824 57.0000
   vertex 99.7993 16.9818 57.0000
   vertex 99.7993 16.9818 127.0000
  endloop
 endfacet
 facet normal -0.94693 -0.32144 0.00000
  outer loop
   vertex 99.3578 18.2824 57.0000
   vertex 99.7993 16.9818 127.0000
   vertex 99.3578 18.2824 127.0000
  endloop
 endfacet
 facet normal -0.89687 -0.44229 0.00000
  outer loop
   vertex 99.7993 16.9818 57.0000
   vertex 100.4067 15.7500 57.0000
   vertex 100.4067 15.7500 127.0000
  endloop
 endfacet
 facet normal -0.89687 -0.44229 0.00000
  outer loop
   vertex 99.7993 16.9818 57.0000
   vertex 100.4067 15.7500 127.0000
   vertex 99.7993 16.9818 127.0000
  endloop
 endfacet
 facet normal -0.83147 -0.55557 0.00000
  outer loop
   vertex 100.4067 15.7500 57.0000
   vertex 101.1698 14.6080 57.0000
   vertex 101.1698 14.6080 127.0000
  endloop
 endfacet
 facet normal -0.83147 -0.55557 0.00000
  outer loop
   vertex 100.4067 15.7500 57.0000
   vertex 101.1698 14.6080 127.0000
   vertex 100.4067 15.7500 127.0000
  endloop
 endfacet
 facet normal -0.75184 -0.65935 0.00000
  outer loop
   vertex 101.1698 14.6080 57.0000
   vertex 102.0754 13.5754 57.0000
   vertex 102.0754 13.5754 127.0000
  endloop
 endfacet
 facet normal -0.75184 -0.65935 0.00000
  outer loop
   vertex 101.1698 14.6080 57.0000
   vertex 102.0754 13.5754 127.0000
   vertex 101.1698 14.6080 127.0000
  endloop
 endfacet
 facet normal -0.65935 -0.75184 0.00000
  outer loop
   vertex 102.0754 13.5754 57.0000
   vertex 103.1080 12.6698 57.0000
   vertex 103.1080 12.6698 127.0000
  endloop
 endfacet
 facet normal -0.65935 -0.75184 0.00000
  outer loop
   vertex 102.0754 13.5754 57.0000
   vertex 103.1080 12.6698 127.0000
   vertex 102.0754 13.5754 127.0000
  endloop
 endfacet
 facet normal -0.55557 -0.83147 0.00000
  outer loop
   vertex 103.1080 12.6698 57.0000
   vertex 104.2500 11.9067 57.0000
   vertex 104.2500 11.9067 127.0000
  endloop
 endfacet
 facet normal -0.55557 -0.83147 0.00000
  outer loop
   vertex 103.1080 12.6698 57.0000
   vertex 104.2500 11.9067 127.0000
   vertex 103.1080 12.6698 127.0000
  endloop
 endfacet
 facet normal -0.44229 -0.89687 0.00000
  outer loop
   vertex 104.2500 11.9067 57.0000
   vertex 105.4818 11.2993 57.0000
   vertex 105.4818 11.2993 127.0000
  endloop
 endfacet
 facet normal -0.44229 -0.89687 0.00000
  outer loop
   vertex 104.2500 11.9067 57.0000
   vertex 105.4818 11.2993 127.0000
   vertex 104.2500 11.9067 127.0000
  endloop
 endfacet
 facet normal -0.32144 -0.94693 0.00000
  outer loop
   vertex 105.4818 11.2993 57.0000
   vertex 106.7824 10.8578 57.0000
   vertex 106.7824 10.8578 127.0000
  endloop
 endfacet
 facet normal -0.32144 -0.94693 0.00000
  outer loop
   vertex 105.4818 11.2993 57.0000
   vertex 106.7824 10.8578 127.0000
   vertex 105.4818 11.2993 127.0000
  endloop
 endfacet
 facet normal -0.19509 -0.98079 0.00000
  outer loop
   vertex 106.7824 10.8578 57.0000
   vertex 108.1295 10.5898 57.0000
   vertex 108.1295 10.5898 127.0000
  endloop
 endfacet
 facet normal -0.19509 -0.98079 0.00000
  outer loop
   vertex 106.7824 10.8578 57.0000
   vertex 108.1295 10.5898 127.0000
   vertex 106.7824 10.8578 127.0000
  endloop
 endfacet
 facet normal -0.06540 -0.99786 0.00000
  outer loop
   vertex 108.1295 10.5898 57.0000
   vertex 109.5000 10.5000 57.0000
   vertex 109.5000 10.5000 127.0000
  endloop
 endfacet
 facet normal -0.06540 -0.99786 0.00000
  outer loop
   vertex 108.1295 10.5898 57.0000
   vertex 109.5000 10.5000 127.0000
   vertex 108.1295 10.5898 127.0000
  endloop
 endfacet
 facet normal 0.06540 -0.99786 0.00000
  outer loop
   vertex 109.5000 10.5000 57.0000
   vertex 110.8705 10.5898 57.0000
   vertex 110.8705 10.5898 127.0000
  endloop
 endfacet
 facet normal 0.06540 -0.99786 0.00000
  outer loop
   vertex 109.5000 10.5000 57.0000
   vertex 110.8705 10.5898 127.0000
   vertex 109.5000 10.5000 127.0000
  endloop
 endfacet
 facet normal 0.19509 -0.98079 0.00000
  outer loop
   vertex 110.8705 10.5898 57.0000
   vertex 112.2176 10.8578 57.0000
   vertex 112.2176 10.8578 127.0000
  endloop
 endfacet
 facet normal 0.19509 -0.98079 0.00000
  outer loop
   vertex 110.8705 10.5898 57.0000
   vertex 112.2176 10.8578 127.0000
   vertex 110.8705 10.5898 127.0000
  endloop
 endfacet
 facet normal 0.32144 -0.94693 0.00000
  outer loop
   vertex 112.2176 10.8578 57.0000
   vertex 113.5182 11.2993 57.0000
   vertex 113.5182 11.2993 127.0000
  endloop
 endfacet
 facet normal 0.32144 -0.94693 0.00000
  outer loop
   vertex 112.2176 10.8578 57.0000
   vertex 113.5182 11.2993 127.0000
   vertex 112.2176 10.8578 127.0000
  endloop
 endfacet
 facet normal 0.44229 -0.89687 0.00000
  outer loop
   vertex 113.5182 11.2993 57.0000
   vertex 114.7500 11.9067 57.0000
   vertex 114.7500 11.9067 127.0000
  endloop
 endfacet
 facet normal 0.44229 -0.89687 0.00000
  outer loop
   vertex 113.5182 11.2993 57.0000
   vertex 114.7500 11.9067 127.0000
   vertex 113.5182 11.2993 127.0000
  endloop
 endfacet
 facet normal 0.55557 -0.83147 0.00000
  outer loop
   vertex 114.7500 11.9067 57.0000
   vertex 115.8920 12.6698 57.0000
   vertex 115.8920 12.6698 127.0000
  endloop
 endfacet
 facet normal 0.55557 -0.83147 0.00000
  outer loop
   vertex 114.7500 11.9067 57.0000
   vertex 115.8920 12.6698 127.0000
   vertex 114.7500 11.9067 127.0000
  endloop
 endfacet
 facet normal 0.65935 -0.75184 0.00000
  outer loop
   vertex 115.8920 12.6698 57.0000
   vertex 116.9246 13.5754 57.0000
   vertex 116.9246 13.5754 127.0000
  endloop
 endfacet
 facet normal 0.65935 -0.75184 0.00000
  outer loop
   vertex 115.8920 12.6698 57.0000
   vertex 116.9246 13.5754 127.0000
   vertex 115.8920 12.6698 127.0000
  endloop
 endfacet
 facet normal 0.75184 -0.65935 0.00000
  outer loop
   vertex 116.9246 13.5754 57.0000
   vertex 117.8302 14.6080 57.0000
   vertex 117.8302 14.6080 127.0000
  endloop
 endfacet
 facet normal 0.75184 -0.65935 0.00000
  outer loop
   vertex 116.9246 13.5754 57.0000
   vertex 117.8302 14.6080 127.0000
   vertex 116.9246 13.5754 127.0000
  endloop
 endfacet
 facet normal 0.83147 -0.55557 0.00000
  outer loop
   vertex 117.8302 14.6080 57.0000
   vertex 118.5933 15.7500 57.0000
   vertex 118.5933 15.7500 127.0000
  endloop
 endfacet
 facet normal 0.83147 -0.55557 0.00000
  outer loop
   vertex 117.8302 14.6080 57.0000
   vertex 118.5933 15.7500 127.0000
   vertex 117.8302 14.6080 127.0000
  endloop
 endfacet
 facet normal 0.89687 -0.44229 0.00000
  outer loop
   vertex 118.5933 15.7500 57.0000
   vertex 119.2007 16.9818 57.0000
   vertex 119.2007 16.9818 127.0000
  endloop
 endfacet
 facet normal 0.89687 -0.44229 0.00000
  outer loop
   vertex 118.5933 15.7500 57.0000
   vertex 119.2007 16.9818 127.0000
   vertex 118.5933 15.7500 127.0000
  endloop
 endfacet
 facet normal 0.94693 -0.32144 0.00000
  outer loop
   vertex 119.2007 16.9818 57.0000
   vertex 119.6422 18.2824 57.0000
   vertex 119.6422 18.2824 127.0000
  endloop
 endfacet
 facet normal 0.94693 -0.32144 0.00000
  outer loop
   vertex 119.2007 16.9818 57.0000
   vertex 119.6422 18.2824 127.0000
   vertex 119.2007 16.9818 127.0000
  endloop
 endfacet
 facet normal 0.98079 -0.19509 0.00000
  outer loop
   vertex 119.6422 18.2824 57.0000
   vertex 119.9102 19.6295 57.0000
   vertex 119.9102 19.6295 127.0000
  endloop
 endfacet
 facet normal 0.98079 -0.19509 0.00000
  outer loop
   vertex 119.6422 18.2824 57.0000
   vertex 119.9102 19.6295 127.0000
   vertex 119.6422 18.2824 127.0000
  endloop
 endfacet
 facet normal 0.99786 -0.06540 0.00000
  outer loop
   vertex 119.9102 19.6295 57.0000
   vertex 120.0000 21.0000 57.0000
   vertex 120.0000 21.0000 127.0000
  endloop
 endfacet
 facet normal 0.99786 -0.06540 0.00000
  outer loop
   vertex 119.9102 19.6295 57.0000
   vertex 120.0000 21.0000 127.0000
   vertex 119.9102 19.6295 127.0000
  endloop
 endfacet
 facet normal 0.00000 0.00000 -1.00000
  outer loop
   vertex 109.5000 21.0000 57.0000
   vertex 119.9102 22.3705 57.0000
   vertex 120.0000 21.0000 57.0000
  endloop
 endfacet
 facet normal 0.00000 0.00000 1.00000
  outer loop
   vertex 109.5000 21.0000 127.0000
   vertex 120.0000 21.0000 127.0000
   vertex 119.9102 22.3705 127.0000
  endloop
 endfacet
 facet normal 0.00000 0.00000 -1.00000
  outer loop
   vertex 109.5000 21.0000 57.0000
   vertex 119.6422 23.7176 57.0000
   vertex 119.9102 22.3705 57.0000
  endloop
 endfacet
 facet normal 0.00000 0.00000 1.00000
  outer loop
   vertex 109.5000 21.0000 127.0000
   vertex 119.9102 22.3705 127.0000
   vertex 119.6422 23.7176 127.0000
  endloop
 endfacet
 facet normal 0.00000 0.00000 -1.00000
  outer loop
   vertex 109.5000 21.0000 57.0000
   vertex 119.2007 25.0182 57.0000
   vertex 119.6422 23.7176 57.0000
  endloop
 endfacet
 facet normal 0.00000 0.00000 1.00000
  outer loop
   vertex 109.5000 21.0000 127.0000
   vertex 119.6422 23.7176 127.0000
   vertex 119.2007 25.0182 127.0000
  endloop
 endfacet
 facet normal 0.00000 0.00000 -1.00000
  outer loop
   vertex 109.5000 21.0000 57.0000
   vertex 118.5933 26.2500 57.0000
   vertex 119.2007 25.0182 57.0000
  endloop
 endfacet
 facet normal 0.00000 0.00000 1.00000
  outer loop
   vertex 109.5000 21.0000 127.0000
   vertex 119.2007 25.0182 127.0000
   vertex 118.5933 26.2500 127.0000
  endloop
 endfacet
 facet normal 0.00000 0.00000 -1.00000
  outer loop
   vertex 109.5000 21.0000 57.0000
   vertex 117.8302 27.3920 57.0000
   vertex 118.5933 26.2500 57.0000
  endloop
 endfacet
 facet normal 0.00000 0.00000 1.00000
  outer loop
   vertex 109.5000 21.0000 127.0000
   vertex 118.5933 26.2500 127.0000
   vertex 117.8302 27.3920 127.0000
  endloop
 endfacet
 facet normal 0.00000 0.00000 -1.00000
  outer loop
   vertex 109.5000 21.0000 57.0000
   vertex 116.9246 28.4246 57.0000
   vertex 117.8302 27.3920 57.0000
  endloop
 endfacet
 facet normal 0.00000 0.00000 1.00000
  outer loop
   vertex 109.5000 21.0000 127.0000
   vertex 117.8302 27.3920 127.0000
   vertex 116.9246 28.4246 127.0000
  endloop
 endfacet
 facet normal 0.00000 0.00000 -1.00000
  outer loop
   vertex 109.5000 21.0000 57.0000
   vertex 115.8920 29.3302 57.0000
   vertex 116.9246 28.4246 57.0000
  endloop
 endfacet
 facet normal 0.00000 0.00000 1.00000
  outer loop
   vertex 109.5000 21.0000 127.0000
   vertex 116.9246 28.4246 127.0000
   vertex 115.8920 29.3302 127.0000
  endloop
 endfacet
 facet normal 0.00000 0.00000 -1.00000
  outer loop
   vertex 109.5000 21.0000 57.0000
   vertex 114.7500 30.0933 57.0000
   vertex 115.8920 29.3302 57.0000
  endloop
 endfacet
 facet normal 0.00000 0.00000 1.00000
  outer loop
   vertex 109.5000 21.0000 127.0000
   vertex 115.8920 29.3302 127.0000
   vertex 114.7500 30.0933 127.0000
  endloop
 endfacet
 facet normal 0.00000 0.00000 -1.00000
  outer loop
   vertex 109.5000 21.0000 57.0000
   vertex 113.5182 30.7007 57.0000
   vertex 114.7500 30.0933 57.0000
  endloop
 endfacet
 facet normal 0.00000 0.00000 1.00000
  outer loop
   vertex 109.5000 21.0000 127.0000
   vertex 114.7500 30.0933 127.0000
   vertex 113.5182 30.7007 127.0000
  endloop
 endfacet
 facet normal 0.00000 0.00000 -1.00000
  outer loop
   vertex 109.5000 21.0000 57.0000
   vertex 112.2176 31.1422 57.0000
   vertex 113.5182 30.7007 57.0000
  endloop
 endfacet
 facet normal 0.00000 0.00000 1.00000
  outer loop
   vertex 109.5000 21.0000 127.0000
   vertex 113.5182 30.7007 127.0000
   vertex 112.2176 31.1422 127.0000
  endloop
 endfacet
 facet normal 0.00000 0.00000 -1.00000
  outer loop
   vertex 109.5000 21.0000 57.0000
   vertex 110.8705 31.4102 57.0000
   vertex 112.2176 31.1422 57.0000
  endloop
 endfacet
 facet normal 0.00000 0.00000 1.00000
  outer loop
   vertex 109.5000 21.0000 127.0000
   vertex 112.2176 31.1422 127.0000
   vertex 110.8705 31.4102 127.0000
  endloop
 endfacet
 facet normal 0.00000 0.00000 -1.00000
  outer loop
   vertex 109.5000 21.0000 57.0000
   vertex 109.5000 31.5000 57.0000
   vertex 110.8705 31.4102 57.0000
  endloop
 endfacet
 facet normal 0.00000 0.00000 1.00000
  outer loop
   vertex 109.5000 21.0000 127.0000
   vertex 110.8705 31.4102 127.0000
   vertex 109.5000 31.5000 127.0000
  endloop
 endfacet
 facet normal 0.00000 0.00000 -1.00000
  outer loop
   vertex 109.5000 21.0000 57.0000
   vertex 108.1295 31.4102 57.0000
   vertex 109.5000 31.5000 57.0000
  endloop
 endfacet
 facet normal 0.00000 -0.00000 1.00000
  outer loop
   vertex 109.5000 21.0000 127.0000
   vertex 109.5000 31.5000 127.0000
   vertex 108.1295 31.4102 127.0000
  endloop
 endfacet
 facet normal 0.00000 0.00000 -1.00000
  outer loop
   vertex 109.5000 21.0000 57.0000
   vertex 106.7824 31.1422 57.0000
   vertex 108.1295 31.4102 57.0000
  endloop
 endfacet
 facet normal 0.00000 0.00000 1.00000
  outer loop
   vertex 109.5000 21.0000 127.0000
   vertex 108.1295 31.4102 127.0000
   vertex 106.7824 31.1422 127.0000
  endloop
 endfacet
 facet normal 0.00000 0.00000 -1.00000
  outer loop
   vertex 109.5000 21.0000 57.0000
   vertex 105.4818 30.7007 57.0000
   vertex 106.7824 31.1422 57.0000
  endloop
 endfacet
 facet normal 0.00000 0.00000 1.00000
  outer loop
   vertex 109.5000 21.0000 127.0000
   vertex 106.7824 31.1422 127.0000
   vertex 105.4818 30.7007 127.0000
  endloop
 endfacet
 facet normal 0.00000 0.00000 -1.00000
  outer loop
   vertex 109.5000 21.0000 57.0000
   vertex 104.2500 30.0933 57.0000
   vertex 105.4818 30.7007 57.0000
  endloop
 endfacet
 facet normal 0.00000 0.00000 1.00000
  outer loop
   vertex 109.5000 21.0000 127.0000
   vertex 105.4818 30.7007 127.0000
   vertex 104.2500 30.0933 127.0000
  endloop
 endfacet
 facet normal 0.00000 0.00000 -1.00000
  outer loop
   vertex 109.5000 21.0000 57.0000
   vertex 103.1080 29.3302 57.0000
   vertex 104.2500 30.0933 57.0000
  endloop
 endfacet
 facet normal 0.00000 0.00000 1.00000
  outer loop
   vertex 109.5000 21.0000 127.0000
   vertex 104.2500 30.0933 127.0000
   vertex 103.1080 29.3302 127.0000
  endloop
 endfacet
 facet normal 0.00000 0.00000 -1.00000
  outer loop
   vertex 109.5000 21.0000 57.0000
   vertex 102.0754 28.4246 57.0000
   vertex 103.1080 29.3302 57.0000
  endloop
 endfacet
 facet normal 0.00000 0.00000 1.00000
  outer loop
   vertex 109.5000 21.0000 127.0000
   vertex 103.1080 29.3302 127.0000
   vertex 102.0754 28.4246 127.0000
  endloop
 endfacet
 facet normal 0.00000 0.00000 -1.00000
  outer loop
   vertex 109.5000 21.0000 57.0000
   vertex 101.1698 27.3920 57.0000
   vertex 102.0754 28.4246 57.0000
  endloop
 endfacet
 facet normal 0.00000 0.00000 1.00000
  outer loop
   vertex 109.5000 21.0000 127.0000
   vertex 102.0754 28.4246 127.0000
   vertex 101.1698 27.3920 127.0000
  endloop
 endfacet
 facet normal 0.00000 0.00000 -1.00000
  outer loop
   vertex 109.5000 21.0000 57.0000
   vertex 100.4067 26.2500 57.0000
   vertex 101.1698 27.3920 57.0000
  endloop
 endfacet
 facet normal 0.00000 0.00000 1.00000
  outer loop
   vertex 109.5000 21.0000 127.0000
   vertex 101.1698 27.3920 127.0000
   vertex 100.4067 26.2500 127.0000
  endloop
 endfacet
 facet normal 0.00000 0.00000 -1.00000
  outer loop
   vertex 109.5000 21.0000 57.0000
   vertex 99.7993 25.0182 57.0000
   vertex 100.4067 26.2500 57.0000
  endloop
 endfacet
 facet normal 0.00000 0.00000 1.00000
  outer loop
   vertex 109.5000 21.0000 127.0000
   vertex 100.4067 26.2500 127.0000
   vertex 99.7993 25.0182 127.0000
  endloop
 endfacet
 facet normal 0.00000 0.00000 -1.00000
  outer loop
   vertex 109.5000 21.0000 57.0000
   vertex 99.3578 23.7176 57.0000
   vertex 99.7993 25.0182 57.0000
  endloop
 endfacet
 facet normal 0.00000 0.00000 1.00000
  outer loop
   vertex 109.5000 21.0000 127.0000
   vertex 99.7993 25.0182 127.0000
   vertex 99.3578 23.7176 127.0000
  endloop
 endfacet
 facet normal 0.00000 0.00000 -1.00000
  outer loop
   vertex 109.5000 21.0000 57.0000
   vertex 99.0898 22.3705 57.0000
   vertex 99.3578 23.7176 57.0000
  endloop
 endfacet
 facet normal 0.00000 0.00000 1.00000
  outer loop
   vertex 109.5000 21.0000 127.0000
   vertex 99.3578 23.7176 127.0000
   vertex 99.0898 22.3705 127.0000
  endloop
 endfacet
 facet normal 0.00000 0.00000 -1.00000
  outer loop
   vertex 109.5000 21.0000 57.0000
   vertex 99.0000 21.0000 57.0000
   vertex 99.0898 22.3705 57.0000
  endloop
 endfacet
 facet normal 0.00000 0.00000 1.00000
  outer loop
   vertex 109.5000 21.0000 127.0000
   vertex 99.0898 22.3705 127.0000
   vertex 99.0000 21.0000 127.0000
  endloop
 endfacet
 facet normal -0.00000 0.00000 -1.00000
  outer loop
   vertex 109.5000 21.0000 57.0000
   vertex 99.0898 19.6295 57.0000
   vertex 99.0000 21.0000 57.0000
  endloop
 endfacet
 facet normal 0.00000 0.00000 1.00000
  outer loop
   vertex 109.5000 21.0000 127.0000
   vertex 99.0000 21.0000 127.0000
   vertex 99.0898 19.6295 127.0000
  endloop
 endfacet
 facet normal 0.00000 0.00000 -1.00000
  outer loop
   vertex 109.5000 21.0000 57.0000
   vertex 99.3578 18.2824 57.0000
   vertex 99.0898 19.6295 57.0000
  endloop
 endfacet
 facet normal 0.00000 0.00000 1.00000
  outer loop
   vertex 109.5000 21.0000 127.0000
   vertex 99.0898 19.6295 127.0000
   vertex 99.3578 18.2824 127.0000
  endloop
 endfacet
 facet normal 0.00000 0.00000 -1.00000
  outer loop
   vertex 109.5000 21.0000 57.0000
   vertex 99.7993 16.9818 57.0000
   vertex 99.3578 18.2824 57.0000
  endloop
 endfacet
 facet normal 0.00000 0.00000 1.00000
  outer loop
   vertex 109.5000 21.0000 127.0000
   vertex 99.3578 18.2824 127.0000
   vertex 99.7993 16.9818 127.0000
  endloop
 endfacet
 facet normal 0.00000 0.00000 -1.00000
  outer loop
   vertex 109.5000 21.0000 57.0000
   vertex 100.4067 15.7500 57.0000
   vertex 99.7993 16.9818 57.0000
  endloop
 endfacet
 facet normal 0.00000 0.00000 1.00000
  outer loop
   vertex 109.5000 21.0000 127.0000
   vertex 99.7993 16.9818 127.0000
   vertex 100.4067 15.7500 127.0000
  endloop
 endfacet
 facet normal 0.00000 0.00000 -1.00000
  outer loop
   vertex 109.5000 21.0000 57.0000
   vertex 101.1698 14.6080 57.0000
   vertex 100.4067 15.7500 57.0000
  endloop
 endfacet
 facet normal 0.00000 0.00000 1.00000
  outer loop
   vertex 109.5000 21.0000 127.0000
   vertex 100.4067 15.7500 127.0000
   vertex 101.1698 14.6080 127.0000
  endloop
 endfacet
 facet normal 0.00000 0.00000 -1.00000
  outer loop
   vertex 109.5000 21.0000 57.0000
   vertex 102.0754 13.5754 57.0000
   vertex 101.1698 14.6080 57.0000
  endloop
 endfacet
 facet normal 0.00000 0.00000 1.00000
  outer loop
   vertex 109.5000 21.0000 127.0000
   vertex 101.1698 14.6080 127.0000
   vertex 102.0754 13.5754 127.0000
  endloop
 endfacet
 facet normal 0.00000 0.00000 -1.00000
  outer loop
   vertex 109.5000 21.0000 57.0000
   vertex 103.1080 12.6698 57.0000
   vertex 102.0754 13.5754 57.0000
  endloop
 endfacet
 facet normal 0.00000 0.00000 1.00000
  outer loop
   vertex 109.5000 21.0000 127.0000
   vertex 102.0754 13.5754 127.0000
   vertex 103.1080 12.6698 127.0000
  endloop
 endfacet
 facet normal 0.00000 0.00000 -1.00000
  outer loop
   vertex 109.5000 21.0000 57.0000
   vertex 104.2500 11.9067 57.0000
   vertex 103.1080 12.6698 57.0000
  endloop
 endfacet
 facet normal 0.00000 0.00000 1.00000
  outer loop
   vertex 109.5000 21.0000 127.0000
   vertex 103.1080 12.6698 127.0000
   vertex 104.2500 11.9067 127.0000
  endloop
 endfacet
 facet normal 0.00000 0.00000 -1.00000
  outer loop
   vertex 109.5000 21.0000 57.0000
   vertex 105.4818 11.2993 57.0000
   vertex 104.2500 11.9067 57.0000
  endloop
 endfacet
 facet normal 0.00000 0.00000 1.00000
  outer loop
   vertex 109.5000 21.0000 127.0000
   vertex 104.2500 11.9067 127.0000
   vertex 105.4818 11.2993 127.0000
  endloop
 endfacet
 facet normal 0.00000 0.00000 -1.00000
  outer loop
   vertex 109.5000 21.0000 57.0000
   vertex 106.7824 10.8578 57.0000
   vertex 105.4818 11.2993 57.0000
  endloop
 endfacet
 facet normal 0.00000 0.00000 1.00000
  outer loop
   vertex 109.5000 21.0000 127.0000
   vertex 105.4818 11.2993 127.0000
   vertex 106.7824 10.8578 127.0000
  endloop
 endfacet
 facet normal 0.00000 0.00000 -1.00000
  outer loop
   vertex 109.5000 21.0000 57.0000
   vertex 108.1295 10.5898 57.0000
   vertex 106.7824 10.8578 57.0000
  endloop
 endfacet
 facet normal 0.00000 0.00000 1.00000
  outer loop
   vertex 109.5000 21.0000 127.0000
   vertex 106.7824 10.8578 127.0000
   vertex 108.1295 10.5898 127.0000
  endloop
 endfacet
 facet normal 0.00000 -0.00000 -1.00000
  outer loop
   vertex 109.5000 21.0000 57.0000
   vertex 109.5000 10.5000 57.0000
   vertex 108.1295 10.5898 57.0000
  endloop
 endfacet
 facet normal 0.00000 0.00000 1.00000
  outer loop
   vertex 109.5000 21.0000 127.0000
   vertex 108.1295 10.5898 127.0000
   vertex 109.5000 10.5000 127.0000
  endloop
 endfacet
 facet normal 0.00000 0.00000 -1.00000
  outer loop
   vertex 109.5000 21.0000 57.0000
   vertex 110.8705 10.5898 57.0000
   vertex 109.5000 10.5000 57.0000
  endloop
 endfacet
 facet normal 0.00000 0.00000 1.00000
  outer loop
   vertex 109.5000 21.0000 127.0000
   vertex 109.5000 10.5000 127.0000
   vertex 110.8705 10.5898 127.0000
  endloop
 endfacet
 facet normal 0.00000 0.00000 -1.00000
  outer loop
   vertex 109.5000 21.0000 57.0000
   vertex 112.2176 10.8578 57.0000
   vertex 110.8705 10.5898 57.0000
  endloop
 endfacet
 facet normal 0.00000 0.00000 1.00000
  outer loop
   vertex 109.5000 21.0000 127.0000
   vertex 110.8705 10.5898 127.0000
   vertex 112.2176 10.8578 127.0000
  endloop
 endfacet
 facet normal 0.00000 0.00000 -1.00000
  outer loop
   vertex 109.5000 21.0000 57.0000
   vertex 113.5182 11.2993 57.0000
   vertex 112.2176 10.8578 57.0000
  endloop
 endfacet
 facet normal 0.00000 0.00000 1.00000
  outer loop
   vertex 109.5000 21.0000 127.0000
   vertex 112.2176 10.8578 127.0000
   vertex 113.5182 11.2993 127.0000
  endloop
 endfacet
 facet normal 0.00000 0.00000 -1.00000
  outer loop
   vertex 109.5000 21.0000 57.0000
   vertex 114.7500 11.9067 57.0000
   vertex 113.5182 11.2993 57.0000
  endloop
 endfacet
 facet normal 0.00000 0.00000 1.00000
  outer loop
   vertex 109.5000 21.0000 127.0000
   vertex 113.5182 11.2993 127.0000
   vertex 114.7500 11.9067 127.0000
  endloop
 endfacet
 facet normal 0.00000 0.00000 -1.00000
  outer loop
   vertex 109.5000 21.0000 57.0000
   vertex 115.8920 12.6698 57.0000
   vertex 114.7500 11.9067 57.0000
  endloop
 endfacet
 facet normal 0.00000 0.00000 1.00000
  outer loop
   vertex 109.5000 21.0000 127.0000
   vertex 114.7500 11.9067 127.0000
   vertex 115.8920 12.6698 127.0000
  endloop
 endfacet
 facet normal 0.00000 0.00000 -1.00000
  outer loop
   vertex 109.5000 21.0000 57.0000
   vertex 116.9246 13.5754 57.0000
   vertex 115.8920 12.6698 57.0000
  endloop
 endfacet
 facet normal 0.00000 0.00000 1.00000
  outer loop
   vertex 109.5000 21.0000 127.0000
   vertex 115.8920 12.6698 127.0000
   vertex 116.9246 13.5754 127.0000
  endloop
 endfacet
 facet normal 0.00000 0.00000 -1.00000
  outer loop
   vertex 109.5000 21.0000 57.0000
   vertex 117.8302 14.6080 57.0000
   vertex 116.9246 13.5754 57.0000
  endloop
 endfacet
 facet normal 0.00000 0.00000 1.00000
  outer loop
   vertex 109.5000 21.0000 127.0000
   vertex 116.9246 13.5754 127.0000
   vertex 117.8302 14.6080 127.0000
  endloop
 endfacet
 facet normal 0.00000 0.00000 -1.00000
  outer loop
   vertex 109.5000 21.0000 57.0000
   vertex 118.5933 15.7500 57.0000
   vertex 117.8302 14.6080 57.0000
  endloop
 endfacet
 facet normal 0.00000 0.00000 1.00000
  outer loop
   vertex 109.5000 21.0000 127.0000
   vertex 117.8302 14.6080 127.0000
   vertex 118.5933 15.7500 127.0000
  endloop
 endfacet
 facet normal 0.00000 0.00000 -1.00000
  outer loop
   vertex 109.5000 21.0000 57.0000
   vertex 119.2007 16.9818 57.0000
   vertex 118.5933 15.7500 57.0000
  endloop
 endfacet
 facet normal 0.00000 0.00000 1.00000
  outer loop
   vertex 109.5000 21.0000 127.0000
   vertex 118.5933 15.7500 127.0000
   vertex 119.2007 16.9818 127.0000
  endloop
 endfacet
 facet normal 0.00000 0.00000 -1.00000
  outer loop
   vertex 109.5000 21.0000 57.0000
   vertex 119.6422 18.2824 57.0000
   vertex 119.2007 16.9818 57.0000
  endloop
 endfacet
 facet normal 0.00000 0.00000 1.00000
  outer loop
   vertex 109.5000 21.0000 127.0000
   vertex 119.2007 16.9818 127.0000
   vertex 119.6422 18.2824 127.0000
  endloop
 endfacet
 facet normal 0.00000 0.00000 -1.00000
  outer loop
   vertex 109.5000 21.0000 57.0000
   vertex 119.9102 19.6295 57.0000
   vertex 119.6422 18.2824 57.0000
  endloop
 endfacet
 facet normal 0.00000 0.00000 1.00000
  outer loop
   vertex 109.5000 21.0000 127.0000
   vertex 119.6422 18.2824 127.0000
   vertex 119.9102 19.6295 127.0000
  endloop
 endfacet
 facet normal 0.00000 0.00000 -1.00000
  outer loop
   vertex 109.5000 21.0000 57.0000
   vertex 120.0000 21.0000 57.0000
   vertex 119.9102 19.6295 57.0000
  endloop
 endfacet
 facet normal -0.00000 0.00000 1.00000
  outer loop
   vertex 109.5000 21.0000 127.0000
   vertex 119.9102 19.6295 127.0000
   vertex 120.0000 21.0000 127.0000
  endloop
 endfacet
 facet normal 0.00000 0.00000 -1.00000
  outer loop
   vertex 79.0000 -30.0000 52.0000
   vertex 119.0000 30.0000 52.0000
   vertex 119.0000 -30.0000 52.0000
  endloop
 endfacet
 facet normal 0.00000 0.00000 -1.00000
  outer loop
   vertex 79.0000 -30.0000 52.0000
   vertex 79.0000 30.0000 52.0000
   vertex 119.0000 30.0000 52.0000
  endloop
 endfacet
 facet normal 0.00000 0.00000 1.00000
  outer loop
   vertex 79.0000 -30.0000 55.0000
   vertex 119.0000 -30.0000 55.0000
   vertex 119.0000 30.0000 55.0000
  endloop
 endfacet
 facet normal 0.00000 0.00000 1.00000
  outer loop
   vertex 79.0000 -30.0000 55.0000
   vertex 119.0000 30.0000 55.0000
   vertex 79.0000 30.0000 55.0000
  endloop
 endfacet
 facet normal 0.00000 -1.00000 0.00000
  outer loop
   vertex 79.0000 -30.0000 52.0000
   vertex 119.0000 -30.0000 52.0000
   vertex 119.0000 -30.0000 55.0000
  endloop
 endfacet
 facet normal 0.00000 -1.00000 0.00000
  outer loop
   vertex 79.0000 -30.0000 52.0000
   vertex 119.0000 -30.0000 55.0000
   vertex 79.0000 -30.0000 55.0000
  endloop
 endfacet
 facet normal 1.00000 0.00000 0.00000
  outer loop
   vertex 119.0000 -30.0000 52.0000
   vertex 119.0000 30.0000 52.0000
   vertex 119.0000 30.0000 55.0000
  endloop
 endfacet
 facet normal 1.00000 0.00000 0.00000
  outer loop
   vertex 119.0000 -30.0000 52.0000
   vertex 119.0000 30.0000 55.0000
   vertex 119.0000 -30.0000 55.0000
  endloop
 endfacet
 facet normal 0.00000 1.00000 0.00000
  outer loop
   vertex 119.0000 30.0000 52.0000
   vertex 79.0000 30.0000 52.0000
   vertex 79.0000 30.0000 55.0000
  endloop
 endfacet
 facet normal 0.00000 1.00000 -0.00000
  outer loop
   vertex 119.0000 30.0000 52.0000
   vertex 79.0000 30.0000 55.0000
   vertex 119.0000 30.0000 55.0000
  endloop
 endfacet
 facet normal -1.00000 0.00000 0.00000
  outer loop
   vertex 79.0000 30.0000 52.0000
   vertex 79.0000 -30.0000 52.0000
   vertex 79.0000 -30.0000 55.0000
  endloop
 endfacet
 facet normal -1.00000 0.00000 0.00000
  outer loop
   vertex 79.0000 30.0000 52.0000
   vertex 79.0000 -30.0000 55.0000
   vertex 79.0000 30.0000 55.0000
  endloop
 endfacet
 facet normal 0.00000 0.00000 -1.00000
  outer loop
   vertex 79.0000 -25.0000 1.5000
   vertex 91.0000 25.0000 1.5000
   vertex 91.0000 -25.0000 1.5000
  endloop
 endfacet
 facet normal 0.00000 0.00000 -1.00000
  outer loop
   vertex 79.0000 -25.0000 1.5000
   vertex 79.0000 25.0000 1.5000
   vertex 91.0000 25.0000 1.5000
  endloop
 endfacet
 facet normal 0.00000 0.00000 1.00000
  outer loop
   vertex 79.0000 -25.0000 49.5000
   vertex 91.0000 -25.0000 49.5000
   vertex 91.0000 25.0000 49.5000
  endloop
 endfacet
 facet normal 0.00000 0.00000 1.00000
  outer loop
   vertex 79.0000 -25.0000 49.5000
   vertex 91.0000 25.0000 49.5000
   vertex 79.0000 25.0000 49.5000
  endloop
 endfacet
 facet normal 0.00000 -1.00000 0.00000
  outer loop
   vertex 79.0000 -25.0000 1.5000
   vertex 91.0000 -25.0000 1.5000
   vertex 91.0000 -25.0000 49.5000
  endloop
 endfacet
 facet normal 0.00000 -1.00000 0.00000
  outer loop
   vertex 79.0000 -25.0000 1.5000
   vertex 91.0000 -25.0000 49.5000
   vertex 79.0000 -25.0000 49.5000
  endloop
 endfacet
 facet normal 1.00000 0.00000 0.00000
  outer loop
   vertex 91.0000 -25.0000 1.5000
   vertex 91.0000 25.0000 1.5000
   vertex 91.0000 25.0000 49.5000
  endloop
 endfacet
 facet normal 1.00000 0.00000 0.00000
  outer loop
   vertex 91.0000 -25.0000 1.5000
   vertex 91.0000 25.0000 49.5000
   vertex 91.0000 -25.0000 49.5000
  endloop
 endfacet
 facet normal 0.00000 1.00000 0.00000
  outer loop
   vertex 91.0000 25.0000 1.5000
   vertex 79.0000 25.0000 1.5000
   vertex 79.0000 25.0000 49.5000
  endloop
 endfacet
 facet normal 0.00000 1.00000 -0.00000
  outer loop
   vertex 91.0000 25.0000 1.5000
   vertex 79.0000 25.0000 49.5000
   vertex 91.0000 25.0000 49.5000
  endloop
 endfacet
 facet normal -1.00000 0.00000 0.00000
  outer loop
   vertex 79.0000 25.0000 1.5000
   vertex 79.0000 -25.0000 1.5000
   vertex 79.0000 -25.0000 49.5000
  endloop
 endfacet
 facet normal -1.00000 0.00000 0.00000
  outer loop
   vertex 79.0000 25.0000 1.5000
   vertex 79.0000 -25.0000 49.5000
   vertex 79.0000 25.0000 49.5000
  endloop
 endfacet
 facet normal 0.00000 0.00000 -1.00000
  outer loop
   vertex 79.0000 -19.0000 191.0000
   vertex 117.0000 19.0000 191.0000
   vertex 117.0000 -19.0000 191.0000
  endloop
 endfacet
 facet normal 0.00000 0.00000 -1.00000
  outer loop
   vertex 79.0000 -19.0000 191.0000
   vertex 79.0000 19.0000 191.0000
   vertex 117.0000 19.0000 191.0000
  endloop
 endfacet
 facet normal 0.00000 0.00000 1.00000
  outer loop
   vertex 79.0000 -19.0000 194.2000
   vertex 117.0000 -19.0000 194.2000
   vertex 117.0000 19.0000 194.2000
  endloop
 endfacet
 facet normal 0.00000 0.00000 1.00000
  outer loop
   vertex 79.0000 -19.0000 194.2000
   vertex 117.0000 19.0000 194.2000
   vertex 79.0000 19.0000 194.2000
  endloop
 endfacet
 facet normal 0.00000 -1.00000 0.00000
  outer loop
   vertex 79.0000 -19.0000 191.0000
   vertex 117.0000 -19.0000 191.0000
   vertex 117.0000 -19.0000 194.2000
  endloop
 endfacet
 facet normal 0.00000 -1.00000 0.00000
  outer loop
   vertex 79.0000 -19.0000 191.0000
   vertex 117.0000 -19.0000 194.2000
   vertex 79.0000 -19.0000 194.2000
  endloop
 endfacet
 facet normal 1.00000 0.00000 0.00000
  outer loop
   vertex 117.0000 -19.0000 191.0000
   vertex 117.0000 19.0000 191.0000
   vertex 117.0000 19.0000 194.2000
  endloop
 endfacet
 facet normal 1.00000 0.00000 0.00000
  outer loop
   vertex 117.0000 -19.0000 191.0000
   vertex 117.0000 19.0000 194.2000
   vertex 117.0000 -19.0000 194.2000
  endloop
 endfacet
 facet normal 0.00000 1.00000 0.00000
  outer loop
   vertex 117.0000 19.0000 191.0000
   vertex 79.0000 19.0000 191.0000
   vertex 79.0000 19.0000 194.2000
  endloop
 endfacet
 facet normal 0.00000 1.00000 -0.00000
  outer loop
   vertex 117.0000 19.0000 191.0000
   vertex 79.0000 19.0000 194.2000
   vertex 117.0000 19.0000 194.2000
  endloop
 endfacet
 facet normal -1.00000 0.00000 0.00000
  outer loop
   vertex 79.0000 19.0000 191.0000
   vertex 79.0000 -19.0000 191.0000
   vertex 79.0000 -19.0000 194.2000
  endloop
 endfacet
 facet normal -1.00000 0.00000 0.00000
  outer loop
   vertex 79.0000 19.0000 191.0000
   vertex 79.0000 -19.0000 194.2000
   vertex 79.0000 19.0000 194.2000
  endloop
 endfacet
 facet normal 0.00000 0.00000 -1.00000
  outer loop
   vertex 82.0000 -16.0000 194.2000
   vertex 114.0000 16.0000 194.2000
   vertex 114.0000 -16.0000 194.2000
  endloop
 endfacet
 facet normal 0.00000 0.00000 -1.00000
  outer loop
   vertex 82.0000 -16.0000 194.2000
   vertex 82.0000 16.0000 194.2000
   vertex 114.0000 16.0000 194.2000
  endloop
 endfacet
 facet normal 0.00000 0.00000 1.00000
  outer loop
   vertex 82.0000 -16.0000 194.4000
   vertex 114.0000 -16.0000 194.4000
   vertex 114.0000 16.0000 194.4000
  endloop
 endfacet
 facet normal 0.00000 0.00000 1.00000
  outer loop
   vertex 82.0000 -16.0000 194.4000
   vertex 114.0000 16.0000 194.4000
   vertex 82.0000 16.0000 194.4000
  endloop
 endfacet
 facet normal 0.00000 -1.00000 0.00000
  outer loop
   vertex 82.0000 -16.0000 194.2000
   vertex 114.0000 -16.0000 194.2000
   vertex 114.0000 -16.0000 194.4000
  endloop
 endfacet
 facet normal 0.00000 -1.00000 0.00000
  outer loop
   vertex 82.0000 -16.0000 194.2000
   vertex 114.0000 -16.0000 194.4000
   vertex 82.0000 -16.0000 194.4000
  endloop
 endfacet
 facet normal 1.00000 0.00000 0.00000
  outer loop
   vertex 114.0000 -16.0000 194.2000
   vertex 114.0000 16.0000 194.2000
   vertex 114.0000 16.0000 194.4000
  endloop
 endfacet
 facet normal 1.00000 0.00000 0.00000
  outer loop
   vertex 114.0000 -16.0000 194.2000
   vertex 114.0000 16.0000 194.4000
   vertex 114.0000 -16.0000 194.4000
  endloop
 endfacet
 facet normal 0.00000 1.00000 0.00000
  outer loop
   vertex 114.0000 16.0000 194.2000
   vertex 82.0000 16.0000 194.2000
   vertex 82.0000 16.0000 194.4000
  endloop
 endfacet
 facet normal 0.00000 1.00000 -0.00000
  outer loop
   vertex 114.0000 16.0000 194.2000
   vertex 82.0000 16.0000 194.4000
   vertex 114.0000 16.0000 194.4000
  endloop
 endfacet
 facet normal -1.00000 0.00000 0.00000
  outer loop
   vertex 82.0000 16.0000 194.2000
   vertex 82.0000 -16.0000 194.2000
   vertex 82.0000 -16.0000 194.4000
  endloop
 endfacet
 facet normal -1.00000 0.00000 0.00000
  outer loop
   vertex 82.0000 16.0000 194.2000
   vertex 82.0000 -16.0000 194.4000
   vertex 82.0000 16.0000 194.4000
  endloop
 endfacet
 facet normal 0.99786 0.06540 0.00000
  outer loop
   vertex 124.2000 -12.0000 191.0000
   vertex 124.1726 -11.5823 191.0000
   vertex 124.1726 -11.5823 194.0000
  endloop
 endfacet
 facet normal 0.99786 0.06540 -0.00000
  outer loop
   vertex 124.2000 -12.0000 191.0000
   vertex 124.1726 -11.5823 194.0000
   vertex 124.2000 -12.0000 194.0000
  endloop
 endfacet
 facet normal 0.98079 0.19509 0.00000
  outer loop
   vertex 124.1726 -11.5823 191.0000
   vertex 124.0910 -11.1718 191.0000
   vertex 124.0910 -11.1718 194.0000
  endloop
 endfacet
 facet normal 0.98079 0.19509 -0.00000
  outer loop
   vertex 124.1726 -11.5823 191.0000
   vertex 124.0910 -11.1718 194.0000
   vertex 124.1726 -11.5823 194.0000
  endloop
 endfacet
 facet normal 0.94693 0.32144 0.00000
  outer loop
   vertex 124.0910 -11.1718 191.0000
   vertex 123.9564 -10.7754 191.0000
   vertex 123.9564 -10.7754 194.0000
  endloop
 endfacet
 facet normal 0.94693 0.32144 -0.00000
  outer loop
   vertex 124.0910 -11.1718 191.0000
   vertex 123.9564 -10.7754 194.0000
   vertex 124.0910 -11.1718 194.0000
  endloop
 endfacet
 facet normal 0.89687 0.44229 0.00000
  outer loop
   vertex 123.9564 -10.7754 191.0000
   vertex 123.7713 -10.4000 191.0000
   vertex 123.7713 -10.4000 194.0000
  endloop
 endfacet
 facet normal 0.89687 0.44229 -0.00000
  outer loop
   vertex 123.9564 -10.7754 191.0000
   vertex 123.7713 -10.4000 194.0000
   vertex 123.9564 -10.7754 194.0000
  endloop
 endfacet
 facet normal 0.83147 0.55557 0.00000
  outer loop
   vertex 123.7713 -10.4000 191.0000
   vertex 123.5387 -10.0520 191.0000
   vertex 123.5387 -10.0520 194.0000
  endloop
 endfacet
 facet normal 0.83147 0.55557 -0.00000
  outer loop
   vertex 123.7713 -10.4000 191.0000
   vertex 123.5387 -10.0520 194.0000
   vertex 123.7713 -10.4000 194.0000
  endloop
 endfacet
 facet normal 0.75184 0.65935 0.00000
  outer loop
   vertex 123.5387 -10.0520 191.0000
   vertex 123.2627 -9.7373 191.0000
   vertex 123.2627 -9.7373 194.0000
  endloop
 endfacet
 facet normal 0.75184 0.65935 -0.00000
  outer loop
   vertex 123.5387 -10.0520 191.0000
   vertex 123.2627 -9.7373 194.0000
   vertex 123.5387 -10.0520 194.0000
  endloop
 endfacet
 facet normal 0.65935 0.75184 0.00000
  outer loop
   vertex 123.2627 -9.7373 191.0000
   vertex 122.9480 -9.4613 191.0000
   vertex 122.9480 -9.4613 194.0000
  endloop
 endfacet
 facet normal 0.65935 0.75184 -0.00000
  outer loop
   vertex 123.2627 -9.7373 191.0000
   vertex 122.9480 -9.4613 194.0000
   vertex 123.2627 -9.7373 194.0000
  endloop
 endfacet
 facet normal 0.55557 0.83147 0.00000
  outer loop
   vertex 122.9480 -9.4613 191.0000
   vertex 122.6000 -9.2287 191.0000
   vertex 122.6000 -9.2287 194.0000
  endloop
 endfacet
 facet normal 0.55557 0.83147 -0.00000
  outer loop
   vertex 122.9480 -9.4613 191.0000
   vertex 122.6000 -9.2287 194.0000
   vertex 122.9480 -9.4613 194.0000
  endloop
 endfacet
 facet normal 0.44229 0.89687 0.00000
  outer loop
   vertex 122.6000 -9.2287 191.0000
   vertex 122.2246 -9.0436 191.0000
   vertex 122.2246 -9.0436 194.0000
  endloop
 endfacet
 facet normal 0.44229 0.89687 -0.00000
  outer loop
   vertex 122.6000 -9.2287 191.0000
   vertex 122.2246 -9.0436 194.0000
   vertex 122.6000 -9.2287 194.0000
  endloop
 endfacet
 facet normal 0.32144 0.94693 0.00000
  outer loop
   vertex 122.2246 -9.0436 191.0000
   vertex 121.8282 -8.9090 191.0000
   vertex 121.8282 -8.9090 194.0000
  endloop
 endfacet
 facet normal 0.32144 0.94693 -0.00000
  outer loop
   vertex 122.2246 -9.0436 191.0000
   vertex 121.8282 -8.9090 194.0000
   vertex 122.2246 -9.0436 194.0000
  endloop
 endfacet
 facet normal 0.19509 0.98079 0.00000
  outer loop
   vertex 121.8282 -8.9090 191.0000
   vertex 121.4177 -8.8274 191.0000
   vertex 121.4177 -8.8274 194.0000
  endloop
 endfacet
 facet normal 0.19509 0.98079 -0.00000
  outer loop
   vertex 121.8282 -8.9090 191.0000
   vertex 121.4177 -8.8274 194.0000
   vertex 121.8282 -8.9090 194.0000
  endloop
 endfacet
 facet normal 0.06540 0.99786 0.00000
  outer loop
   vertex 121.4177 -8.8274 191.0000
   vertex 121.0000 -8.8000 191.0000
   vertex 121.0000 -8.8000 194.0000
  endloop
 endfacet
 facet normal 0.06540 0.99786 -0.00000
  outer loop
   vertex 121.4177 -8.8274 191.0000
   vertex 121.0000 -8.8000 194.0000
   vertex 121.4177 -8.8274 194.0000
  endloop
 endfacet
 facet normal -0.06540 0.99786 0.00000
  outer loop
   vertex 121.0000 -8.8000 191.0000
   vertex 120.5823 -8.8274 191.0000
   vertex 120.5823 -8.8274 194.0000
  endloop
 endfacet
 facet normal -0.06540 0.99786 0.00000
  outer loop
   vertex 121.0000 -8.8000 191.0000
   vertex 120.5823 -8.8274 194.0000
   vertex 121.0000 -8.8000 194.0000
  endloop
 endfacet
 facet normal -0.19509 0.98079 0.00000
  outer loop
   vertex 120.5823 -8.8274 191.0000
   vertex 120.1718 -8.9090 191.0000
   vertex 120.1718 -8.9090 194.0000
  endloop
 endfacet
 facet normal -0.19509 0.98079 0.00000
  outer loop
   vertex 120.5823 -8.8274 191.0000
   vertex 120.1718 -8.9090 194.0000
   vertex 120.5823 -8.8274 194.0000
  endloop
 endfacet
 facet normal -0.32144 0.94693 0.00000
  outer loop
   vertex 120.1718 -8.9090 191.0000
   vertex 119.7754 -9.0436 191.0000
   vertex 119.7754 -9.0436 194.0000
  endloop
 endfacet
 facet normal -0.32144 0.94693 0.00000
  outer loop
   vertex 120.1718 -8.9090 191.0000
   vertex 119.7754 -9.0436 194.0000
   vertex 120.1718 -8.9090 194.0000
  endloop
 endfacet
 facet normal -0.44229 0.89687 0.00000
  outer loop
   vertex 119.7754 -9.0436 191.0000
   vertex 119.4000 -9.2287 191.0000
   vertex 119.4000 -9.2287 194.0000
  endloop
 endfacet
 facet normal -0.44229 0.89687 0.00000
  outer loop
   vertex 119.7754 -9.0436 191.0000
   vertex 119.4000 -9.2287 194.0000
   vertex 119.7754 -9.0436 194.0000
  endloop
 endfacet
 facet normal -0.55557 0.83147 0.00000
  outer loop
   vertex 119.4000 -9.2287 191.0000
   vertex 119.0520 -9.4613 191.0000
   vertex 119.0520 -9.4613 194.0000
  endloop
 endfacet
 facet normal -0.55557 0.83147 0.00000
  outer loop
   vertex 119.4000 -9.2287 191.0000
   vertex 119.0520 -9.4613 194.0000
   vertex 119.4000 -9.2287 194.0000
  endloop
 endfacet
 facet normal -0.65935 0.75184 0.00000
  outer loop
   vertex 119.0520 -9.4613 191.0000
   vertex 118.7373 -9.7373 191.0000
   vertex 118.7373 -9.7373 194.0000
  endloop
 endfacet
 facet normal -0.65935 0.75184 0.00000
  outer loop
   vertex 119.0520 -9.4613 191.0000
   vertex 118.7373 -9.7373 194.0000
   vertex 119.0520 -9.4613 194.0000
  endloop
 endfacet
 facet normal -0.75184 0.65935 0.00000
  outer loop
   vertex 118.7373 -9.7373 191.0000
   vertex 118.4613 -10.0520 191.0000
   vertex 118.4613 -10.0520 194.0000
  endloop
 endfacet
 facet normal -0.75184 0.65935 0.00000
  outer loop
   vertex 118.7373 -9.7373 191.0000
   vertex 118.4613 -10.0520 194.0000
   vertex 118.7373 -9.7373 194.0000
  endloop
 endfacet
 facet normal -0.83147 0.55557 0.00000
  outer loop
   vertex 118.4613 -10.0520 191.0000
   vertex 118.2287 -10.4000 191.0000
   vertex 118.2287 -10.4000 194.0000
  endloop
 endfacet
 facet normal -0.83147 0.55557 0.00000
  outer loop
   vertex 118.4613 -10.0520 191.0000
   vertex 118.2287 -10.4000 194.0000
   vertex 118.4613 -10.0520 194.0000
  endloop
 endfacet
 facet normal -0.89687 0.44229 0.00000
  outer loop
   vertex 118.2287 -10.4000 191.0000
   vertex 118.0436 -10.7754 191.0000
   vertex 118.0436 -10.7754 194.0000
  endloop
 endfacet
 facet normal -0.89687 0.44229 0.00000
  outer loop
   vertex 118.2287 -10.4000 191.0000
   vertex 118.0436 -10.7754 194.0000
   vertex 118.2287 -10.4000 194.0000
  endloop
 endfacet
 facet normal -0.94693 0.32144 0.00000
  outer loop
   vertex 118.0436 -10.7754 191.0000
   vertex 117.9090 -11.1718 191.0000
   vertex 117.9090 -11.1718 194.0000
  endloop
 endfacet
 facet normal -0.94693 0.32144 0.00000
  outer loop
   vertex 118.0436 -10.7754 191.0000
   vertex 117.9090 -11.1718 194.0000
   vertex 118.0436 -10.7754 194.0000
  endloop
 endfacet
 facet normal -0.98079 0.19509 0.00000
  outer loop
   vertex 117.9090 -11.1718 191.0000
   vertex 117.8274 -11.5823 191.0000
   vertex 117.8274 -11.5823 194.0000
  endloop
 endfacet
 facet normal -0.98079 0.19509 0.00000
  outer loop
   vertex 117.9090 -11.1718 191.0000
   vertex 117.8274 -11.5823 194.0000
   vertex 117.9090 -11.1718 194.0000
  endloop
 endfacet
 facet normal -0.99786 0.06540 0.00000
  outer loop
   vertex 117.8274 -11.5823 191.0000
   vertex 117.8000 -12.0000 191.0000
   vertex 117.8000 -12.0000 194.0000
  endloop
 endfacet
 facet normal -0.99786 0.06540 0.00000
  outer loop
   vertex 117.8274 -11.5823 191.0000
   vertex 117.8000 -12.0000 194.0000
   vertex 117.8274 -11.5823 194.0000
  endloop
 endfacet
 facet normal -0.99786 -0.06540 0.00000
  outer loop
   vertex 117.8000 -12.0000 191.0000
   vertex 117.8274 -12.4177 191.0000
   vertex 117.8274 -12.4177 194.0000
  endloop
 endfacet
 facet normal -0.99786 -0.06540 0.00000
  outer loop
   vertex 117.8000 -12.0000 191.0000
   vertex 117.8274 -12.4177 194.0000
   vertex 117.8000 -12.0000 194.0000
  endloop
 endfacet
 facet normal -0.98079 -0.19509 0.00000
  outer loop
   vertex 117.8274 -12.4177 191.0000
   vertex 117.9090 -12.8282 191.0000
   vertex 117.9090 -12.8282 194.0000
  endloop
 endfacet
 facet normal -0.98079 -0.19509 0.00000
  outer loop
   vertex 117.8274 -12.4177 191.0000
   vertex 117.9090 -12.8282 194.0000
   vertex 117.8274 -12.4177 194.0000
  endloop
 endfacet
 facet normal -0.94693 -0.32144 0.00000
  outer loop
   vertex 117.9090 -12.8282 191.0000
   vertex 118.0436 -13.2246 191.0000
   vertex 118.0436 -13.2246 194.0000
  endloop
 endfacet
 facet normal -0.94693 -0.32144 0.00000
  outer loop
   vertex 117.9090 -12.8282 191.0000
   vertex 118.0436 -13.2246 194.0000
   vertex 117.9090 -12.8282 194.0000
  endloop
 endfacet
 facet normal -0.89687 -0.44229 0.00000
  outer loop
   vertex 118.0436 -13.2246 191.0000
   vertex 118.2287 -13.6000 191.0000
   vertex 118.2287 -13.6000 194.0000
  endloop
 endfacet
 facet normal -0.89687 -0.44229 0.00000
  outer loop
   vertex 118.0436 -13.2246 191.0000
   vertex 118.2287 -13.6000 194.0000
   vertex 118.0436 -13.2246 194.0000
  endloop
 endfacet
 facet normal -0.83147 -0.55557 0.00000
  outer loop
   vertex 118.2287 -13.6000 191.0000
   vertex 118.4613 -13.9480 191.0000
   vertex 118.4613 -13.9480 194.0000
  endloop
 endfacet
 facet normal -0.83147 -0.55557 0.00000
  outer loop
   vertex 118.2287 -13.6000 191.0000
   vertex 118.4613 -13.9480 194.0000
   vertex 118.2287 -13.6000 194.0000
  endloop
 endfacet
 facet normal -0.75184 -0.65935 0.00000
  outer loop
   vertex 118.4613 -13.9480 191.0000
   vertex 118.7373 -14.2627 191.0000
   vertex 118.7373 -14.2627 194.0000
  endloop
 endfacet
 facet normal -0.75184 -0.65935 0.00000
  outer loop
   vertex 118.4613 -13.9480 191.0000
   vertex 118.7373 -14.2627 194.0000
   vertex 118.4613 -13.9480 194.0000
  endloop
 endfacet
 facet normal -0.65935 -0.75184 0.00000
  outer loop
   vertex 118.7373 -14.2627 191.0000
   vertex 119.0520 -14.5387 191.0000
   vertex 119.0520 -14.5387 194.0000
  endloop
 endfacet
 facet normal -0.65935 -0.75184 0.00000
  outer loop
   vertex 118.7373 -14.2627 191.0000
   vertex 119.0520 -14.5387 194.0000
   vertex 118.7373 -14.2627 194.0000
  endloop
 endfacet
 facet normal -0.55557 -0.83147 0.00000
  outer loop
   vertex 119.0520 -14.5387 191.0000
   vertex 119.4000 -14.7713 191.0000
   vertex 119.4000 -14.7713 194.0000
  endloop
 endfacet
 facet normal -0.55557 -0.83147 0.00000
  outer loop
   vertex 119.0520 -14.5387 191.0000
   vertex 119.4000 -14.7713 194.0000
   vertex 119.0520 -14.5387 194.0000
  endloop
 endfacet
 facet normal -0.44229 -0.89687 0.00000
  outer loop
   vertex 119.4000 -14.7713 191.0000
   vertex 119.7754 -14.9564 191.0000
   vertex 119.7754 -14.9564 194.0000
  endloop
 endfacet
 facet normal -0.44229 -0.89687 0.00000
  outer loop
   vertex 119.4000 -14.7713 191.0000
   vertex 119.7754 -14.9564 194.0000
   vertex 119.4000 -14.7713 194.0000
  endloop
 endfacet
 facet normal -0.32144 -0.94693 0.00000
  outer loop
   vertex 119.7754 -14.9564 191.0000
   vertex 120.1718 -15.0910 191.0000
   vertex 120.1718 -15.0910 194.0000
  endloop
 endfacet
 facet normal -0.32144 -0.94693 0.00000
  outer loop
   vertex 119.7754 -14.9564 191.0000
   vertex 120.1718 -15.0910 194.0000
   vertex 119.7754 -14.9564 194.0000
  endloop
 endfacet
 facet normal -0.19509 -0.98079 0.00000
  outer loop
   vertex 120.1718 -15.0910 191.0000
   vertex 120.5823 -15.1726 191.0000
   vertex 120.5823 -15.1726 194.0000
  endloop
 endfacet
 facet normal -0.19509 -0.98079 0.00000
  outer loop
   vertex 120.1718 -15.0910 191.0000
   vertex 120.5823 -15.1726 194.0000
   vertex 120.1718 -15.0910 194.0000
  endloop
 endfacet
 facet normal -0.06540 -0.99786 0.00000
  outer loop
   vertex 120.5823 -15.1726 191.0000
   vertex 121.0000 -15.2000 191.0000
   vertex 121.0000 -15.2000 194.0000
  endloop
 endfacet
 facet normal -0.06540 -0.99786 0.00000
  outer loop
   vertex 120.5823 -15.1726 191.0000
   vertex 121.0000 -15.2000 194.0000
   vertex 120.5823 -15.1726 194.0000
  endloop
 endfacet
 facet normal 0.06540 -0.99786 0.00000
  outer loop
   vertex 121.0000 -15.2000 191.0000
   vertex 121.4177 -15.1726 191.0000
   vertex 121.4177 -15.1726 194.0000
  endloop
 endfacet
 facet normal 0.06540 -0.99786 0.00000
  outer loop
   vertex 121.0000 -15.2000 191.0000
   vertex 121.4177 -15.1726 194.0000
   vertex 121.0000 -15.2000 194.0000
  endloop
 endfacet
 facet normal 0.19509 -0.98079 0.00000
  outer loop
   vertex 121.4177 -15.1726 191.0000
   vertex 121.8282 -15.0910 191.0000
   vertex 121.8282 -15.0910 194.0000
  endloop
 endfacet
 facet normal 0.19509 -0.98079 0.00000
  outer loop
   vertex 121.4177 -15.1726 191.0000
   vertex 121.8282 -15.0910 194.0000
   vertex 121.4177 -15.1726 194.0000
  endloop
 endfacet
 facet normal 0.32144 -0.94693 0.00000
  outer loop
   vertex 121.8282 -15.0910 191.0000
   vertex 122.2246 -14.9564 191.0000
   vertex 122.2246 -14.9564 194.0000
  endloop
 endfacet
 facet normal 0.32144 -0.94693 0.00000
  outer loop
   vertex 121.8282 -15.0910 191.0000
   vertex 122.2246 -14.9564 194.0000
   vertex 121.8282 -15.0910 194.0000
  endloop
 endfacet
 facet normal 0.44229 -0.89687 0.00000
  outer loop
   vertex 122.2246 -14.9564 191.0000
   vertex 122.6000 -14.7713 191.0000
   vertex 122.6000 -14.7713 194.0000
  endloop
 endfacet
 facet normal 0.44229 -0.89687 0.00000
  outer loop
   vertex 122.2246 -14.9564 191.0000
   vertex 122.6000 -14.7713 194.0000
   vertex 122.2246 -14.9564 194.0000
  endloop
 endfacet
 facet normal 0.55557 -0.83147 0.00000
  outer loop
   vertex 122.6000 -14.7713 191.0000
   vertex 122.9480 -14.5387 191.0000
   vertex 122.9480 -14.5387 194.0000
  endloop
 endfacet
 facet normal 0.55557 -0.83147 0.00000
  outer loop
   vertex 122.6000 -14.7713 191.0000
   vertex 122.9480 -14.5387 194.0000
   vertex 122.6000 -14.7713 194.0000
  endloop
 endfacet
 facet normal 0.65935 -0.75184 0.00000
  outer loop
   vertex 122.9480 -14.5387 191.0000
   vertex 123.2627 -14.2627 191.0000
   vertex 123.2627 -14.2627 194.0000
  endloop
 endfacet
 facet normal 0.65935 -0.75184 0.00000
  outer loop
   vertex 122.9480 -14.5387 191.0000
   vertex 123.2627 -14.2627 194.0000
   vertex 122.9480 -14.5387 194.0000
  endloop
 endfacet
 facet normal 0.75184 -0.65935 0.00000
  outer loop
   vertex 123.2627 -14.2627 191.0000
   vertex 123.5387 -13.9480 191.0000
   vertex 123.5387 -13.9480 194.0000
  endloop
 endfacet
 facet normal 0.75184 -0.65935 0.00000
  outer loop
   vertex 123.2627 -14.2627 191.0000
   vertex 123.5387 -13.9480 194.0000
   vertex 123.2627 -14.2627 194.0000
  endloop
 endfacet
 facet normal 0.83147 -0.55557 0.00000
  outer loop
   vertex 123.5387 -13.9480 191.0000
   vertex 123.7713 -13.6000 191.0000
   vertex 123.7713 -13.6000 194.0000
  endloop
 endfacet
 facet normal 0.83147 -0.55557 0.00000
  outer loop
   vertex 123.5387 -13.9480 191.0000
   vertex 123.7713 -13.6000 194.0000
   vertex 123.5387 -13.9480 194.0000
  endloop
 endfacet
 facet normal 0.89687 -0.44229 0.00000
  outer loop
   vertex 123.7713 -13.6000 191.0000
   vertex 123.9564 -13.2246 191.0000
   vertex 123.9564 -13.2246 194.0000
  endloop
 endfacet
 facet normal 0.89687 -0.44229 0.00000
  outer loop
   vertex 123.7713 -13.6000 191.0000
   vertex 123.9564 -13.2246 194.0000
   vertex 123.7713 -13.6000 194.0000
  endloop
 endfacet
 facet normal 0.94693 -0.32144 0.00000
  outer loop
   vertex 123.9564 -13.2246 191.0000
   vertex 124.0910 -12.8282 191.0000
   vertex 124.0910 -12.8282 194.0000
  endloop
 endfacet
 facet normal 0.94693 -0.32144 0.00000
  outer loop
   vertex 123.9564 -13.2246 191.0000
   vertex 124.0910 -12.8282 194.0000
   vertex 123.9564 -13.2246 194.0000
  endloop
 endfacet
 facet normal 0.98079 -0.19509 0.00000
  outer loop
   vertex 124.0910 -12.8282 191.0000
   vertex 124.1726 -12.4177 191.0000
   vertex 124.1726 -12.4177 194.0000
  endloop
 endfacet
 facet normal 0.98079 -0.19509 0.00000
  outer loop
   vertex 124.0910 -12.8282 191.0000
   vertex 124.1726 -12.4177 194.0000
   vertex 124.0910 -12.8282 194.0000
  endloop
 endfacet
 facet normal 0.99786 -0.06540 0.00000
  outer loop
   vertex 124.1726 -12.4177 191.0000
   vertex 124.2000 -12.0000 191.0000
   vertex 124.2000 -12.0000 194.0000
  endloop
 endfacet
 facet normal 0.99786 -0.06540 0.00000
  outer loop
   vertex 124.1726 -12.4177 191.0000
   vertex 124.2000 -12.0000 194.0000
   vertex 124.1726 -12.4177 194.0000
  endloop
 endfacet
 facet normal 0.00000 0.00000 -1.00000
  outer loop
   vertex 121.0000 -12.0000 191.0000
   vertex 124.1726 -11.5823 191.0000
   vertex 124.2000 -12.0000 191.0000
  endloop
 endfacet
 facet normal 0.00000 0.00000 1.00000
  outer loop
   vertex 121.0000 -12.0000 194.0000
   vertex 124.2000 -12.0000 194.0000
   vertex 124.1726 -11.5823 194.0000
  endloop
 endfacet
 facet normal 0.00000 0.00000 -1.00000
  outer loop
   vertex 121.0000 -12.0000 191.0000
   vertex 124.0910 -11.1718 191.0000
   vertex 124.1726 -11.5823 191.0000
  endloop
 endfacet
 facet normal 0.00000 0.00000 1.00000
  outer loop
   vertex 121.0000 -12.0000 194.0000
   vertex 124.1726 -11.5823 194.0000
   vertex 124.0910 -11.1718 194.0000
  endloop
 endfacet
 facet normal 0.00000 0.00000 -1.00000
  outer loop
   vertex 121.0000 -12.0000 191.0000
   vertex 123.9564 -10.7754 191.0000
   vertex 124.0910 -11.1718 191.0000
  endloop
 endfacet
 facet normal 0.00000 0.00000 1.00000
  outer loop
   vertex 121.0000 -12.0000 194.0000
   vertex 124.0910 -11.1718 194.0000
   vertex 123.9564 -10.7754 194.0000
  endloop
 endfacet
 facet normal 0.00000 0.00000 -1.00000
  outer loop
   vertex 121.0000 -12.0000 191.0000
   vertex 123.7713 -10.4000 191.0000
   vertex 123.9564 -10.7754 191.0000
  endloop
 endfacet
 facet normal 0.00000 0.00000 1.00000
  outer loop
   vertex 121.0000 -12.0000 194.0000
   vertex 123.9564 -10.7754 194.0000
   vertex 123.7713 -10.4000 194.0000
  endloop
 endfacet
 facet normal 0.00000 0.00000 -1.00000
  outer loop
   vertex 121.0000 -12.0000 191.0000
   vertex 123.5387 -10.0520 191.0000
   vertex 123.7713 -10.4000 191.0000
  endloop
 endfacet
 facet normal 0.00000 0.00000 1.00000
  outer loop
   vertex 121.0000 -12.0000 194.0000
   vertex 123.7713 -10.4000 194.0000
   vertex 123.5387 -10.0520 194.0000
  endloop
 endfacet
 facet normal 0.00000 0.00000 -1.00000
  outer loop
   vertex 121.0000 -12.0000 191.0000
   vertex 123.2627 -9.7373 191.0000
   vertex 123.5387 -10.0520 191.0000
  endloop
 endfacet
 facet normal 0.00000 0.00000 1.00000
  outer loop
   vertex 121.0000 -12.0000 194.0000
   vertex 123.5387 -10.0520 194.0000
   vertex 123.2627 -9.7373 194.0000
  endloop
 endfacet
 facet normal 0.00000 0.00000 -1.00000
  outer loop
   vertex 121.0000 -12.0000 191.0000
   vertex 122.9480 -9.4613 191.0000
   vertex 123.2627 -9.7373 191.0000
  endloop
 endfacet
 facet normal 0.00000 0.00000 1.00000
  outer loop
   vertex 121.0000 -12.0000 194.0000
   vertex 123.2627 -9.7373 194.0000
   vertex 122.9480 -9.4613 194.0000
  endloop
 endfacet
 facet normal 0.00000 0.00000 -1.00000
  outer loop
   vertex 121.0000 -12.0000 191.0000
   vertex 122.6000 -9.2287 191.0000
   vertex 122.9480 -9.4613 191.0000
  endloop
 endfacet
 facet normal 0.00000 0.00000 1.00000
  outer loop
   vertex 121.0000 -12.0000 194.0000
   vertex 122.9480 -9.4613 194.0000
   vertex 122.6000 -9.2287 194.0000
  endloop
 endfacet
 facet normal 0.00000 0.00000 -1.00000
  outer loop
   vertex 121.0000 -12.0000 191.0000
   vertex 122.2246 -9.0436 191.0000
   vertex 122.6000 -9.2287 191.0000
  endloop
 endfacet
 facet normal 0.00000 0.00000 1.00000
  outer loop
   vertex 121.0000 -12.0000 194.0000
   vertex 122.6000 -9.2287 194.0000
   vertex 122.2246 -9.0436 194.0000
  endloop
 endfacet
 facet normal 0.00000 0.00000 -1.00000
  outer loop
   vertex 121.0000 -12.0000 191.0000
   vertex 121.8282 -8.9090 191.0000
   vertex 122.2246 -9.0436 191.0000
  endloop
 endfacet
 facet normal 0.00000 0.00000 1.00000
  outer loop
   vertex 121.0000 -12.0000 194.0000
   vertex 122.2246 -9.0436 194.0000
   vertex 121.8282 -8.9090 194.0000
  endloop
 endfacet
 facet normal 0.00000 0.00000 -1.00000
  outer loop
   vertex 121.0000 -12.0000 191.0000
   vertex 121.4177 -8.8274 191.0000
   vertex 121.8282 -8.9090 191.0000
  endloop
 endfacet
 facet normal 0.00000 0.00000 1.00000
  outer loop
   vertex 121.0000 -12.0000 194.0000
   vertex 121.8282 -8.9090 194.0000
   vertex 121.4177 -8.8274 194.0000
  endloop
 endfacet
 facet normal 0.00000 0.00000 -1.00000
  outer loop
   vertex 121.0000 -12.0000 191.0000
   vertex 121.0000 -8.8000 191.0000
   vertex 121.4177 -8.8274 191.0000
  endloop
 endfacet
 facet normal 0.00000 0.00000 1.00000
  outer loop
   vertex 121.0000 -12.0000 194.0000
   vertex 121.4177 -8.8274 194.0000
   vertex 121.0000 -8.8000 194.0000
  endloop
 endfacet
 facet normal 0.00000 0.00000 -1.00000
  outer loop
   vertex 121.0000 -12.0000 191.0000
   vertex 120.5823 -8.8274 191.0000
   vertex 121.0000 -8.8000 191.0000
  endloop
 endfacet
 facet normal 0.00000 -0.00000 1.00000
  outer loop
   vertex 121.0000 -12.0000 194.0000
   vertex 121.0000 -8.8000 194.0000
   vertex 120.5823 -8.8274 194.0000
  endloop
 endfacet
 facet normal 0.00000 0.00000 -1.00000
  outer loop
   vertex 121.0000 -12.0000 191.0000
   vertex 120.1718 -8.9090 191.0000
   vertex 120.5823 -8.8274 191.0000
  endloop
 endfacet
 facet normal 0.00000 0.00000 1.00000
  outer loop
   vertex 121.0000 -12.0000 194.0000
   vertex 120.5823 -8.8274 194.0000
   vertex 120.1718 -8.9090 194.0000
  endloop
 endfacet
 facet normal 0.00000 0.00000 -1.00000
  outer loop
   vertex 121.0000 -12.0000 191.0000
   vertex 119.7754 -9.0436 191.0000
   vertex 120.1718 -8.9090 191.0000
  endloop
 endfacet
 facet normal 0.00000 0.00000 1.00000
  outer loop
   vertex 121.0000 -12.0000 194.0000
   vertex 120.1718 -8.9090 194.0000
   vertex 119.7754 -9.0436 194.0000
  endloop
 endfacet
 facet normal 0.00000 0.00000 -1.00000
  outer loop
   vertex 121.0000 -12.0000 191.0000
   vertex 119.4000 -9.2287 191.0000
   vertex 119.7754 -9.0436 191.0000
  endloop
 endfacet
 facet normal 0.00000 0.00000 1.00000
  outer loop
   vertex 121.0000 -12.0000 194.0000
   vertex 119.7754 -9.0436 194.0000
   vertex 119.4000 -9.2287 194.0000
  endloop
 endfacet
 facet normal 0.00000 0.00000 -1.00000
  outer loop
   vertex 121.0000 -12.0000 191.0000
   vertex 119.0520 -9.4613 191.0000
   vertex 119.4000 -9.2287 191.0000
  endloop
 endfacet
 facet normal 0.00000 0.00000 1.00000
  outer loop
   vertex 121.0000 -12.0000 194.0000
   vertex 119.4000 -9.2287 194.0000
   vertex 119.0520 -9.4613 194.0000
  endloop
 endfacet
 facet normal 0.00000 0.00000 -1.00000
  outer loop
   vertex 121.0000 -12.0000 191.0000
   vertex 118.7373 -9.7373 191.0000
   vertex 119.0520 -9.4613 191.0000
  endloop
 endfacet
 facet normal 0.00000 0.00000 1.00000
  outer loop
   vertex 121.0000 -12.0000 194.0000
   vertex 119.0520 -9.4613 194.0000
   vertex 118.7373 -9.7373 194.0000
  endloop
 endfacet
 facet normal 0.00000 0.00000 -1.00000
  outer loop
   vertex 121.0000 -12.0000 191.0000
   vertex 118.4613 -10.0520 191.0000
   vertex 118.7373 -9.7373 191.0000
  endloop
 endfacet
 facet normal 0.00000 0.00000 1.00000
  outer loop
   vertex 121.0000 -12.0000 194.0000
   vertex 118.7373 -9.7373 194.0000
   vertex 118.4613 -10.0520 194.0000
  endloop
 endfacet
 facet normal 0.00000 0.00000 -1.00000
  outer loop
   vertex 121.0000 -12.0000 191.0000
   vertex 118.2287 -10.4000 191.0000
   vertex 118.4613 -10.0520 191.0000
  endloop
 endfacet
 facet normal 0.00000 0.00000 1.00000
  outer loop
   vertex 121.0000 -12.0000 194.0000
   vertex 118.4613 -10.0520 194.0000
   vertex 118.2287 -10.4000 194.0000
  endloop
 endfacet
 facet normal 0.00000 0.00000 -1.00000
  outer loop
   vertex 121.0000 -12.0000 191.0000
   vertex 118.0436 -10.7754 191.0000
   vertex 118.2287 -10.4000 191.0000
  endloop
 endfacet
 facet normal 0.00000 0.00000 1.00000
  outer loop
   vertex 121.0000 -12.0000 194.0000
   vertex 118.2287 -10.4000 194.0000
   vertex 118.0436 -10.7754 194.0000
  endloop
 endfacet
 facet normal 0.00000 0.00000 -1.00000
  outer loop
   vertex 121.0000 -12.0000 191.0000
   vertex 117.9090 -11.1718 191.0000
   vertex 118.0436 -10.7754 191.0000
  endloop
 endfacet
 facet normal 0.00000 0.00000 1.00000
  outer loop
   vertex 121.0000 -12.0000 194.0000
   vertex 118.0436 -10.7754 194.0000
   vertex 117.9090 -11.1718 194.0000
  endloop
 endfacet
 facet normal 0.00000 0.00000 -1.00000
  outer loop
   vertex 121.0000 -12.0000 191.0000
   vertex 117.8274 -11.5823 191.0000
   vertex 117.9090 -11.1718 191.0000
  endloop
 endfacet
 facet normal 0.00000 0.00000 1.00000
  outer loop
   vertex 121.0000 -12.0000 194.0000
   vertex 117.9090 -11.1718 194.0000
   vertex 117.8274 -11.5823 194.0000
  endloop
 endfacet
 facet normal 0.00000 0.00000 -1.00000
  outer loop
   vertex 121.0000 -12.0000 191.0000
   vertex 117.8000 -12.0000 191.0000
   vertex 117.8274 -11.5823 191.0000
  endloop
 endfacet
 facet normal 0.00000 0.00000 1.00000
  outer loop
   vertex 121.0000 -12.0000 194.0000
   vertex 117.8274 -11.5823 194.0000
   vertex 117.8000 -12.0000 194.0000
  endloop
 endfacet
 facet normal -0.00000 0.00000 -1.00000
  outer loop
   vertex 121.0000 -12.0000 191.0000
   vertex 117.8274 -12.4177 191.0000
   vertex 117.8000 -12.0000 191.0000
  endloop
 endfacet
 facet normal 0.00000 0.00000 1.00000
  outer loop
   vertex 121.0000 -12.0000 194.0000
   vertex 117.8000 -12.0000 194.0000
   vertex 117.8274 -12.4177 194.0000
  endloop
 endfacet
 facet normal 0.00000 0.00000 -1.00000
  outer loop
   vertex 121.0000 -12.0000 191.0000
   vertex 117.9090 -12.8282 191.0000
   vertex 117.8274 -12.4177 191.0000
  endloop
 endfacet
 facet normal 0.00000 0.00000 1.00000
  outer loop
   vertex 121.0000 -12.0000 194.0000
   vertex 117.8274 -12.4177 194.0000
   vertex 117.9090 -12.8282 194.0000
  endloop
 endfacet
 facet normal 0.00000 0.00000 -1.00000
  outer loop
   vertex 121.0000 -12.0000 191.0000
   vertex 118.0436 -13.2246 191.0000
   vertex 117.9090 -12.8282 191.0000
  endloop
 endfacet
 facet normal 0.00000 0.00000 1.00000
  outer loop
   vertex 121.0000 -12.0000 194.0000
   vertex 117.9090 -12.8282 194.0000
   vertex 118.0436 -13.2246 194.0000
  endloop
 endfacet
 facet normal 0.00000 0.00000 -1.00000
  outer loop
   vertex 121.0000 -12.0000 191.0000
   vertex 118.2287 -13.6000 191.0000
   vertex 118.0436 -13.2246 191.0000
  endloop
 endfacet
 facet normal 0.00000 0.00000 1.00000
  outer loop
   vertex 121.0000 -12.0000 194.0000
   vertex 118.0436 -13.2246 194.0000
   vertex 118.2287 -13.6000 194.0000
  endloop
 endfacet
 facet normal 0.00000 0.00000 -1.00000
  outer loop
   vertex 121.0000 -12.0000 191.0000
   vertex 118.4613 -13.9480 191.0000
   vertex 118.2287 -13.6000 191.0000
  endloop
 endfacet
 facet normal 0.00000 0.00000 1.00000
  outer loop
   vertex 121.0000 -12.0000 194.0000
   vertex 118.2287 -13.6000 194.0000
   vertex 118.4613 -13.9480 194.0000
  endloop
 endfacet
 facet normal 0.00000 0.00000 -1.00000
  outer loop
   vertex 121.0000 -12.0000 191.0000
   vertex 118.7373 -14.2627 191.0000
   vertex 118.4613 -13.9480 191.0000
  endloop
 endfacet
 facet normal 0.00000 0.00000 1.00000
  outer loop
   vertex 121.0000 -12.0000 194.0000
   vertex 118.4613 -13.9480 194.0000
   vertex 118.7373 -14.2627 194.0000
  endloop
 endfacet
 facet normal 0.00000 0.00000 -1.00000
  outer loop
   vertex 121.0000 -12.0000 191.0000
   vertex 119.0520 -14.5387 191.0000
   vertex 118.7373 -14.2627 191.0000
  endloop
 endfacet
 facet normal 0.00000 0.00000 1.00000
  outer loop
   vertex 121.0000 -12.0000 194.0000
   vertex 118.7373 -14.2627 194.0000
   vertex 119.0520 -14.5387 194.0000
  endloop
 endfacet
 facet normal 0.00000 0.00000 -1.00000
  outer loop
   vertex 121.0000 -12.0000 191.0000
   vertex 119.4000 -14.7713 191.0000
   vertex 119.0520 -14.5387 191.0000
  endloop
 endfacet
 facet normal 0.00000 0.00000 1.00000
  outer loop
   vertex 121.0000 -12.0000 194.0000
   vertex 119.0520 -14.5387 194.0000
   vertex 119.4000 -14.7713 194.0000
  endloop
 endfacet
 facet normal 0.00000 0.00000 -1.00000
  outer loop
   vertex 121.0000 -12.0000 191.0000
   vertex 119.7754 -14.9564 191.0000
   vertex 119.4000 -14.7713 191.0000
  endloop
 endfacet
 facet normal 0.00000 0.00000 1.00000
  outer loop
   vertex 121.0000 -12.0000 194.0000
   vertex 119.4000 -14.7713 194.0000
   vertex 119.7754 -14.9564 194.0000
  endloop
 endfacet
 facet normal 0.00000 0.00000 -1.00000
  outer loop
   vertex 121.0000 -12.0000 191.0000
   vertex 120.1718 -15.0910 191.0000
   vertex 119.7754 -14.9564 191.0000
  endloop
 endfacet
 facet normal 0.00000 0.00000 1.00000
  outer loop
   vertex 121.0000 -12.0000 194.0000
   vertex 119.7754 -14.9564 194.0000
   vertex 120.1718 -15.0910 194.0000
  endloop
 endfacet
 facet normal 0.00000 0.00000 -1.00000
  outer loop
   vertex 121.0000 -12.0000 191.0000
   vertex 120.5823 -15.1726 191.0000
   vertex 120.1718 -15.0910 191.0000
  endloop
 endfacet
 facet normal 0.00000 0.00000 1.00000
  outer loop
   vertex 121.0000 -12.0000 194.0000
   vertex 120.1718 -15.0910 194.0000
   vertex 120.5823 -15.1726 194.0000
  endloop
 endfacet
 facet normal 0.00000 -0.00000 -1.00000
  outer loop
   vertex 121.0000 -12.0000 191.0000
   vertex 121.0000 -15.2000 191.0000
   vertex 120.5823 -15.1726 191.0000
  endloop
 endfacet
 facet normal 0.00000 0.00000 1.00000
  outer loop
   vertex 121.0000 -12.0000 194.0000
   vertex 120.5823 -15.1726 194.0000
   vertex 121.0000 -15.2000 194.0000
  endloop
 endfacet
 facet normal 0.00000 0.00000 -1.00000
  outer loop
   vertex 121.0000 -12.0000 191.0000
   vertex 121.4177 -15.1726 191.0000
   vertex 121.0000 -15.2000 191.0000
  endloop
 endfacet
 facet normal 0.00000 0.00000 1.00000
  outer loop
   vertex 121.0000 -12.0000 194.0000
   vertex 121.0000 -15.2000 194.0000
   vertex 121.4177 -15.1726 194.0000
  endloop
 endfacet
 facet normal 0.00000 0.00000 -1.00000
  outer loop
   vertex 121.0000 -12.0000 191.0000
   vertex 121.8282 -15.0910 191.0000
   vertex 121.4177 -15.1726 191.0000
  endloop
 endfacet
 facet normal 0.00000 0.00000 1.00000
  outer loop
   vertex 121.0000 -12.0000 194.0000
   vertex 121.4177 -15.1726 194.0000
   vertex 121.8282 -15.0910 194.0000
  endloop
 endfacet
 facet normal 0.00000 0.00000 -1.00000
  outer loop
   vertex 121.0000 -12.0000 191.0000
   vertex 122.2246 -14.9564 191.0000
   vertex 121.8282 -15.0910 191.0000
  endloop
 endfacet
 facet normal 0.00000 0.00000 1.00000
  outer loop
   vertex 121.0000 -12.0000 194.0000
   vertex 121.8282 -15.0910 194.0000
   vertex 122.2246 -14.9564 194.0000
  endloop
 endfacet
 facet normal 0.00000 0.00000 -1.00000
  outer loop
   vertex 121.0000 -12.0000 191.0000
   vertex 122.6000 -14.7713 191.0000
   vertex 122.2246 -14.9564 191.0000
  endloop
 endfacet
 facet normal 0.00000 0.00000 1.00000
  outer loop
   vertex 121.0000 -12.0000 194.0000
   vertex 122.2246 -14.9564 194.0000
   vertex 122.6000 -14.7713 194.0000
  endloop
 endfacet
 facet normal 0.00000 0.00000 -1.00000
  outer loop
   vertex 121.0000 -12.0000 191.0000
   vertex 122.9480 -14.5387 191.0000
   vertex 122.6000 -14.7713 191.0000
  endloop
 endfacet
 facet normal 0.00000 0.00000 1.00000
  outer loop
   vertex 121.0000 -12.0000 194.0000
   vertex 122.6000 -14.7713 194.0000
   vertex 122.9480 -14.5387 194.0000
  endloop
 endfacet
 facet normal 0.00000 0.00000 -1.00000
  outer loop
   vertex 121.0000 -12.0000 191.0000
   vertex 123.2627 -14.2627 191.0000
   vertex 122.9480 -14.5387 191.0000
  endloop
 endfacet
 facet normal 0.00000 0.00000 1.00000
  outer loop
   vertex 121.0000 -12.0000 194.0000
   vertex 122.9480 -14.5387 194.0000
   vertex 123.2627 -14.2627 194.0000
  endloop
 endfacet
 facet normal 0.00000 0.00000 -1.00000
  outer loop
   vertex 121.0000 -12.0000 191.0000
   vertex 123.5387 -13.9480 191.0000
   vertex 123.2627 -14.2627 191.0000
  endloop
 endfacet
 facet normal 0.00000 0.00000 1.00000
  outer loop
   vertex 121.0000 -12.0000 194.0000
   vertex 123.2627 -14.2627 194.0000
   vertex 123.5387 -13.9480 194.0000
  endloop
 endfacet
 facet normal 0.00000 0.00000 -1.00000
  outer loop
   vertex 121.0000 -12.0000 191.0000
   vertex 123.7713 -13.6000 191.0000
   vertex 123.5387 -13.9480 191.0000
  endloop
 endfacet
 facet normal 0.00000 0.00000 1.00000
  outer loop
   vertex 121.0000 -12.0000 194.0000
   vertex 123.5387 -13.9480 194.0000
   vertex 123.7713 -13.6000 194.0000
  endloop
 endfacet
 facet normal 0.00000 0.00000 -1.00000
  outer loop
   vertex 121.0000 -12.0000 191.0000
   vertex 123.9564 -13.2246 191.0000
   vertex 123.7713 -13.6000 191.0000
  endloop
 endfacet
 facet normal 0.00000 0.00000 1.00000
  outer loop
   vertex 121.0000 -12.0000 194.0000
   vertex 123.7713 -13.6000 194.0000
   vertex 123.9564 -13.2246 194.0000
  endloop
 endfacet
 facet normal 0.00000 0.00000 -1.00000
  outer loop
   vertex 121.0000 -12.0000 191.0000
   vertex 124.0910 -12.8282 191.0000
   vertex 123.9564 -13.2246 191.0000
  endloop
 endfacet
 facet normal 0.00000 0.00000 1.00000
  outer loop
   vertex 121.0000 -12.0000 194.0000
   vertex 123.9564 -13.2246 194.0000
   vertex 124.0910 -12.8282 194.0000
  endloop
 endfacet
 facet normal 0.00000 0.00000 -1.00000
  outer loop
   vertex 121.0000 -12.0000 191.0000
   vertex 124.1726 -12.4177 191.0000
   vertex 124.0910 -12.8282 191.0000
  endloop
 endfacet
 facet normal 0.00000 0.00000 1.00000
  outer loop
   vertex 121.0000 -12.0000 194.0000
   vertex 124.0910 -12.8282 194.0000
   vertex 124.1726 -12.4177 194.0000
  endloop
 endfacet
 facet normal 0.00000 0.00000 -1.00000
  outer loop
   vertex 121.0000 -12.0000 191.0000
   vertex 124.2000 -12.0000 191.0000
   vertex 124.1726 -12.4177 191.0000
  endloop
 endfacet
 facet normal -0.00000 0.00000 1.00000
  outer loop
   vertex 121.0000 -12.0000 194.0000
   vertex 124.1726 -12.4177 194.0000
   vertex 124.2000 -12.0000 194.0000
  endloop
 endfacet
 facet normal 0.99786 0.06540 0.00000
  outer loop
   vertex 124.2000 12.0000 191.0000
   vertex 124.1726 12.4177 191.0000
   vertex 124.1726 12.4177 194.0000
  endloop
 endfacet
 facet normal 0.99786 0.06540 -0.00000
  outer loop
   vertex 124.2000 12.0000 191.0000
   vertex 124.1726 12.4177 194.0000
   vertex 124.2000 12.0000 194.0000
  endloop
 endfacet
 facet normal 0.98079 0.19509 0.00000
  outer loop
   vertex 124.1726 12.4177 191.0000
   vertex 124.0910 12.8282 191.0000
   vertex 124.0910 12.8282 194.0000
  endloop
 endfacet
 facet normal 0.98079 0.19509 -0.00000
  outer loop
   vertex 124.1726 12.4177 191.0000
   vertex 124.0910 12.8282 194.0000
   vertex 124.1726 12.4177 194.0000
  endloop
 endfacet
 facet normal 0.94693 0.32144 0.00000
  outer loop
   vertex 124.0910 12.8282 191.0000
   vertex 123.9564 13.2246 191.0000
   vertex 123.9564 13.2246 194.0000
  endloop
 endfacet
 facet normal 0.94693 0.32144 -0.00000
  outer loop
   vertex 124.0910 12.8282 191.0000
   vertex 123.9564 13.2246 194.0000
   vertex 124.0910 12.8282 194.0000
  endloop
 endfacet
 facet normal 0.89687 0.44229 0.00000
  outer loop
   vertex 123.9564 13.2246 191.0000
   vertex 123.7713 13.6000 191.0000
   vertex 123.7713 13.6000 194.0000
  endloop
 endfacet
 facet normal 0.89687 0.44229 -0.00000
  outer loop
   vertex 123.9564 13.2246 191.0000
   vertex 123.7713 13.6000 194.0000
   vertex 123.9564 13.2246 194.0000
  endloop
 endfacet
 facet normal 0.83147 0.55557 0.00000
  outer loop
   vertex 123.7713 13.6000 191.0000
   vertex 123.5387 13.9480 191.0000
   vertex 123.5387 13.9480 194.0000
  endloop
 endfacet
 facet normal 0.83147 0.55557 -0.00000
  outer loop
   vertex 123.7713 13.6000 191.0000
   vertex 123.5387 13.9480 194.0000
   vertex 123.7713 13.6000 194.0000
  endloop
 endfacet
 facet normal 0.75184 0.65935 0.00000
  outer loop
   vertex 123.5387 13.9480 191.0000
   vertex 123.2627 14.2627 191.0000
   vertex 123.2627 14.2627 194.0000
  endloop
 endfacet
 facet normal 0.75184 0.65935 -0.00000
  outer loop
   vertex 123.5387 13.9480 191.0000
   vertex 123.2627 14.2627 194.0000
   vertex 123.5387 13.9480 194.0000
  endloop
 endfacet
 facet normal 0.65935 0.75184 0.00000
  outer loop
   vertex 123.2627 14.2627 191.0000
   vertex 122.9480 14.5387 191.0000
   vertex 122.9480 14.5387 194.0000
  endloop
 endfacet
 facet normal 0.65935 0.75184 -0.00000
  outer loop
   vertex 123.2627 14.2627 191.0000
   vertex 122.9480 14.5387 194.0000
   vertex 123.2627 14.2627 194.0000
  endloop
 endfacet
 facet normal 0.55557 0.83147 0.00000
  outer loop
   vertex 122.9480 14.5387 191.0000
   vertex 122.6000 14.7713 191.0000
   vertex 122.6000 14.7713 194.0000
  endloop
 endfacet
 facet normal 0.55557 0.83147 -0.00000
  outer loop
   vertex 122.9480 14.5387 191.0000
   vertex 122.6000 14.7713 194.0000
   vertex 122.9480 14.5387 194.0000
  endloop
 endfacet
 facet normal 0.44229 0.89687 0.00000
  outer loop
   vertex 122.6000 14.7713 191.0000
   vertex 122.2246 14.9564 191.0000
   vertex 122.2246 14.9564 194.0000
  endloop
 endfacet
 facet normal 0.44229 0.89687 -0.00000
  outer loop
   vertex 122.6000 14.7713 191.0000
   vertex 122.2246 14.9564 194.0000
   vertex 122.6000 14.7713 194.0000
  endloop
 endfacet
 facet normal 0.32144 0.94693 0.00000
  outer loop
   vertex 122.2246 14.9564 191.0000
   vertex 121.8282 15.0910 191.0000
   vertex 121.8282 15.0910 194.0000
  endloop
 endfacet
 facet normal 0.32144 0.94693 -0.00000
  outer loop
   vertex 122.2246 14.9564 191.0000
   vertex 121.8282 15.0910 194.0000
   vertex 122.2246 14.9564 194.0000
  endloop
 endfacet
 facet normal 0.19509 0.98079 0.00000
  outer loop
   vertex 121.8282 15.0910 191.0000
   vertex 121.4177 15.1726 191.0000
   vertex 121.4177 15.1726 194.0000
  endloop
 endfacet
 facet normal 0.19509 0.98079 -0.00000
  outer loop
   vertex 121.8282 15.0910 191.0000
   vertex 121.4177 15.1726 194.0000
   vertex 121.8282 15.0910 194.0000
  endloop
 endfacet
 facet normal 0.06540 0.99786 0.00000
  outer loop
   vertex 121.4177 15.1726 191.0000
   vertex 121.0000 15.2000 191.0000
   vertex 121.0000 15.2000 194.0000
  endloop
 endfacet
 facet normal 0.06540 0.99786 -0.00000
  outer loop
   vertex 121.4177 15.1726 191.0000
   vertex 121.0000 15.2000 194.0000
   vertex 121.4177 15.1726 194.0000
  endloop
 endfacet
 facet normal -0.06540 0.99786 0.00000
  outer loop
   vertex 121.0000 15.2000 191.0000
   vertex 120.5823 15.1726 191.0000
   vertex 120.5823 15.1726 194.0000
  endloop
 endfacet
 facet normal -0.06540 0.99786 0.00000
  outer loop
   vertex 121.0000 15.2000 191.0000
   vertex 120.5823 15.1726 194.0000
   vertex 121.0000 15.2000 194.0000
  endloop
 endfacet
 facet normal -0.19509 0.98079 0.00000
  outer loop
   vertex 120.5823 15.1726 191.0000
   vertex 120.1718 15.0910 191.0000
   vertex 120.1718 15.0910 194.0000
  endloop
 endfacet
 facet normal -0.19509 0.98079 0.00000
  outer loop
   vertex 120.5823 15.1726 191.0000
   vertex 120.1718 15.0910 194.0000
   vertex 120.5823 15.1726 194.0000
  endloop
 endfacet
 facet normal -0.32144 0.94693 0.00000
  outer loop
   vertex 120.1718 15.0910 191.0000
   vertex 119.7754 14.9564 191.0000
   vertex 119.7754 14.9564 194.0000
  endloop
 endfacet
 facet normal -0.32144 0.94693 0.00000
  outer loop
   vertex 120.1718 15.0910 191.0000
   vertex 119.7754 14.9564 194.0000
   vertex 120.1718 15.0910 194.0000
  endloop
 endfacet
 facet normal -0.44229 0.89687 0.00000
  outer loop
   vertex 119.7754 14.9564 191.0000
   vertex 119.4000 14.7713 191.0000
   vertex 119.4000 14.7713 194.0000
  endloop
 endfacet
 facet normal -0.44229 0.89687 0.00000
  outer loop
   vertex 119.7754 14.9564 191.0000
   vertex 119.4000 14.7713 194.0000
   vertex 119.7754 14.9564 194.0000
  endloop
 endfacet
 facet normal -0.55557 0.83147 0.00000
  outer loop
   vertex 119.4000 14.7713 191.0000
   vertex 119.0520 14.5387 191.0000
   vertex 119.0520 14.5387 194.0000
  endloop
 endfacet
 facet normal -0.55557 0.83147 0.00000
  outer loop
   vertex 119.4000 14.7713 191.0000
   vertex 119.0520 14.5387 194.0000
   vertex 119.4000 14.7713 194.0000
  endloop
 endfacet
 facet normal -0.65935 0.75184 0.00000
  outer loop
   vertex 119.0520 14.5387 191.0000
   vertex 118.7373 14.2627 191.0000
   vertex 118.7373 14.2627 194.0000
  endloop
 endfacet
 facet normal -0.65935 0.75184 0.00000
  outer loop
   vertex 119.0520 14.5387 191.0000
   vertex 118.7373 14.2627 194.0000
   vertex 119.0520 14.5387 194.0000
  endloop
 endfacet
 facet normal -0.75184 0.65935 0.00000
  outer loop
   vertex 118.7373 14.2627 191.0000
   vertex 118.4613 13.9480 191.0000
   vertex 118.4613 13.9480 194.0000
  endloop
 endfacet
 facet normal -0.75184 0.65935 0.00000
  outer loop
   vertex 118.7373 14.2627 191.0000
   vertex 118.4613 13.9480 194.0000
   vertex 118.7373 14.2627 194.0000
  endloop
 endfacet
 facet normal -0.83147 0.55557 0.00000
  outer loop
   vertex 118.4613 13.9480 191.0000
   vertex 118.2287 13.6000 191.0000
   vertex 118.2287 13.6000 194.0000
  endloop
 endfacet
 facet normal -0.83147 0.55557 0.00000
  outer loop
   vertex 118.4613 13.9480 191.0000
   vertex 118.2287 13.6000 194.0000
   vertex 118.4613 13.9480 194.0000
  endloop
 endfacet
 facet normal -0.89687 0.44229 0.00000
  outer loop
   vertex 118.2287 13.6000 191.0000
   vertex 118.0436 13.2246 191.0000
   vertex 118.0436 13.2246 194.0000
  endloop
 endfacet
 facet normal -0.89687 0.44229 0.00000
  outer loop
   vertex 118.2287 13.6000 191.0000
   vertex 118.0436 13.2246 194.0000
   vertex 118.2287 13.6000 194.0000
  endloop
 endfacet
 facet normal -0.94693 0.32144 0.00000
  outer loop
   vertex 118.0436 13.2246 191.0000
   vertex 117.9090 12.8282 191.0000
   vertex 117.9090 12.8282 194.0000
  endloop
 endfacet
 facet normal -0.94693 0.32144 0.00000
  outer loop
   vertex 118.0436 13.2246 191.0000
   vertex 117.9090 12.8282 194.0000
   vertex 118.0436 13.2246 194.0000
  endloop
 endfacet
 facet normal -0.98079 0.19509 0.00000
  outer loop
   vertex 117.9090 12.8282 191.0000
   vertex 117.8274 12.4177 191.0000
   vertex 117.8274 12.4177 194.0000
  endloop
 endfacet
 facet normal -0.98079 0.19509 0.00000
  outer loop
   vertex 117.9090 12.8282 191.0000
   vertex 117.8274 12.4177 194.0000
   vertex 117.9090 12.8282 194.0000
  endloop
 endfacet
 facet normal -0.99786 0.06540 0.00000
  outer loop
   vertex 117.8274 12.4177 191.0000
   vertex 117.8000 12.0000 191.0000
   vertex 117.8000 12.0000 194.0000
  endloop
 endfacet
 facet normal -0.99786 0.06540 0.00000
  outer loop
   vertex 117.8274 12.4177 191.0000
   vertex 117.8000 12.0000 194.0000
   vertex 117.8274 12.4177 194.0000
  endloop
 endfacet
 facet normal -0.99786 -0.06540 0.00000
  outer loop
   vertex 117.8000 12.0000 191.0000
   vertex 117.8274 11.5823 191.0000
   vertex 117.8274 11.5823 194.0000
  endloop
 endfacet
 facet normal -0.99786 -0.06540 0.00000
  outer loop
   vertex 117.8000 12.0000 191.0000
   vertex 117.8274 11.5823 194.0000
   vertex 117.8000 12.0000 194.0000
  endloop
 endfacet
 facet normal -0.98079 -0.19509 0.00000
  outer loop
   vertex 117.8274 11.5823 191.0000
   vertex 117.9090 11.1718 191.0000
   vertex 117.9090 11.1718 194.0000
  endloop
 endfacet
 facet normal -0.98079 -0.19509 0.00000
  outer loop
   vertex 117.8274 11.5823 191.0000
   vertex 117.9090 11.1718 194.0000
   vertex 117.8274 11.5823 194.0000
  endloop
 endfacet
 facet normal -0.94693 -0.32144 0.00000
  outer loop
   vertex 117.9090 11.1718 191.0000
   vertex 118.0436 10.7754 191.0000
   vertex 118.0436 10.7754 194.0000
  endloop
 endfacet
 facet normal -0.94693 -0.32144 0.00000
  outer loop
   vertex 117.9090 11.1718 191.0000
   vertex 118.0436 10.7754 194.0000
   vertex 117.9090 11.1718 194.0000
  endloop
 endfacet
 facet normal -0.89687 -0.44229 0.00000
  outer loop
   vertex 118.0436 10.7754 191.0000
   vertex 118.2287 10.4000 191.0000
   vertex 118.2287 10.4000 194.0000
  endloop
 endfacet
 facet normal -0.89687 -0.44229 0.00000
  outer loop
   vertex 118.0436 10.7754 191.0000
   vertex 118.2287 10.4000 194.0000
   vertex 118.0436 10.7754 194.0000
  endloop
 endfacet
 facet normal -0.83147 -0.55557 0.00000
  outer loop
   vertex 118.2287 10.4000 191.0000
   vertex 118.4613 10.0520 191.0000
   vertex 118.4613 10.0520 194.0000
  endloop
 endfacet
 facet normal -0.83147 -0.55557 0.00000
  outer loop
   vertex 118.2287 10.4000 191.0000
   vertex 118.4613 10.0520 194.0000
   vertex 118.2287 10.4000 194.0000
  endloop
 endfacet
 facet normal -0.75184 -0.65935 0.00000
  outer loop
   vertex 118.4613 10.0520 191.0000
   vertex 118.7373 9.7373 191.0000
   vertex 118.7373 9.7373 194.0000
  endloop
 endfacet
 facet normal -0.75184 -0.65935 0.00000
  outer loop
   vertex 118.4613 10.0520 191.0000
   vertex 118.7373 9.7373 194.0000
   vertex 118.4613 10.0520 194.0000
  endloop
 endfacet
 facet normal -0.65935 -0.75184 0.00000
  outer loop
   vertex 118.7373 9.7373 191.0000
   vertex 119.0520 9.4613 191.0000
   vertex 119.0520 9.4613 194.0000
  endloop
 endfacet
 facet normal -0.65935 -0.75184 0.00000
  outer loop
   vertex 118.7373 9.7373 191.0000
   vertex 119.0520 9.4613 194.0000
   vertex 118.7373 9.7373 194.0000
  endloop
 endfacet
 facet normal -0.55557 -0.83147 0.00000
  outer loop
   vertex 119.0520 9.4613 191.0000
   vertex 119.4000 9.2287 191.0000
   vertex 119.4000 9.2287 194.0000
  endloop
 endfacet
 facet normal -0.55557 -0.83147 0.00000
  outer loop
   vertex 119.0520 9.4613 191.0000
   vertex 119.4000 9.2287 194.0000
   vertex 119.0520 9.4613 194.0000
  endloop
 endfacet
 facet normal -0.44229 -0.89687 0.00000
  outer loop
   vertex 119.4000 9.2287 191.0000
   vertex 119.7754 9.0436 191.0000
   vertex 119.7754 9.0436 194.0000
  endloop
 endfacet
 facet normal -0.44229 -0.89687 0.00000
  outer loop
   vertex 119.4000 9.2287 191.0000
   vertex 119.7754 9.0436 194.0000
   vertex 119.4000 9.2287 194.0000
  endloop
 endfacet
 facet normal -0.32144 -0.94693 0.00000
  outer loop
   vertex 119.7754 9.0436 191.0000
   vertex 120.1718 8.9090 191.0000
   vertex 120.1718 8.9090 194.0000
  endloop
 endfacet
 facet normal -0.32144 -0.94693 0.00000
  outer loop
   vertex 119.7754 9.0436 191.0000
   vertex 120.1718 8.9090 194.0000
   vertex 119.7754 9.0436 194.0000
  endloop
 endfacet
 facet normal -0.19509 -0.98079 0.00000
  outer loop
   vertex 120.1718 8.9090 191.0000
   vertex 120.5823 8.8274 191.0000
   vertex 120.5823 8.8274 194.0000
  endloop
 endfacet
 facet normal -0.19509 -0.98079 0.00000
  outer loop
   vertex 120.1718 8.9090 191.0000
   vertex 120.5823 8.8274 194.0000
   vertex 120.1718 8.9090 194.0000
  endloop
 endfacet
 facet normal -0.06540 -0.99786 0.00000
  outer loop
   vertex 120.5823 8.8274 191.0000
   vertex 121.0000 8.8000 191.0000
   vertex 121.0000 8.8000 194.0000
  endloop
 endfacet
 facet normal -0.06540 -0.99786 0.00000
  outer loop
   vertex 120.5823 8.8274 191.0000
   vertex 121.0000 8.8000 194.0000
   vertex 120.5823 8.8274 194.0000
  endloop
 endfacet
 facet normal 0.06540 -0.99786 0.00000
  outer loop
   vertex 121.0000 8.8000 191.0000
   vertex 121.4177 8.8274 191.0000
   vertex 121.4177 8.8274 194.0000
  endloop
 endfacet
 facet normal 0.06540 -0.99786 0.00000
  outer loop
   vertex 121.0000 8.8000 191.0000
   vertex 121.4177 8.8274 194.0000
   vertex 121.0000 8.8000 194.0000
  endloop
 endfacet
 facet normal 0.19509 -0.98079 0.00000
  outer loop
   vertex 121.4177 8.8274 191.0000
   vertex 121.8282 8.9090 191.0000
   vertex 121.8282 8.9090 194.0000
  endloop
 endfacet
 facet normal 0.19509 -0.98079 0.00000
  outer loop
   vertex 121.4177 8.8274 191.0000
   vertex 121.8282 8.9090 194.0000
   vertex 121.4177 8.8274 194.0000
  endloop
 endfacet
 facet normal 0.32144 -0.94693 0.00000
  outer loop
   vertex 121.8282 8.9090 191.0000
   vertex 122.2246 9.0436 191.0000
   vertex 122.2246 9.0436 194.0000
  endloop
 endfacet
 facet normal 0.32144 -0.94693 0.00000
  outer loop
   vertex 121.8282 8.9090 191.0000
   vertex 122.2246 9.0436 194.0000
   vertex 121.8282 8.9090 194.0000
  endloop
 endfacet
 facet normal 0.44229 -0.89687 0.00000
  outer loop
   vertex 122.2246 9.0436 191.0000
   vertex 122.6000 9.2287 191.0000
   vertex 122.6000 9.2287 194.0000
  endloop
 endfacet
 facet normal 0.44229 -0.89687 0.00000
  outer loop
   vertex 122.2246 9.0436 191.0000
   vertex 122.6000 9.2287 194.0000
   vertex 122.2246 9.0436 194.0000
  endloop
 endfacet
 facet normal 0.55557 -0.83147 0.00000
  outer loop
   vertex 122.6000 9.2287 191.0000
   vertex 122.9480 9.4613 191.0000
   vertex 122.9480 9.4613 194.0000
  endloop
 endfacet
 facet normal 0.55557 -0.83147 0.00000
  outer loop
   vertex 122.6000 9.2287 191.0000
   vertex 122.9480 9.4613 194.0000
   vertex 122.6000 9.2287 194.0000
  endloop
 endfacet
 facet normal 0.65935 -0.75184 0.00000
  outer loop
   vertex 122.9480 9.4613 191.0000
   vertex 123.2627 9.7373 191.0000
   vertex 123.2627 9.7373 194.0000
  endloop
 endfacet
 facet normal 0.65935 -0.75184 0.00000
  outer loop
   vertex 122.9480 9.4613 191.0000
   vertex 123.2627 9.7373 194.0000
   vertex 122.9480 9.4613 194.0000
  endloop
 endfacet
 facet normal 0.75184 -0.65935 0.00000
  outer loop
   vertex 123.2627 9.7373 191.0000
   vertex 123.5387 10.0520 191.0000
   vertex 123.5387 10.0520 194.0000
  endloop
 endfacet
 facet normal 0.75184 -0.65935 0.00000
  outer loop
   vertex 123.2627 9.7373 191.0000
   vertex 123.5387 10.0520 194.0000
   vertex 123.2627 9.7373 194.0000
  endloop
 endfacet
 facet normal 0.83147 -0.55557 0.00000
  outer loop
   vertex 123.5387 10.0520 191.0000
   vertex 123.7713 10.4000 191.0000
   vertex 123.7713 10.4000 194.0000
  endloop
 endfacet
 facet normal 0.83147 -0.55557 0.00000
  outer loop
   vertex 123.5387 10.0520 191.0000
   vertex 123.7713 10.4000 194.0000
   vertex 123.5387 10.0520 194.0000
  endloop
 endfacet
 facet normal 0.89687 -0.44229 0.00000
  outer loop
   vertex 123.7713 10.4000 191.0000
   vertex 123.9564 10.7754 191.0000
   vertex 123.9564 10.7754 194.0000
  endloop
 endfacet
 facet normal 0.89687 -0.44229 0.00000
  outer loop
   vertex 123.7713 10.4000 191.0000
   vertex 123.9564 10.7754 194.0000
   vertex 123.7713 10.4000 194.0000
  endloop
 endfacet
 facet normal 0.94693 -0.32144 0.00000
  outer loop
   vertex 123.9564 10.7754 191.0000
   vertex 124.0910 11.1718 191.0000
   vertex 124.0910 11.1718 194.0000
  endloop
 endfacet
 facet normal 0.94693 -0.32144 0.00000
  outer loop
   vertex 123.9564 10.7754 191.0000
   vertex 124.0910 11.1718 194.0000
   vertex 123.9564 10.7754 194.0000
  endloop
 endfacet
 facet normal 0.98079 -0.19509 0.00000
  outer loop
   vertex 124.0910 11.1718 191.0000
   vertex 124.1726 11.5823 191.0000
   vertex 124.1726 11.5823 194.0000
  endloop
 endfacet
 facet normal 0.98079 -0.19509 0.00000
  outer loop
   vertex 124.0910 11.1718 191.0000
   vertex 124.1726 11.5823 194.0000
   vertex 124.0910 11.1718 194.0000
  endloop
 endfacet
 facet normal 0.99786 -0.06540 0.00000
  outer loop
   vertex 124.1726 11.5823 191.0000
   vertex 124.2000 12.0000 191.0000
   vertex 124.2000 12.0000 194.0000
  endloop
 endfacet
 facet normal 0.99786 -0.06540 0.00000
  outer loop
   vertex 124.1726 11.5823 191.0000
   vertex 124.2000 12.0000 194.0000
   vertex 124.1726 11.5823 194.0000
  endloop
 endfacet
 facet normal 0.00000 0.00000 -1.00000
  outer loop
   vertex 121.0000 12.0000 191.0000
   vertex 124.1726 12.4177 191.0000
   vertex 124.2000 12.0000 191.0000
  endloop
 endfacet
 facet normal 0.00000 0.00000 1.00000
  outer loop
   vertex 121.0000 12.0000 194.0000
   vertex 124.2000 12.0000 194.0000
   vertex 124.1726 12.4177 194.0000
  endloop
 endfacet
 facet normal 0.00000 0.00000 -1.00000
  outer loop
   vertex 121.0000 12.0000 191.0000
   vertex 124.0910 12.8282 191.0000
   vertex 124.1726 12.4177 191.0000
  endloop
 endfacet
 facet normal 0.00000 0.00000 1.00000
  outer loop
   vertex 121.0000 12.0000 194.0000
   vertex 124.1726 12.4177 194.0000
   vertex 124.0910 12.8282 194.0000
  endloop
 endfacet
 facet normal 0.00000 0.00000 -1.00000
  outer loop
   vertex 121.0000 12.0000 191.0000
   vertex 123.9564 13.2246 191.0000
   vertex 124.0910 12.8282 191.0000
  endloop
 endfacet
 facet normal 0.00000 0.00000 1.00000
  outer loop
   vertex 121.0000 12.0000 194.0000
   vertex 124.0910 12.8282 194.0000
   vertex 123.9564 13.2246 194.0000
  endloop
 endfacet
 facet normal 0.00000 0.00000 -1.00000
  outer loop
   vertex 121.0000 12.0000 191.0000
   vertex 123.7713 13.6000 191.0000
   vertex 123.9564 13.2246 191.0000
  endloop
 endfacet
 facet normal 0.00000 0.00000 1.00000
  outer loop
   vertex 121.0000 12.0000 194.0000
   vertex 123.9564 13.2246 194.0000
   vertex 123.7713 13.6000 194.0000
  endloop
 endfacet
 facet normal 0.00000 0.00000 -1.00000
  outer loop
   vertex 121.0000 12.0000 191.0000
   vertex 123.5387 13.9480 191.0000
   vertex 123.7713 13.6000 191.0000
  endloop
 endfacet
 facet normal 0.00000 0.00000 1.00000
  outer loop
   vertex 121.0000 12.0000 194.0000
   vertex 123.7713 13.6000 194.0000
   vertex 123.5387 13.9480 194.0000
  endloop
 endfacet
 facet normal 0.00000 0.00000 -1.00000
  outer loop
   vertex 121.0000 12.0000 191.0000
   vertex 123.2627 14.2627 191.0000
   vertex 123.5387 13.9480 191.0000
  endloop
 endfacet
 facet normal 0.00000 0.00000 1.00000
  outer loop
   vertex 121.0000 12.0000 194.0000
   vertex 123.5387 13.9480 194.0000
   vertex 123.2627 14.2627 194.0000
  endloop
 endfacet
 facet normal 0.00000 0.00000 -1.00000
  outer loop
   vertex 121.0000 12.0000 191.0000
   vertex 122.9480 14.5387 191.0000
   vertex 123.2627 14.2627 191.0000
  endloop
 endfacet
 facet normal 0.00000 0.00000 1.00000
  outer loop
   vertex 121.0000 12.0000 194.0000
   vertex 123.2627 14.2627 194.0000
   vertex 122.9480 14.5387 194.0000
  endloop
 endfacet
 facet normal 0.00000 0.00000 -1.00000
  outer loop
   vertex 121.0000 12.0000 191.0000
   vertex 122.6000 14.7713 191.0000
   vertex 122.9480 14.5387 191.0000
  endloop
 endfacet
 facet normal 0.00000 0.00000 1.00000
  outer loop
   vertex 121.0000 12.0000 194.0000
   vertex 122.9480 14.5387 194.0000
   vertex 122.6000 14.7713 194.0000
  endloop
 endfacet
 facet normal 0.00000 0.00000 -1.00000
  outer loop
   vertex 121.0000 12.0000 191.0000
   vertex 122.2246 14.9564 191.0000
   vertex 122.6000 14.7713 191.0000
  endloop
 endfacet
 facet normal 0.00000 0.00000 1.00000
  outer loop
   vertex 121.0000 12.0000 194.0000
   vertex 122.6000 14.7713 194.0000
   vertex 122.2246 14.9564 194.0000
  endloop
 endfacet
 facet normal 0.00000 0.00000 -1.00000
  outer loop
   vertex 121.0000 12.0000 191.0000
   vertex 121.8282 15.0910 191.0000
   vertex 122.2246 14.9564 191.0000
  endloop
 endfacet
 facet normal 0.00000 0.00000 1.00000
  outer loop
   vertex 121.0000 12.0000 194.0000
   vertex 122.2246 14.9564 194.0000
   vertex 121.8282 15.0910 194.0000
  endloop
 endfacet
 facet normal 0.00000 0.00000 -1.00000
  outer loop
   vertex 121.0000 12.0000 191.0000
   vertex 121.4177 15.1726 191.0000
   vertex 121.8282 15.0910 191.0000
  endloop
 endfacet
 facet normal 0.00000 0.00000 1.00000
  outer loop
   vertex 121.0000 12.0000 194.0000
   vertex 121.8282 15.0910 194.0000
   vertex 121.4177 15.1726 194.0000
  endloop
 endfacet
 facet normal 0.00000 0.00000 -1.00000
  outer loop
   vertex 121.0000 12.0000 191.0000
   vertex 121.0000 15.2000 191.0000
   vertex 121.4177 15.1726 191.0000
  endloop
 endfacet
 facet normal 0.00000 0.00000 1.00000
  outer loop
   vertex 121.0000 12.0000 194.0000
   vertex 121.4177 15.1726 194.0000
   vertex 121.0000 15.2000 194.0000
  endloop
 endfacet
 facet normal 0.00000 0.00000 -1.00000
  outer loop
   vertex 121.0000 12.0000 191.0000
   vertex 120.5823 15.1726 191.0000
   vertex 121.0000 15.2000 191.0000
  endloop
 endfacet
 facet normal 0.00000 -0.00000 1.00000
  outer loop
   vertex 121.0000 12.0000 194.0000
   vertex 121.0000 15.2000 194.0000
   vertex 120.5823 15.1726 194.0000
  endloop
 endfacet
 facet normal 0.00000 0.00000 -1.00000
  outer loop
   vertex 121.0000 12.0000 191.0000
   vertex 120.1718 15.0910 191.0000
   vertex 120.5823 15.1726 191.0000
  endloop
 endfacet
 facet normal 0.00000 0.00000 1.00000
  outer loop
   vertex 121.0000 12.0000 194.0000
   vertex 120.5823 15.1726 194.0000
   vertex 120.1718 15.0910 194.0000
  endloop
 endfacet
 facet normal 0.00000 0.00000 -1.00000
  outer loop
   vertex 121.0000 12.0000 191.0000
   vertex 119.7754 14.9564 191.0000
   vertex 120.1718 15.0910 191.0000
  endloop
 endfacet
 facet normal 0.00000 0.00000 1.00000
  outer loop
   vertex 121.0000 12.0000 194.0000
   vertex 120.1718 15.0910 194.0000
   vertex 119.7754 14.9564 194.0000
  endloop
 endfacet
 facet normal 0.00000 0.00000 -1.00000
  outer loop
   vertex 121.0000 12.0000 191.0000
   vertex 119.4000 14.7713 191.0000
   vertex 119.7754 14.9564 191.0000
  endloop
 endfacet
 facet normal 0.00000 0.00000 1.00000
  outer loop
   vertex 121.0000 12.0000 194.0000
   vertex 119.7754 14.9564 194.0000
   vertex 119.4000 14.7713 194.0000
  endloop
 endfacet
 facet normal 0.00000 0.00000 -1.00000
  outer loop
   vertex 121.0000 12.0000 191.0000
   vertex 119.0520 14.5387 191.0000
   vertex 119.4000 14.7713 191.0000
  endloop
 endfacet
 facet normal 0.00000 0.00000 1.00000
  outer loop
   vertex 121.0000 12.0000 194.0000
   vertex 119.4000 14.7713 194.0000
   vertex 119.0520 14.5387 194.0000
  endloop
 endfacet
 facet normal 0.00000 0.00000 -1.00000
  outer loop
   vertex 121.0000 12.0000 191.0000
   vertex 118.7373 14.2627 191.0000
   vertex 119.0520 14.5387 191.0000
  endloop
 endfacet
 facet normal 0.00000 0.00000 1.00000
  outer loop
   vertex 121.0000 12.0000 194.0000
   vertex 119.0520 14.5387 194.0000
   vertex 118.7373 14.2627 194.0000
  endloop
 endfacet
 facet normal 0.00000 0.00000 -1.00000
  outer loop
   vertex 121.0000 12.0000 191.0000
   vertex 118.4613 13.9480 191.0000
   vertex 118.7373 14.2627 191.0000
  endloop
 endfacet
 facet normal 0.00000 0.00000 1.00000
  outer loop
   vertex 121.0000 12.0000 194.0000
   vertex 118.7373 14.2627 194.0000
   vertex 118.4613 13.9480 194.0000
  endloop
 endfacet
 facet normal 0.00000 0.00000 -1.00000
  outer loop
   vertex 121.0000 12.0000 191.0000
   vertex 118.2287 13.6000 191.0000
   vertex 118.4613 13.9480 191.0000
  endloop
 endfacet
 facet normal 0.00000 0.00000 1.00000
  outer loop
   vertex 121.0000 12.0000 194.0000
   vertex 118.4613 13.9480 194.0000
   vertex 118.2287 13.6000 194.0000
  endloop
 endfacet
 facet normal 0.00000 0.00000 -1.00000
  outer loop
   vertex 121.0000 12.0000 191.0000
   vertex 118.0436 13.2246 191.0000
   vertex 118.2287 13.6000 191.0000
  endloop
 endfacet
 facet normal 0.00000 0.00000 1.00000
  outer loop
   vertex 121.0000 12.0000 194.0000
   vertex 118.2287 13.6000 194.0000
   vertex 118.0436 13.2246 194.0000
  endloop
 endfacet
 facet normal 0.00000 0.00000 -1.00000
  outer loop
   vertex 121.0000 12.0000 191.0000
   vertex 117.9090 12.8282 191.0000
   vertex 118.0436 13.2246 191.0000
  endloop
 endfacet
 facet normal 0.00000 0.00000 1.00000
  outer loop
   vertex 121.0000 12.0000 194.0000
   vertex 118.0436 13.2246 194.0000
   vertex 117.9090 12.8282 194.0000
  endloop
 endfacet
 facet normal 0.00000 0.00000 -1.00000
  outer loop
   vertex 121.0000 12.0000 191.0000
   vertex 117.8274 12.4177 191.0000
   vertex 117.9090 12.8282 191.0000
  endloop
 endfacet
 facet normal 0.00000 0.00000 1.00000
  outer loop
   vertex 121.0000 12.0000 194.0000
   vertex 117.9090 12.8282 194.0000
   vertex 117.8274 12.4177 194.0000
  endloop
 endfacet
 facet normal 0.00000 0.00000 -1.00000
  outer loop
   vertex 121.0000 12.0000 191.0000
   vertex 117.8000 12.0000 191.0000
   vertex 117.8274 12.4177 191.0000
  endloop
 endfacet
 facet normal 0.00000 0.00000 1.00000
  outer loop
   vertex 121.0000 12.0000 194.0000
   vertex 117.8274 12.4177 194.0000
   vertex 117.8000 12.0000 194.0000
  endloop
 endfacet
 facet normal -0.00000 0.00000 -1.00000
  outer loop
   vertex 121.0000 12.0000 191.0000
   vertex 117.8274 11.5823 191.0000
   vertex 117.8000 12.0000 191.0000
  endloop
 endfacet
 facet normal 0.00000 0.00000 1.00000
  outer loop
   vertex 121.0000 12.0000 194.0000
   vertex 117.8000 12.0000 194.0000
   vertex 117.8274 11.5823 194.0000
  endloop
 endfacet
 facet normal 0.00000 0.00000 -1.00000
  outer loop
   vertex 121.0000 12.0000 191.0000
   vertex 117.9090 11.1718 191.0000
   vertex 117.8274 11.5823 191.0000
  endloop
 endfacet
 facet normal 0.00000 0.00000 1.00000
  outer loop
   vertex 121.0000 12.0000 194.0000
   vertex 117.8274 11.5823 194.0000
   vertex 117.9090 11.1718 194.0000
  endloop
 endfacet
 facet normal 0.00000 0.00000 -1.00000
  outer loop
   vertex 121.0000 12.0000 191.0000
   vertex 118.0436 10.7754 191.0000
   vertex 117.9090 11.1718 191.0000
  endloop
 endfacet
 facet normal 0.00000 0.00000 1.00000
  outer loop
   vertex 121.0000 12.0000 194.0000
   vertex 117.9090 11.1718 194.0000
   vertex 118.0436 10.7754 194.0000
  endloop
 endfacet
 facet normal 0.00000 0.00000 -1.00000
  outer loop
   vertex 121.0000 12.0000 191.0000
   vertex 118.2287 10.4000 191.0000
   vertex 118.0436 10.7754 191.0000
  endloop
 endfacet
 facet normal 0.00000 0.00000 1.00000
  outer loop
   vertex 121.0000 12.0000 194.0000
   vertex 118.0436 10.7754 194.0000
   vertex 118.2287 10.4000 194.0000
  endloop
 endfacet
 facet normal 0.00000 0.00000 -1.00000
  outer loop
   vertex 121.0000 12.0000 191.0000
   vertex 118.4613 10.0520 191.0000
   vertex 118.2287 10.4000 191.0000
  endloop
 endfacet
 facet normal 0.00000 0.00000 1.00000
  outer loop
   vertex 121.0000 12.0000 194.0000
   vertex 118.2287 10.4000 194.0000
   vertex 118.4613 10.0520 194.0000
  endloop
 endfacet
 facet normal 0.00000 0.00000 -1.00000
  outer loop
   vertex 121.0000 12.0000 191.0000
   vertex 118.7373 9.7373 191.0000
   vertex 118.4613 10.0520 191.0000
  endloop
 endfacet
 facet normal 0.00000 0.00000 1.00000
  outer loop
   vertex 121.0000 12.0000 194.0000
   vertex 118.4613 10.0520 194.0000
   vertex 118.7373 9.7373 194.0000
  endloop
 endfacet
 facet normal 0.00000 0.00000 -1.00000
  outer loop
   vertex 121.0000 12.0000 191.0000
   vertex 119.0520 9.4613 191.0000
   vertex 118.7373 9.7373 191.0000
  endloop
 endfacet
 facet normal 0.00000 0.00000 1.00000
  outer loop
   vertex 121.0000 12.0000 194.0000
   vertex 118.7373 9.7373 194.0000
   vertex 119.0520 9.4613 194.0000
  endloop
 endfacet
 facet normal 0.00000 0.00000 -1.00000
  outer loop
   vertex 121.0000 12.0000 191.0000
   vertex 119.4000 9.2287 191.0000
   vertex 119.0520 9.4613 191.0000
  endloop
 endfacet
 facet normal 0.00000 0.00000 1.00000
  outer loop
   vertex 121.0000 12.0000 194.0000
   vertex 119.0520 9.4613 194.0000
   vertex 119.4000 9.2287 194.0000
  endloop
 endfacet
 facet normal 0.00000 0.00000 -1.00000
  outer loop
   vertex 121.0000 12.0000 191.0000
   vertex 119.7754 9.0436 191.0000
   vertex 119.4000 9.2287 191.0000
  endloop
 endfacet
 facet normal 0.00000 0.00000 1.00000
  outer loop
   vertex 121.0000 12.0000 194.0000
   vertex 119.4000 9.2287 194.0000
   vertex 119.7754 9.0436 194.0000
  endloop
 endfacet
 facet normal 0.00000 0.00000 -1.00000
  outer loop
   vertex 121.0000 12.0000 191.0000
   vertex 120.1718 8.9090 191.0000
   vertex 119.7754 9.0436 191.0000
  endloop
 endfacet
 facet normal 0.00000 0.00000 1.00000
  outer loop
   vertex 121.0000 12.0000 194.0000
   vertex 119.7754 9.0436 194.0000
   vertex 120.1718 8.9090 194.0000
  endloop
 endfacet
 facet normal 0.00000 0.00000 -1.00000
  outer loop
   vertex 121.0000 12.0000 191.0000
   vertex 120.5823 8.8274 191.0000
   vertex 120.1718 8.9090 191.0000
  endloop
 endfacet
 facet normal 0.00000 0.00000 1.00000
  outer loop
   vertex 121.0000 12.0000 194.0000
   vertex 120.1718 8.9090 194.0000
   vertex 120.5823 8.8274 194.0000
  endloop
 endfacet
 facet normal 0.00000 -0.00000 -1.00000
  outer loop
   vertex 121.0000 12.0000 191.0000
   vertex 121.0000 8.8000 191.0000
   vertex 120.5823 8.8274 191.0000
  endloop
 endfacet
 facet normal 0.00000 0.00000 1.00000
  outer loop
   vertex 121.0000 12.0000 194.0000
   vertex 120.5823 8.8274 194.0000
   vertex 121.0000 8.8000 194.0000
  endloop
 endfacet
 facet normal 0.00000 0.00000 -1.00000
  outer loop
   vertex 121.0000 12.0000 191.0000
   vertex 121.4177 8.8274 191.0000
   vertex 121.0000 8.8000 191.0000
  endloop
 endfacet
 facet normal 0.00000 0.00000 1.00000
  outer loop
   vertex 121.0000 12.0000 194.0000
   vertex 121.0000 8.8000 194.0000
   vertex 121.4177 8.8274 194.0000
  endloop
 endfacet
 facet normal 0.00000 0.00000 -1.00000
  outer loop
   vertex 121.0000 12.0000 191.0000
   vertex 121.8282 8.9090 191.0000
   vertex 121.4177 8.8274 191.0000
  endloop
 endfacet
 facet normal 0.00000 0.00000 1.00000
  outer loop
   vertex 121.0000 12.0000 194.0000
   vertex 121.4177 8.8274 194.0000
   vertex 121.8282 8.9090 194.0000
  endloop
 endfacet
 facet normal 0.00000 0.00000 -1.00000
  outer loop
   vertex 121.0000 12.0000 191.0000
   vertex 122.2246 9.0436 191.0000
   vertex 121.8282 8.9090 191.0000
  endloop
 endfacet
 facet normal 0.00000 0.00000 1.00000
  outer loop
   vertex 121.0000 12.0000 194.0000
   vertex 121.8282 8.9090 194.0000
   vertex 122.2246 9.0436 194.0000
  endloop
 endfacet
 facet normal 0.00000 0.00000 -1.00000
  outer loop
   vertex 121.0000 12.0000 191.0000
   vertex 122.6000 9.2287 191.0000
   vertex 122.2246 9.0436 191.0000
  endloop
 endfacet
 facet normal 0.00000 0.00000 1.00000
  outer loop
   vertex 121.0000 12.0000 194.0000
   vertex 122.2246 9.0436 194.0000
   vertex 122.6000 9.2287 194.0000
  endloop
 endfacet
 facet normal 0.00000 0.00000 -1.00000
  outer loop
   vertex 121.0000 12.0000 191.0000
   vertex 122.9480 9.4613 191.0000
   vertex 122.6000 9.2287 191.0000
  endloop
 endfacet
 facet normal 0.00000 0.00000 1.00000
  outer loop
   vertex 121.0000 12.0000 194.0000
   vertex 122.6000 9.2287 194.0000
   vertex 122.9480 9.4613 194.0000
  endloop
 endfacet
 facet normal 0.00000 0.00000 -1.00000
  outer loop
   vertex 121.0000 12.0000 191.0000
   vertex 123.2627 9.7373 191.0000
   vertex 122.9480 9.4613 191.0000
  endloop
 endfacet
 facet normal 0.00000 0.00000 1.00000
  outer loop
   vertex 121.0000 12.0000 194.0000
   vertex 122.9480 9.4613 194.0000
   vertex 123.2627 9.7373 194.0000
  endloop
 endfacet
 facet normal 0.00000 0.00000 -1.00000
  outer loop
   vertex 121.0000 12.0000 191.0000
   vertex 123.5387 10.0520 191.0000
   vertex 123.2627 9.7373 191.0000
  endloop
 endfacet
 facet normal 0.00000 0.00000 1.00000
  outer loop
   vertex 121.0000 12.0000 194.0000
   vertex 123.2627 9.7373 194.0000
   vertex 123.5387 10.0520 194.0000
  endloop
 endfacet
 facet normal 0.00000 0.00000 -1.00000
  outer loop
   vertex 121.0000 12.0000 191.0000
   vertex 123.7713 10.4000 191.0000
   vertex 123.5387 10.0520 191.0000
  endloop
 endfacet
 facet normal 0.00000 0.00000 1.00000
  outer loop
   vertex 121.0000 12.0000 194.0000
   vertex 123.5387 10.0520 194.0000
   vertex 123.7713 10.4000 194.0000
  endloop
 endfacet
 facet normal 0.00000 0.00000 -1.00000
  outer loop
   vertex 121.0000 12.0000 191.0000
   vertex 123.9564 10.7754 191.0000
   vertex 123.7713 10.4000 191.0000
  endloop
 endfacet
 facet normal 0.00000 0.00000 1.00000
  outer loop
   vertex 121.0000 12.0000 194.0000
   vertex 123.7713 10.4000 194.0000
   vertex 123.9564 10.7754 194.0000
  endloop
 endfacet
 facet normal 0.00000 0.00000 -1.00000
  outer loop
   vertex 121.0000 12.0000 191.0000
   vertex 124.0910 11.1718 191.0000
   vertex 123.9564 10.7754 191.0000
  endloop
 endfacet
 facet normal 0.00000 0.00000 1.00000
  outer loop
   vertex 121.0000 12.0000 194.0000
   vertex 123.9564 10.7754 194.0000
   vertex 124.0910 11.1718 194.0000
  endloop
 endfacet
 facet normal 0.00000 0.00000 -1.00000
  outer loop
   vertex 121.0000 12.0000 191.0000
   vertex 124.1726 11.5823 191.0000
   vertex 124.0910 11.1718 191.0000
  endloop
 endfacet
 facet normal 0.00000 0.00000 1.00000
  outer loop
   vertex 121.0000 12.0000 194.0000
   vertex 124.0910 11.1718 194.0000
   vertex 124.1726 11.5823 194.0000
  endloop
 endfacet
 facet normal 0.00000 0.00000 -1.00000
  outer loop
   vertex 121.0000 12.0000 191.0000
   vertex 124.2000 12.0000 191.0000
   vertex 124.1726 11.5823 191.0000
  endloop
 endfacet
 facet normal -0.00000 0.00000 1.00000
  outer loop
   vertex 121.0000 12.0000 194.0000
   vertex 124.1726 11.5823 194.0000
   vertex 124.2000 12.0000 194.0000
  endloop
 endfacet
endsolid thermox
